holding_id,portfolio_id,asset_class,instrument_name,quantity,market_value
1,2469,Equity,V,161,7671.22
2,2064,Cash,CAD Cash,1,141363.53
3,2364,ETF,EWU,618,185851.75
4,1528,Bond,UST 5Y,90,75159.72
5,1457,ETF,XIC,309,43782.1
6,2009,Equity,NVDA,312,129126.39
7,1382,Equity,NESN,185,7397.92
8,2262,Equity,UNH,477,70951.04
9,1717,ETF,QQQ,419,49854.96
10,2137,Equity,V,706,23108.72
11,2333,Bond,Euro Gov Bond,158,42649.23
12,2382,Equity,UNH,905,79601.2
13,190,ETF,EWU,364,83339.28
14,64,Mutual Fund,Euro Equity Fund,1463,172887.29
15,1735,Equity,NESN,109,37208.49
16,863,Equity,AAPL,629,226754.44
17,817,Mutual Fund,Global Growth Fund,360,17100.43
18,1620,Bond,UST 5Y,205,155026.14
19,843,Bond,UST 5Y,263,98377.82
20,282,Bond,UST 5Y,12,12515.46
21,1780,Equity,AAPL,697,166058.87
22,1546,Bond,UK Gilt 2030,291,218880.59
23,1515,ETF,EWU,578,165864.72
24,516,Equity,JPM,891,394884.91
25,1035,Cash,EUR Cash,1,16827.9
26,1394,Equity,JPM,522,73611.44
27,1375,Mutual Fund,Euro Equity Fund,1923,154473.36
28,560,ETF,EWU,877,162383.33
29,1005,Equity,AMZN,430,20992.95
30,378,Mutual Fund,Balanced Income Fund,1821,85352.39
31,1404,Equity,MSFT,587,203507
32,920,Mutual Fund,Euro Equity Fund,1542,71424.15
33,1602,Bond,UST 10Y,193,194233.83
34,92,Equity,V,767,52838.68
35,456,Bond,UST 5Y,81,64863.81
36,1171,Mutual Fund,Balanced Income Fund,2283,189534.84
37,737,ETF,SPY,807,338432.9
38,867,Mutual Fund,Global Growth Fund,931,98410.16
39,55,Equity,NVDA,661,232020.72
40,1417,Mutual Fund,Balanced Income Fund,1625,163542.28
41,1800,Bond,Euro Gov Bond,244,116457.19
42,653,Mutual Fund,Balanced Income Fund,1998,221265.7
43,945,ETF,VGK,251,23193.92
44,1015,Bond,UK Gilt 2030,99,8091.34
45,1670,Bond,Corp Bond B,7,8122.96
46,2121,Bond,Euro Gov Bond,122,103173.97
47,49,Equity,AMZN,727,111259.57
48,286,Equity,V,268,13756.41
49,1953,ETF,SPY,615,265490.2
50,2230,Mutual Fund,Euro Equity Fund,612,23131.56
51,622,Equity,AAPL,271,13876.24
52,167,ETF,VGK,588,117946.2
53,18,Bond,UST 5Y,152,95860.72
54,111,Bond,UK Gilt 2030,291,217263.51
55,1840,Mutual Fund,Euro Equity Fund,202,11368.32
56,129,Bond,Corp Bond A,256,142911.34
57,107,ETF,VTI,452,123984.38
58,2009,Mutual Fund,Global Growth Fund,1750,140540.75
59,2186,Mutual Fund,Global Growth Fund,562,59722.08
60,875,Mutual Fund,US Bluechip Fund,822,82437.62
61,863,Mutual Fund,US Bluechip Fund,47,4105.09
62,80,Equity,NESN,467,42918.23
63,2260,Equity,MSFT,342,144545.79
64,1642,Equity,GOOGL,244,101762.05
65,2352,Bond,UK Gilt 2030,241,272899.93
66,1023,Bond,Corp Bond A,95,98396.36
67,687,Equity,MSFT,705,256179.96
68,2380,Mutual Fund,Balanced Income Fund,1083,40292.52
69,159,Mutual Fund,Global Growth Fund,1555,58985.72
70,1083,ETF,EWU,188,48024.88
71,1287,Cash,CAD Cash,1,63955.89
72,2497,Bond,UST 10Y,57,8406.94
73,39,Mutual Fund,US Bluechip Fund,1434,159413.16
74,2082,Bond,UST 10Y,187,103226.08
75,1385,ETF,EWU,766,222393.15
76,1785,Equity,UNH,112,25245.83
77,1859,Bond,UK Gilt 2030,187,113278.25
78,2222,Bond,UST 5Y,226,73718.36
79,768,Bond,UK Gilt 2030,102,24162.87
80,91,Bond,UST 5Y,125,124892.86
81,1516,ETF,VGK,755,137744.13
82,341,ETF,VGK,175,61776.13
83,1009,ETF,SPY,205,27514.21
84,546,Equity,NESN,407,109483.69
85,1531,ETF,XIC,359,46066.67
86,466,Equity,JPM,573,163224.35
87,1981,Bond,Corp Bond A,122,122794.29
88,129,Bond,UK Gilt 2030,103,83260.31
89,1651,Mutual Fund,Balanced Income Fund,1528,129169.91
90,513,Mutual Fund,US Bluechip Fund,2131,155993.83
91,1170,Mutual Fund,Balanced Income Fund,1855,184353.74
92,1081,Bond,UST 10Y,189,77725.11
93,1396,Cash,GBP Cash,1,124240.19
94,2301,Mutual Fund,Balanced Income Fund,1543,145501.65
95,2460,Equity,AMZN,422,170449.67
96,43,Equity,UNH,293,108457
97,827,Bond,UST 5Y,71,6903.51
98,31,Mutual Fund,Balanced Income Fund,1109,44575.71
99,1569,Bond,Euro Gov Bond,63,18078.79
100,800,Equity,JPM,406,121963.81
101,811,Equity,NVDA,377,9122.39
102,2048,ETF,QQQ,952,205454.93
103,2147,Mutual Fund,Euro Equity Fund,620,7765.19
104,2188,Cash,CAD Cash,1,104765.09
105,1414,Equity,GOOGL,537,218360.02
106,1533,ETF,EWU,335,116367.75
107,1987,Equity,V,151,61240.87
108,1254,Bond,UST 5Y,126,126834.93
109,1502,Mutual Fund,Euro Equity Fund,435,12686
110,1494,Mutual Fund,Global Growth Fund,472,18332.56
111,251,Mutual Fund,Balanced Income Fund,1330,155523.11
112,324,Equity,GOOGL,96,21439.27
113,586,Bond,UST 5Y,77,33610.93
114,1898,Bond,Corp Bond A,274,130275.75
115,1752,Bond,Corp Bond B,189,208642.19
116,255,Mutual Fund,Euro Equity Fund,1728,86915.65
117,1776,Cash,USD Cash,1,56365.56
118,517,Equity,GOOGL,514,32114.62
119,1587,Equity,AMZN,64,3571.25
120,1403,Equity,UNH,174,28291.97
121,2386,ETF,SPY,210,47486.35
122,2455,Bond,UST 5Y,271,290968.23
123,443,Equity,V,97,36834.85
124,2023,Bond,UK Gilt 2030,155,120979.37
125,1572,Bond,UST 10Y,216,171131.18
126,1894,Mutual Fund,Global Growth Fund,959,21092.31
127,672,ETF,EWU,724,152542.36
128,439,Mutual Fund,Euro Equity Fund,105,5574.57
129,2214,Equity,MSFT,622,99622.78
130,858,Mutual Fund,Global Growth Fund,1124,40320.46
131,1478,Bond,Euro Gov Bond,77,50428.14
132,1169,Mutual Fund,Euro Equity Fund,535,52773.22
133,2452,Bond,UK Gilt 2030,82,14480.37
134,2240,Equity,UNH,417,9286.43
135,1378,Mutual Fund,Euro Equity Fund,62,6599.68
136,922,Mutual Fund,US Bluechip Fund,1350,156181.83
137,1333,Mutual Fund,US Bluechip Fund,1821,33058.43
138,462,Bond,UST 5Y,267,75553.41
139,1054,Equity,AMZN,346,52797.22
140,1743,ETF,VTI,59,18445.93
141,2021,Bond,Corp Bond B,101,22639.58
142,2259,Equity,V,692,190807.92
143,1782,ETF,VGK,314,16513.45
144,862,Mutual Fund,Global Growth Fund,1100,116618.92
145,1014,ETF,SPY,600,46642.6
146,947,Bond,Corp Bond A,290,214536.05
147,1796,Equity,TSLA,429,63657.76
148,952,ETF,SPY,352,10100.15
149,124,Equity,UNH,724,170548.76
150,1413,Cash,GBP Cash,1,146138.01
151,1417,Cash,GBP Cash,1,96799.29
152,1779,ETF,QQQ,613,198268.82
153,955,Bond,Corp Bond B,237,151598.69
154,2460,Bond,Euro Gov Bond,54,60988.85
155,302,Equity,MSFT,183,54122.99
156,1829,Equity,JPM,217,31160.01
157,1263,Equity,JPM,469,22632.96
158,787,Equity,JPM,764,337232
159,2169,ETF,QQQ,203,45889.13
160,2132,Bond,UST 5Y,21,10501.18
161,1724,Bond,Corp Bond B,117,114898.32
162,1450,Mutual Fund,Euro Equity Fund,466,45246.48
163,946,Mutual Fund,Balanced Income Fund,1890,95141.13
164,836,Equity,NESN,474,157341.18
165,2430,Bond,UST 5Y,48,20914.78
166,2268,Mutual Fund,Balanced Income Fund,2297,267894.91
167,2321,ETF,VGK,194,44574
168,2454,Mutual Fund,US Bluechip Fund,1561,100010.33
169,197,ETF,VTI,178,5999.12
170,1507,Mutual Fund,US Bluechip Fund,968,61206.44
171,1469,Equity,MSFT,191,16350.77
172,1815,Equity,TSLA,799,224024.21
173,2110,ETF,VGK,57,18662.11
174,1344,Equity,JPM,577,201759.87
175,717,Bond,UK Gilt 2030,290,68695.63
176,86,Bond,Corp Bond A,247,285273.76
177,1785,ETF,XIC,597,93065.09
178,1132,Equity,MSFT,795,80984.28
179,1011,ETF,VGK,13,4988.15
180,992,Equity,MSFT,987,155561.84
181,116,ETF,EWU,261,104513.7
182,69,Mutual Fund,Euro Equity Fund,1833,89895.07
183,2432,ETF,VGK,726,18697.58
184,997,Cash,CAD Cash,1,48562.53
185,2194,Equity,V,822,62774.92
186,1391,Bond,UST 5Y,260,297727.51
187,1802,Bond,UK Gilt 2030,94,105459.98
188,175,ETF,XIC,742,113208.42
189,2446,Mutual Fund,Balanced Income Fund,564,62441.18
190,590,Bond,UK Gilt 2030,205,135868.92
191,142,Equity,UNH,746,52104.56
192,2378,Equity,UNH,541,234010.59
193,1125,ETF,QQQ,355,15840.29
194,1215,Bond,UST 5Y,125,25829.28
195,875,ETF,XIC,412,137659.46
196,1882,Mutual Fund,Global Growth Fund,48,1327.85
197,1028,Bond,UK Gilt 2030,71,5833.91
198,1083,Equity,AAPL,561,208651.63
199,1034,ETF,SPY,16,6563.07
200,2274,Bond,UST 10Y,298,335262.83
201,139,Equity,V,169,15322.01
202,1151,Equity,AAPL,504,187759.05
203,1603,Equity,JPM,44,8632.57
204,82,Mutual Fund,Balanced Income Fund,348,29011.25
205,1663,Equity,JPM,991,114706.82
206,654,Bond,Corp Bond B,292,144401.23
207,1867,Bond,UST 10Y,87,43436.03
208,543,Cash,GBP Cash,1,145521.68
209,2353,ETF,VTI,98,29557.54
210,1250,Equity,NESN,165,61319.31
211,2269,Bond,Euro Gov Bond,32,28584.11
212,880,Equity,TSLA,64,6176.18
213,2413,Mutual Fund,Global Growth Fund,552,28896.65
214,881,Equity,NESN,348,92673.88
215,2282,Bond,UK Gilt 2030,173,145908.32
216,2312,Mutual Fund,Global Growth Fund,1336,109130.06
217,157,Bond,UST 5Y,76,55042.64
218,2193,Equity,GOOGL,290,102415.96
219,54,Equity,AAPL,773,133422.31
220,2090,Mutual Fund,Euro Equity Fund,540,49186.04
221,1809,Mutual Fund,Euro Equity Fund,1140,55127.97
222,2111,ETF,EWU,458,63402.88
223,1793,Equity,UNH,709,53150.72
224,261,Mutual Fund,Euro Equity Fund,2094,50382.88
225,1900,ETF,SPY,517,208678.11
226,1484,Bond,Corp Bond B,265,176459.8
227,199,Bond,UST 10Y,173,39275.41
228,944,Bond,Corp Bond B,104,93012.06
229,607,Mutual Fund,Global Growth Fund,1971,44075.34
230,187,Bond,Corp Bond B,186,130203.01
231,1353,Bond,UST 5Y,63,22417.79
232,567,Equity,MSFT,675,124081.92
233,1854,Equity,AAPL,359,19741.17
234,1212,ETF,SPY,735,132726.51
235,2081,Mutual Fund,Global Growth Fund,899,98742.3
236,255,Equity,TSLA,956,39014.12
237,322,Mutual Fund,Balanced Income Fund,668,11821.88
238,1902,Mutual Fund,Balanced Income Fund,1903,79803.82
239,15,ETF,QQQ,565,192204.82
240,636,Bond,Euro Gov Bond,68,45538.97
241,2178,ETF,SPY,18,3012.74
242,703,Mutual Fund,Euro Equity Fund,2265,168305.1
243,167,Mutual Fund,US Bluechip Fund,602,31322.83
244,2116,Equity,TSLA,432,164916.89
245,1283,Equity,UNH,558,100072.45
246,489,Bond,UST 5Y,122,107880.18
247,578,Equity,TSLA,631,62449.59
248,1930,Equity,UNH,117,39269.69
249,1804,ETF,VTI,970,90480.24
250,444,Equity,NVDA,380,64388.19
251,1280,Equity,AMZN,990,396996.88
252,1116,Equity,AAPL,410,34948.4
253,1205,ETF,XIC,770,122632.99
254,1951,Equity,AMZN,1000,53543.63
255,574,Mutual Fund,Balanced Income Fund,456,24675.77
256,804,Bond,UST 5Y,273,235006.99
257,1603,Equity,TSLA,653,257364.57
258,169,Cash,GBP Cash,1,49250.94
259,1985,Equity,AAPL,111,6331
260,223,Mutual Fund,US Bluechip Fund,2429,48061.72
261,942,ETF,VGK,752,99246.97
262,1463,Equity,TSLA,26,10807
263,2220,Bond,Euro Gov Bond,263,289126.03
264,372,Mutual Fund,Global Growth Fund,786,82211.56
265,1888,Mutual Fund,Balanced Income Fund,1731,75532.2
266,626,Equity,TSLA,956,196876.78
267,84,Equity,NESN,370,121223.2
268,152,Equity,NVDA,834,107277.83
269,1069,Bond,Corp Bond A,275,92511.47
270,1517,ETF,EWU,968,430317.21
271,92,Bond,Corp Bond A,189,85138.01
272,666,ETF,SPY,925,150077.37
273,782,Equity,V,866,365622.55
274,160,ETF,VTI,612,80422.83
275,1507,Equity,V,459,52179.5
276,1754,Equity,MSFT,120,8874.5
277,864,Bond,Corp Bond A,69,29059.8
278,2291,Equity,TSLA,370,89870.02
279,1734,Equity,UNH,732,273929.8
280,2336,ETF,EWU,581,98314.24
281,1473,Mutual Fund,Balanced Income Fund,1181,120068.32
282,735,ETF,QQQ,333,114068.16
283,406,Mutual Fund,Euro Equity Fund,1519,37544.73
284,2363,Equity,JPM,477,113613.83
285,1234,Bond,Euro Gov Bond,11,10861.3
286,231,Bond,Corp Bond A,62,43550.34
287,26,ETF,VTI,249,60214.39
288,2183,Mutual Fund,Global Growth Fund,611,12017.91
289,458,Bond,Corp Bond B,16,16334.74
290,1356,Equity,V,337,49911.93
291,956,ETF,VTI,126,17751.45
292,1182,Cash,USD Cash,1,104916.08
293,1465,Equity,GOOGL,496,69746.05
294,1607,Bond,UK Gilt 2030,164,141491.62
295,1012,Mutual Fund,Global Growth Fund,909,94507.65
296,420,Mutual Fund,Global Growth Fund,990,13715.89
297,730,ETF,XIC,108,45974.37
298,1960,Equity,UNH,75,25129.13
299,2360,Equity,NVDA,265,28604.09
300,2462,Mutual Fund,Balanced Income Fund,2113,219450.55
301,711,ETF,VTI,433,157809.52
302,2362,Equity,NESN,498,107486.69
303,501,ETF,EWU,36,15351.98
304,2302,Equity,TSLA,558,30540.07
305,1277,Mutual Fund,US Bluechip Fund,2200,246562.68
306,2267,Bond,Corp Bond A,230,189093.09
307,1626,Bond,Corp Bond A,105,23878.91
308,951,Cash,EUR Cash,1,14161.19
309,554,Equity,JPM,924,183106.03
310,1136,Equity,TSLA,712,135165.98
311,165,Equity,V,908,379573.72
312,2470,Equity,AMZN,272,46299.91
313,1757,ETF,SPY,449,117889.09
314,23,Bond,UST 5Y,62,70089.12
315,1116,ETF,XIC,258,7892.42
316,1351,Mutual Fund,Balanced Income Fund,467,20585.29
317,527,Equity,UNH,899,254895.79
318,1250,ETF,SPY,535,179657.71
319,1945,Bond,Corp Bond A,14,3616.54
320,1989,Equity,V,380,14265.06
321,1578,Cash,GBP Cash,1,63944.21
322,441,ETF,SPY,445,129914.19
323,1756,Bond,Corp Bond A,286,264191.82
324,1598,Equity,NESN,396,66348.96
325,1875,Bond,UST 5Y,61,60325.01
326,496,Bond,UST 5Y,22,13347.45
327,1741,Mutual Fund,Balanced Income Fund,1688,28212.56
328,710,Bond,Corp Bond A,107,33589.75
329,737,Bond,Corp Bond A,141,90441.82
330,880,Mutual Fund,Global Growth Fund,2095,52761.37
331,779,ETF,QQQ,379,82937.08
332,1502,Mutual Fund,Balanced Income Fund,169,2753.36
333,1527,Equity,JPM,121,41154.02
334,1156,Cash,CAD Cash,1,104036.7
335,503,ETF,EWU,944,149431.52
336,533,Equity,NVDA,899,24194.43
337,716,Equity,NVDA,279,93385.23
338,820,Equity,NESN,862,307143.28
339,1263,Cash,USD Cash,1,87692.67
340,38,Equity,NVDA,643,176568.8
341,2489,Equity,NVDA,645,206850.32
342,2115,Equity,NESN,261,105126.41
343,299,Mutual Fund,Global Growth Fund,398,40023.13
344,1914,Bond,Corp Bond A,218,245461.28
345,1969,Bond,UST 10Y,192,217418.5
346,2020,Equity,TSLA,869,385687.48
347,997,ETF,XIC,808,225456.33
348,500,ETF,EWU,763,88850.44
349,737,Equity,NVDA,950,90253.4
350,645,Cash,USD Cash,1,7361.95
351,153,Mutual Fund,Euro Equity Fund,1346,50911.61
352,1909,Equity,NESN,535,61862.7
353,755,Equity,V,138,4133.98
354,2497,ETF,XIC,260,57717.83
355,1246,Equity,UNH,847,373814.5
356,565,Bond,UST 5Y,233,70289.04
357,1247,ETF,VGK,719,238597.29
358,2169,Bond,Euro Gov Bond,12,4739.07
359,1880,Mutual Fund,Global Growth Fund,388,35824.76
360,614,Bond,Euro Gov Bond,267,51526.03
361,995,Mutual Fund,Global Growth Fund,2461,74320.21
362,639,Equity,V,546,118310.98
363,2022,Bond,Euro Gov Bond,103,26945.22
364,2047,Bond,UK Gilt 2030,165,57565.14
365,964,Equity,AMZN,336,11738.16
366,709,Bond,UK Gilt 2030,21,11848.47
367,1518,Equity,NVDA,683,28973.99
368,1418,Bond,Euro Gov Bond,250,297962.09
369,151,Mutual Fund,Balanced Income Fund,1148,69985.94
370,2004,ETF,EWU,592,23243.83
371,1637,ETF,VGK,527,79116.28
372,698,Mutual Fund,US Bluechip Fund,1418,43675.89
373,1604,ETF,EWU,955,248123.63
374,696,ETF,EWU,671,170247.55
375,434,ETF,VTI,863,20842.55
376,1202,Equity,UNH,181,50984.11
377,683,Equity,JPM,289,58861.63
378,1277,ETF,XIC,427,43509.32
379,1854,Cash,GBP Cash,1,53209.34
380,1664,Cash,EUR Cash,1,107657.26
381,137,Equity,AAPL,620,116942.35
382,48,Bond,Corp Bond B,295,63691.1
383,421,ETF,EWU,988,206591.62
384,1300,Cash,CAD Cash,1,103751.99
385,354,Equity,MSFT,87,6044.91
386,465,Bond,UST 5Y,297,316213.53
387,506,Mutual Fund,Balanced Income Fund,413,4395.82
388,1189,Equity,MSFT,789,305016.55
389,1114,Equity,NVDA,69,20460.16
390,2451,Equity,JPM,344,25752.13
391,917,Cash,GBP Cash,1,7615.06
392,121,Equity,MSFT,564,194908.66
393,1376,Bond,Euro Gov Bond,284,87869.52
394,2240,Equity,GOOGL,648,102375.21
395,108,Equity,NVDA,154,9724.53
396,2245,Bond,UST 5Y,89,78677.48
397,2208,Cash,EUR Cash,1,20725.25
398,1159,Bond,UK Gilt 2030,56,52164.74
399,1372,Mutual Fund,Global Growth Fund,1754,95971.93
400,794,Equity,GOOGL,237,95997.85
401,7,Equity,AAPL,919,211430.78
402,934,ETF,XIC,189,44094.18
403,48,ETF,VGK,46,11651.05
404,2276,Mutual Fund,US Bluechip Fund,903,58790.38
405,1456,Equity,TSLA,724,106013.22
406,958,ETF,XIC,584,150367.23
407,917,Mutual Fund,Balanced Income Fund,1550,74686.33
408,1523,Bond,UST 10Y,136,108328.87
409,1677,Equity,MSFT,993,316478.37
410,1875,Mutual Fund,Global Growth Fund,347,29326.86
411,1259,Cash,EUR Cash,1,49698.15
412,1652,Bond,UST 10Y,143,29954.14
413,1388,Mutual Fund,Global Growth Fund,1899,204011.6
414,2023,ETF,VTI,988,363793.54
415,2334,Mutual Fund,Euro Equity Fund,611,24669.2
416,445,Cash,USD Cash,1,12941.46
417,56,Equity,GOOGL,500,108207.03
418,1254,ETF,EWU,426,16121.91
419,1344,Equity,MSFT,877,387230.43
420,1620,Equity,GOOGL,502,65325.74
421,2165,Bond,Corp Bond A,139,163814.61
422,2136,Mutual Fund,Global Growth Fund,2369,214032
423,2426,ETF,SPY,481,213410.81
424,31,Cash,CAD Cash,1,149200.28
425,1532,Equity,GOOGL,466,175427.24
426,2123,ETF,EWU,954,21127.31
427,111,Mutual Fund,US Bluechip Fund,1903,225849.61
428,757,Equity,AMZN,333,137437.47
429,903,Bond,UST 10Y,47,38569.55
430,1501,ETF,XIC,399,100521.19
431,2468,Cash,CAD Cash,1,94600.89
432,1653,Mutual Fund,Balanced Income Fund,779,81660.71
433,2334,Mutual Fund,US Bluechip Fund,1821,144701.57
434,876,Equity,AAPL,248,22157.72
435,1163,Equity,JPM,957,344556.44
436,1463,Equity,GOOGL,734,142845.4
437,1867,Cash,USD Cash,1,99483.33
438,240,Equity,JPM,537,84465.62
439,1688,ETF,VTI,442,117801.98
440,2430,Equity,NESN,173,17244.52
441,1795,Bond,Corp Bond A,242,280894.91
442,182,Bond,UST 10Y,212,191782.23
443,2277,Equity,AAPL,967,63651.64
444,795,ETF,XIC,633,223751.04
445,189,ETF,XIC,941,305652.86
446,1379,Mutual Fund,Global Growth Fund,1278,148458
447,940,Bond,UST 10Y,128,117020.51
448,1358,Equity,MSFT,281,124368.23
449,738,Cash,CAD Cash,1,91803.7
450,2088,Equity,MSFT,26,2914.26
451,484,Bond,Corp Bond B,220,27439.6
452,867,Equity,V,778,149503.39
453,2112,Mutual Fund,Balanced Income Fund,1184,27668.79
454,1998,Mutual Fund,US Bluechip Fund,913,12973.61
455,2019,Equity,AAPL,920,21699.68
456,2455,Bond,Corp Bond A,86,90567.68
457,1896,Cash,USD Cash,1,90934.12
458,1394,Mutual Fund,Euro Equity Fund,225,6515.99
459,1431,Equity,MSFT,359,70960.3
460,1167,ETF,EWU,599,52297.61
461,2439,Equity,AMZN,731,188423.49
462,2014,Cash,CAD Cash,1,144772.35
463,2428,Equity,NESN,75,13665.43
464,1483,Equity,NESN,866,165079.41
465,1769,ETF,VGK,660,219950.2
466,319,Equity,GOOGL,953,390584.67
467,2423,ETF,QQQ,324,24155.63
468,432,Bond,Corp Bond A,173,56301.26
469,256,Mutual Fund,Euro Equity Fund,2210,127735.74
470,2438,Mutual Fund,Global Growth Fund,1040,35170.05
471,1788,Equity,UNH,925,310735.25
472,1158,Mutual Fund,Euro Equity Fund,2327,137948.22
473,2055,ETF,SPY,675,75158.13
474,289,ETF,SPY,767,336270.7
475,1431,Equity,JPM,926,135045.31
476,436,Mutual Fund,Global Growth Fund,1590,93309.63
477,1808,Equity,V,948,45025.75
478,289,Mutual Fund,Balanced Income Fund,854,72820.86
479,878,ETF,SPY,657,259878.05
480,514,ETF,QQQ,116,9576.29
481,1078,Equity,TSLA,109,23627.08
482,1143,Equity,MSFT,341,65945.55
483,1618,Mutual Fund,Balanced Income Fund,1879,107877.76
484,1600,Equity,AAPL,207,47975.77
485,2398,Mutual Fund,Balanced Income Fund,1866,182318.45
486,1082,ETF,XIC,456,113384.5
487,525,Equity,JPM,180,61989.6
488,1114,Mutual Fund,US Bluechip Fund,1820,47973.81
489,1430,Bond,Euro Gov Bond,270,292537.51
490,11,Equity,UNH,820,191159.05
491,452,Bond,UST 10Y,94,30561.57
492,2269,Equity,AMZN,549,132839.3
493,2141,Bond,Corp Bond B,60,19495.46
494,2211,Equity,UNH,696,231492.51
495,1450,Mutual Fund,US Bluechip Fund,2364,255956.45
496,357,Mutual Fund,Global Growth Fund,488,25392.01
497,612,Bond,UST 5Y,10,10961.23
498,1967,Mutual Fund,Euro Equity Fund,2257,118690.54
499,1449,Bond,Corp Bond A,241,60147.35
500,985,ETF,SPY,239,93842.9
501,498,Cash,USD Cash,1,113854.64
502,416,Equity,AMZN,57,4488.56
503,82,Mutual Fund,Global Growth Fund,232,2417.05
504,2104,Bond,Corp Bond B,193,72982.37
505,2098,ETF,SPY,682,281872.41
506,985,Cash,EUR Cash,1,85962.41
507,1404,Cash,CAD Cash,1,124650.47
508,1101,Mutual Fund,Balanced Income Fund,1243,13271.71
509,2253,Equity,V,693,189940.12
510,154,Mutual Fund,US Bluechip Fund,223,9830.97
511,566,Equity,JPM,831,41240.29
512,1812,Bond,UST 10Y,240,121538.3
513,1459,Equity,AAPL,534,168026.21
514,1263,Bond,Corp Bond A,81,74698.29
515,204,Bond,UST 5Y,16,5255.8
516,2294,Mutual Fund,US Bluechip Fund,2154,206709.05
517,1654,Equity,AAPL,260,32419.1
518,2459,ETF,QQQ,207,36704.69
519,1793,Bond,UST 10Y,226,180939.93
520,1019,Bond,UK Gilt 2030,124,99699.54
521,117,Bond,UST 10Y,123,35196.98
522,237,Bond,UK Gilt 2030,16,14492.72
523,494,ETF,EWU,280,125716.77
524,1225,Equity,UNH,406,117598.41
525,391,Bond,Euro Gov Bond,178,198615.22
526,526,ETF,XIC,873,258810.6
527,469,Equity,NESN,314,137627.69
528,463,Cash,EUR Cash,1,137247.92
529,1242,Equity,V,466,110101.94
530,2461,Mutual Fund,US Bluechip Fund,1491,94109.66
531,330,Mutual Fund,Balanced Income Fund,536,35276.28
532,363,ETF,SPY,836,114774.1
533,355,ETF,SPY,81,3204.68
534,1081,Bond,Corp Bond B,253,152475
535,1377,Bond,Corp Bond B,54,55633.39
536,848,ETF,EWU,40,9156.34
537,1025,Cash,EUR Cash,1,19028.91
538,4,Equity,TSLA,926,202003.76
539,259,Equity,TSLA,383,24015.95
540,1357,ETF,VTI,70,23063.97
541,1313,Equity,JPM,938,124350.4
542,1820,Bond,UK Gilt 2030,263,140918.51
543,731,Bond,Corp Bond B,298,220593.67
544,842,ETF,VTI,921,379604.28
545,1462,ETF,XIC,730,227320.4
546,1323,ETF,XIC,14,5957.63
547,1658,Cash,CAD Cash,1,63080.31
548,207,Equity,JPM,131,9898.18
549,114,ETF,VTI,645,209106.76
550,1741,ETF,EWU,504,10994.33
551,1682,ETF,VTI,766,281854.32
552,296,Equity,AAPL,978,120430.52
553,431,Bond,UST 10Y,148,25460.79
554,1941,Bond,Euro Gov Bond,178,48767.78
555,1725,ETF,SPY,275,80148.27
556,1088,Equity,NVDA,176,32847.84
557,787,ETF,SPY,46,6272.97
558,564,Bond,UK Gilt 2030,99,66152.61
559,1012,Cash,USD Cash,1,55936.07
560,2380,Bond,Corp Bond B,168,193404.84
561,373,Bond,UK Gilt 2030,152,74934.96
562,1215,ETF,EWU,814,244145.14
563,1245,Bond,UK Gilt 2030,296,71869.29
564,1291,Mutual Fund,Global Growth Fund,2237,29834.14
565,296,Equity,JPM,516,56187.87
566,466,Bond,Corp Bond B,242,105493.28
567,1207,Bond,UK Gilt 2030,89,26424.57
568,2027,ETF,SPY,757,223722.83
569,775,Mutual Fund,Euro Equity Fund,1873,64030.08
570,1173,ETF,EWU,570,41567.14
571,1081,Equity,MSFT,642,178904.32
572,1097,Mutual Fund,Balanced Income Fund,1108,100169.08
573,1062,ETF,VGK,368,90032.96
574,133,Equity,V,282,86749.38
575,383,Equity,TSLA,756,16989.86
576,2449,Equity,MSFT,80,27939.52
577,1477,ETF,VTI,472,203690.52
578,18,Mutual Fund,Global Growth Fund,1682,18248.96
579,1057,Bond,Corp Bond A,15,8429.13
580,150,ETF,VTI,861,230181.41
581,520,Mutual Fund,Global Growth Fund,1959,38811.66
582,123,Bond,UK Gilt 2030,111,55365.83
583,695,Mutual Fund,Balanced Income Fund,2486,293231.91
584,1666,Equity,MSFT,62,7942.82
585,1009,ETF,VGK,917,188502.96
586,1297,Equity,UNH,248,32372.43
587,429,ETF,VGK,357,63243.47
588,1140,Equity,JPM,734,116489.21
589,505,Mutual Fund,Global Growth Fund,951,25732.28
590,751,ETF,QQQ,315,140199.94
591,586,Bond,UK Gilt 2030,36,29646.71
592,673,Mutual Fund,Euro Equity Fund,1935,178885.1
593,2378,Equity,NESN,554,124496.27
594,1653,ETF,VTI,939,108779.57
595,2178,Mutual Fund,Euro Equity Fund,2145,80381.42
596,2339,ETF,EWU,808,103564.61
597,1002,Mutual Fund,US Bluechip Fund,1685,68425.24
598,1718,Mutual Fund,Global Growth Fund,1893,149576.56
599,1862,Equity,V,123,23487.3
600,1693,ETF,VTI,662,200153.38
601,2107,Equity,UNH,540,168019.07
602,2361,Equity,TSLA,913,323478.65
603,2227,Mutual Fund,Euro Equity Fund,2342,20202.81
604,1047,Mutual Fund,Euro Equity Fund,2489,86807.52
605,144,ETF,QQQ,186,43530.44
606,1774,Equity,GOOGL,118,2829.71
607,2402,ETF,SPY,616,274614
608,674,Mutual Fund,US Bluechip Fund,1874,217402.8
609,860,Equity,NESN,331,107983.43
610,151,Equity,AMZN,809,223250.92
611,1985,Bond,Euro Gov Bond,165,43096.78
612,1007,Equity,MSFT,920,364271.35
613,1774,Equity,GOOGL,149,38984.55
614,2227,Mutual Fund,US Bluechip Fund,2184,154708.09
615,850,Bond,UST 5Y,47,36098.47
616,1290,Equity,AAPL,449,92537.57
617,536,ETF,XIC,558,224138.57
618,338,Mutual Fund,Balanced Income Fund,1250,52424.29
619,1604,Equity,TSLA,255,40324.95
620,1953,Mutual Fund,Global Growth Fund,1330,123890.8
621,1725,Bond,UK Gilt 2030,171,60764.69
622,1130,ETF,XIC,101,18919.81
623,2448,Mutual Fund,Euro Equity Fund,483,17836.76
624,1386,Bond,Corp Bond A,181,136857.94
625,142,Equity,AAPL,837,124760.22
626,1001,Cash,CAD Cash,1,129576.51
627,2425,ETF,VTI,459,67369.96
628,1409,ETF,VGK,646,262429.39
629,220,ETF,XIC,30,7234.67
630,2357,Equity,JPM,800,268132.45
631,2450,Equity,NESN,789,84233.23
632,904,Equity,AAPL,84,23999.98
633,909,Bond,UK Gilt 2030,173,190214.13
634,350,Equity,GOOGL,892,221337.34
635,514,Equity,AMZN,760,315594.21
636,2366,Equity,UNH,108,43147.84
637,365,Mutual Fund,Global Growth Fund,1062,60370.43
638,923,Mutual Fund,Euro Equity Fund,916,99510.61
639,1253,Equity,V,575,106104.3
640,1228,Equity,NVDA,147,65266.84
641,1309,Mutual Fund,Euro Equity Fund,1171,25892.11
642,1422,Equity,UNH,626,235442.44
643,2270,Bond,UST 5Y,168,179210.45
644,2079,Equity,GOOGL,156,48096.07
645,632,Equity,NVDA,206,22937.55
646,985,Mutual Fund,Global Growth Fund,2052,76569.47
647,984,Equity,AMZN,836,206973.83
648,730,Bond,Euro Gov Bond,14,8857.53
649,1511,Equity,V,134,19049.65
650,1012,Equity,TSLA,619,272241.56
651,2158,Cash,USD Cash,1,96737.86
652,1342,ETF,VTI,333,17060.82
653,752,Mutual Fund,Euro Equity Fund,2224,254460.74
654,1677,Equity,UNH,367,41582.27
655,2136,Mutual Fund,Euro Equity Fund,470,5749.64
656,684,ETF,VTI,168,59785.11
657,1380,ETF,QQQ,809,253842.27
658,2066,Mutual Fund,Global Growth Fund,775,24799.07
659,129,ETF,EWU,264,69773.98
660,1745,ETF,SPY,209,66395.28
661,635,ETF,VTI,235,90335.82
662,1278,Equity,JPM,114,12968.31
663,2352,Mutual Fund,Global Growth Fund,419,34592.69
664,815,ETF,VGK,174,29907.33
665,1743,Equity,NESN,177,39608.92
666,1846,Equity,V,126,12206.97
667,1454,ETF,EWU,935,138640.43
668,2436,Equity,UNH,291,121548.48
669,1351,Equity,AAPL,162,18002.04
670,474,Equity,NVDA,891,139799.14
671,2362,Mutual Fund,US Bluechip Fund,1138,45505.37
672,775,Equity,V,529,88936.04
673,2277,Bond,Corp Bond A,56,24412.19
674,1888,Equity,UNH,309,116279.9
675,12,Equity,UNH,377,36229.42
676,1880,Mutual Fund,Global Growth Fund,112,8689.66
677,881,Equity,UNH,416,85549.39
678,216,Bond,UK Gilt 2030,274,165259.47
679,938,Equity,MSFT,219,27350.4
680,2322,Bond,UST 10Y,40,14818.13
681,1053,Mutual Fund,Global Growth Fund,570,56711.68
682,768,Equity,NESN,154,64854.91
683,1535,Bond,Corp Bond B,269,291604.66
684,1910,Mutual Fund,US Bluechip Fund,412,10803.44
685,643,ETF,VGK,348,82705.97
686,1371,Bond,Euro Gov Bond,245,266371.59
687,1325,ETF,QQQ,616,186308.22
688,2002,ETF,VGK,523,77077.82
689,173,Equity,TSLA,705,96087.59
690,1140,Equity,NVDA,308,28991.79
691,1816,Equity,GOOGL,899,296855.58
692,1239,Bond,Euro Gov Bond,126,25362.6
693,552,Equity,MSFT,364,80140.42
694,1637,ETF,VGK,994,400986.38
695,55,Equity,UNH,413,95895
696,384,Equity,UNH,554,95097.78
697,2431,Bond,Corp Bond B,79,59436.87
698,1621,Bond,UST 10Y,83,16817.94
699,2262,ETF,SPY,440,104254.1
700,2017,Equity,JPM,365,31851.89
701,1346,Equity,JPM,571,179106.38
702,715,Equity,NESN,275,61921.16
703,2437,Mutual Fund,Global Growth Fund,837,12457.61
704,1521,Bond,Corp Bond A,271,38890.39
705,1456,Bond,Corp Bond A,133,32067.2
706,588,Cash,USD Cash,1,129988.01
707,1777,Equity,AMZN,155,27245.89
708,41,Equity,GOOGL,116,41164.37
709,1915,ETF,VGK,619,242121.26
710,765,Mutual Fund,Balanced Income Fund,2054,98684.88
711,1370,Equity,NESN,613,128506.13
712,1743,Bond,Corp Bond A,60,14718.1
713,2417,Bond,Euro Gov Bond,233,237650.7
714,2264,Cash,GBP Cash,1,84845.88
715,1853,Equity,AMZN,847,187075.2
716,652,Bond,UK Gilt 2030,165,16135.54
717,1688,Equity,UNH,763,165367.88
718,1727,ETF,XIC,389,23415.33
719,427,Equity,GOOGL,614,69408.83
720,329,ETF,VTI,91,23149.34
721,417,Cash,CAD Cash,1,70218.28
722,1977,ETF,EWU,287,43201.8
723,21,ETF,SPY,608,248676.99
724,275,Mutual Fund,Euro Equity Fund,1817,113153.67
725,1848,ETF,VGK,325,31182.32
726,2283,Mutual Fund,US Bluechip Fund,366,25347.61
727,1592,Equity,V,560,17219.94
728,719,ETF,EWU,714,147468.27
729,290,Equity,AAPL,916,243894.57
730,830,Equity,AMZN,997,345642.15
731,1109,Equity,AMZN,743,191049.63
732,829,Equity,UNH,80,11735.31
733,2144,ETF,SPY,56,21046.02
734,1899,Mutual Fund,US Bluechip Fund,1246,44199.42
735,841,Cash,EUR Cash,1,118095.86
736,1526,Bond,UST 10Y,153,163614.77
737,2216,Mutual Fund,Euro Equity Fund,2009,30260.27
738,1861,Equity,AAPL,357,115140.12
739,1079,Bond,Corp Bond B,236,160850.42
740,446,Bond,UK Gilt 2030,265,194697.05
741,1327,Mutual Fund,Euro Equity Fund,1675,69521.03
742,767,Mutual Fund,Global Growth Fund,1782,82218.59
743,898,ETF,XIC,848,72314.74
744,1746,Cash,USD Cash,1,27860.69
745,2383,Mutual Fund,Balanced Income Fund,201,6880.2
746,562,Bond,UST 5Y,81,21212.67
747,2328,Equity,TSLA,678,284622.1
748,549,ETF,VGK,217,32365.59
749,1699,Mutual Fund,Balanced Income Fund,209,16014.8
750,1429,Bond,Corp Bond B,247,290811.65
751,1632,Equity,AAPL,432,136586.91
752,862,Equity,V,718,215023.7
753,938,Equity,UNH,763,290874.76
754,1933,ETF,XIC,739,136676.74
755,776,ETF,SPY,94,31875.68
756,2479,Mutual Fund,Euro Equity Fund,958,86400.68
757,680,Bond,UST 5Y,213,22241.74
758,1258,Mutual Fund,Balanced Income Fund,1807,121013.06
759,1118,Bond,Corp Bond A,231,129744.17
760,959,Mutual Fund,Global Growth Fund,2106,249659.41
761,2340,Bond,UST 10Y,161,184412.33
762,1958,Equity,AAPL,666,109329.99
763,76,Bond,Euro Gov Bond,230,60839.52
764,95,Equity,NESN,405,73263.95
765,1843,Equity,AAPL,732,133297.26
766,519,Mutual Fund,Euro Equity Fund,796,49898.55
767,1619,Equity,AAPL,587,202371.5
768,660,Cash,EUR Cash,1,115254.46
769,393,ETF,VGK,986,41636.14
770,1799,Equity,JPM,350,33946.85
771,1629,ETF,SPY,49,13329.5
772,1963,ETF,SPY,324,48194.71
773,1568,Mutual Fund,Balanced Income Fund,453,49300.85
774,1193,Bond,Corp Bond A,51,11018.93
775,1906,Mutual Fund,Euro Equity Fund,589,64741.6
776,2421,Mutual Fund,Balanced Income Fund,2358,141725.27
777,2069,Mutual Fund,US Bluechip Fund,2352,82970.08
778,2180,ETF,VGK,559,187941.8
779,1282,Mutual Fund,Euro Equity Fund,2376,63111.19
780,801,ETF,VGK,154,52053.3
781,2007,Equity,NESN,378,162399.91
782,2409,ETF,SPY,914,90517.94
783,2014,Equity,NESN,354,93686.41
784,602,Equity,AAPL,414,93570.38
785,1511,Equity,V,503,66244.06
786,431,ETF,VTI,519,18851.96
787,2049,Equity,JPM,529,167471.01
788,1760,Equity,AAPL,102,2605.74
789,1241,Mutual Fund,Euro Equity Fund,2003,184475.27
790,352,Bond,Corp Bond A,275,80965.12
791,1896,Mutual Fund,Global Growth Fund,525,19939.02
792,2389,Bond,UST 5Y,277,229014
793,640,Equity,V,382,43763.93
794,1390,Mutual Fund,Euro Equity Fund,1594,96848.05
795,154,Equity,GOOGL,843,21432.83
796,1594,Equity,NVDA,630,102301.51
797,55,Mutual Fund,Euro Equity Fund,789,57754.44
798,1125,Equity,UNH,963,172228.4
799,1098,ETF,XIC,902,222105.42
800,240,Equity,GOOGL,439,186601.7
801,1971,Equity,NVDA,620,226524.78
802,22,Equity,V,753,93212.35
803,1549,Mutual Fund,Euro Equity Fund,1832,19152.05
804,2123,ETF,QQQ,719,271370.72
805,77,Equity,MSFT,748,333005.23
806,545,Equity,UNH,166,38570.54
807,1339,ETF,SPY,564,179282.2
808,1711,ETF,QQQ,893,351840.15
809,1630,Equity,JPM,681,229449.63
810,1691,Equity,AAPL,618,250285.2
811,261,Mutual Fund,Balanced Income Fund,1419,169770.53
812,1515,Bond,Euro Gov Bond,171,171543.22
813,2281,Bond,Euro Gov Bond,30,19753.46
814,64,Bond,Euro Gov Bond,245,262133.53
815,1461,Mutual Fund,Global Growth Fund,1206,108259.59
816,2272,Mutual Fund,US Bluechip Fund,1364,30053.9
817,1922,Mutual Fund,US Bluechip Fund,182,2481.79
818,1176,Mutual Fund,US Bluechip Fund,1888,16047.46
819,1908,Mutual Fund,Global Growth Fund,1727,107327.29
820,99,ETF,SPY,128,50288.42
821,1060,ETF,XIC,262,69250.64
822,7,Mutual Fund,US Bluechip Fund,1912,171627.72
823,1510,Equity,AAPL,745,129329.04
824,1607,Mutual Fund,US Bluechip Fund,932,37467.46
825,76,Bond,UST 5Y,9,973.71
826,1454,Equity,NVDA,931,322567.29
827,491,Mutual Fund,US Bluechip Fund,2417,115917.41
828,702,Equity,NVDA,394,58116.33
829,1364,ETF,VGK,305,19876.53
830,1767,ETF,XIC,586,167950.85
831,2359,ETF,SPY,154,28327.5
832,927,ETF,VTI,691,60324.54
833,2462,Equity,GOOGL,780,134392.09
834,14,Equity,JPM,848,221768.12
835,710,Mutual Fund,Global Growth Fund,1283,11219.84
836,2289,Equity,MSFT,572,185236.77
837,35,Cash,CAD Cash,1,48053.11
838,1693,ETF,XIC,591,120894.6
839,1340,ETF,SPY,477,13994.84
840,1418,Bond,Corp Bond A,50,46489.03
841,1388,Bond,UST 10Y,82,81412.32
842,2454,Equity,NVDA,975,98130.73
843,1080,Equity,NESN,794,350300.47
844,493,Mutual Fund,Global Growth Fund,392,15263.95
845,298,Equity,NVDA,648,71858.88
846,355,Equity,GOOGL,288,69451.13
847,1300,Bond,Corp Bond A,196,95986.81
848,1428,Mutual Fund,US Bluechip Fund,413,23193.46
849,2063,Bond,Corp Bond A,144,157270.96
850,1475,Mutual Fund,Euro Equity Fund,1119,23077.49
851,375,Mutual Fund,Global Growth Fund,1253,65793.38
852,551,Mutual Fund,US Bluechip Fund,882,98356.88
853,1933,Equity,UNH,865,34747.2
854,2272,Mutual Fund,Global Growth Fund,336,25691.65
855,1598,Equity,NESN,683,129729.09
856,1124,Cash,CAD Cash,1,107044.43
857,21,Equity,NESN,870,184368.25
858,505,ETF,EWU,776,233833.28
859,1715,Mutual Fund,US Bluechip Fund,1705,69618.26
860,461,Equity,UNH,405,178118.45
861,459,Cash,GBP Cash,1,37433.86
862,1222,Equity,JPM,712,221185.86
863,2273,Equity,GOOGL,856,201662.12
864,1034,Bond,UST 5Y,294,188603.77
865,671,Equity,TSLA,575,51637.21
866,2289,Cash,CAD Cash,1,121119.33
867,1215,Equity,AMZN,465,183606.76
868,1000,Mutual Fund,Euro Equity Fund,1435,136314.3
869,1405,Mutual Fund,Euro Equity Fund,1899,56088.5
870,1513,Bond,Corp Bond B,126,95569.41
871,554,Cash,USD Cash,1,38736.82
872,1946,Mutual Fund,Global Growth Fund,606,53671.19
873,2415,Equity,JPM,248,19955.32
874,1234,Mutual Fund,Euro Equity Fund,616,68771.38
875,1245,Equity,AAPL,191,30460.5
876,1511,Bond,UK Gilt 2030,122,116050.41
877,342,ETF,XIC,330,69299.98
878,1683,Bond,Euro Gov Bond,286,49244.11
879,2153,Mutual Fund,Euro Equity Fund,434,14511
880,1357,Mutual Fund,US Bluechip Fund,2460,246860.68
881,545,Cash,EUR Cash,1,125700.11
882,2282,Mutual Fund,Euro Equity Fund,543,41144.91
883,84,Bond,Corp Bond B,276,67804.66
884,276,Bond,Corp Bond B,243,119116.4
885,2392,Equity,UNH,492,207817.35
886,1254,ETF,SPY,570,245813.63
887,2187,Equity,TSLA,871,147340.04
888,595,Equity,NVDA,387,134062.45
889,1587,ETF,VGK,397,44849.61
890,1059,Mutual Fund,Euro Equity Fund,1939,106430.85
891,128,Equity,JPM,669,215854.36
892,2271,Bond,UST 10Y,212,128415.5
893,406,Bond,UST 5Y,86,48622.21
894,1903,Mutual Fund,Global Growth Fund,1228,62027.95
895,1428,Equity,AAPL,853,344016.12
896,763,Equity,TSLA,677,221282.3
897,750,Equity,V,1000,66620.01
898,1080,Bond,UST 10Y,179,49181.71
899,2158,Equity,NVDA,177,32332.54
900,31,Mutual Fund,Global Growth Fund,1440,125933.34
901,542,Equity,GOOGL,862,337555.98
902,2058,ETF,VGK,840,319244.8
903,1899,Equity,TSLA,706,316823.78
904,486,ETF,VTI,565,42850.87
905,2027,Equity,MSFT,80,25050.78
906,725,Equity,UNH,350,93131.08
907,2210,Equity,GOOGL,805,284005.53
908,1272,Bond,UK Gilt 2030,200,163827.55
909,1049,Equity,NESN,649,102280.17
910,1072,ETF,SPY,660,183781.22
911,427,Mutual Fund,Global Growth Fund,1107,114066.16
912,713,Equity,UNH,900,69318.42
913,726,Equity,AAPL,994,89054.97
914,216,Equity,AMZN,408,11477.11
915,1679,Bond,UK Gilt 2030,249,284287.84
916,1869,Cash,CAD Cash,1,94451.15
917,1657,Mutual Fund,Balanced Income Fund,505,10770.26
918,501,Mutual Fund,Euro Equity Fund,1862,42330.98
919,935,Equity,GOOGL,364,32395.55
920,720,Mutual Fund,US Bluechip Fund,1714,83209.92
921,1013,ETF,XIC,229,34655.13
922,1541,ETF,QQQ,839,42022.42
923,1580,Cash,CAD Cash,1,129572.94
924,1778,Equity,TSLA,95,21023.99
925,1222,Bond,Euro Gov Bond,25,18088.75
926,1991,Equity,AAPL,651,264831.18
927,637,Equity,TSLA,136,45768.44
928,1697,Mutual Fund,US Bluechip Fund,214,23591.63
929,1476,Equity,TSLA,153,41312.97
930,1251,ETF,XIC,778,261733.18
931,1771,Equity,NESN,313,15265.94
932,2071,ETF,EWU,211,46341.84
933,174,Mutual Fund,US Bluechip Fund,660,31557.02
934,510,Mutual Fund,US Bluechip Fund,205,8951.11
935,1126,Mutual Fund,US Bluechip Fund,1070,14455.85
936,1732,Equity,GOOGL,946,233656.21
937,1006,ETF,VGK,90,14298.86
938,773,Mutual Fund,Balanced Income Fund,2177,250655.5
939,1253,Bond,UST 10Y,91,75678.76
940,1948,Equity,UNH,745,66021.57
941,2116,Bond,Corp Bond B,292,256731.44
942,469,Equity,TSLA,20,8824.44
943,1378,Equity,TSLA,800,209587.34
944,1706,Equity,V,851,340996.78
945,2099,Equity,GOOGL,896,297933.72
946,1692,Equity,MSFT,343,129100.3
947,2335,Equity,NVDA,83,27431.06
948,234,Bond,UST 10Y,93,20912.9
949,989,Mutual Fund,Global Growth Fund,1030,23522.54
950,728,ETF,VGK,493,36384.57
951,1600,Cash,CAD Cash,1,101270.16
952,314,Mutual Fund,Global Growth Fund,2103,138945.82
953,1330,Mutual Fund,US Bluechip Fund,1851,112933.37
954,2225,Equity,GOOGL,656,198771.75
955,1045,Equity,MSFT,612,126381.03
956,2396,Equity,JPM,638,186395.67
957,1079,ETF,QQQ,104,23850.93
958,349,ETF,XIC,408,129263.45
959,1165,Cash,CAD Cash,1,139999.72
960,785,ETF,SPY,133,23128.15
961,514,Equity,AAPL,649,214742.74
962,1747,Equity,GOOGL,155,38292
963,1989,ETF,SPY,799,244213.57
964,595,Bond,Corp Bond A,187,87704.59
965,1704,Mutual Fund,Euro Equity Fund,1372,38275.3
966,1424,Bond,Corp Bond A,184,151008.06
967,2249,ETF,VTI,563,40092.36
968,1120,Equity,JPM,207,14142.16
969,696,ETF,EWU,961,276474.09
970,2257,Mutual Fund,Balanced Income Fund,1362,134794.81
971,1719,Equity,NVDA,174,19383.28
972,2026,Equity,NESN,1000,263921.91
973,2326,Bond,UST 5Y,209,42280.94
974,1690,ETF,XIC,252,93061.88
975,96,ETF,VTI,618,20397.13
976,1032,Equity,GOOGL,933,344454.09
977,740,ETF,SPY,525,200402.77
978,694,Equity,V,294,17667.19
979,911,Equity,NESN,105,31535.38
980,1993,ETF,EWU,52,16217.49
981,723,ETF,EWU,780,298372.27
982,2397,Equity,TSLA,216,71963.28
983,1214,ETF,EWU,839,138707.57
984,638,ETF,QQQ,200,15861.83
985,1687,Mutual Fund,Global Growth Fund,1871,143962.99
986,581,Bond,Euro Gov Bond,81,75017.24
987,1104,ETF,SPY,294,119003.36
988,893,ETF,XIC,742,329719.2
989,2432,ETF,QQQ,14,4789.35
990,1496,Equity,UNH,19,1913.09
991,2491,Equity,GOOGL,241,31165.02
992,381,Equity,AAPL,360,64904.5
993,2468,ETF,XIC,84,36126.84
994,2402,ETF,EWU,367,47794.8
995,998,Bond,UST 10Y,270,107078.59
996,1649,Mutual Fund,Global Growth Fund,1105,49154.69
997,1143,ETF,VTI,804,62285.56
998,1574,ETF,QQQ,832,316672.22
999,937,ETF,VTI,405,61303.85
1000,903,Cash,CAD Cash,1,84863.83
1001,962,Equity,UNH,283,12673.24
1002,15,Equity,UNH,932,368834.34
1003,1214,Mutual Fund,Balanced Income Fund,617,39677.21
1004,1084,Equity,JPM,628,55252.34
1005,2001,Equity,NESN,293,104923.94
1006,1912,Bond,Euro Gov Bond,87,22069.46
1007,2443,Bond,Euro Gov Bond,171,197245.3
1008,496,Equity,GOOGL,935,40476.86
1009,1221,Bond,UST 10Y,50,5952.51
1010,2323,Mutual Fund,Euro Equity Fund,964,58396.46
1011,382,ETF,QQQ,925,367642.39
1012,413,Equity,MSFT,76,10475.98
1013,1255,ETF,VGK,78,30349.85
1014,2228,ETF,VGK,39,6313.55
1015,2477,Mutual Fund,Global Growth Fund,2311,19801.33
1016,2382,ETF,QQQ,617,64137.6
1017,605,Equity,GOOGL,29,4329.48
1018,1674,ETF,SPY,474,166317.08
1019,2494,Bond,UST 10Y,219,49645.46
1020,1597,ETF,VGK,45,4086.73
1021,1368,Cash,EUR Cash,1,108360.4
1022,2336,Equity,MSFT,715,98010.4
1023,1758,Bond,Corp Bond B,295,344126.19
1024,2205,ETF,QQQ,840,77533.83
1025,2321,ETF,EWU,97,19369.01
1026,1440,ETF,SPY,92,40928.17
1027,302,Mutual Fund,Euro Equity Fund,1198,106667.81
1028,1297,ETF,QQQ,547,44202.35
1029,2101,ETF,EWU,881,315753.81
1030,905,Mutual Fund,Euro Equity Fund,930,81115.19
1031,2333,Equity,JPM,637,160421.71
1032,1621,ETF,XIC,175,11918.97
1033,1154,Mutual Fund,Euro Equity Fund,1511,12859.11
1034,35,Mutual Fund,Euro Equity Fund,486,21461.06
1035,2209,Equity,NESN,856,266970.43
1036,1929,Equity,NVDA,773,285403.89
1037,263,ETF,XIC,123,21133.52
1038,616,Mutual Fund,US Bluechip Fund,1078,98620.43
1039,538,ETF,QQQ,14,5456.3
1040,1739,Bond,Euro Gov Bond,151,146021.84
1041,1642,ETF,VGK,594,194667.53
1042,2015,Bond,Corp Bond A,154,108987.7
1043,696,Cash,USD Cash,1,99888.84
1044,1373,Equity,JPM,760,110220.08
1045,1307,ETF,QQQ,175,10763.23
1046,324,Equity,NESN,57,21395.5
1047,367,Cash,GBP Cash,1,63669.86
1048,507,Equity,NVDA,510,94169
1049,2370,Bond,UST 10Y,281,170662.37
1050,1064,Bond,UST 10Y,201,114212.17
1051,1092,Equity,NVDA,580,218059.67
1052,499,Bond,UST 10Y,104,118906.3
1053,1977,Bond,UST 5Y,268,309866.33
1054,215,Equity,AAPL,318,95415.87
1055,1797,ETF,VGK,357,29376.48
1056,1561,Equity,TSLA,579,49096.79
1057,1346,Bond,UST 10Y,257,186252.74
1058,913,Equity,MSFT,501,23994.15
1059,1852,Bond,Corp Bond A,213,241838.98
1060,2323,Equity,UNH,306,129954.83
1061,2422,Bond,Corp Bond A,30,9225.54
1062,889,Equity,JPM,559,214453.66
1063,2387,Bond,Euro Gov Bond,40,25199.24
1064,2439,Bond,Corp Bond A,183,172244.15
1065,546,Bond,UST 5Y,223,141063.39
1066,894,Mutual Fund,Euro Equity Fund,2244,219663.5
1067,1297,Equity,V,12,654.63
1068,2025,Equity,NESN,278,68125.95
1069,1870,Mutual Fund,Balanced Income Fund,2316,96787.82
1070,968,Equity,JPM,413,97112.04
1071,1256,ETF,VGK,533,64371.21
1072,1388,ETF,XIC,308,93420.78
1073,1453,Equity,NVDA,500,56709.09
1074,729,Cash,USD Cash,1,22216.23
1075,705,Equity,JPM,741,327473.43
1076,437,Mutual Fund,Global Growth Fund,1245,81479.2
1077,629,Equity,UNH,873,153108.06
1078,1107,Equity,JPM,363,132453.96
1079,643,Equity,NESN,459,128156.86
1080,1053,Mutual Fund,US Bluechip Fund,305,16615.17
1081,204,Cash,CAD Cash,1,18386.89
1082,264,Equity,JPM,695,47294.75
1083,2350,Bond,Corp Bond B,160,91185.94
1084,1906,Equity,AAPL,550,172488.94
1085,744,Equity,AMZN,119,36466.22
1086,712,Equity,AMZN,468,158294.76
1087,2014,Mutual Fund,Global Growth Fund,1086,14057.71
1088,77,ETF,SPY,744,83493.52
1089,1954,ETF,XIC,42,6606.25
1090,244,Mutual Fund,US Bluechip Fund,238,8414.04
1091,2406,Equity,AMZN,984,234963.44
1092,1972,Mutual Fund,Global Growth Fund,2421,40716.34
1093,1731,Bond,UST 5Y,60,45130.49
1094,2475,Mutual Fund,US Bluechip Fund,2146,194621.38
1095,793,Mutual Fund,Global Growth Fund,664,34110.31
1096,2141,ETF,VTI,997,430414.34
1097,402,Bond,UST 5Y,281,224839.07
1098,359,Mutual Fund,US Bluechip Fund,1168,75718
1099,36,Mutual Fund,Global Growth Fund,614,18780.02
1100,1904,Equity,JPM,467,192919.19
1101,43,Mutual Fund,Global Growth Fund,1336,108325.46
1102,2289,ETF,XIC,726,184055.92
1103,2029,ETF,SPY,560,153736.94
1104,1544,Mutual Fund,US Bluechip Fund,589,54163.57
1105,175,Bond,UST 5Y,266,173330.36
1106,245,Equity,NVDA,38,9528.59
1107,615,Equity,V,537,216764.37
1108,739,Equity,TSLA,139,44076.39
1109,2326,Equity,NVDA,414,81664.67
1110,1365,Bond,UK Gilt 2030,175,129153.85
1111,1541,Equity,NESN,573,28847.18
1112,328,Equity,V,202,85626.01
1113,1179,Bond,UST 5Y,299,166242.91
1114,1144,ETF,EWU,367,71825.21
1115,782,Bond,UK Gilt 2030,128,119254.04
1116,2030,ETF,XIC,68,19048.21
1117,111,ETF,VGK,127,8504.51
1118,1604,Equity,MSFT,779,241204.99
1119,747,Bond,UST 5Y,134,102869.08
1120,2172,Equity,MSFT,249,17874.94
1121,1768,Bond,UK Gilt 2030,169,31822.8
1122,1037,Equity,TSLA,57,20793.42
1123,2232,Mutual Fund,US Bluechip Fund,292,15521.27
1124,327,Equity,AAPL,71,20015.84
1125,933,Equity,NVDA,928,39501.21
1126,357,Equity,NESN,638,75366.56
1127,290,Equity,TSLA,535,54655.91
1128,1810,Cash,GBP Cash,1,139943.82
1129,2157,Cash,USD Cash,1,92620.55
1130,1569,Equity,AMZN,658,267052.35
1131,124,Mutual Fund,Euro Equity Fund,1183,68821.97
1132,1820,Mutual Fund,Global Growth Fund,2154,186352.7
1133,1504,Bond,UK Gilt 2030,87,49839.27
1134,2424,Equity,TSLA,354,18842.23
1135,1940,Mutual Fund,Global Growth Fund,113,3128.48
1136,1617,ETF,EWU,235,27545.91
1137,533,Bond,UK Gilt 2030,68,63166.51
1138,996,Bond,Corp Bond B,257,129410.83
1139,780,ETF,EWU,614,121238.17
1140,2499,Mutual Fund,US Bluechip Fund,1346,85294.96
1141,2025,Mutual Fund,US Bluechip Fund,1762,165877.13
1142,62,Bond,Corp Bond A,185,158967.14
1143,1323,Equity,AMZN,969,181683.04
1144,561,Equity,AMZN,224,65304.41
1145,266,Equity,NVDA,505,132049.92
1146,284,Equity,AMZN,593,20908.33
1147,1945,Equity,UNH,713,244078.54
1148,855,ETF,VTI,76,12696.67
1149,18,Bond,Corp Bond A,195,129754.68
1150,1726,ETF,QQQ,878,208995.13
1151,790,Equity,AAPL,867,144234.23
1152,2129,Mutual Fund,Balanced Income Fund,2190,231498.44
1153,2350,Bond,Euro Gov Bond,170,126122.26
1154,95,Mutual Fund,Balanced Income Fund,1781,154787.48
1155,588,Mutual Fund,Global Growth Fund,550,22932.07
1156,72,Equity,NVDA,404,157154.73
1157,1662,ETF,VGK,379,22049.44
1158,2456,Equity,AAPL,747,51226.41
1159,1322,ETF,VGK,646,108734.67
1160,893,Equity,UNH,767,71685.05
1161,1477,Bond,Corp Bond A,75,60658.98
1162,1800,Equity,MSFT,549,169656.03
1163,2063,Equity,MSFT,865,286734.23
1164,904,Mutual Fund,US Bluechip Fund,556,54343.9
1165,1449,Cash,USD Cash,1,93419.26
1166,1564,ETF,EWU,954,223279.3
1167,1190,Mutual Fund,Balanced Income Fund,1210,72498.05
1168,740,Bond,UK Gilt 2030,62,18199.78
1169,2352,Equity,UNH,748,160092.67
1170,2406,Equity,V,550,80354.97
1171,1781,ETF,VTI,859,344805.36
1172,1435,ETF,XIC,186,65116.56
1173,1203,Bond,Corp Bond A,78,17479.12
1174,76,Mutual Fund,Balanced Income Fund,1905,187255.29
1175,1654,Equity,TSLA,434,14142.51
1176,1792,ETF,VGK,352,132752.67
1177,2400,Cash,GBP Cash,1,72395.39
1178,1763,Mutual Fund,Euro Equity Fund,876,40927.46
1179,722,Equity,NESN,685,257237.05
1180,1567,Bond,UST 10Y,146,37099.67
1181,490,Mutual Fund,US Bluechip Fund,528,44305.74
1182,319,Bond,Corp Bond B,261,145976.88
1183,867,ETF,VTI,97,18988.02
1184,477,Equity,MSFT,590,22980.6
1185,1408,Mutual Fund,Global Growth Fund,2199,51636.09
1186,117,ETF,VGK,104,42186.86
1187,169,Cash,EUR Cash,1,74899.76
1188,854,Mutual Fund,Global Growth Fund,521,42332.53
1189,897,Equity,NESN,723,26388.7
1190,2418,Equity,GOOGL,408,122714.49
1191,1199,Bond,UST 5Y,211,113076.82
1192,1034,Bond,Corp Bond B,11,1194.07
1193,510,ETF,VTI,354,43054.28
1194,902,Equity,AMZN,900,298911.15
1195,1677,Equity,JPM,980,190086.81
1196,2202,Equity,V,313,36001.67
1197,1297,Bond,Corp Bond A,169,114275.45
1198,2125,Mutual Fund,Euro Equity Fund,1484,92819.15
1199,2110,Mutual Fund,Balanced Income Fund,594,38798.26
1200,1920,Bond,UST 5Y,280,55254.09
1201,1181,Mutual Fund,Euro Equity Fund,210,16600.66
1202,1530,Equity,AMZN,315,140068.58
1203,985,ETF,VGK,478,200284.6
1204,411,Bond,Corp Bond B,49,53431.97
1205,912,Equity,AAPL,140,21144.82
1206,684,Mutual Fund,US Bluechip Fund,1064,77966.71
1207,1071,Bond,UST 5Y,92,35031.98
1208,1800,Equity,GOOGL,318,91105.84
1209,721,ETF,XIC,819,110299.49
1210,1067,ETF,EWU,462,180158.68
1211,608,Equity,NESN,591,31213.6
1212,2147,Bond,UK Gilt 2030,22,20072.14
1213,163,ETF,SPY,853,279524.94
1214,647,Mutual Fund,US Bluechip Fund,2104,227449.05
1215,1165,Bond,Euro Gov Bond,262,183230.6
1216,2395,Equity,GOOGL,957,426004.65
1217,1020,Equity,AMZN,674,188129.5
1218,2001,Mutual Fund,US Bluechip Fund,1271,31711.61
1219,213,Equity,TSLA,673,127472.28
1220,1150,ETF,XIC,923,207334.3
1221,1629,Equity,V,790,157979.17
1222,411,Equity,TSLA,607,109649.94
1223,1885,Mutual Fund,Global Growth Fund,401,36441.3
1224,2095,ETF,VGK,700,37621.12
1225,2227,ETF,VGK,281,44799.45
1226,2406,ETF,QQQ,400,39310.91
1227,891,Equity,AMZN,908,63635.92
1228,2353,Equity,AMZN,241,76948.37
1229,2267,Mutual Fund,Global Growth Fund,1402,88593.26
1230,2306,Mutual Fund,Balanced Income Fund,1835,42166.5
1231,1950,Equity,AAPL,904,85915.71
1232,457,Mutual Fund,US Bluechip Fund,2106,36211.96
1233,1730,Bond,Corp Bond B,27,7903.91
1234,2412,Equity,GOOGL,707,30081.35
1235,218,Mutual Fund,Global Growth Fund,1534,44600.22
1236,1222,Cash,GBP Cash,1,75643.03
1237,1387,Equity,UNH,390,71298.92
1238,1006,ETF,VGK,901,179528.37
1239,1049,Equity,NVDA,630,259800.52
1240,1153,Equity,NESN,989,196100.42
1241,2470,ETF,VGK,54,12394.12
1242,1295,ETF,SPY,466,103505.21
1243,598,Bond,Corp Bond B,279,295160.2
1244,709,Mutual Fund,Global Growth Fund,2156,95738.78
1245,1751,Equity,UNH,782,97116.27
1246,727,Mutual Fund,Balanced Income Fund,2298,28431.98
1247,2043,ETF,VGK,40,5420.58
1248,2423,Bond,UST 10Y,81,41064.05
1249,2078,Mutual Fund,Balanced Income Fund,1584,151970.14
1250,1933,ETF,QQQ,268,22868.63
1251,1546,ETF,XIC,961,352045.48
1252,1124,Bond,Corp Bond B,252,158770.92
1253,1596,Equity,AAPL,378,123891.17
1254,375,Bond,Corp Bond A,283,336659.25
1255,2023,ETF,VGK,170,57009.15
1256,2179,Equity,MSFT,501,207754.79
1257,625,Equity,MSFT,707,199238.83
1258,645,Equity,NESN,852,323359.81
1259,1441,Mutual Fund,Global Growth Fund,931,16252.66
1260,2046,Mutual Fund,Euro Equity Fund,1484,18505.76
1261,943,Mutual Fund,Global Growth Fund,2033,224696.51
1262,236,Cash,CAD Cash,1,130218.32
1263,1595,Equity,AAPL,496,213996.21
1264,2333,Bond,Corp Bond A,90,71580.06
1265,1748,ETF,VGK,831,92848.57
1266,300,Bond,Euro Gov Bond,146,165746.63
1267,28,Equity,AAPL,122,12168.99
1268,1027,Bond,UST 5Y,10,5963.06
1269,1173,Equity,NESN,988,260558.67
1270,2291,Mutual Fund,Euro Equity Fund,291,6384.43
1271,2372,Equity,TSLA,744,314997.38
1272,793,Bond,UST 5Y,155,20291.34
1273,2281,ETF,QQQ,415,168541.16
1274,916,ETF,EWU,908,139619.48
1275,289,Cash,EUR Cash,1,137800.83
1276,32,Mutual Fund,Global Growth Fund,913,88459.45
1277,172,Equity,V,532,121558.81
1278,1596,Bond,Euro Gov Bond,261,212612.79
1279,646,Cash,CAD Cash,1,86383.29
1280,2478,Equity,MSFT,883,254479.16
1281,1022,Equity,NESN,958,50907.28
1282,354,Equity,GOOGL,442,133974.84
1283,638,Bond,UK Gilt 2030,134,54407.44
1284,1193,Equity,NVDA,900,140167.05
1285,1030,ETF,VTI,442,90359.62
1286,1488,ETF,VTI,595,12643.31
1287,1146,ETF,SPY,49,8121.74
1288,1961,Equity,AAPL,479,18316.4
1289,1734,Bond,Euro Gov Bond,251,165305.91
1290,2428,Cash,CAD Cash,1,87230.56
1291,592,Mutual Fund,Balanced Income Fund,2066,126918.28
1292,1107,Equity,V,547,119223.31
1293,2034,Bond,Corp Bond A,180,31574.2
1294,519,Bond,UK Gilt 2030,80,34674.62
1295,841,Equity,JPM,516,139900.55
1296,2085,Equity,MSFT,845,111373.49
1297,367,Bond,Euro Gov Bond,16,11151.57
1298,1106,ETF,SPY,662,103713.37
1299,2178,Equity,AMZN,209,26171.5
1300,435,Equity,NVDA,520,18138.04
1301,2085,Bond,Euro Gov Bond,291,346985.52
1302,1239,Mutual Fund,US Bluechip Fund,2179,74482.15
1303,59,Bond,UST 5Y,189,25890.62
1304,1756,ETF,EWU,537,84606.86
1305,1387,Mutual Fund,US Bluechip Fund,1951,101782.94
1306,499,Cash,EUR Cash,1,129315.22
1307,74,ETF,EWU,273,70445.75
1308,87,Bond,Corp Bond A,208,65547.44
1309,1536,Mutual Fund,Balanced Income Fund,1820,191176.87
1310,456,Bond,UST 5Y,174,197659.02
1311,396,Mutual Fund,Global Growth Fund,879,57510.23
1312,2313,Equity,MSFT,316,92726.56
1313,2122,Mutual Fund,US Bluechip Fund,1629,90134.75
1314,156,ETF,EWU,139,45483.75
1315,1861,ETF,VTI,555,216483.51
1316,1675,Mutual Fund,Euro Equity Fund,174,18789.75
1317,692,Equity,TSLA,667,223299.85
1318,2465,Equity,GOOGL,364,44048.95
1319,2430,Bond,UST 5Y,199,214145.31
1320,677,ETF,VGK,717,27981.84
1321,2006,Cash,GBP Cash,1,19115.98
1322,151,Mutual Fund,Global Growth Fund,865,94105.63
1323,2248,Equity,V,285,13101.35
1324,2245,Equity,TSLA,402,92688.63
1325,926,ETF,XIC,457,138497.22
1326,1523,Equity,AAPL,573,162035.77
1327,1653,Equity,NESN,435,13397.33
1328,1767,Equity,NESN,514,153296.78
1329,1018,Bond,UST 5Y,177,119151.57
1330,2085,Equity,JPM,469,192293.22
1331,79,Bond,UST 5Y,93,71596.74
1332,926,ETF,QQQ,881,224509.13
1333,333,Equity,V,911,288385.54
1334,1306,ETF,VTI,232,22536.24
1335,2099,Equity,JPM,302,90048.28
1336,1608,Mutual Fund,US Bluechip Fund,1972,155088.37
1337,690,Equity,V,137,40680.48
1338,2114,Equity,NVDA,758,109581.59
1339,1057,Equity,TSLA,417,115323.84
1340,19,Cash,EUR Cash,1,132769.48
1341,105,Bond,UK Gilt 2030,272,48276
1342,1364,Equity,V,971,412417.77
1343,829,Equity,NVDA,498,85614.09
1344,83,Bond,Euro Gov Bond,281,86761.56
1345,1945,ETF,QQQ,107,46745.76
1346,674,Bond,UK Gilt 2030,115,104964.67
1347,330,Bond,Corp Bond A,85,15332.03
1348,903,Cash,CAD Cash,1,138921.24
1349,1491,ETF,VGK,332,136580.01
1350,2119,Equity,V,510,184850.73
1351,534,ETF,QQQ,858,96028.66
1352,2029,Cash,CAD Cash,1,43439.82
1353,2100,Bond,Corp Bond B,20,20960.71
1354,823,ETF,QQQ,593,218786.71
1355,2261,Equity,NESN,234,18810.33
1356,1,Bond,Corp Bond B,10,7587.75
1357,781,Cash,EUR Cash,1,91121.74
1358,688,Cash,EUR Cash,1,144064.55
1359,518,Equity,AAPL,277,101869.82
1360,1696,ETF,VTI,890,394979.85
1361,1705,Mutual Fund,Balanced Income Fund,770,73736.4
1362,690,Equity,JPM,804,243653.77
1363,1506,Equity,AAPL,558,93012.83
1364,1950,Mutual Fund,Global Growth Fund,751,57929.49
1365,1672,Equity,AAPL,323,28363.89
1366,2080,Bond,UK Gilt 2030,109,83254
1367,878,Mutual Fund,Euro Equity Fund,2021,111866.5
1368,2292,Mutual Fund,Euro Equity Fund,2110,199875.07
1369,727,Mutual Fund,US Bluechip Fund,1438,97335.24
1370,1058,ETF,QQQ,547,98480.16
1371,2015,Bond,UST 5Y,189,115929.34
1372,484,Bond,Corp Bond B,285,240925.57
1373,2030,Bond,Corp Bond B,62,62647.32
1374,916,ETF,SPY,612,196062.45
1375,639,Bond,UK Gilt 2030,288,83301.05
1376,1749,Equity,MSFT,251,66216.54
1377,2278,Mutual Fund,Balanced Income Fund,1291,55795.45
1378,1500,ETF,SPY,732,194285.15
1379,913,Bond,Corp Bond B,245,65774.76
1380,1372,ETF,SPY,739,251557.21
1381,1708,Bond,Corp Bond B,89,84651.12
1382,1650,Bond,Corp Bond B,22,14422.07
1383,1158,ETF,SPY,164,68261.53
1384,2011,ETF,EWU,980,384393.82
1385,1133,Bond,UST 10Y,95,48739.65
1386,2153,Equity,NESN,313,51136.57
1387,477,ETF,EWU,228,36240.71
1388,1784,Bond,UST 10Y,186,186407.24
1389,41,Equity,TSLA,169,40622.64
1390,1391,Equity,JPM,472,128141.81
1391,1999,Equity,MSFT,509,225514.85
1392,2045,Mutual Fund,US Bluechip Fund,170,19910.26
1393,1398,ETF,SPY,192,9547.56
1394,111,ETF,EWU,457,26644.87
1395,1646,Mutual Fund,US Bluechip Fund,373,24804.09
1396,636,ETF,XIC,323,84366.85
1397,924,Mutual Fund,US Bluechip Fund,1742,25841.32
1398,1176,Equity,JPM,850,261095.78
1399,596,Bond,UST 10Y,216,186960.61
1400,2478,Equity,MSFT,372,15964.54
1401,1324,ETF,SPY,365,151156.01
1402,688,Mutual Fund,Global Growth Fund,1308,110128.36
1403,770,Equity,V,438,168690.33
1404,2109,Mutual Fund,Global Growth Fund,517,24166.2
1405,2446,Equity,NESN,412,152194.58
1406,920,Bond,UST 5Y,5,5187.4
1407,191,Equity,GOOGL,185,15336.1
1408,805,Mutual Fund,Balanced Income Fund,2363,115460.38
1409,2187,Equity,MSFT,128,56256.6
1410,728,Mutual Fund,Global Growth Fund,2223,159370.83
1411,2232,Bond,Corp Bond B,186,60795.1
1412,1486,Equity,JPM,966,276522.84
1413,1738,Mutual Fund,US Bluechip Fund,784,18535.5
1414,941,Mutual Fund,Balanced Income Fund,499,27316.73
1415,1497,Equity,NESN,749,289429.87
1416,1526,Equity,NESN,714,21556.23
1417,2271,Equity,TSLA,698,114699.02
1418,981,Mutual Fund,US Bluechip Fund,345,37997.83
1419,503,Mutual Fund,Euro Equity Fund,1506,116986.89
1420,858,Equity,V,754,140305.24
1421,860,Bond,UST 10Y,198,151957.52
1422,233,ETF,VTI,563,55319.75
1423,1429,Equity,NVDA,328,20447.13
1424,1085,Equity,NVDA,332,7625.08
1425,264,ETF,XIC,457,102492.42
1426,627,ETF,XIC,931,216463.87
1427,1148,Bond,UK Gilt 2030,92,105877.91
1428,756,Equity,TSLA,303,105192.7
1429,2044,ETF,EWU,742,165310.31
1430,1832,Equity,NESN,15,1135.38
1431,2264,Equity,GOOGL,770,109768.13
1432,890,Bond,UST 10Y,70,58990.25
1433,459,Equity,JPM,759,51458.9
1434,591,Mutual Fund,Balanced Income Fund,1980,45961.75
1435,423,Mutual Fund,Balanced Income Fund,1269,77776.83
1436,1519,Bond,Euro Gov Bond,299,206103.19
1437,613,Equity,UNH,572,86756.36
1438,692,Equity,V,212,79842.47
1439,593,Mutual Fund,US Bluechip Fund,2175,218852.12
1440,2296,Mutual Fund,Global Growth Fund,2265,227122.17
1441,1970,Bond,Corp Bond B,292,153211.9
1442,1630,Equity,JPM,975,95125.54
1443,1947,Mutual Fund,US Bluechip Fund,1540,155872.15
1444,2280,Mutual Fund,Euro Equity Fund,2464,30555.45
1445,145,Bond,Euro Gov Bond,178,107272.65
1446,988,Equity,MSFT,437,12436.13
1447,1667,Equity,AMZN,323,9976.53
1448,523,Bond,Corp Bond A,187,123490.47
1449,1518,Bond,Corp Bond B,247,34322.5
1450,136,Mutual Fund,Balanced Income Fund,44,3473.86
1451,1366,ETF,VTI,301,37601.99
1452,653,Equity,GOOGL,660,73621.65
1453,1042,Bond,Euro Gov Bond,256,87494.78
1454,847,ETF,VGK,378,143053.59
1455,1752,Mutual Fund,Euro Equity Fund,1120,80121.01
1456,71,Bond,Euro Gov Bond,43,30217.43
1457,1250,Bond,UST 10Y,31,29110.58
1458,900,Bond,Corp Bond A,214,133709.86
1459,1833,Mutual Fund,Global Growth Fund,2482,100377.58
1460,238,ETF,EWU,406,137303.52
1461,1277,Mutual Fund,Euro Equity Fund,1852,143573.29
1462,215,Cash,EUR Cash,1,50105.83
1463,1617,Equity,AAPL,396,20109.6
1464,485,ETF,QQQ,160,28338.63
1465,1154,Bond,UST 10Y,185,207413.87
1466,2031,Equity,MSFT,288,69174.93
1467,517,ETF,EWU,949,362174.01
1468,907,Equity,AMZN,290,14411.36
1469,2327,Mutual Fund,Euro Equity Fund,945,52094.64
1470,700,Equity,TSLA,952,351622.43
1471,1100,ETF,SPY,947,370533.16
1472,823,Mutual Fund,Global Growth Fund,255,17095.31
1473,1313,ETF,EWU,857,369042.28
1474,740,Equity,JPM,507,106020.69
1475,798,ETF,VGK,763,172587.27
1476,1847,Equity,JPM,12,493.55
1477,168,Bond,UST 10Y,189,139387.7
1478,1738,Equity,V,93,31371.29
1479,2194,Equity,UNH,575,186335.85
1480,1482,ETF,QQQ,407,99525.71
1481,397,Equity,GOOGL,707,123498.33
1482,1659,Bond,UST 5Y,38,44773.77
1483,1852,Equity,AMZN,12,447.1
1484,1117,Cash,EUR Cash,1,148924.6
1485,1991,Bond,Corp Bond B,143,59737.54
1486,2482,Equity,UNH,97,18883.36
1487,96,Bond,UK Gilt 2030,52,60866.19
1488,1851,Equity,NESN,68,18109.74
1489,2428,Bond,UK Gilt 2030,133,75119.16
1490,1929,Equity,JPM,507,85759.36
1491,2207,ETF,VGK,183,51057.3
1492,1635,Bond,UST 10Y,247,293656.29
1493,959,Cash,EUR Cash,1,93863.31
1494,1128,Mutual Fund,Global Growth Fund,1362,55636.58
1495,841,Equity,UNH,421,127166.29
1496,774,Equity,AAPL,461,170841.92
1497,2202,Mutual Fund,Euro Equity Fund,580,13060.19
1498,2258,Mutual Fund,US Bluechip Fund,1216,60909.48
1499,2028,Bond,UST 10Y,11,13009.71
1500,1550,Equity,TSLA,702,280979.82
1501,2131,Equity,JPM,831,296203.94
1502,2362,Equity,GOOGL,243,42692.37
1503,707,Bond,UK Gilt 2030,277,166695.53
1504,2439,Equity,GOOGL,285,22176.08
1505,152,Mutual Fund,Euro Equity Fund,1826,180685.03
1506,2001,Equity,TSLA,64,15865.63
1507,1902,Bond,Corp Bond B,163,93151.09
1508,319,ETF,QQQ,131,13627.41
1509,4,ETF,SPY,786,353165.62
1510,1148,ETF,EWU,876,363061.75
1511,2075,Equity,TSLA,841,103072.94
1512,1740,Bond,UST 5Y,132,115394.58
1513,1805,Bond,UST 10Y,258,280961.18
1514,1501,Mutual Fund,Balanced Income Fund,1428,166071.51
1515,1170,Mutual Fund,Global Growth Fund,2449,83555.87
1516,1335,Mutual Fund,Euro Equity Fund,1087,78799.69
1517,150,Mutual Fund,Global Growth Fund,2419,35619.59
1518,725,Bond,UST 5Y,101,48326.97
1519,2203,Mutual Fund,Balanced Income Fund,1179,132649.34
1520,1480,Mutual Fund,Euro Equity Fund,1950,56605.09
1521,922,Bond,UK Gilt 2030,107,48300.84
1522,543,Mutual Fund,Global Growth Fund,987,106274.68
1523,394,Equity,TSLA,347,67612.97
1524,1053,Equity,NVDA,122,44875.64
1525,468,Equity,NESN,989,214658
1526,2337,Equity,AAPL,442,41834.48
1527,24,ETF,SPY,359,94373.95
1528,2498,Mutual Fund,Balanced Income Fund,245,10014.35
1529,1544,Equity,V,985,213642.75
1530,986,Mutual Fund,Global Growth Fund,1151,99337.59
1531,333,Mutual Fund,Euro Equity Fund,1999,59371.3
1532,1597,Cash,CAD Cash,1,41571.52
1533,587,Bond,Euro Gov Bond,105,92526.48
1534,259,Bond,UST 5Y,28,13325.36
1535,675,Equity,NVDA,705,140443.56
1536,1438,Equity,AMZN,991,335733.31
1537,2003,Bond,UK Gilt 2030,278,256936.86
1538,1385,Mutual Fund,Balanced Income Fund,2057,100780.11
1539,1881,Equity,V,993,340332.31
1540,1282,Equity,AMZN,650,37059.1
1541,193,Bond,UST 5Y,196,185740.65
1542,1704,Bond,UST 10Y,48,41874.91
1543,229,ETF,VGK,847,241962.33
1544,1214,ETF,EWU,972,46831.92
1545,1403,Mutual Fund,Balanced Income Fund,1123,90494.14
1546,2237,Equity,TSLA,147,37058.38
1547,1439,Equity,JPM,561,130802.48
1548,642,Mutual Fund,Global Growth Fund,1392,14992.91
1549,937,Mutual Fund,Balanced Income Fund,2308,127260.43
1550,176,Equity,JPM,871,291683.29
1551,1200,Equity,NVDA,983,347744.19
1552,568,Bond,Euro Gov Bond,124,134932.44
1553,2008,Equity,V,891,273251.35
1554,2111,Bond,Euro Gov Bond,162,148553.66
1555,2292,Bond,UK Gilt 2030,276,148262.31
1556,681,Equity,MSFT,395,9238.74
1557,1304,Bond,Corp Bond A,150,19858.66
1558,279,Bond,UST 10Y,218,81540.87
1559,871,Bond,UK Gilt 2030,162,121388.92
1560,1009,Cash,USD Cash,1,5454.37
1561,1092,Equity,V,174,36010.39
1562,1157,Equity,TSLA,100,23991.6
1563,759,Bond,UST 5Y,253,276921.82
1564,1708,Equity,AMZN,462,145168.96
1565,1161,Bond,UST 10Y,298,241841
1566,1941,Bond,UST 10Y,57,53377.96
1567,1638,ETF,QQQ,495,160949.29
1568,835,ETF,VTI,308,7612.06
1569,919,Equity,AMZN,567,126759.28
1570,1731,Bond,Corp Bond B,140,136495.23
1571,157,ETF,VTI,918,153118.12
1572,42,ETF,XIC,945,156500.86
1573,1338,Equity,UNH,249,94416.29
1574,1389,Equity,AAPL,871,175249.63
1575,186,Equity,V,619,257448.71
1576,2316,Bond,Euro Gov Bond,242,143318.76
1577,1450,ETF,XIC,807,146458.62
1578,1028,Equity,TSLA,678,30589.27
1579,660,ETF,QQQ,209,54596.41
1580,1459,Mutual Fund,Global Growth Fund,1243,147605.28
1581,2293,ETF,EWU,729,195710.77
1582,1165,Equity,NVDA,63,21896.43
1583,1331,Cash,CAD Cash,1,93624.43
1584,159,Mutual Fund,US Bluechip Fund,2116,39011.63
1585,2105,Equity,TSLA,486,81483.97
1586,1567,Mutual Fund,US Bluechip Fund,2420,65393.08
1587,1727,Equity,GOOGL,695,190824.1
1588,424,Mutual Fund,Balanced Income Fund,571,11269.77
1589,1398,Bond,Euro Gov Bond,32,33051.53
1590,1620,Mutual Fund,Euro Equity Fund,876,64436.66
1591,1246,Mutual Fund,Global Growth Fund,553,23190.06
1592,2101,Equity,GOOGL,963,332880.86
1593,1632,Bond,UST 10Y,33,22025.65
1594,501,Cash,USD Cash,1,58878.09
1595,1213,Equity,NVDA,854,341570.15
1596,372,Equity,UNH,187,11068.63
1597,229,Bond,UST 5Y,180,133748.31
1598,1203,Mutual Fund,Global Growth Fund,2366,216317.43
1599,1591,ETF,EWU,765,125647.86
1600,1126,Bond,UK Gilt 2030,255,182955.88
1601,1170,Equity,GOOGL,885,312475.11
1602,1185,Equity,AMZN,595,100751.43
1603,1137,Mutual Fund,Global Growth Fund,1520,54815.63
1604,358,Equity,V,803,162022.69
1605,2020,Mutual Fund,US Bluechip Fund,106,4784.49
1606,601,Equity,NVDA,507,169702.58
1607,1787,Bond,UST 5Y,119,19352.93
1608,2142,Mutual Fund,Global Growth Fund,410,25602.07
1609,2124,Equity,NVDA,695,112867.76
1610,1254,Bond,Corp Bond B,114,119385.72
1611,1792,ETF,XIC,194,65384.43
1612,746,ETF,XIC,879,355317.54
1613,2090,ETF,XIC,107,12759.49
1614,547,Equity,NVDA,707,249175.97
1615,634,Equity,MSFT,137,7312.04
1616,383,Mutual Fund,Global Growth Fund,1866,162272.01
1617,498,Bond,Corp Bond A,117,50743.75
1618,882,Equity,UNH,21,9106.06
1619,57,Bond,UST 5Y,89,42964.12
1620,911,ETF,VTI,461,49169.3
1621,490,Bond,UST 5Y,174,159933.6
1622,2289,Cash,GBP Cash,1,17918.78
1623,2466,Bond,Corp Bond B,111,57612.82
1624,2498,Equity,JPM,715,266384.08
1625,2312,Equity,TSLA,548,203974.56
1626,1241,ETF,XIC,786,323037.05
1627,503,Equity,NVDA,599,99489.82
1628,1664,Mutual Fund,Balanced Income Fund,1906,211753.81
1629,2493,Equity,AMZN,282,84306.08
1630,1956,Bond,Euro Gov Bond,145,52549.73
1631,1802,Equity,AMZN,932,191559.18
1632,1651,ETF,QQQ,960,193417.5
1633,554,ETF,VGK,407,141325.72
1634,1356,Bond,Corp Bond A,278,142902.42
1635,316,Equity,JPM,175,8676.05
1636,2008,Equity,AAPL,763,128041.96
1637,484,ETF,EWU,324,80151.49
1638,963,Bond,Corp Bond A,114,130295.64
1639,2157,ETF,VTI,337,29390.49
1640,413,Cash,EUR Cash,1,66658.46
1641,526,Equity,MSFT,696,125432.94
1642,2434,ETF,QQQ,132,22223.48
1643,789,Bond,UST 5Y,172,21611.61
1644,2030,Bond,UST 10Y,12,1933.14
1645,2462,Equity,V,552,113359.82
1646,1838,Bond,UST 5Y,229,70559.88
1647,1396,Bond,Corp Bond B,153,78207.6
1648,970,Equity,AMZN,314,130079.5
1649,439,Bond,UST 10Y,76,43084.67
1650,2181,Mutual Fund,US Bluechip Fund,360,31075.92
1651,118,ETF,VGK,808,290152.1
1652,1788,ETF,QQQ,904,388855.55
1653,591,Equity,GOOGL,65,6826.07
1654,1347,Mutual Fund,Global Growth Fund,405,18588.74
1655,108,ETF,EWU,966,298060.01
1656,855,Equity,AAPL,488,70127.55
1657,1043,Bond,Corp Bond A,275,106775.16
1658,2413,Equity,TSLA,949,24019.45
1659,619,Bond,UK Gilt 2030,204,189913.2
1660,615,Mutual Fund,Euro Equity Fund,176,2183.57
1661,1898,Bond,UST 10Y,131,44744.35
1662,1207,Equity,AMZN,981,151143.75
1663,632,ETF,XIC,882,130793.6
1664,439,ETF,SPY,194,46687.81
1665,2146,Mutual Fund,Global Growth Fund,2338,206798.67
1666,1871,Bond,UST 10Y,134,47493.33
1667,1839,Equity,TSLA,69,13237.55
1668,2080,ETF,QQQ,334,42078.83
1669,1412,Equity,AMZN,43,18630.24
1670,1456,Equity,NESN,840,262063.75
1671,518,ETF,XIC,868,320672
1672,583,Equity,NESN,861,98602.73
1673,1202,Equity,GOOGL,375,161398.02
1674,128,Equity,UNH,502,193844.12
1675,2397,Bond,UST 10Y,52,31101.69
1676,339,Equity,UNH,822,263754.28
1677,2464,ETF,XIC,278,6677.12
1678,590,Bond,UST 5Y,246,124455.6
1679,2491,Equity,NESN,433,50871.58
1680,175,Mutual Fund,US Bluechip Fund,1459,28580.57
1681,2053,ETF,XIC,236,78668.27
1682,241,Equity,UNH,407,61813.41
1683,929,Cash,GBP Cash,1,89353.18
1684,626,Mutual Fund,US Bluechip Fund,376,4499.75
1685,316,ETF,VGK,239,25773.68
1686,1773,Equity,TSLA,677,31671.02
1687,1651,Equity,AAPL,864,116718.83
1688,670,ETF,SPY,326,116995.61
1689,920,Equity,NVDA,745,273814.85
1690,593,Equity,UNH,364,32995.23
1691,141,Mutual Fund,Global Growth Fund,795,78537.71
1692,1081,Bond,Corp Bond B,32,27353.73
1693,239,ETF,VGK,962,155267.54
1694,1083,ETF,SPY,424,13022.72
1695,1974,Equity,UNH,304,45309.71
1696,2076,ETF,EWU,622,138236.88
1697,1621,Equity,GOOGL,795,194916.26
1698,35,Equity,GOOGL,796,50123.97
1699,1085,Mutual Fund,Balanced Income Fund,2325,258021.42
1700,2213,Cash,USD Cash,1,137355.21
1701,2124,Bond,UST 5Y,143,132745.28
1702,1756,Equity,UNH,965,30681.84
1703,76,ETF,SPY,832,320128.23
1704,1232,Cash,USD Cash,1,31138.36
1705,1331,Equity,JPM,110,31836.97
1706,1069,Mutual Fund,US Bluechip Fund,1383,131905.98
1707,2018,Equity,NESN,853,263627
1708,1587,Mutual Fund,Global Growth Fund,1099,87201.22
1709,1467,Equity,V,886,141185.31
1710,619,Equity,AAPL,23,3776.71
1711,1814,Bond,Corp Bond A,170,159046.21
1712,169,Bond,Corp Bond A,232,57883.88
1713,212,Equity,AAPL,300,53898.49
1714,702,Mutual Fund,Balanced Income Fund,321,17739.9
1715,299,Equity,UNH,387,28013.76
1716,2320,Equity,MSFT,771,254383.85
1717,442,Bond,UST 10Y,210,123789.74
1718,2263,Bond,Corp Bond A,151,129919.07
1719,2338,Equity,NESN,828,368681.39
1720,649,Mutual Fund,US Bluechip Fund,1112,129926.25
1721,854,Equity,TSLA,443,159520.45
1722,184,ETF,QQQ,194,75588.66
1723,816,Mutual Fund,Balanced Income Fund,520,18923.66
1724,1070,Equity,MSFT,846,370534.97
1725,99,ETF,QQQ,769,138011.84
1726,972,Equity,V,725,240304.26
1727,2035,Bond,UST 10Y,150,47833.67
1728,2470,Mutual Fund,Euro Equity Fund,2168,194749.67
1729,2226,ETF,EWU,553,128237.37
1730,1233,Mutual Fund,US Bluechip Fund,573,28006.47
1731,1399,Bond,UST 10Y,171,107443.41
1732,111,Mutual Fund,US Bluechip Fund,1886,38149.3
1733,761,Bond,Corp Bond B,229,116782.89
1734,2212,ETF,SPY,775,309321.2
1735,1033,ETF,SPY,750,79065.12
1736,164,Mutual Fund,Global Growth Fund,377,11335.52
1737,1106,Equity,JPM,73,16200.77
1738,1600,Mutual Fund,US Bluechip Fund,2113,192867.28
1739,152,Equity,NESN,586,193528.72
1740,1016,Mutual Fund,Balanced Income Fund,116,2568.91
1741,366,Equity,AMZN,301,116838.89
1742,267,Equity,V,215,81861.36
1743,1954,Mutual Fund,Balanced Income Fund,1098,21247.89
1744,2253,Bond,Corp Bond B,77,32912.58
1745,2128,ETF,EWU,529,137125.14
1746,1302,Cash,GBP Cash,1,125777.34
1747,1383,Mutual Fund,Balanced Income Fund,1427,133093.92
1748,1438,Equity,V,948,176616.9
1749,262,Equity,V,470,66196.22
1750,1653,Mutual Fund,Euro Equity Fund,466,39305.83
1751,2274,ETF,QQQ,717,189003.96
1752,254,Equity,AAPL,74,29025.46
1753,1727,Equity,AMZN,100,10128.98
1754,850,Mutual Fund,US Bluechip Fund,699,48335.54
1755,1515,ETF,XIC,10,988.89
1756,1379,Mutual Fund,Global Growth Fund,2188,145332.92
1757,1251,ETF,QQQ,588,64092.13
1758,180,Mutual Fund,Balanced Income Fund,366,3336.39
1759,10,ETF,VTI,570,195522.56
1760,976,Cash,USD Cash,1,67940.92
1761,2236,Bond,UK Gilt 2030,164,185589.18
1762,2267,Bond,UST 10Y,290,151283.82
1763,1630,ETF,VGK,619,97777.09
1764,598,ETF,EWU,239,48969.66
1765,2229,ETF,EWU,626,78188.76
1766,232,Equity,V,538,30038.31
1767,1557,Equity,JPM,496,174123.14
1768,1430,Bond,Euro Gov Bond,278,216224.15
1769,1101,Cash,GBP Cash,1,54139.22
1770,409,ETF,VGK,195,6276.67
1771,2490,Equity,GOOGL,990,168509.46
1772,958,Mutual Fund,Global Growth Fund,43,3495.91
1773,203,Bond,UST 5Y,179,118284.83
1774,213,Equity,TSLA,436,14414.93
1775,1760,ETF,SPY,222,71585.55
1776,791,Equity,MSFT,524,66792.93
1777,1036,Equity,UNH,502,117057.79
1778,2460,Equity,GOOGL,584,52731.9
1779,2476,Mutual Fund,Balanced Income Fund,1372,132786.05
1780,448,Mutual Fund,Balanced Income Fund,2172,144601.57
1781,1420,Cash,EUR Cash,1,74845.77
1782,1149,Mutual Fund,Global Growth Fund,2002,49853.38
1783,242,Mutual Fund,Euro Equity Fund,1181,53166.34
1784,421,Equity,AAPL,283,64350.57
1785,1844,Mutual Fund,Global Growth Fund,60,2960.84
1786,247,Bond,UST 5Y,139,95254.01
1787,1530,Equity,AAPL,703,129371.85
1788,1758,Mutual Fund,US Bluechip Fund,590,40247.61
1789,2167,Equity,AAPL,943,99713.33
1790,2195,Bond,Corp Bond B,271,68327.69
1791,1251,Bond,Corp Bond B,43,24629.01
1792,1530,Cash,CAD Cash,1,124775.8
1793,291,Equity,NESN,821,189151.85
1794,2485,Equity,AMZN,995,109643.69
1795,1380,Mutual Fund,Euro Equity Fund,425,15114.58
1796,1969,Equity,TSLA,684,272541.12
1797,249,Mutual Fund,Euro Equity Fund,385,45038.08
1798,247,Bond,UST 10Y,96,93994.3
1799,801,Bond,UK Gilt 2030,129,129799.33
1800,2389,Bond,UK Gilt 2030,292,240104.23
1801,1452,Mutual Fund,Balanced Income Fund,2388,139689.92
1802,1522,Mutual Fund,Global Growth Fund,1883,158876.32
1803,639,Mutual Fund,Balanced Income Fund,908,13165.08
1804,1032,Mutual Fund,Euro Equity Fund,1441,147024.68
1805,1107,Equity,NVDA,341,63100.36
1806,768,Equity,NVDA,309,104531.39
1807,564,Equity,JPM,462,179282.23
1808,2134,ETF,VGK,378,118011.93
1809,2062,Mutual Fund,Euro Equity Fund,676,22719.75
1810,2336,Mutual Fund,Global Growth Fund,254,12506.5
1811,620,Equity,JPM,972,342800.16
1812,71,ETF,XIC,814,77120.45
1813,218,ETF,SPY,940,230909.39
1814,900,Equity,MSFT,364,154566.47
1815,121,Equity,V,892,282843.29
1816,1764,Mutual Fund,Global Growth Fund,1295,114080.78
1817,2223,ETF,VGK,114,5027.4
1818,1376,Mutual Fund,Euro Equity Fund,1783,96912.78
1819,2116,Equity,MSFT,60,20112.47
1820,696,Mutual Fund,Balanced Income Fund,2039,239619.45
1821,1581,Bond,Corp Bond A,76,9007.85
1822,983,Equity,GOOGL,93,13060.88
1823,818,Equity,NVDA,224,16296.01
1824,2227,Equity,AAPL,790,330124.91
1825,2121,Equity,V,784,235565.55
1826,143,Mutual Fund,US Bluechip Fund,2160,67501.89
1827,1207,Mutual Fund,Global Growth Fund,1118,26514.18
1828,2195,Bond,Corp Bond B,75,79327.22
1829,276,Mutual Fund,Global Growth Fund,2389,222423.92
1830,1485,Mutual Fund,Balanced Income Fund,462,38883.33
1831,1041,Mutual Fund,Balanced Income Fund,1444,78613.61
1832,1452,Cash,USD Cash,1,90523.78
1833,211,ETF,XIC,620,36688.35
1834,420,ETF,EWU,843,235227.96
1835,87,Equity,UNH,840,245760.66
1836,1,Bond,Euro Gov Bond,120,143728.38
1837,679,Bond,Euro Gov Bond,245,93641.72
1838,1288,ETF,EWU,583,76702.34
1839,798,Equity,TSLA,855,138195.14
1840,2197,Equity,NESN,275,40427.09
1841,1861,Equity,MSFT,89,32660.14
1842,2214,Bond,Corp Bond B,151,130474.44
1843,2493,Cash,GBP Cash,1,149146.78
1844,105,Equity,V,315,47732.86
1845,158,ETF,SPY,674,23747.45
1846,1002,Equity,MSFT,947,226186.2
1847,15,Equity,NVDA,507,138011.23
1848,632,Bond,UK Gilt 2030,283,187151.97
1849,778,ETF,SPY,41,8887.78
1850,2034,ETF,QQQ,860,132505.79
1851,2037,Equity,JPM,515,132952.77
1852,2006,Equity,UNH,905,131378.74
1853,1598,Equity,GOOGL,501,187057.83
1854,522,Equity,MSFT,747,310342.34
1855,1762,Equity,NVDA,957,73789.92
1856,578,Mutual Fund,Global Growth Fund,2085,157666.36
1857,660,ETF,XIC,208,11634.68
1858,2409,Equity,V,397,68616
1859,80,Equity,UNH,573,182906.27
1860,1493,Cash,EUR Cash,1,74429.87
1861,1764,Equity,TSLA,954,343243.6
1862,1951,Mutual Fund,Balanced Income Fund,273,22044.11
1863,1114,Equity,UNH,740,57080.78
1864,238,Equity,MSFT,574,137314.2
1865,1993,ETF,EWU,179,74508.86
1866,1915,ETF,SPY,697,16479.26
1867,2338,ETF,QQQ,741,51338.87
1868,2082,Equity,JPM,185,27306.31
1869,1294,Equity,NESN,631,182459.93
1870,1580,Mutual Fund,US Bluechip Fund,1198,11400.19
1871,2396,Equity,JPM,628,250043.01
1872,252,Equity,AAPL,313,33880.9
1873,1070,Mutual Fund,US Bluechip Fund,308,24717.95
1874,2009,Bond,Corp Bond B,76,82419.93
1875,1977,Equity,MSFT,909,72910.95
1876,228,Mutual Fund,US Bluechip Fund,1531,20682.15
1877,240,Equity,AAPL,953,229475.13
1878,1458,ETF,VGK,393,75067.68
1879,1268,Equity,NVDA,320,40306.33
1880,1579,Bond,Corp Bond B,268,99777.85
1881,1852,Equity,NESN,488,36504.08
1882,2491,ETF,QQQ,88,15749.21
1883,2139,ETF,VGK,349,60812.07
1884,292,Mutual Fund,Balanced Income Fund,2334,255607.49
1885,1853,Bond,Corp Bond B,136,131268.51
1886,1675,Equity,UNH,338,101709.93
1887,283,Equity,JPM,457,173460.37
1888,1,Equity,AAPL,868,203848.13
1889,464,Equity,TSLA,169,40822.28
1890,2243,ETF,VTI,410,150315.97
1891,2312,Equity,JPM,984,402682.86
1892,175,Equity,NVDA,971,291476.87
1893,1405,Equity,UNH,931,173174.24
1894,2144,Equity,GOOGL,762,166181.18
1895,1065,Equity,V,592,119074.69
1896,1239,Bond,UST 10Y,213,48752.76
1897,1330,Equity,AAPL,311,34480.12
1898,2314,Bond,UST 10Y,251,204500.59
1899,2196,Equity,GOOGL,508,126470.8
1900,1334,Equity,TSLA,661,269821.02
1901,1116,Equity,UNH,667,217479.78
1902,2110,Equity,TSLA,841,23417.17
1903,315,Bond,Corp Bond A,127,27032
1904,1897,Equity,AMZN,862,200590.39
1905,993,Bond,Corp Bond A,194,158250.04
1906,1392,ETF,QQQ,92,19811.99
1907,1590,Bond,Euro Gov Bond,121,96072.2
1908,372,Mutual Fund,Global Growth Fund,2339,217498.63
1909,2493,Equity,JPM,596,207782.34
1910,284,Mutual Fund,US Bluechip Fund,2091,147476.65
1911,1786,Mutual Fund,US Bluechip Fund,486,50648.24
1912,648,Equity,JPM,370,144096.33
1913,2118,Bond,UK Gilt 2030,273,272727.28
1914,168,Equity,UNH,510,163248.05
1915,2355,Equity,MSFT,267,92270.81
1916,2451,Mutual Fund,Global Growth Fund,2218,174649.53
1917,172,Equity,NVDA,908,28325.51
1918,566,Mutual Fund,US Bluechip Fund,589,8240.1
1919,1548,Mutual Fund,US Bluechip Fund,760,36296.94
1920,2436,ETF,SPY,80,13122.06
1921,1228,Mutual Fund,Euro Equity Fund,1657,139806.05
1922,1240,Equity,NVDA,340,108684.27
1923,1239,ETF,XIC,335,10528.6
1924,1213,ETF,VGK,304,131566.21
1925,2462,Equity,NVDA,272,21465.13
1926,1115,ETF,VTI,983,289202.08
1927,1661,ETF,EWU,891,303250.29
1928,407,Equity,V,870,201190.4
1929,279,ETF,SPY,798,33912.87
1930,1291,Cash,CAD Cash,1,140461.01
1931,762,Mutual Fund,Global Growth Fund,593,70616.71
1932,1181,Bond,UST 5Y,9,5933.36
1933,2310,ETF,XIC,793,75709.17
1934,1670,Mutual Fund,Global Growth Fund,764,66658.41
1935,1644,Bond,Euro Gov Bond,57,42691.69
1936,480,Equity,NVDA,96,15443.36
1937,1426,Equity,MSFT,983,315648.08
1938,712,Equity,TSLA,33,11678.75
1939,1120,Bond,Corp Bond B,154,147900.98
1940,481,Equity,NESN,755,155035.51
1941,8,ETF,VGK,278,22480.7
1942,1866,Mutual Fund,Euro Equity Fund,632,23102.26
1943,499,ETF,EWU,112,21811.14
1944,1690,Bond,Corp Bond B,273,283197.45
1945,81,Bond,UK Gilt 2030,217,236952.38
1946,2141,Mutual Fund,Euro Equity Fund,748,71120.03
1947,2195,Bond,Corp Bond A,186,172817.85
1948,1052,Bond,Euro Gov Bond,40,42781.84
1949,1203,Cash,CAD Cash,1,38695.33
1950,1275,ETF,VGK,149,54818.85
1951,414,Bond,Euro Gov Bond,51,57169.65
1952,829,Equity,NESN,926,352199.98
1953,2353,Mutual Fund,Balanced Income Fund,502,42889.78
1954,676,Bond,UST 10Y,206,70694
1955,2108,Equity,TSLA,590,23900.72
1956,196,Equity,AMZN,739,163855.15
1957,396,Bond,Corp Bond A,295,127046.22
1958,1296,Mutual Fund,Global Growth Fund,253,6226.64
1959,1047,Equity,GOOGL,816,170306.49
1960,200,ETF,VTI,997,323967.44
1961,2276,ETF,VGK,837,266837.24
1962,1280,Cash,USD Cash,1,82935.91
1963,156,Bond,Corp Bond B,148,44667.02
1964,1573,Equity,V,245,38816.59
1965,442,Bond,Corp Bond A,294,155792.86
1966,530,ETF,VGK,528,67992.39
1967,2272,Equity,NVDA,207,58099.25
1968,1244,Cash,CAD Cash,1,113588.88
1969,2076,ETF,SPY,711,319284.85
1970,504,ETF,VTI,845,250493.07
1971,1029,Bond,UST 5Y,115,56180.08
1972,1855,Mutual Fund,Euro Equity Fund,2334,155211.54
1973,264,Bond,UST 10Y,60,16326.39
1974,118,ETF,XIC,409,70828.29
1975,1898,Equity,AAPL,333,134946.21
1976,597,Equity,V,840,148834.97
1977,834,Bond,UST 5Y,255,219055.42
1978,192,ETF,XIC,931,138467.49
1979,1632,ETF,SPY,847,311113.23
1980,1051,ETF,VGK,151,20893.78
1981,892,Equity,V,650,81285.01
1982,1913,Mutual Fund,Balanced Income Fund,1794,131239.7
1983,780,Bond,UST 10Y,57,47760.15
1984,449,Equity,NESN,163,26775.36
1985,370,Equity,UNH,741,294866.34
1986,296,Mutual Fund,Euro Equity Fund,801,91038.01
1987,217,Mutual Fund,Euro Equity Fund,2060,93035.03
1988,966,Bond,Corp Bond B,215,74819.15
1989,2311,Equity,GOOGL,427,67879.58
1990,680,Mutual Fund,Global Growth Fund,1907,208650.92
1991,1887,Bond,UST 10Y,141,102147.88
1992,2038,ETF,VGK,396,88826.14
1993,1339,ETF,VGK,570,229160.76
1994,1448,Bond,UST 5Y,219,82827.77
1995,507,Bond,UST 5Y,131,11244.81
1996,1419,Equity,NVDA,726,33248.94
1997,1899,Mutual Fund,Euro Equity Fund,1728,106399.83
1998,451,Mutual Fund,Global Growth Fund,2488,263494.12
1999,476,ETF,VGK,34,6745.62
2000,1464,ETF,VGK,834,167145.73
2001,1920,Mutual Fund,Balanced Income Fund,515,8327.62
2002,1231,Bond,Euro Gov Bond,86,65581.02
2003,1668,Mutual Fund,Euro Equity Fund,570,6099.13
2004,1357,ETF,VTI,742,55603.49
2005,177,Equity,NESN,749,22178.79
2006,1456,Equity,NVDA,515,183257.95
2007,15,Equity,AMZN,109,24897.09
2008,2368,Equity,NESN,216,6176.37
2009,418,ETF,QQQ,555,184303.9
2010,2081,Equity,AAPL,278,119090.63
2011,574,ETF,EWU,30,1346.05
2012,860,Bond,UK Gilt 2030,45,20153.22
2013,1239,Bond,Corp Bond B,204,68318.98
2014,1981,ETF,QQQ,200,72690.9
2015,2058,Equity,AAPL,639,24434
2016,1200,Equity,GOOGL,186,58664.43
2017,2040,Mutual Fund,Balanced Income Fund,1238,26780.98
2018,1486,Cash,EUR Cash,1,135232.93
2019,1488,Equity,V,609,19232.11
2020,1894,Mutual Fund,Euro Equity Fund,394,20582.88
2021,1445,Equity,GOOGL,861,265507.86
2022,1471,Equity,UNH,593,218608.3
2023,2393,Cash,GBP Cash,1,105464.73
2024,955,Bond,UST 5Y,103,121287.38
2025,514,Mutual Fund,Global Growth Fund,2181,142426.06
2026,919,ETF,QQQ,856,278931.61
2027,1222,Equity,JPM,767,240773.5
2028,666,Equity,MSFT,472,159656.65
2029,2291,Equity,NESN,203,12503.93
2030,465,Equity,GOOGL,542,77590.24
2031,1502,Mutual Fund,Euro Equity Fund,62,4450.56
2032,831,Equity,UNH,478,122553.12
2033,651,Cash,GBP Cash,1,110970.21
2034,671,Equity,GOOGL,454,105995.74
2035,1850,Equity,GOOGL,532,94634.74
2036,1848,Mutual Fund,US Bluechip Fund,1472,120277.19
2037,1504,Equity,NESN,206,70251.02
2038,2126,Equity,AMZN,1000,416948.6
2039,754,ETF,QQQ,75,25476.4
2040,1370,Mutual Fund,Global Growth Fund,2210,174254.06
2041,317,Bond,UST 10Y,28,29772.63
2042,110,Bond,UST 5Y,16,8196.71
2043,32,Equity,AMZN,739,261079.92
2044,2417,ETF,VTI,686,56580
2045,327,Bond,Corp Bond B,145,13918.46
2046,1338,Mutual Fund,Global Growth Fund,2060,63779.47
2047,2211,Bond,Euro Gov Bond,136,137406.97
2048,83,ETF,VGK,481,194760.06
2049,586,Bond,UK Gilt 2030,50,23287
2050,1258,Bond,Corp Bond A,56,66264.83
2051,1622,Bond,Euro Gov Bond,62,12516.14
2052,1658,Bond,Corp Bond B,285,286417.98
2053,827,ETF,SPY,299,43744.32
2054,589,Equity,V,883,51305.81
2055,147,Mutual Fund,US Bluechip Fund,1227,35167.77
2056,1326,ETF,QQQ,980,30616.2
2057,417,Mutual Fund,Euro Equity Fund,342,5696.17
2058,689,Bond,Corp Bond A,191,175103.33
2059,2407,ETF,SPY,315,31788.53
2060,1065,Bond,UST 10Y,133,73514.09
2061,1062,Bond,UST 10Y,208,54157.22
2062,299,Bond,UST 10Y,244,20800.49
2063,2,Equity,GOOGL,94,41337.82
2064,1277,ETF,VTI,736,75974.31
2065,1606,Cash,GBP Cash,1,88735.41
2066,1891,Bond,Corp Bond B,57,28483.61
2067,1673,Bond,Euro Gov Bond,235,120601.57
2068,1316,Equity,TSLA,732,160980.25
2069,2224,ETF,QQQ,91,34968.74
2070,405,Equity,MSFT,957,177274.55
2071,1037,Bond,UST 10Y,221,120509.93
2072,516,Equity,JPM,251,93158.07
2073,2317,Mutual Fund,Euro Equity Fund,639,5896.34
2074,367,Mutual Fund,Balanced Income Fund,625,49909.29
2075,2200,Bond,Corp Bond B,212,201091.58
2076,1041,Equity,TSLA,832,45992.74
2077,764,Mutual Fund,Global Growth Fund,557,30785.11
2078,313,Equity,UNH,286,88020.73
2079,1513,Bond,UST 10Y,185,200467.36
2080,1929,Equity,V,939,304107.49
2081,233,Equity,NESN,258,82548.42
2082,695,Bond,Corp Bond B,205,124967.46
2083,2187,ETF,SPY,540,78342.37
2084,2477,Bond,UK Gilt 2030,109,35996.95
2085,2429,Equity,JPM,352,37233.96
2086,180,ETF,VTI,266,105895.95
2087,390,Equity,GOOGL,275,68544.36
2088,691,Cash,EUR Cash,1,126708.01
2089,2299,Equity,TSLA,61,20370.33
2090,2035,Mutual Fund,Euro Equity Fund,710,33631.58
2091,330,Mutual Fund,Euro Equity Fund,1037,20710.26
2092,851,Equity,NESN,495,198430.75
2093,2085,Equity,UNH,777,348205.28
2094,1645,ETF,VTI,406,86646.37
2095,1352,Bond,UK Gilt 2030,201,74594.12
2096,1701,Cash,CAD Cash,1,23845.3
2097,1242,Equity,AAPL,835,50613.84
2098,1355,Mutual Fund,US Bluechip Fund,37,2762.63
2099,789,Bond,UST 5Y,225,97199.85
2100,813,Mutual Fund,Balanced Income Fund,2218,115594.94
2101,2305,Equity,TSLA,843,157747.23
2102,1904,Cash,EUR Cash,1,77837.13
2103,1294,ETF,VTI,31,4013.55
2104,2088,Equity,NVDA,961,65484.13
2105,693,Equity,GOOGL,891,286981.32
2106,2050,Bond,UK Gilt 2030,60,42801.71
2107,563,ETF,QQQ,842,109951.7
2108,1667,ETF,SPY,595,204469.72
2109,1586,Equity,V,155,30781.75
2110,1881,Bond,Euro Gov Bond,114,72514.48
2111,633,ETF,SPY,140,38775.56
2112,1710,Mutual Fund,US Bluechip Fund,521,13717.03
2113,568,Bond,Corp Bond B,285,328320.51
2114,246,Equity,GOOGL,104,7089.5
2115,2414,Equity,JPM,264,43180.85
2116,267,Mutual Fund,Balanced Income Fund,1120,32694.4
2117,2243,ETF,VGK,629,29452.28
2118,983,Equity,MSFT,417,44817.71
2119,1327,Equity,V,545,209940.04
2120,2370,Mutual Fund,Euro Equity Fund,1578,42884.96
2121,2174,ETF,XIC,21,946.94
2122,1065,Equity,TSLA,717,319337.21
2123,619,Cash,CAD Cash,1,93384.12
2124,578,Bond,UST 10Y,208,207464.68
2125,1667,ETF,QQQ,921,292677.67
2126,1993,Cash,GBP Cash,1,89294.57
2127,2118,Equity,AMZN,166,48690.01
2128,1219,Equity,AMZN,330,70276.29
2129,2316,Cash,EUR Cash,1,125915.56
2130,2168,Bond,Corp Bond A,100,11690.51
2131,1780,Equity,TSLA,640,171722.92
2132,957,Mutual Fund,Balanced Income Fund,1207,134605.57
2133,1347,ETF,VTI,511,74846.18
2134,1364,Equity,NESN,202,46440.62
2135,1905,Equity,UNH,888,271119.85
2136,2042,Cash,USD Cash,1,124142.83
2137,739,Mutual Fund,Global Growth Fund,2440,249863.95
2138,414,Equity,NVDA,461,153480.67
2139,1505,Equity,NVDA,653,228027.98
2140,738,Bond,Corp Bond B,184,214607.97
2141,388,ETF,SPY,874,351286.7
2142,1498,ETF,VGK,509,216702.64
2143,1866,Bond,Corp Bond B,269,32355.46
2144,351,Mutual Fund,Balanced Income Fund,859,56652.08
2145,316,Bond,UST 5Y,139,159978.6
2146,1011,Equity,V,875,74055.42
2147,1009,Equity,NESN,405,79244.69
2148,776,ETF,XIC,244,86515.67
2149,1826,ETF,QQQ,216,96410.99
2150,514,ETF,QQQ,304,80636.32
2151,2453,Equity,TSLA,594,254526.79
2152,512,Equity,NESN,834,147297.64
2153,1472,Mutual Fund,Euro Equity Fund,707,64716.4
2154,1561,Equity,GOOGL,604,230364.19
2155,380,Equity,AMZN,452,68436.69
2156,1091,Equity,UNH,894,181100.43
2157,1909,Equity,GOOGL,532,138804.35
2158,1510,Equity,JPM,562,100941.12
2159,367,Bond,Euro Gov Bond,197,118532.55
2160,382,Cash,EUR Cash,1,124619.69
2161,278,Equity,GOOGL,598,260827.94
2162,693,Mutual Fund,US Bluechip Fund,2454,166019.24
2163,385,Equity,UNH,45,16535.02
2164,380,Bond,Corp Bond A,265,83362.66
2165,295,ETF,VGK,190,63432.48
2166,424,Equity,MSFT,442,160258.53
2167,355,Mutual Fund,Global Growth Fund,961,47973.57
2168,113,ETF,EWU,903,394669.63
2169,2439,Bond,Corp Bond B,75,70108.97
2170,2326,ETF,VTI,925,94986.23
2171,262,ETF,XIC,715,119824.71
2172,1619,Equity,AAPL,652,30668.01
2173,47,Equity,AMZN,107,36086.82
2174,1461,Bond,Euro Gov Bond,269,69500.15
2175,587,Equity,MSFT,997,279085.65
2176,1913,Equity,JPM,115,41516.35
2177,515,Mutual Fund,Euro Equity Fund,1630,182360.25
2178,1833,Equity,UNH,584,23362.49
2179,230,Cash,CAD Cash,1,84261.2
2180,413,Equity,AAPL,948,211105.89
2181,119,Equity,V,274,51379.85
2182,1690,Equity,GOOGL,744,261240.5
2183,829,ETF,QQQ,992,69855.4
2184,1258,Mutual Fund,Balanced Income Fund,759,90623
2185,2305,Mutual Fund,Balanced Income Fund,1682,83135.09
2186,191,Cash,GBP Cash,1,45043.22
2187,1891,Mutual Fund,Euro Equity Fund,308,2785.64
2188,553,Mutual Fund,Balanced Income Fund,1808,49455.69
2189,867,Mutual Fund,Global Growth Fund,297,16550.92
2190,226,ETF,XIC,763,149154.4
2191,600,Cash,EUR Cash,1,40673.78
2192,2153,Bond,UST 10Y,59,56730.89
2193,1402,Bond,Corp Bond B,232,137349.85
2194,1150,Equity,V,127,19967.65
2195,587,Equity,MSFT,280,103079.09
2196,571,Equity,TSLA,837,87701.35
2197,619,Equity,V,539,86200.31
2198,850,Equity,UNH,593,181291.71
2199,2280,Equity,MSFT,708,289286.05
2200,1884,Mutual Fund,US Bluechip Fund,1058,65255.94
2201,1041,ETF,SPY,971,269712.04
2202,477,Mutual Fund,Euro Equity Fund,160,5204.4
2203,2046,ETF,QQQ,332,54333.95
2204,380,ETF,EWU,279,40574.7
2205,1187,ETF,VGK,970,332012.37
2206,868,Equity,MSFT,232,61498.24
2207,683,ETF,XIC,855,222377.11
2208,2137,Equity,AMZN,180,48910.6
2209,1252,ETF,SPY,725,151114.08
2210,901,Bond,UST 5Y,143,68045.62
2211,722,Mutual Fund,Balanced Income Fund,2102,166016.02
2212,823,Mutual Fund,US Bluechip Fund,602,31184.47
2213,2293,ETF,SPY,29,11768.93
2214,1825,Equity,GOOGL,101,36476.16
2215,1739,Equity,NVDA,914,125455.52
2216,2056,Equity,JPM,881,185529.9
2217,1654,Equity,NESN,237,53107.55
2218,569,Mutual Fund,Balanced Income Fund,2240,225461.48
2219,1492,ETF,SPY,178,60448.17
2220,1165,Mutual Fund,Global Growth Fund,284,32018.07
2221,2471,Equity,GOOGL,283,39152
2222,1350,ETF,VTI,984,412107
2223,2105,Equity,UNH,900,327372.99
2224,235,Cash,GBP Cash,1,57824.62
2225,724,ETF,EWU,19,8397.13
2226,1823,Bond,UST 10Y,147,68193.28
2227,1237,Equity,NVDA,599,74263.78
2228,1711,ETF,XIC,648,284466.08
2229,322,Bond,UST 5Y,77,57544.04
2230,182,Mutual Fund,US Bluechip Fund,2138,232344.12
2231,612,ETF,QQQ,618,69572.09
2232,1324,Mutual Fund,Euro Equity Fund,1964,97336.03
2233,1756,Mutual Fund,US Bluechip Fund,2281,132554.29
2234,1333,Bond,Corp Bond A,288,316789.25
2235,2091,Bond,Euro Gov Bond,12,5516.57
2236,2225,Mutual Fund,US Bluechip Fund,1875,80127.06
2237,2189,Cash,USD Cash,1,68457.07
2238,1906,Equity,JPM,271,83411.03
2239,1503,Mutual Fund,Global Growth Fund,1870,152206.86
2240,394,Equity,NESN,554,163203.63
2241,1328,Equity,V,375,44525.7
2242,2152,Equity,GOOGL,422,183611.56
2243,208,ETF,VGK,53,18770.95
2244,2436,Equity,JPM,805,334738.44
2245,873,Bond,UST 10Y,296,140379.33
2246,1256,Equity,AAPL,751,115799.1
2247,958,Bond,UST 10Y,252,220169.45
2248,699,Bond,UST 5Y,263,247626.44
2249,552,ETF,QQQ,282,116143.35
2250,1239,ETF,VGK,539,209003.87
2251,1210,Equity,GOOGL,569,39633.29
2252,220,Bond,UK Gilt 2030,251,200558.29
2253,2212,ETF,EWU,106,22050.79
2254,1732,ETF,SPY,41,3245.81
2255,271,Equity,MSFT,316,28341.91
2256,1753,Bond,UST 10Y,68,45216.05
2257,334,Cash,USD Cash,1,60075.82
2258,1279,Bond,Corp Bond B,44,22519.42
2259,1055,Equity,JPM,365,43110.66
2260,1280,ETF,VTI,336,86179.5
2261,18,Mutual Fund,US Bluechip Fund,1452,46027.77
2262,2268,Mutual Fund,Balanced Income Fund,1954,75137.21
2263,598,Bond,UK Gilt 2030,229,187545.14
2264,2080,Equity,JPM,363,84474.78
2265,1690,Bond,UK Gilt 2030,5,4572.35
2266,2124,Bond,UST 10Y,230,28418.45
2267,1430,ETF,XIC,893,373853.25
2268,1992,Equity,GOOGL,930,313091.35
2269,1586,Mutual Fund,Euro Equity Fund,52,5129.16
2270,2015,Cash,GBP Cash,1,7763.11
2271,70,Equity,V,653,165997.06
2272,2438,Equity,MSFT,820,274855.52
2273,1771,Equity,NESN,613,82387.92
2274,758,Equity,JPM,762,333638.76
2275,507,Equity,UNH,590,225883.51
2276,1230,Cash,CAD Cash,1,93212.08
2277,1450,Bond,Corp Bond B,104,38201.21
2278,2495,Bond,Corp Bond A,129,71748.7
2279,1359,Cash,CAD Cash,1,54842.12
2280,1711,Mutual Fund,Euro Equity Fund,699,32046.02
2281,1190,ETF,XIC,357,70478.17
2282,1405,Mutual Fund,Balanced Income Fund,178,4697.46
2283,2034,Mutual Fund,US Bluechip Fund,401,16235.67
2284,1566,ETF,QQQ,168,52682.78
2285,166,Mutual Fund,Balanced Income Fund,2050,193110.43
2286,2462,Equity,NESN,121,37399.04
2287,818,ETF,EWU,801,191000.95
2288,1789,Mutual Fund,Balanced Income Fund,83,8706.85
2289,947,Equity,GOOGL,734,52530.02
2290,2158,ETF,SPY,453,169339.46
2291,1409,Equity,NVDA,220,45965.96
2292,1895,Mutual Fund,Balanced Income Fund,530,27831.16
2293,2054,Equity,UNH,797,73675.76
2294,2404,Mutual Fund,US Bluechip Fund,876,10995.88
2295,1200,Mutual Fund,Euro Equity Fund,248,9654.94
2296,2454,Mutual Fund,US Bluechip Fund,69,7840.18
2297,1349,Equity,V,138,50280.73
2298,144,Bond,UST 5Y,32,27565.04
2299,152,Equity,NESN,87,31373.3
2300,1881,Cash,USD Cash,1,132982.75
2301,1312,Mutual Fund,Global Growth Fund,2451,266626.64
2302,1186,Equity,TSLA,753,203295.37
2303,662,Bond,UK Gilt 2030,30,5422.45
2304,1459,ETF,VTI,318,92544.09
2305,2256,Bond,Corp Bond B,223,64146.92
2306,1253,Bond,UK Gilt 2030,145,86900.79
2307,1660,Bond,UK Gilt 2030,50,20313.51
2308,523,Equity,NESN,45,6733.11
2309,303,Equity,NESN,572,13396.32
2310,756,Bond,UK Gilt 2030,33,23434.12
2311,1292,Equity,MSFT,711,269372.23
2312,1019,Equity,AMZN,410,33243.72
2313,454,Bond,Corp Bond B,272,95894.83
2314,83,ETF,VGK,523,193730.23
2315,1430,Equity,JPM,255,19988.98
2316,1987,Bond,UST 10Y,55,52276.89
2317,2003,Equity,V,885,331806.86
2318,1735,Bond,Corp Bond B,75,76856.92
2319,2086,Equity,JPM,620,45484.77
2320,423,ETF,QQQ,466,110167.81
2321,850,ETF,EWU,325,59504.71
2322,2372,ETF,SPY,459,14745.22
2323,822,ETF,SPY,762,26714.88
2324,538,ETF,VGK,739,312629.25
2325,2091,Bond,Corp Bond A,121,125175.44
2326,2257,Bond,Corp Bond B,248,153898.19
2327,347,ETF,VTI,409,150216.64
2328,85,Bond,UK Gilt 2030,228,238467.78
2329,1332,Cash,EUR Cash,1,27555.31
2330,2324,ETF,VTI,864,25549.2
2331,1579,ETF,QQQ,304,41563.31
2332,774,Cash,GBP Cash,1,34415.25
2333,1837,Bond,Euro Gov Bond,50,5636.25
2334,1297,ETF,XIC,112,21301.47
2335,1577,ETF,XIC,152,68139.81
2336,2090,Equity,AAPL,419,96605.66
2337,63,Bond,UST 10Y,195,166262.21
2338,2340,ETF,QQQ,460,197428.82
2339,639,Equity,AAPL,791,19906.79
2340,758,ETF,EWU,852,112519.52
2341,1832,ETF,SPY,102,23340.07
2342,2132,Equity,TSLA,577,80872.25
2343,634,Equity,JPM,262,15338.56
2344,1529,Equity,TSLA,491,31164.95
2345,899,Equity,MSFT,956,69128.34
2346,659,Mutual Fund,Global Growth Fund,194,6359.17
2347,1052,Equity,MSFT,631,208584.15
2348,555,Bond,Corp Bond B,283,218448.96
2349,1924,Bond,Corp Bond A,20,5534.05
2350,1038,ETF,VTI,816,345821.12
2351,2218,Equity,GOOGL,975,357902.42
2352,1005,ETF,SPY,613,29551.21
2353,77,Equity,JPM,828,154649.28
2354,1970,ETF,VTI,608,230387.49
2355,1025,Equity,GOOGL,826,133173.59
2356,2495,ETF,EWU,86,12564.34
2357,1308,ETF,VGK,379,144865.64
2358,1329,Equity,MSFT,963,313890.5
2359,310,Mutual Fund,Euro Equity Fund,776,9777.53
2360,555,ETF,EWU,739,329972
2361,205,Equity,MSFT,28,4035.61
2362,2248,Mutual Fund,US Bluechip Fund,1487,35250.34
2363,130,ETF,SPY,915,230049.17
2364,1048,ETF,XIC,558,208869.93
2365,1949,Equity,NVDA,773,347645.62
2366,1142,Cash,EUR Cash,1,24919.15
2367,2432,Equity,JPM,65,9479.02
2368,1842,Bond,Corp Bond A,126,94563
2369,1630,ETF,XIC,266,105270.98
2370,106,Equity,GOOGL,259,41804.74
2371,290,Cash,EUR Cash,1,94405.33
2372,1527,Equity,TSLA,594,256803.15
2373,1854,Bond,Corp Bond B,246,34683.73
2374,2478,Equity,NESN,199,19334.15
2375,1456,Equity,AMZN,373,26232.72
2376,2108,Bond,Euro Gov Bond,80,16499.37
2377,801,Equity,TSLA,202,26842.75
2378,1756,Mutual Fund,Euro Equity Fund,1294,126624.82
2379,1186,Equity,NVDA,722,136989.25
2380,514,Bond,Corp Bond A,267,301451.48
2381,2247,Mutual Fund,Balanced Income Fund,1184,123569.21
2382,879,Mutual Fund,US Bluechip Fund,2366,71845.25
2383,1682,Equity,NESN,831,215772.18
2384,160,Equity,TSLA,788,58097.72
2385,382,Equity,UNH,329,114063.79
2386,2457,Equity,UNH,925,235899.97
2387,1116,Mutual Fund,Global Growth Fund,1479,40605.78
2388,955,Mutual Fund,Balanced Income Fund,2336,202456.27
2389,608,Mutual Fund,Balanced Income Fund,78,6667.49
2390,1533,Mutual Fund,Global Growth Fund,194,14380
2391,1802,Mutual Fund,Balanced Income Fund,1615,103247.94
2392,755,Equity,TSLA,971,58206.41
2393,609,Equity,NVDA,394,53726.21
2394,1431,Equity,V,696,223308.41
2395,1610,Equity,AAPL,837,304819.22
2396,2002,Mutual Fund,Euro Equity Fund,573,31701.8
2397,95,Equity,AAPL,864,316799.2
2398,616,ETF,VTI,574,20744.44
2399,2337,Mutual Fund,US Bluechip Fund,1726,81281.04
2400,2433,Bond,Corp Bond A,101,33754.17
2401,701,Mutual Fund,US Bluechip Fund,62,4972.52
2402,448,Equity,AAPL,448,80417.14
2403,115,ETF,XIC,508,208376.18
2404,2105,Bond,Corp Bond A,144,35706.04
2405,1391,Equity,V,471,163609.89
2406,2492,Bond,UST 10Y,180,155559.12
2407,1829,Mutual Fund,Balanced Income Fund,667,57303.12
2408,528,ETF,SPY,577,75261.59
2409,337,Bond,Corp Bond A,41,18999.23
2410,940,Equity,NESN,196,17414.61
2411,1117,Equity,V,131,52257.54
2412,424,Cash,GBP Cash,1,93640.04
2413,1916,ETF,SPY,919,86775.81
2414,2106,Equity,AMZN,89,7755.53
2415,1635,Equity,V,642,277927.79
2416,659,Mutual Fund,Euro Equity Fund,2365,79030.13
2417,1517,Mutual Fund,US Bluechip Fund,987,39320.06
2418,1181,Equity,AAPL,417,62738.04
2419,1041,ETF,XIC,803,229772.04
2420,1027,Bond,UST 5Y,211,95957.07
2421,915,Mutual Fund,Euro Equity Fund,1148,55131.33
2422,1866,Equity,AMZN,995,443156.2
2423,774,Equity,MSFT,251,15221.7
2424,2184,ETF,VTI,60,21082.11
2425,423,Equity,V,772,155562.45
2426,1507,Bond,UST 5Y,63,19264.16
2427,1744,Bond,Euro Gov Bond,98,13244.34
2428,2372,Cash,EUR Cash,1,37180
2429,89,Mutual Fund,Balanced Income Fund,1580,115911.26
2430,1085,Bond,UST 10Y,291,171781.87
2431,2057,Bond,UST 10Y,87,56981.36
2432,1843,Bond,UST 10Y,190,225403.67
2433,16,Equity,AAPL,756,17026.31
2434,553,Mutual Fund,US Bluechip Fund,1832,38430.92
2435,36,Equity,GOOGL,237,39007.15
2436,740,Mutual Fund,Euro Equity Fund,725,86800.97
2437,1968,Bond,UK Gilt 2030,21,11132.67
2438,2477,Bond,Corp Bond B,146,116578.38
2439,1314,Cash,GBP Cash,1,132996.1
2440,2209,Equity,MSFT,696,158159.88
2441,1552,Equity,AMZN,85,33793.62
2442,887,ETF,XIC,69,11407.35
2443,1217,Equity,V,959,52441.97
2444,426,ETF,SPY,759,17169.89
2445,2020,Cash,USD Cash,1,67181.96
2446,1871,Mutual Fund,Global Growth Fund,572,63500.04
2447,408,Equity,AAPL,433,171697.9
2448,1521,ETF,VTI,344,114230.38
2449,6,Mutual Fund,US Bluechip Fund,1970,121174.18
2450,1468,ETF,VTI,727,23356.63
2451,2025,ETF,VTI,535,160790.07
2452,2465,ETF,VTI,536,167014.45
2453,1308,Cash,CAD Cash,1,17647.81
2454,2036,Mutual Fund,US Bluechip Fund,1803,60008.89
2455,415,Bond,UST 5Y,136,142671.3
2456,2460,ETF,EWU,33,4883.89
2457,572,Bond,UK Gilt 2030,147,43377.98
2458,869,Equity,JPM,851,295517.07
2459,1964,ETF,VTI,500,20751.47
2460,2088,Mutual Fund,Balanced Income Fund,2326,175888.55
2461,1650,ETF,VGK,29,2239.58
2462,2417,Mutual Fund,Euro Equity Fund,1400,92019.16
2463,1964,Mutual Fund,US Bluechip Fund,2035,80123.74
2464,1726,Equity,TSLA,804,354851.16
2465,941,ETF,EWU,190,44066.64
2466,2133,Equity,AAPL,961,367942.94
2467,1711,Equity,TSLA,208,93028.67
2468,1540,Equity,TSLA,156,27667.44
2469,690,Equity,NVDA,606,178188.08
2470,2418,Mutual Fund,Euro Equity Fund,1372,146286.97
2471,2302,Equity,JPM,662,225524.06
2472,1261,ETF,EWU,690,95007.66
2473,340,Bond,Corp Bond B,241,80765.13
2474,993,Mutual Fund,Global Growth Fund,1250,31644.76
2475,1594,Bond,Euro Gov Bond,92,110204.94
2476,1191,Bond,UST 10Y,280,245654.06
2477,965,Bond,UST 10Y,53,27315.87
2478,844,Mutual Fund,Global Growth Fund,938,42434.7
2479,397,Equity,AMZN,687,140738.81
2480,404,Cash,EUR Cash,1,61855.64
2481,290,ETF,QQQ,451,143523.34
2482,2046,Equity,NVDA,605,253777.29
2483,494,Mutual Fund,Balanced Income Fund,1428,136453.94
2484,2084,Equity,NVDA,401,171947.81
2485,2236,Bond,UST 10Y,53,62130.19
2486,817,Bond,UK Gilt 2030,125,74935.53
2487,1774,Mutual Fund,Global Growth Fund,1808,105946.9
2488,2315,Equity,V,144,16186.59
2489,981,Equity,MSFT,873,283169.97
2490,1640,Equity,AMZN,367,77320.42
2491,301,ETF,QQQ,650,108072.72
2492,2012,Bond,UST 5Y,267,91026.18
2493,1587,Equity,TSLA,935,290258.01
2494,2200,Equity,AAPL,236,54133.4
2495,365,Equity,GOOGL,397,139766.07
2496,926,Equity,V,385,64700.28
2497,1236,ETF,VGK,227,51084.51
2498,2000,ETF,XIC,299,98410.79
2499,391,Equity,MSFT,817,179315.1
2500,419,Equity,TSLA,589,55776.88
2501,1873,Equity,TSLA,217,19611.33
2502,2453,Equity,MSFT,908,313810.07
2503,236,Equity,NVDA,357,15864.91
2504,507,Bond,UST 5Y,27,22427.37
2505,2492,Equity,TSLA,932,317961.96
2506,2393,Mutual Fund,US Bluechip Fund,230,2968.3
2507,1714,Mutual Fund,Balanced Income Fund,907,108311.74
2508,1290,Equity,NVDA,235,16046.51
2509,447,Equity,NESN,684,72184.13
2510,2117,Equity,NVDA,108,21897.93
2511,923,Mutual Fund,US Bluechip Fund,1374,96370.18
2512,907,Bond,Corp Bond B,57,42394.9
2513,2326,Mutual Fund,Euro Equity Fund,2431,224070.52
2514,1174,Bond,UST 5Y,89,62396.26
2515,1402,Mutual Fund,Balanced Income Fund,1602,65916.44
2516,1313,Bond,UK Gilt 2030,147,164403.75
2517,12,Mutual Fund,Euro Equity Fund,1543,49857.6
2518,2467,Bond,Corp Bond B,239,258530.71
2519,2191,Equity,AAPL,94,35836.82
2520,174,Mutual Fund,Balanced Income Fund,1482,14571.34
2521,261,Mutual Fund,Global Growth Fund,671,17753.66
2522,1503,Bond,Euro Gov Bond,165,77297.29
2523,1752,Equity,MSFT,247,24587.35
2524,841,ETF,XIC,344,32612.35
2525,64,Bond,Euro Gov Bond,78,19361.86
2526,839,ETF,XIC,651,162763.16
2527,1104,ETF,SPY,297,40394.67
2528,249,Bond,UST 10Y,123,93800.55
2529,1340,Equity,JPM,772,212148.53
2530,149,Mutual Fund,Balanced Income Fund,386,8783.89
2531,1524,Equity,AAPL,815,114029.5
2532,2353,Equity,UNH,426,148477.55
2533,1683,ETF,QQQ,955,362292.77
2534,1297,Equity,NVDA,763,202443.7
2535,2069,Mutual Fund,Balanced Income Fund,1016,105374.17
2536,702,Bond,Corp Bond A,86,91438.4
2537,48,Bond,UK Gilt 2030,261,264932.87
2538,383,Mutual Fund,US Bluechip Fund,2101,60168.38
2539,2481,ETF,VGK,906,355338.67
2540,652,Bond,Corp Bond B,38,37919.62
2541,911,Equity,NVDA,684,57531.05
2542,2200,Equity,MSFT,408,78056.66
2543,1283,Equity,NVDA,215,31271.57
2544,2338,Mutual Fund,Global Growth Fund,1023,36093.3
2545,1089,Equity,TSLA,217,53305.92
2546,799,Equity,AAPL,304,66798.97
2547,1873,Bond,Corp Bond B,298,286940.53
2548,1518,Equity,MSFT,79,30599.39
2549,226,Mutual Fund,Balanced Income Fund,2470,201410.45
2550,2471,Bond,UST 5Y,41,19802.22
2551,56,Equity,AMZN,477,185653.59
2552,1633,Equity,NVDA,604,182205.26
2553,2456,Mutual Fund,Balanced Income Fund,568,7506.73
2554,1769,Equity,AMZN,314,123190.39
2555,309,Mutual Fund,Global Growth Fund,146,1573.64
2556,88,Mutual Fund,Global Growth Fund,1632,64372.82
2557,963,Bond,UST 10Y,50,50226.82
2558,1712,Equity,GOOGL,674,178144.3
2559,2023,Cash,CAD Cash,1,113366.39
2560,474,Cash,USD Cash,1,9429.21
2561,1852,Mutual Fund,Balanced Income Fund,768,89157.78
2562,1633,ETF,VGK,431,148786.71
2563,314,Equity,GOOGL,204,86002.85
2564,1092,ETF,VTI,680,70637.3
2565,2469,Bond,UST 10Y,196,25537.47
2566,582,Bond,Corp Bond B,56,64242.18
2567,1136,ETF,XIC,287,17146.16
2568,1354,Equity,NVDA,890,367270.4
2569,1530,ETF,VGK,596,69732.65
2570,1411,Equity,MSFT,234,15045.39
2571,1280,Equity,MSFT,180,22403.79
2572,1940,Equity,NVDA,265,62989.06
2573,200,Cash,USD Cash,1,47516.76
2574,358,ETF,QQQ,51,10915.51
2575,317,Bond,Euro Gov Bond,177,199656.68
2576,1872,Equity,AAPL,829,350831.29
2577,1468,Mutual Fund,Balanced Income Fund,1673,87413.84
2578,1498,ETF,VTI,281,93763.71
2579,1820,Mutual Fund,US Bluechip Fund,1499,170659.65
2580,1959,Mutual Fund,US Bluechip Fund,1322,59883.95
2581,1654,Equity,V,982,161891.24
2582,775,Bond,UST 5Y,268,122012.27
2583,2297,Equity,NVDA,601,231370.91
2584,1981,Equity,GOOGL,583,83217
2585,2305,Equity,AAPL,793,196295.11
2586,247,Equity,V,89,22014.94
2587,575,Equity,UNH,516,194165.69
2588,1183,ETF,XIC,573,157293.29
2589,659,Mutual Fund,US Bluechip Fund,943,31364.79
2590,1458,Bond,UK Gilt 2030,264,45731.71
2591,380,ETF,XIC,457,55179.03
2592,367,ETF,QQQ,136,21753.44
2593,1039,Bond,UK Gilt 2030,54,48337.5
2594,1432,Bond,Euro Gov Bond,143,58543.3
2595,2484,ETF,QQQ,305,112887.51
2596,1028,Bond,Corp Bond A,24,8876.89
2597,2024,Bond,UST 10Y,59,58871.67
2598,1113,Equity,NESN,994,315008.65
2599,2170,Equity,GOOGL,893,86338.49
2600,2124,Equity,AAPL,946,129426.05
2601,1100,ETF,VTI,97,13067.98
2602,2489,Bond,Euro Gov Bond,23,19089.39
2603,857,Bond,UST 5Y,182,106185.67
2604,1371,Bond,Euro Gov Bond,130,28513.96
2605,1039,Equity,UNH,758,245327.37
2606,1609,Bond,UST 10Y,79,9508.3
2607,2322,Equity,AAPL,580,160377.04
2608,493,ETF,VTI,915,344581.83
2609,1624,Equity,V,662,228480.55
2610,403,Bond,UST 5Y,80,75456.02
2611,2444,Equity,UNH,769,161051.41
2612,2155,Equity,AAPL,499,128773.33
2613,1190,Equity,AAPL,266,77518.78
2614,2337,ETF,EWU,349,30027.24
2615,767,Mutual Fund,Euro Equity Fund,1145,62855.08
2616,1980,Equity,UNH,848,218093.19
2617,2455,ETF,SPY,100,40804.21
2618,1087,Equity,AMZN,599,121829.74
2619,1378,ETF,VTI,540,11142.84
2620,203,ETF,EWU,941,303025.89
2621,1448,ETF,VTI,149,5294.74
2622,1933,Bond,Corp Bond B,170,37172.8
2623,1932,Equity,NESN,944,183519.45
2624,1913,Mutual Fund,US Bluechip Fund,1785,127351.04
2625,561,Bond,UK Gilt 2030,78,39767.84
2626,432,Mutual Fund,Balanced Income Fund,1297,44808.08
2627,1335,Mutual Fund,Euro Equity Fund,2274,49077.23
2628,2231,Equity,AAPL,927,202194.01
2629,147,Equity,NVDA,251,102747.36
2630,2282,Equity,V,515,189585.79
2631,72,Bond,Corp Bond B,204,200705.62
2632,1681,Mutual Fund,Euro Equity Fund,2313,187132.85
2633,1234,ETF,EWU,170,68397.62
2634,135,ETF,EWU,69,6347.74
2635,1714,ETF,QQQ,143,13613.71
2636,1740,ETF,SPY,303,111472.08
2637,375,Equity,NESN,878,359888.22
2638,1014,Mutual Fund,US Bluechip Fund,2450,30604.05
2639,2322,Equity,TSLA,564,221106.84
2640,1474,Cash,USD Cash,1,2051.09
2641,1662,Bond,UK Gilt 2030,267,202264.37
2642,39,Equity,NVDA,91,23191.27
2643,695,Bond,Euro Gov Bond,284,155282.6
2644,1388,Equity,UNH,227,80116.78
2645,1628,Mutual Fund,Global Growth Fund,933,51136.56
2646,131,Equity,NESN,237,98291.39
2647,1594,Equity,NVDA,88,18022.83
2648,1653,Mutual Fund,US Bluechip Fund,1630,103187.43
2649,124,ETF,SPY,945,211586.77
2650,262,ETF,QQQ,120,6869.88
2651,737,Equity,JPM,423,129140
2652,1206,Equity,AMZN,213,31026.74
2653,1973,ETF,XIC,681,65221.5
2654,1226,Equity,UNH,558,223557.71
2655,1366,Equity,TSLA,545,240246.57
2656,2188,Mutual Fund,Balanced Income Fund,2265,31310.45
2657,158,Cash,GBP Cash,1,35541.23
2658,1382,Bond,Corp Bond A,57,52567.84
2659,390,Mutual Fund,Euro Equity Fund,1467,76948.26
2660,1489,ETF,QQQ,779,132155.19
2661,220,Equity,AAPL,747,122289.41
2662,1922,Mutual Fund,Euro Equity Fund,2061,60800.83
2663,38,Cash,EUR Cash,1,35197.74
2664,1788,ETF,EWU,673,216366.72
2665,822,Mutual Fund,Balanced Income Fund,1416,13827.93
2666,375,Equity,TSLA,968,189390.45
2667,1873,Equity,MSFT,87,23329.58
2668,1387,Equity,GOOGL,64,28782.44
2669,1815,Bond,Corp Bond B,165,41663.47
2670,500,Bond,Euro Gov Bond,140,43655.63
2671,850,Bond,Corp Bond A,164,79381.21
2672,215,Mutual Fund,Balanced Income Fund,369,11874.29
2673,1524,Mutual Fund,Balanced Income Fund,736,65819.19
2674,499,Cash,GBP Cash,1,121943.28
2675,2040,Mutual Fund,Euro Equity Fund,588,14259.79
2676,2043,Equity,MSFT,439,96011.1
2677,1225,Mutual Fund,Euro Equity Fund,1996,99532.34
2678,2012,ETF,VTI,417,82974.72
2679,1095,Equity,UNH,916,279764.83
2680,1221,Mutual Fund,Euro Equity Fund,462,38652.31
2681,1635,Equity,V,592,60224.02
2682,2322,Bond,UK Gilt 2030,285,119687.74
2683,1095,Mutual Fund,Euro Equity Fund,1998,45007.78
2684,2252,Mutual Fund,Balanced Income Fund,1681,196916.06
2685,1662,Mutual Fund,Euro Equity Fund,1064,13854.49
2686,74,ETF,QQQ,922,85755.84
2687,2000,Bond,UST 5Y,235,224498.34
2688,1436,ETF,VGK,480,73277.52
2689,2200,Equity,UNH,683,213544.9
2690,461,Equity,UNH,582,161727.77
2691,595,ETF,QQQ,688,78335.15
2692,1664,Equity,AMZN,211,24288.62
2693,1023,Mutual Fund,US Bluechip Fund,142,6553.12
2694,971,Equity,AAPL,326,24182.44
2695,1283,Equity,AAPL,320,35938.3
2696,1956,Bond,UST 10Y,127,128789.22
2697,1428,Mutual Fund,US Bluechip Fund,984,44126.91
2698,904,Bond,Corp Bond A,19,21539.13
2699,1500,Cash,CAD Cash,1,88367.53
2700,721,Equity,GOOGL,594,173058.96
2701,2060,Equity,AMZN,995,23897.58
2702,920,ETF,VTI,697,313599.39
2703,158,Cash,GBP Cash,1,64523.95
2704,975,Mutual Fund,Euro Equity Fund,949,44600.89
2705,1896,Cash,CAD Cash,1,35331.3
2706,1501,Mutual Fund,Global Growth Fund,1642,115867.93
2707,1807,Equity,NESN,350,77369.36
2708,1928,Equity,JPM,778,265804.98
2709,1776,Mutual Fund,US Bluechip Fund,2109,85211.95
2710,1992,Equity,AAPL,685,136965.87
2711,114,ETF,VGK,20,7157.58
2712,2372,Equity,V,992,254061.29
2713,1998,ETF,EWU,354,156012.1
2714,263,Mutual Fund,US Bluechip Fund,2388,39940.45
2715,707,Bond,Corp Bond A,281,33488.26
2716,1230,ETF,VTI,466,36119.89
2717,803,Bond,UST 5Y,260,233322.39
2718,139,Bond,UST 10Y,146,55070.8
2719,1234,Equity,GOOGL,338,149845.36
2720,801,Equity,V,795,73567.85
2721,1290,ETF,VGK,198,34225.86
2722,1763,Equity,AAPL,229,39420.75
2723,1876,Equity,TSLA,448,34692.75
2724,2343,ETF,VGK,682,158590.41
2725,1237,Cash,CAD Cash,1,125493.88
2726,106,Equity,V,376,17079.81
2727,2171,Mutual Fund,Euro Equity Fund,195,7442.01
2728,608,Equity,JPM,260,76885.8
2729,1275,Mutual Fund,Balanced Income Fund,1704,137897.83
2730,1628,ETF,VGK,232,79949.53
2731,1968,ETF,QQQ,82,3682.29
2732,841,Equity,TSLA,192,27941.61
2733,1297,Equity,AAPL,265,32023.05
2734,961,Equity,GOOGL,78,23071.32
2735,2177,Equity,V,864,342985.22
2736,1930,Equity,MSFT,614,227583.02
2737,1354,Mutual Fund,Balanced Income Fund,1403,116758.72
2738,2181,Bond,Corp Bond B,137,16917.45
2739,5,Mutual Fund,Euro Equity Fund,310,28108.22
2740,1964,Equity,V,235,57537.5
2741,1029,Mutual Fund,US Bluechip Fund,1060,71524.07
2742,1442,Mutual Fund,Euro Equity Fund,2154,121382.54
2743,540,ETF,EWU,698,56080.82
2744,193,Equity,JPM,192,70361.27
2745,1989,Equity,JPM,213,65234.78
2746,1624,Mutual Fund,Euro Equity Fund,2261,132086.1
2747,62,Equity,UNH,444,164118.09
2748,1420,Bond,UST 10Y,199,53124.46
2749,321,Cash,CAD Cash,1,38205.7
2750,1024,Mutual Fund,US Bluechip Fund,601,57495.06
2751,1049,Bond,UK Gilt 2030,280,275577.37
2752,1502,Equity,JPM,698,267761.25
2753,1874,Mutual Fund,Global Growth Fund,413,18766.02
2754,2462,Equity,TSLA,785,235936.71
2755,883,Mutual Fund,Global Growth Fund,861,42684.51
2756,1974,ETF,QQQ,625,15616.17
2757,1441,Equity,MSFT,825,179563.2
2758,647,ETF,QQQ,207,34553.84
2759,584,Mutual Fund,Euro Equity Fund,609,36352.14
2760,1075,Mutual Fund,US Bluechip Fund,1404,109934.39
2761,476,Bond,UST 10Y,250,202920.15
2762,605,Mutual Fund,Balanced Income Fund,1190,66887.94
2763,959,Bond,Corp Bond A,98,105530.24
2764,1083,Mutual Fund,Euro Equity Fund,242,27016.16
2765,1219,Mutual Fund,Euro Equity Fund,210,7845.11
2766,1355,Bond,UST 5Y,140,164039.59
2767,1059,Bond,UK Gilt 2030,203,158979.34
2768,733,Equity,UNH,10,4019.17
2769,800,ETF,VTI,811,260786.36
2770,2393,Equity,UNH,768,133296.17
2771,454,Mutual Fund,US Bluechip Fund,1828,133820.37
2772,1182,Equity,MSFT,533,192967.07
2773,2219,Bond,UST 5Y,38,29418.11
2774,1598,Mutual Fund,Balanced Income Fund,2399,224652.66
2775,1149,ETF,XIC,327,122997.9
2776,1878,Cash,USD Cash,1,129137.31
2777,179,ETF,VTI,297,98896.75
2778,910,Equity,NVDA,816,207867.33
2779,464,Mutual Fund,US Bluechip Fund,2083,233131.76
2780,402,Equity,UNH,611,118216.92
2781,1910,Equity,NVDA,389,104045.51
2782,2377,Mutual Fund,Balanced Income Fund,1367,90338.41
2783,106,Equity,TSLA,547,95236.08
2784,1009,Mutual Fund,Balanced Income Fund,2264,178893.14
2785,2091,ETF,QQQ,898,75041.1
2786,2071,Equity,AAPL,132,12007.77
2787,697,Cash,CAD Cash,1,126701.88
2788,1496,Cash,CAD Cash,1,86169.17
2789,1140,Mutual Fund,Global Growth Fund,1191,65979.22
2790,553,Cash,USD Cash,1,28927.12
2791,1920,Equity,V,728,195625.76
2792,853,Equity,GOOGL,53,8718.63
2793,1561,Bond,Euro Gov Bond,57,46027.87
2794,2070,Bond,Euro Gov Bond,71,68577.88
2795,782,Equity,AMZN,913,191930.26
2796,2386,Mutual Fund,Euro Equity Fund,1030,80700.76
2797,646,Mutual Fund,Global Growth Fund,983,117339.25
2798,2419,Equity,NESN,839,264598.13
2799,1440,Equity,V,922,122603.82
2800,2038,ETF,VTI,753,243574.13
2801,1746,Bond,UST 5Y,189,133332.46
2802,1339,Bond,UST 5Y,243,244906.72
2803,2275,Bond,UK Gilt 2030,264,69883.85
2804,616,Mutual Fund,Euro Equity Fund,261,9599.94
2805,1525,Equity,GOOGL,253,78752.11
2806,1041,Mutual Fund,Global Growth Fund,1528,40298.9
2807,413,Bond,Corp Bond A,183,48602.7
2808,98,Equity,NVDA,325,52639.82
2809,1130,Equity,AMZN,565,26375.17
2810,2265,Mutual Fund,Euro Equity Fund,340,19230.39
2811,2478,Mutual Fund,US Bluechip Fund,612,62193.95
2812,521,Bond,Corp Bond B,291,145414.64
2813,897,Equity,V,496,27496.01
2814,1609,ETF,SPY,304,113173.56
2815,641,ETF,SPY,392,16879.85
2816,882,Equity,TSLA,723,167234.61
2817,2321,Bond,Euro Gov Bond,148,35703.41
2818,1002,Equity,NESN,625,198341.83
2819,1830,Mutual Fund,Balanced Income Fund,1167,132318.57
2820,309,Mutual Fund,Euro Equity Fund,105,4182.35
2821,421,Equity,UNH,40,12197.7
2822,1163,Bond,UST 10Y,97,52228.32
2823,35,Cash,USD Cash,1,37789.59
2824,1490,Mutual Fund,Euro Equity Fund,243,16100.02
2825,1450,Mutual Fund,Euro Equity Fund,581,58036.18
2826,1179,ETF,VGK,686,14743.63
2827,1821,Cash,EUR Cash,1,43932.36
2828,513,Equity,AAPL,448,98472.27
2829,76,Equity,AMZN,34,2878.98
2830,1293,Cash,CAD Cash,1,44544.79
2831,1020,Mutual Fund,Euro Equity Fund,1189,109479.43
2832,1171,Equity,JPM,971,170071.45
2833,299,Equity,AMZN,501,76165.4
2834,244,Mutual Fund,Global Growth Fund,1433,136273.41
2835,165,Bond,UST 10Y,92,15627.63
2836,67,Bond,UST 10Y,80,30855.9
2837,1856,Mutual Fund,Euro Equity Fund,993,34019.28
2838,1043,Equity,TSLA,676,290279.6
2839,1261,Bond,UST 10Y,151,26262.59
2840,896,ETF,SPY,784,48188.75
2841,2340,ETF,XIC,406,156882.21
2842,546,Equity,NVDA,164,14744.67
2843,1686,Equity,GOOGL,179,44311.75
2844,377,ETF,QQQ,519,138162.23
2845,2112,ETF,SPY,736,180291.98
2846,782,Equity,UNH,851,171308.79
2847,1311,ETF,VGK,881,388941.84
2848,653,Bond,Corp Bond A,200,44808.92
2849,297,Bond,UST 5Y,112,88706.52
2850,978,Bond,UK Gilt 2030,285,131287.39
2851,2216,Equity,GOOGL,718,294069.1
2852,1352,Bond,Corp Bond A,62,53908.47
2853,1011,ETF,SPY,211,14044.52
2854,620,ETF,EWU,869,89670.14
2855,43,Equity,GOOGL,711,230568.06
2856,1549,Equity,TSLA,799,59352.83
2857,189,ETF,QQQ,22,9548.1
2858,2429,ETF,EWU,573,26461.44
2859,1956,Mutual Fund,Global Growth Fund,1513,65037.53
2860,1111,Mutual Fund,Global Growth Fund,1734,98024.09
2861,1482,Mutual Fund,Balanced Income Fund,1405,35792.41
2862,550,Equity,TSLA,895,246258.78
2863,2291,Equity,JPM,150,22272.23
2864,733,ETF,SPY,130,53497.09
2865,1716,Bond,Corp Bond A,198,70441.83
2866,1605,Mutual Fund,Global Growth Fund,127,1073.23
2867,1589,Bond,Euro Gov Bond,115,131496.35
2868,2110,ETF,VGK,310,127876.25
2869,1420,ETF,VGK,961,99600.31
2870,2236,Equity,AMZN,187,56650.43
2871,1205,Equity,NESN,428,188767
2872,2345,Mutual Fund,Balanced Income Fund,1614,176336.01
2873,92,Equity,UNH,695,231523.25
2874,587,Bond,Euro Gov Bond,268,305318.98
2875,1845,Bond,Corp Bond B,44,7257.17
2876,2202,Cash,GBP Cash,1,25392.89
2877,1536,Equity,UNH,127,27400.84
2878,1265,ETF,SPY,810,227449.28
2879,1476,Equity,AMZN,536,181137.07
2880,1711,Equity,NESN,995,297179.55
2881,2443,Equity,GOOGL,826,361255.44
2882,1957,Mutual Fund,Balanced Income Fund,1835,32327.24
2883,254,ETF,QQQ,515,35898.05
2884,1569,ETF,QQQ,720,222465.93
2885,1143,Bond,Corp Bond B,79,79706.26
2886,631,Mutual Fund,Euro Equity Fund,851,63422.32
2887,274,Equity,UNH,437,182226.53
2888,1864,Mutual Fund,Balanced Income Fund,201,21778.43
2889,1533,Bond,UK Gilt 2030,35,13059.66
2890,74,Cash,GBP Cash,1,8577.31
2891,2296,Mutual Fund,Euro Equity Fund,1666,76269.63
2892,1616,ETF,EWU,434,27557.29
2893,2297,Equity,NVDA,363,115690.92
2894,1049,Bond,Euro Gov Bond,178,133440.58
2895,1787,Bond,Euro Gov Bond,245,231256.93
2896,799,Mutual Fund,Global Growth Fund,1058,53070.59
2897,2378,Bond,UST 10Y,249,215818.88
2898,1245,Mutual Fund,Euro Equity Fund,1969,21610.83
2899,2082,Mutual Fund,Balanced Income Fund,1953,162049.47
2900,1229,Mutual Fund,US Bluechip Fund,1633,178432.33
2901,1105,Bond,Euro Gov Bond,265,75756.45
2902,1604,Equity,NESN,664,145646.35
2903,2400,Equity,NVDA,314,111264.77
2904,1083,Equity,V,614,159378.79
2905,1889,Mutual Fund,Balanced Income Fund,520,30944.38
2906,837,Equity,AMZN,608,176197.96
2907,255,Equity,UNH,465,108976.45
2908,454,Bond,UK Gilt 2030,219,177845.78
2909,1484,Equity,V,163,33670.38
2910,1892,Cash,GBP Cash,1,59986.41
2911,741,Mutual Fund,Balanced Income Fund,1541,138605.82
2912,112,Equity,TSLA,709,259805.69
2913,1789,Cash,USD Cash,1,112793.39
2914,1225,Equity,V,842,50251.12
2915,825,Equity,NESN,115,30456.35
2916,423,ETF,XIC,798,357415.64
2917,1706,ETF,EWU,290,22969.73
2918,1543,Bond,Corp Bond A,209,73862.49
2919,2277,Bond,UST 10Y,277,244061.24
2920,479,ETF,EWU,32,10503.08
2921,1155,Bond,Corp Bond A,253,269759.99
2922,2468,Mutual Fund,Global Growth Fund,1158,42635.66
2923,2308,Bond,Corp Bond A,75,61127.16
2924,1881,ETF,XIC,456,72125.47
2925,1131,Equity,NVDA,854,142683.17
2926,1307,Equity,AAPL,202,22872.94
2927,1952,Bond,UST 10Y,39,26690.33
2928,1411,ETF,EWU,577,34171.26
2929,495,Equity,AMZN,446,59369.47
2930,599,Equity,JPM,766,69101.36
2931,302,Equity,MSFT,97,30628.25
2932,1581,ETF,XIC,377,46020.96
2933,695,Bond,UST 10Y,218,49860.56
2934,696,Equity,MSFT,861,55203.17
2935,1646,Equity,V,765,282738.81
2936,1186,Bond,UST 10Y,196,210344.41
2937,29,ETF,VTI,320,133081.05
2938,2280,Equity,MSFT,984,291540.86
2939,1570,Bond,Corp Bond B,299,345528.96
2940,1495,Mutual Fund,Balanced Income Fund,2133,17360.69
2941,1026,Bond,Euro Gov Bond,202,120231.68
2942,1586,Equity,TSLA,927,150564.54
2943,2190,Bond,UST 5Y,266,124325.12
2944,2333,Equity,UNH,311,73481.83
2945,413,Mutual Fund,US Bluechip Fund,1372,159157.76
2946,1982,Equity,GOOGL,526,27649.88
2947,685,Mutual Fund,Global Growth Fund,1580,66341.13
2948,1304,Equity,AAPL,530,85326.52
2949,2112,ETF,EWU,592,152674.6
2950,680,Mutual Fund,Balanced Income Fund,792,73779.34
2951,2170,Equity,JPM,414,66294.98
2952,1774,Mutual Fund,Global Growth Fund,2351,275567.17
2953,2063,Bond,Corp Bond A,103,97199.93
2954,1127,Mutual Fund,Euro Equity Fund,1857,97745.37
2955,1710,Mutual Fund,Balanced Income Fund,1573,103567.62
2956,1163,Equity,GOOGL,196,57342.09
2957,1073,Equity,AAPL,271,47643.26
2958,86,Mutual Fund,US Bluechip Fund,265,16797.53
2959,1123,Equity,UNH,993,348883.01
2960,916,Mutual Fund,Balanced Income Fund,655,43211.24
2961,1990,Equity,TSLA,510,79431.85
2962,2325,ETF,EWU,338,91308.42
2963,1003,Bond,Corp Bond A,265,270423.97
2964,672,ETF,EWU,368,81525.64
2965,814,Equity,MSFT,560,30130.41
2966,2418,Equity,NVDA,273,33302.37
2967,1453,Equity,V,391,51884.66
2968,2229,Mutual Fund,Global Growth Fund,2330,175338.26
2969,892,Mutual Fund,Global Growth Fund,955,113231.54
2970,1887,Bond,UST 10Y,91,33696.53
2971,2406,Bond,UK Gilt 2030,173,96095.5
2972,568,Mutual Fund,Global Growth Fund,1887,209088.23
2973,2168,ETF,XIC,395,173453.83
2974,571,Equity,TSLA,73,8208.27
2975,2165,ETF,VTI,888,260097.37
2976,1790,Bond,Corp Bond A,263,24833.81
2977,1371,Equity,AAPL,469,169197.51
2978,856,Equity,NVDA,642,258310.52
2979,1771,ETF,QQQ,72,6299.22
2980,546,ETF,VTI,633,274716.77
2981,1995,Equity,AMZN,700,105770.69
2982,26,Bond,UST 5Y,253,85807.46
2983,2493,Equity,NVDA,984,127155.84
2984,1787,Equity,NESN,62,23576.49
2985,873,Equity,V,746,331400.96
2986,1863,ETF,VGK,331,70244.84
2987,1695,Equity,GOOGL,839,204898.03
2988,654,Mutual Fund,Global Growth Fund,421,8092.77
2989,1022,Mutual Fund,Balanced Income Fund,791,57755.2
2990,1245,Bond,Corp Bond B,63,30828.55
2991,1091,Equity,JPM,779,316638.51
2992,2380,Equity,JPM,933,47562.93
2993,2286,Equity,V,819,340787.06
2994,2392,Equity,TSLA,132,58607.79
2995,1823,Bond,UST 5Y,235,224265.05
2996,894,Equity,TSLA,557,225439.67
2997,1217,Cash,GBP Cash,1,53956.43
2998,58,ETF,VGK,77,8554.78
2999,354,Equity,AAPL,929,378219.46
3000,270,Equity,AMZN,179,56982.7
3001,268,Equity,JPM,810,55589.37
3002,1917,Equity,MSFT,16,7121.2
3003,2420,Bond,UST 5Y,99,93342.15
3004,171,Mutual Fund,Global Growth Fund,1759,89683.2
3005,2136,ETF,XIC,618,112566.41
3006,1897,ETF,VGK,654,61331.2
3007,2097,Equity,V,418,23603.01
3008,2181,Equity,NESN,738,75678.84
3009,449,ETF,VGK,673,77933.71
3010,1008,Equity,GOOGL,590,263253.49
3011,241,ETF,SPY,345,49793.25
3012,309,Equity,UNH,86,25185.75
3013,2265,ETF,QQQ,612,213763.25
3014,101,ETF,VTI,185,31871.57
3015,87,Bond,UK Gilt 2030,270,280862.68
3016,1310,ETF,XIC,831,230668.88
3017,2290,ETF,SPY,430,142669.16
3018,973,Equity,MSFT,205,23054.87
3019,1036,Bond,Euro Gov Bond,259,199567.14
3020,1008,ETF,VTI,549,207278.1
3021,720,ETF,VTI,666,211217.36
3022,370,Cash,EUR Cash,1,30827.86
3023,1732,Equity,TSLA,161,34417.58
3024,2232,ETF,SPY,151,4533.53
3025,1810,Equity,AMZN,674,13928.53
3026,215,Mutual Fund,Global Growth Fund,2158,117124.32
3027,1790,Equity,TSLA,801,270221.11
3028,1493,ETF,VGK,191,62040.15
3029,1895,Bond,UK Gilt 2030,239,134861.24
3030,1862,Equity,MSFT,359,58243.07
3031,1232,Equity,JPM,120,44539.42
3032,310,Mutual Fund,Global Growth Fund,1705,43677.13
3033,1446,Bond,Corp Bond A,242,136841.99
3034,468,Mutual Fund,US Bluechip Fund,1390,65276.98
3035,255,Equity,V,728,265957.8
3036,1517,Mutual Fund,Balanced Income Fund,924,73269.52
3037,588,Mutual Fund,Euro Equity Fund,1040,11905.34
3038,457,ETF,VTI,343,86760.92
3039,1168,Mutual Fund,Euro Equity Fund,458,26515.96
3040,517,Bond,Corp Bond A,56,58216.23
3041,1187,Equity,AAPL,227,15163.98
3042,1149,Equity,V,371,141625.09
3043,2253,Mutual Fund,Euro Equity Fund,716,76000.85
3044,1263,Equity,V,815,184266.04
3045,515,ETF,VGK,38,16831.3
3046,502,Mutual Fund,US Bluechip Fund,480,10846.53
3047,2128,ETF,XIC,21,1544.57
3048,889,Bond,UST 10Y,73,62114.17
3049,2136,Cash,EUR Cash,1,129458.74
3050,624,ETF,SPY,502,193527.65
3051,467,Equity,JPM,578,237748.73
3052,582,ETF,QQQ,236,41350.73
3053,2095,Mutual Fund,Euro Equity Fund,151,5395.73
3054,1491,Mutual Fund,Global Growth Fund,1413,65696.45
3055,2128,Bond,Euro Gov Bond,58,62093.85
3056,1392,ETF,SPY,891,222515.36
3057,2374,ETF,VTI,89,38648.89
3058,496,Bond,UK Gilt 2030,257,223127.5
3059,2446,Equity,NVDA,392,82877.72
3060,1543,Mutual Fund,Balanced Income Fund,1486,145028.82
3061,2341,Equity,V,864,129544.79
3062,2344,Equity,NESN,85,7731.67
3063,792,Equity,V,663,179373.59
3064,2401,Bond,UK Gilt 2030,5,2759.59
3065,1694,ETF,VTI,39,8203.95
3066,217,Mutual Fund,Balanced Income Fund,1521,42262.23
3067,946,Equity,NVDA,688,200646.42
3068,1639,Mutual Fund,Euro Equity Fund,961,41499.02
3069,1169,ETF,VGK,793,236933.67
3070,1163,Equity,GOOGL,677,68812.25
3071,2260,ETF,XIC,22,7106.43
3072,2457,Equity,V,198,46188.97
3073,734,Bond,UST 10Y,233,140527.24
3074,2420,Cash,USD Cash,1,19201.22
3075,966,Bond,Corp Bond B,151,144965.4
3076,421,Equity,NESN,168,53662.61
3077,1863,Mutual Fund,Global Growth Fund,1281,21742.11
3078,914,ETF,VTI,119,48144.31
3079,1744,Mutual Fund,Euro Equity Fund,1157,16052.86
3080,1132,Bond,Euro Gov Bond,215,226806.61
3081,970,ETF,VTI,926,211327.04
3082,741,Mutual Fund,Balanced Income Fund,1212,14861.34
3083,1457,Equity,AAPL,391,57606.68
3084,2044,Equity,NVDA,155,43586.03
3085,652,Mutual Fund,US Bluechip Fund,374,21687.76
3086,1549,Equity,AMZN,313,17023.72
3087,1665,Equity,JPM,593,106537.07
3088,2386,Equity,V,280,29979.43
3089,1188,Equity,TSLA,76,28367.87
3090,1551,Equity,NESN,631,159110.8
3091,371,Equity,GOOGL,897,366006.88
3092,1155,ETF,XIC,940,232399.17
3093,2156,Mutual Fund,Global Growth Fund,1993,156282.93
3094,593,Bond,Corp Bond B,74,77429.15
3095,1581,Equity,GOOGL,174,37087.61
3096,1741,Mutual Fund,US Bluechip Fund,1374,51975.65
3097,2097,ETF,SPY,174,67778.86
3098,646,Equity,AMZN,536,36273.74
3099,1908,ETF,QQQ,361,150316.84
3100,1945,Bond,UST 10Y,105,17303.14
3101,1260,Equity,NVDA,407,164564.16
3102,425,Equity,AAPL,216,17696.3
3103,160,ETF,VGK,943,311995.05
3104,1863,Mutual Fund,Global Growth Fund,756,76916.41
3105,223,Bond,UK Gilt 2030,112,107157.1
3106,306,Cash,USD Cash,1,35249.7
3107,2122,Cash,EUR Cash,1,118316.69
3108,1450,Mutual Fund,US Bluechip Fund,486,13619.9
3109,1341,Equity,NESN,878,350968.35
3110,527,Equity,GOOGL,394,55787.46
3111,2128,Equity,TSLA,593,21461.37
3112,1062,Equity,AMZN,336,91566.62
3113,1741,Bond,UK Gilt 2030,99,47198.24
3114,973,Bond,Corp Bond A,18,12456.88
3115,964,Bond,Corp Bond B,79,68288.09
3116,1397,Mutual Fund,Euro Equity Fund,92,6928.92
3117,2237,Equity,TSLA,647,142461.88
3118,1529,Mutual Fund,Global Growth Fund,1076,71281.67
3119,393,Bond,Euro Gov Bond,254,40465.45
3120,663,Equity,NVDA,559,23443.08
3121,1796,Mutual Fund,Balanced Income Fund,1076,94145.9
3122,438,Bond,Euro Gov Bond,154,136447.04
3123,15,Mutual Fund,Balanced Income Fund,2124,66814.98
3124,928,Mutual Fund,Balanced Income Fund,1808,103578.16
3125,2447,Equity,NVDA,917,382813.11
3126,2092,Mutual Fund,Euro Equity Fund,897,50219.02
3127,548,Equity,AAPL,949,426241.82
3128,240,Bond,UK Gilt 2030,277,211996.23
3129,145,Equity,UNH,697,157579.1
3130,1868,Bond,Corp Bond B,146,130581.87
3131,121,ETF,XIC,978,405121.43
3132,1087,Cash,GBP Cash,1,40404.73
3133,1506,Equity,AMZN,640,74723.38
3134,552,Mutual Fund,Global Growth Fund,784,80338.63
3135,2435,Bond,Corp Bond A,166,78259.03
3136,861,Bond,Corp Bond B,101,94339.52
3137,2345,Equity,JPM,531,144736.47
3138,547,Bond,Euro Gov Bond,17,4174.59
3139,2016,Bond,UST 10Y,226,105212.6
3140,2471,Bond,UST 5Y,66,8004.11
3141,105,ETF,XIC,577,157388.02
3142,2423,Equity,NVDA,655,108451.76
3143,1631,Mutual Fund,Euro Equity Fund,2068,168790.87
3144,725,Cash,GBP Cash,1,146961.49
3145,180,Equity,UNH,347,136022.07
3146,679,ETF,QQQ,971,242869.29
3147,891,Bond,UK Gilt 2030,295,251732.33
3148,2031,Equity,TSLA,13,4194.68
3149,1068,Equity,V,506,24381.76
3150,978,Mutual Fund,Balanced Income Fund,2400,266248.37
3151,731,Bond,UK Gilt 2030,65,65971.44
3152,1685,Equity,NESN,697,174010.42
3153,2026,Equity,UNH,488,102559.65
3154,1593,Mutual Fund,Euro Equity Fund,1652,28793.11
3155,2318,ETF,SPY,352,52961.75
3156,1516,Mutual Fund,US Bluechip Fund,2074,110188.74
3157,1251,Mutual Fund,US Bluechip Fund,899,86628.03
3158,363,Bond,Euro Gov Bond,61,20199.52
3159,1630,Equity,MSFT,734,301354.01
3160,2217,Mutual Fund,US Bluechip Fund,403,24209.11
3161,724,ETF,XIC,406,100577.69
3162,1447,Equity,GOOGL,514,19312.79
3163,59,Mutual Fund,Balanced Income Fund,1407,122009.25
3164,2472,Bond,UST 5Y,231,196854.4
3165,1809,Mutual Fund,US Bluechip Fund,442,21870.96
3166,1907,Equity,AAPL,997,34236.52
3167,2015,Mutual Fund,Balanced Income Fund,293,16732.44
3168,2379,Bond,Corp Bond A,15,14574.93
3169,1847,Mutual Fund,Global Growth Fund,1087,72144.35
3170,885,Equity,NESN,660,164957.67
3171,1662,ETF,VTI,266,73877.45
3172,2010,Equity,V,695,204264.25
3173,1672,Equity,AAPL,539,199743.04
3174,1446,ETF,VTI,810,321370.02
3175,887,Equity,TSLA,192,14826.2
3176,1348,Bond,UST 5Y,109,124960.24
3177,712,Bond,UST 10Y,265,170441.96
3178,1888,Cash,USD Cash,1,42345.28
3179,1812,Bond,UST 5Y,143,93102.33
3180,1165,Equity,AAPL,229,15090.27
3181,1221,Mutual Fund,Euro Equity Fund,2423,255275.63
3182,125,Bond,Corp Bond A,246,101941.32
3183,1605,ETF,VTI,491,130231.99
3184,1055,ETF,VGK,130,25059.41
3185,1438,Bond,Corp Bond B,144,18258.94
3186,2097,Equity,JPM,935,148120.33
3187,1337,Equity,GOOGL,255,52520.63
3188,1504,Bond,UST 10Y,216,197513.13
3189,675,Bond,UST 5Y,73,55490.13
3190,415,Equity,JPM,333,142442.59
3191,1795,Equity,JPM,296,107759.37
3192,1865,ETF,QQQ,948,331206.72
3193,265,Bond,Euro Gov Bond,113,14158.82
3194,821,Mutual Fund,Euro Equity Fund,1716,141820.53
3195,1564,Equity,NVDA,724,139871.24
3196,1261,Equity,AAPL,477,178334.09
3197,66,Equity,AAPL,855,253274.64
3198,2355,Bond,Euro Gov Bond,189,113827.27
3199,925,Equity,AMZN,525,231902.98
3200,1663,Mutual Fund,Balanced Income Fund,173,19233.26
3201,1897,Equity,AAPL,916,397664.35
3202,387,Bond,UK Gilt 2030,250,119036.38
3203,1694,ETF,VGK,63,20977.01
3204,798,Equity,TSLA,874,52521.2
3205,656,Bond,Corp Bond B,79,57988.43
3206,1937,Equity,NESN,60,5730.83
3207,1894,ETF,VGK,819,120158.13
3208,1858,Equity,NESN,853,103535
3209,516,Equity,MSFT,546,52439.56
3210,978,Equity,NVDA,709,242970.06
3211,2480,Mutual Fund,US Bluechip Fund,2415,111774.4
3212,1627,Mutual Fund,Balanced Income Fund,1536,85294.59
3213,761,Equity,GOOGL,11,409.55
3214,1579,Equity,NESN,780,269755.37
3215,91,Equity,MSFT,815,175238.11
3216,1493,ETF,VGK,880,73123.48
3217,746,Equity,V,127,48236.36
3218,1017,Mutual Fund,US Bluechip Fund,1151,114503.81
3219,243,Equity,UNH,338,108218.96
3220,936,Mutual Fund,US Bluechip Fund,2207,35607.74
3221,981,ETF,XIC,69,5127.12
3222,1238,Bond,Euro Gov Bond,7,4071.1
3223,621,Equity,NVDA,197,87200.93
3224,835,Bond,UK Gilt 2030,100,40042.23
3225,1086,Mutual Fund,Euro Equity Fund,1801,93154.28
3226,1913,Mutual Fund,Balanced Income Fund,1133,40956.5
3227,1687,Mutual Fund,US Bluechip Fund,805,8122.31
3228,1151,Bond,Euro Gov Bond,58,8613.22
3229,1070,Mutual Fund,US Bluechip Fund,2264,211141.5
3230,479,Bond,UST 5Y,99,48978.22
3231,621,Cash,CAD Cash,1,120818.24
3232,1440,Cash,USD Cash,1,131034.74
3233,1925,Mutual Fund,Balanced Income Fund,625,28876.11
3234,1626,Mutual Fund,Global Growth Fund,795,46618.06
3235,460,ETF,VTI,313,37761.52
3236,1922,Equity,GOOGL,18,688.66
3237,318,Bond,Corp Bond B,135,86899.03
3238,1884,Mutual Fund,Balanced Income Fund,816,15319.18
3239,1333,ETF,QQQ,55,9593.31
3240,2056,ETF,QQQ,785,242511.25
3241,770,Equity,UNH,619,196436.39
3242,2193,ETF,SPY,982,219810.76
3243,925,ETF,SPY,529,85809.68
3244,2482,Equity,V,337,15177.71
3245,354,Mutual Fund,Euro Equity Fund,2412,249235.72
3246,2017,Mutual Fund,Global Growth Fund,2257,178645.73
3247,1963,Equity,V,521,165303.61
3248,2028,Equity,TSLA,211,5760.33
3249,1304,Equity,UNH,273,120440.48
3250,603,Bond,UST 5Y,218,242798.35
3251,1677,ETF,SPY,359,37165.33
3252,1305,ETF,EWU,235,56369.97
3253,2266,ETF,VTI,497,43489.01
3254,1906,Equity,NVDA,113,32188.36
3255,1719,Mutual Fund,Global Growth Fund,700,30808.4
3256,497,Bond,Euro Gov Bond,195,117560.31
3257,1437,Bond,UK Gilt 2030,187,171586.33
3258,262,Bond,Corp Bond A,46,44018.99
3259,1189,ETF,VTI,802,122229.73
3260,1022,Bond,Corp Bond B,165,82677.62
3261,1572,Mutual Fund,Balanced Income Fund,492,14931.91
3262,2281,Equity,JPM,741,119170.66
3263,1269,Mutual Fund,Balanced Income Fund,1332,22255.39
3264,1179,ETF,SPY,771,76205.05
3265,525,ETF,QQQ,187,42673.78
3266,1092,Equity,UNH,784,64573.34
3267,1150,Mutual Fund,Global Growth Fund,1171,79130.9
3268,1365,ETF,EWU,740,127816.93
3269,2237,Bond,UST 10Y,15,8695.2
3270,1302,ETF,VTI,938,394942.99
3271,2422,Equity,TSLA,244,63628.68
3272,1099,Bond,Euro Gov Bond,46,31851.78
3273,940,ETF,VGK,618,179085.5
3274,1485,Mutual Fund,Global Growth Fund,1180,85073.85
3275,794,Equity,NVDA,914,96017.89
3276,1513,Bond,UST 5Y,110,53234.32
3277,333,Mutual Fund,US Bluechip Fund,559,31021.24
3278,1202,Mutual Fund,US Bluechip Fund,124,11132.21
3279,2355,ETF,QQQ,719,200220.26
3280,397,Bond,Corp Bond A,238,89384.41
3281,2469,Cash,CAD Cash,1,81126.1
3282,27,Equity,AAPL,359,100986.23
3283,2366,ETF,EWU,172,55270.84
3284,1848,Bond,UK Gilt 2030,84,95081.64
3285,725,ETF,QQQ,396,123282.5
3286,725,Cash,EUR Cash,1,22125.94
3287,262,Cash,EUR Cash,1,62498.74
3288,951,Equity,V,822,315617.66
3289,2495,Mutual Fund,US Bluechip Fund,552,27346.7
3290,1466,Mutual Fund,Global Growth Fund,2498,215819.53
3291,1760,Equity,TSLA,511,121705.08
3292,2002,ETF,EWU,801,111321.34
3293,819,Equity,TSLA,196,83707.75
3294,2498,Equity,NVDA,948,180416.52
3295,1647,ETF,QQQ,550,153824.9
3296,88,Mutual Fund,Balanced Income Fund,2397,119837.88
3297,1591,Cash,USD Cash,1,31178.13
3298,930,Equity,TSLA,558,78654.28
3299,2455,Bond,Corp Bond B,154,134365.47
3300,228,Equity,AAPL,498,82115.94
3301,2012,Mutual Fund,Euro Equity Fund,1289,46495.91
3302,2007,Equity,TSLA,393,166006.05
3303,573,ETF,VGK,287,17827.05
3304,200,ETF,VTI,439,115347.1
3305,1893,Equity,NVDA,636,132958.71
3306,2039,Mutual Fund,Euro Equity Fund,1910,89695.24
3307,574,Equity,GOOGL,361,149456.77
3308,1142,Mutual Fund,US Bluechip Fund,2103,115896.82
3309,1483,Bond,UK Gilt 2030,81,10293.65
3310,2089,Equity,V,261,30846.55
3311,1341,Equity,V,214,7726.55
3312,1104,Equity,NVDA,63,16698.24
3313,853,Mutual Fund,Global Growth Fund,1548,95581.06
3314,1467,Mutual Fund,US Bluechip Fund,2255,91171.18
3315,873,Bond,UST 10Y,73,81354.79
3316,286,Equity,NVDA,37,14635.22
3317,1536,Equity,UNH,48,14876.15
3318,2256,ETF,VTI,936,274890.04
3319,1684,Mutual Fund,Balanced Income Fund,254,2319.97
3320,2144,Mutual Fund,US Bluechip Fund,2454,263595.86
3321,215,Mutual Fund,US Bluechip Fund,150,8068.35
3322,137,Equity,MSFT,127,17015.72
3323,121,Equity,V,169,36430.96
3324,1512,Equity,NVDA,741,66695.63
3325,1553,Bond,UST 5Y,91,99785.71
3326,1353,Equity,NVDA,481,144065.51
3327,583,Cash,GBP Cash,1,32260.57
3328,859,Equity,AMZN,105,43590.81
3329,1442,Bond,Euro Gov Bond,256,82866.01
3330,2284,Equity,V,743,56652.41
3331,678,Equity,MSFT,130,16854.85
3332,1269,Mutual Fund,Global Growth Fund,1730,95954.26
3333,246,Equity,V,645,152907.49
3334,1583,Equity,UNH,277,103735.89
3335,503,Cash,CAD Cash,1,77188.42
3336,420,Equity,NESN,801,130408.84
3337,77,ETF,SPY,83,5346.04
3338,535,Bond,Corp Bond B,286,260554.42
3339,530,Bond,Euro Gov Bond,235,146162.86
3340,2312,ETF,XIC,204,44811.79
3341,143,Equity,NVDA,664,215383.92
3342,1298,Bond,Corp Bond B,54,63629.38
3343,392,Equity,NVDA,421,24049.47
3344,886,ETF,XIC,909,78410.78
3345,778,ETF,EWU,926,230249.28
3346,102,Equity,V,987,247402.68
3347,1796,Bond,UST 5Y,129,43198.08
3348,684,Equity,GOOGL,397,114963.15
3349,2235,Cash,USD Cash,1,144708.61
3350,503,Mutual Fund,US Bluechip Fund,890,60528.32
3351,2466,Equity,AAPL,208,68117.96
3352,831,Equity,GOOGL,507,119922.04
3353,1444,Mutual Fund,Euro Equity Fund,1322,118237.07
3354,832,Equity,AMZN,107,42122.5
3355,1801,Equity,NVDA,446,114236.86
3356,1613,ETF,QQQ,872,314098.83
3357,1118,Equity,V,581,257424.63
3358,1696,Bond,UST 10Y,80,92152.65
3359,840,ETF,SPY,951,173240.52
3360,1297,Equity,V,671,30632
3361,222,Bond,UK Gilt 2030,78,85174.6
3362,1014,Mutual Fund,US Bluechip Fund,989,116572.33
3363,277,Mutual Fund,US Bluechip Fund,1768,181166.05
3364,1693,Equity,V,26,11595.64
3365,18,Mutual Fund,US Bluechip Fund,857,25408.25
3366,1908,ETF,VGK,117,52332.17
3367,1191,Equity,GOOGL,417,161252.5
3368,2045,Mutual Fund,Global Growth Fund,1021,102275.39
3369,1997,Equity,NVDA,516,106834.49
3370,2064,Cash,EUR Cash,1,60572.64
3371,235,ETF,SPY,120,24201.11
3372,2426,Mutual Fund,US Bluechip Fund,1763,193493.31
3373,1176,Equity,NESN,487,104519.74
3374,1768,Cash,EUR Cash,1,26896.01
3375,32,ETF,QQQ,587,67343.74
3376,587,Bond,Corp Bond A,233,81835.67
3377,1179,Cash,GBP Cash,1,20141.02
3378,1628,ETF,SPY,836,105065.81
3379,1732,Bond,Corp Bond B,22,15404.43
3380,973,Mutual Fund,Balanced Income Fund,167,6456.94
3381,2453,Equity,NVDA,38,10392.83
3382,1586,Equity,AMZN,420,135863.3
3383,892,Equity,AAPL,349,7398.67
3384,1505,ETF,EWU,770,278857.37
3385,202,ETF,VGK,382,164271.97
3386,1939,Equity,UNH,499,53931.61
3387,1854,Mutual Fund,US Bluechip Fund,1837,114904.26
3388,2267,Equity,GOOGL,383,104622.9
3389,1577,ETF,VGK,350,121683.46
3390,2078,ETF,XIC,798,16223.13
3391,1243,ETF,SPY,110,47161.61
3392,347,Equity,NVDA,446,106591.83
3393,2426,Bond,Corp Bond A,37,25891.09
3394,627,Equity,TSLA,26,3763.73
3395,1619,Equity,MSFT,359,111259.44
3396,1793,ETF,XIC,39,16267.26
3397,1378,Equity,NESN,338,11375.04
3398,1369,Mutual Fund,US Bluechip Fund,2021,41793.27
3399,1379,Mutual Fund,Global Growth Fund,1640,169406.88
3400,2126,Equity,JPM,195,30399.11
3401,1076,Mutual Fund,Balanced Income Fund,531,24755.98
3402,1646,ETF,SPY,99,2585.35
3403,1492,Mutual Fund,Balanced Income Fund,145,12599.13
3404,1115,ETF,SPY,801,84514.15
3405,2425,Equity,UNH,416,67235.53
3406,2332,Equity,UNH,302,120942.51
3407,203,ETF,VGK,215,5863.02
3408,324,Equity,TSLA,595,38057.65
3409,1360,Equity,AMZN,157,38885.29
3410,1833,ETF,VGK,349,43364.61
3411,119,Mutual Fund,Euro Equity Fund,372,27409.73
3412,580,ETF,XIC,91,1985.9
3413,319,Equity,UNH,73,23368.02
3414,2455,ETF,QQQ,679,107579.73
3415,135,Mutual Fund,Global Growth Fund,379,44249.34
3416,43,Mutual Fund,US Bluechip Fund,288,8672.7
3417,600,Bond,UST 10Y,147,149722.65
3418,1230,Equity,V,506,48276.87
3419,860,Equity,NVDA,611,260017.12
3420,2414,Equity,TSLA,833,172638.2
3421,649,Equity,NESN,227,88846.4
3422,1247,Bond,Corp Bond B,231,266343.3
3423,1028,ETF,VTI,157,19930.46
3424,1300,ETF,SPY,896,160367.12
3425,547,Equity,NVDA,921,309974.72
3426,1852,Equity,NVDA,700,196098.1
3427,634,ETF,QQQ,343,75213.46
3428,915,Equity,GOOGL,871,119075.41
3429,1551,Equity,UNH,185,10415.92
3430,2463,Mutual Fund,US Bluechip Fund,84,7803.52
3431,468,Mutual Fund,Balanced Income Fund,558,10679.59
3432,831,Mutual Fund,US Bluechip Fund,1275,96326.83
3433,172,Equity,AMZN,306,93901.43
3434,407,ETF,VTI,378,43026.26
3435,329,Bond,Corp Bond B,283,193375.76
3436,1039,Cash,USD Cash,1,123944.15
3437,1788,Equity,AAPL,645,178721.59
3438,830,Mutual Fund,Global Growth Fund,1901,49057.62
3439,1173,ETF,XIC,467,165109.9
3440,466,ETF,XIC,143,5462.71
3441,2044,Equity,TSLA,223,33048.5
3442,953,Mutual Fund,Balanced Income Fund,204,18073.89
3443,1632,Equity,TSLA,757,314854.06
3444,2349,ETF,SPY,88,32643.37
3445,2473,Equity,UNH,786,75849.24
3446,642,Cash,GBP Cash,1,127366.18
3447,65,Cash,USD Cash,1,54735.02
3448,1766,Cash,EUR Cash,1,130109.18
3449,1253,ETF,VTI,976,78013.24
3450,204,Equity,V,822,131733.98
3451,361,Mutual Fund,Global Growth Fund,1076,31123.81
3452,255,Equity,V,85,35276.08
3453,1890,Cash,GBP Cash,1,147738.41
3454,288,Bond,UST 10Y,30,6670.19
3455,2162,Equity,NESN,743,20638.15
3456,127,Equity,JPM,974,361769.11
3457,1154,Mutual Fund,Balanced Income Fund,2323,263786.13
3458,2145,Equity,UNH,664,62412.26
3459,2432,ETF,QQQ,469,165687.86
3460,2465,ETF,VGK,247,43050.48
3461,2105,Mutual Fund,Euro Equity Fund,746,50126.67
3462,1790,Bond,Corp Bond B,44,49123.17
3463,1218,Equity,V,884,354934.67
3464,2285,Bond,Corp Bond B,140,128167.1
3465,840,Bond,Corp Bond B,24,24074.59
3466,2195,Mutual Fund,Euro Equity Fund,1000,73452.69
3467,172,Cash,USD Cash,1,15698.64
3468,2297,ETF,VTI,99,26384.6
3469,554,Bond,Euro Gov Bond,215,93267.23
3470,1170,Equity,AMZN,341,128265.61
3471,598,Equity,V,339,49607.71
3472,1503,Equity,TSLA,780,338007.34
3473,594,ETF,VTI,840,329211.84
3474,2006,Bond,Corp Bond A,37,44246.75
3475,1995,Mutual Fund,Global Growth Fund,1808,85972.78
3476,1307,Equity,NESN,430,109359.81
3477,558,Mutual Fund,Global Growth Fund,701,19970.49
3478,1021,Equity,NVDA,882,331239.29
3479,644,ETF,XIC,528,137393.57
3480,1617,Equity,V,585,229184.45
3481,1280,Equity,AAPL,735,225378.87
3482,1094,Cash,USD Cash,1,94769.44
3483,1341,Equity,JPM,647,215841.5
3484,556,ETF,VTI,352,101077.77
3485,2372,ETF,SPY,73,26745.85
3486,1113,Equity,UNH,705,118196.34
3487,1078,Bond,UST 10Y,283,241269.11
3488,450,Equity,TSLA,26,9472.97
3489,2024,ETF,VGK,483,124151.36
3490,1535,ETF,SPY,762,221956.27
3491,2426,Equity,GOOGL,754,256772.97
3492,1828,Bond,UK Gilt 2030,250,155068.53
3493,1700,Equity,V,140,26084.85
3494,1406,Equity,MSFT,757,147344.51
3495,2164,Bond,UST 10Y,118,127346.73
3496,1127,Mutual Fund,Global Growth Fund,504,24755.63
3497,176,Bond,Corp Bond B,80,21666.52
3498,1825,Bond,UK Gilt 2030,202,219016.13
3499,1870,Bond,UK Gilt 2030,9,5091.11
3500,756,Equity,TSLA,414,97593.83
3501,877,Bond,Euro Gov Bond,216,177795.76
3502,2192,ETF,VGK,745,27123.69
3503,1510,Bond,UK Gilt 2030,274,22389.22
3504,1163,Bond,UST 10Y,204,179992.91
3505,239,Mutual Fund,Balanced Income Fund,1348,58577.82
3506,1392,Equity,TSLA,748,151878.21
3507,961,Mutual Fund,Balanced Income Fund,2134,30079.31
3508,834,Mutual Fund,US Bluechip Fund,2472,261024.74
3509,1959,ETF,SPY,233,45278.95
3510,2480,Equity,TSLA,229,14204.57
3511,366,Mutual Fund,Balanced Income Fund,2119,149060.72
3512,1680,Bond,Corp Bond B,160,59743.19
3513,152,Equity,NVDA,499,138747.79
3514,672,Equity,UNH,824,195186.86
3515,2388,Mutual Fund,Euro Equity Fund,981,55273.81
3516,2048,Equity,AAPL,244,41745.14
3517,1106,ETF,XIC,615,63390.34
3518,513,Mutual Fund,Balanced Income Fund,130,15485.99
3519,2174,Equity,NESN,727,263442.16
3520,1796,Mutual Fund,Balanced Income Fund,700,66971.53
3521,1000,ETF,VTI,800,252216.2
3522,606,Mutual Fund,Balanced Income Fund,62,6384.71
3523,1570,ETF,VGK,102,32347.81
3524,2237,Bond,UST 10Y,37,4164.63
3525,692,Equity,AAPL,787,130576.35
3526,2009,Bond,UST 5Y,293,106314.59
3527,1786,Equity,V,740,135173.12
3528,2328,ETF,SPY,941,335835.31
3529,2066,Cash,GBP Cash,1,56686.24
3530,2484,Mutual Fund,Euro Equity Fund,850,99358.79
3531,636,Equity,V,894,314531.76
3532,1090,Bond,UST 5Y,63,75536.49
3533,1903,Mutual Fund,US Bluechip Fund,2121,105658.32
3534,1379,ETF,QQQ,114,47753.24
3535,923,ETF,XIC,153,21596.97
3536,639,Equity,TSLA,438,28904.24
3537,904,Mutual Fund,Balanced Income Fund,2155,97475.92
3538,1439,Bond,Corp Bond B,270,201992.68
3539,2254,Bond,UST 5Y,230,93113.35
3540,1026,Equity,JPM,580,191726.38
3541,1835,Equity,NESN,668,139189.62
3542,1573,ETF,SPY,711,61323.21
3543,2316,Mutual Fund,Euro Equity Fund,1106,109008.96
3544,1738,Mutual Fund,Euro Equity Fund,985,59295.35
3545,2314,ETF,VGK,205,15682.08
3546,610,ETF,QQQ,590,185414.93
3547,912,ETF,EWU,570,52530.1
3548,518,Equity,GOOGL,649,157561.33
3549,130,Equity,MSFT,564,68722.55
3550,319,Equity,UNH,697,99555.28
3551,1139,Cash,GBP Cash,1,112975.31
3552,1321,Bond,Corp Bond B,74,58680.01
3553,2241,Mutual Fund,Euro Equity Fund,449,25577.8
3554,1676,Equity,TSLA,979,246792.52
3555,2356,ETF,VTI,900,255608.62
3556,1695,Equity,GOOGL,279,47113.22
3557,704,Equity,AAPL,527,125624.21
3558,1843,Equity,JPM,336,35240.53
3559,1979,Bond,Corp Bond B,183,173424.73
3560,1956,Equity,NESN,870,92202.69
3561,542,Bond,UST 10Y,242,81370.71
3562,197,ETF,VGK,751,266833.31
3563,770,Bond,UK Gilt 2030,62,64015.98
3564,1943,Cash,EUR Cash,1,16106.25
3565,41,ETF,SPY,342,106721.43
3566,1453,ETF,QQQ,929,213744.38
3567,98,Equity,NVDA,819,114538.83
3568,359,Cash,CAD Cash,1,64513.4
3569,1519,Mutual Fund,US Bluechip Fund,37,3984.57
3570,779,ETF,VGK,244,45180.94
3571,2317,Mutual Fund,Global Growth Fund,1410,12845.82
3572,21,Equity,NVDA,707,216059.61
3573,350,Mutual Fund,Global Growth Fund,1618,139656.48
3574,1486,Bond,UST 10Y,118,133272.07
3575,1402,Equity,MSFT,850,290516.27
3576,2164,Equity,GOOGL,316,137871.76
3577,2018,ETF,VGK,809,344075.42
3578,188,Equity,TSLA,296,124650.98
3579,2041,Equity,NESN,209,50048.39
3580,1570,Bond,UK Gilt 2030,25,13078.86
3581,2173,Equity,AMZN,177,45291.63
3582,2211,Equity,AAPL,549,118350.44
3583,336,ETF,QQQ,316,57761.61
3584,2335,Equity,NESN,70,29140.75
3585,2068,Equity,AMZN,259,55776.66
3586,1300,ETF,VGK,333,7309.3
3587,185,Bond,UST 5Y,22,25336.1
3588,2029,Mutual Fund,Euro Equity Fund,1226,64895.47
3589,113,ETF,EWU,418,83191.98
3590,1216,ETF,SPY,454,195194.71
3591,1759,Equity,MSFT,943,405455.25
3592,16,Equity,GOOGL,455,72118.06
3593,1781,Mutual Fund,Global Growth Fund,377,10164.42
3594,311,Bond,Euro Gov Bond,130,54713.75
3595,1195,Mutual Fund,Balanced Income Fund,1684,43308.65
3596,1926,Equity,MSFT,956,156627.96
3597,1306,Bond,UST 5Y,262,283907.17
3598,283,ETF,VGK,118,11970.29
3599,2283,Equity,JPM,372,135099.84
3600,2149,Mutual Fund,Balanced Income Fund,2244,130958.03
3601,343,ETF,EWU,955,407828.82
3602,1429,Mutual Fund,Euro Equity Fund,2216,217900.36
3603,29,Bond,UST 10Y,292,145040.18
3604,1940,Bond,UK Gilt 2030,45,16435.7
3605,1001,Equity,AMZN,399,159972.25
3606,1102,Bond,Corp Bond A,17,16855.46
3607,1760,Cash,CAD Cash,1,92150.04
3608,2300,Mutual Fund,Global Growth Fund,1573,173351.55
3609,1964,Equity,NVDA,984,149549.94
3610,2362,ETF,EWU,313,121934.47
3611,1759,Equity,UNH,395,111345.67
3612,85,Bond,Euro Gov Bond,116,113596.26
3613,1193,Mutual Fund,US Bluechip Fund,839,21085.81
3614,1694,ETF,VTI,620,197308.21
3615,62,Mutual Fund,Global Growth Fund,1963,105561.51
3616,1361,Equity,GOOGL,805,240140.99
3617,2128,Mutual Fund,Global Growth Fund,2355,208743.34
3618,1260,Bond,Corp Bond B,264,258938.92
3619,520,Cash,EUR Cash,1,65652.87
3620,397,Bond,Corp Bond A,40,7057.76
3621,2202,Bond,UST 5Y,234,203103.62
3622,329,ETF,QQQ,310,135508.25
3623,348,Bond,UST 10Y,83,98817.93
3624,1299,Cash,USD Cash,1,31057.19
3625,2404,ETF,VTI,160,62254.02
3626,1527,Bond,UK Gilt 2030,211,210476.88
3627,264,Mutual Fund,Euro Equity Fund,1403,87137.72
3628,973,Equity,MSFT,999,335843.93
3629,2470,Equity,NVDA,194,31588.9
3630,11,ETF,QQQ,594,138296.27
3631,473,Mutual Fund,Global Growth Fund,2027,39016.78
3632,303,Mutual Fund,US Bluechip Fund,1797,67233.88
3633,1492,Cash,EUR Cash,1,53941.52
3634,1284,Bond,UST 5Y,23,19748.65
3635,971,Bond,UK Gilt 2030,119,85010.14
3636,1836,Mutual Fund,Balanced Income Fund,2464,114191.56
3637,502,Equity,TSLA,152,19039.71
3638,1994,Equity,JPM,149,66215.21
3639,163,Mutual Fund,Euro Equity Fund,1411,105201.46
3640,2065,Equity,AAPL,63,5429.52
3641,2408,Equity,V,263,66046.03
3642,1825,Mutual Fund,US Bluechip Fund,224,22517.43
3643,895,Bond,Corp Bond A,72,72328.61
3644,1436,Mutual Fund,US Bluechip Fund,1768,169143.22
3645,1233,ETF,QQQ,983,360854.34
3646,1350,ETF,VTI,126,51264.57
3647,549,ETF,VGK,409,107792.02
3648,1679,Cash,USD Cash,1,9257.35
3649,1039,ETF,QQQ,543,207546.63
3650,495,Equity,TSLA,34,13035
3651,804,Equity,AAPL,818,81826.9
3652,115,Bond,UST 5Y,112,100979.58
3653,176,ETF,SPY,399,124357.26
3654,1414,Equity,V,36,10036.94
3655,95,ETF,VGK,989,204650.05
3656,333,Equity,TSLA,458,39150.87
3657,1175,Mutual Fund,Balanced Income Fund,193,7735.95
3658,1859,Equity,UNH,54,12894.68
3659,1138,Equity,JPM,894,307429.98
3660,2242,Bond,UK Gilt 2030,207,243121.12
3661,544,ETF,QQQ,372,128312.77
3662,1161,Bond,UK Gilt 2030,95,83431.2
3663,199,Mutual Fund,Global Growth Fund,129,9049.64
3664,1683,Equity,NVDA,162,54645.58
3665,1005,Equity,NVDA,130,2635.83
3666,2,Equity,JPM,381,9120.62
3667,1579,Cash,EUR Cash,1,101374.94
3668,915,ETF,VGK,619,116163.25
3669,1439,Equity,AAPL,640,38917.02
3670,1902,Equity,MSFT,766,67720.47
3671,2202,Equity,GOOGL,823,185226.96
3672,1999,Mutual Fund,Euro Equity Fund,2338,206389.36
3673,1200,Mutual Fund,US Bluechip Fund,1084,124288.06
3674,525,Equity,JPM,672,20869.66
3675,803,Mutual Fund,Global Growth Fund,697,69508.63
3676,2192,ETF,SPY,253,89242.81
3677,1093,ETF,VTI,118,8266.78
3678,520,Bond,UST 5Y,247,77177.13
3679,1997,Equity,UNH,710,187272.76
3680,1134,Mutual Fund,Global Growth Fund,288,4180.91
3681,2353,ETF,SPY,281,62487.32
3682,2161,ETF,QQQ,625,156459.11
3683,2303,Equity,TSLA,785,246288.32
3684,2021,ETF,SPY,245,101452.35
3685,1273,Mutual Fund,US Bluechip Fund,816,6999.72
3686,551,Equity,TSLA,863,360418.45
3687,496,Equity,UNH,45,10210.32
3688,414,Bond,Euro Gov Bond,255,57705.29
3689,1350,Mutual Fund,US Bluechip Fund,231,22187.06
3690,1909,Mutual Fund,Balanced Income Fund,2306,235241.17
3691,333,Bond,Euro Gov Bond,153,176079.26
3692,1311,Equity,TSLA,941,382861.93
3693,1581,Mutual Fund,US Bluechip Fund,773,78268.54
3694,975,Mutual Fund,Global Growth Fund,2162,68764.55
3695,286,Equity,JPM,635,283373.52
3696,1155,Mutual Fund,US Bluechip Fund,2391,32250.98
3697,183,ETF,VGK,496,216422.97
3698,2042,Equity,NVDA,156,45171.59
3699,1359,ETF,QQQ,415,127678.92
3700,2028,Bond,UST 10Y,217,220532.51
3701,2008,Equity,V,459,77494.43
3702,274,Cash,USD Cash,1,64107.81
3703,281,ETF,XIC,644,151966.23
3704,529,Equity,MSFT,234,18660.14
3705,741,Equity,V,884,161556.58
3706,1910,Equity,V,704,203644.52
3707,765,Equity,TSLA,387,114017.44
3708,2094,Bond,UST 10Y,255,60759.43
3709,750,Cash,GBP Cash,1,91041.57
3710,1503,Equity,V,82,16079.71
3711,1058,Mutual Fund,Balanced Income Fund,1501,167798.72
3712,151,Equity,NESN,71,30722.48
3713,1225,Mutual Fund,Balanced Income Fund,2112,152350.96
3714,266,Equity,GOOGL,522,173958.51
3715,583,Equity,GOOGL,815,150078.91
3716,12,ETF,VTI,117,14730.45
3717,2059,Equity,JPM,195,17465.2
3718,1792,Mutual Fund,Balanced Income Fund,1636,140971.01
3719,809,Equity,NESN,653,283873.37
3720,813,Cash,EUR Cash,1,106728.13
3721,2040,Equity,MSFT,453,61967.95
3722,547,Equity,NESN,198,47715.96
3723,1969,Mutual Fund,Balanced Income Fund,711,27491.36
3724,397,Bond,UK Gilt 2030,167,27806.05
3725,2400,Equity,TSLA,226,61997.8
3726,2281,Mutual Fund,Balanced Income Fund,990,74225.29
3727,1165,ETF,EWU,276,29455.55
3728,1952,Equity,NESN,318,50260.88
3729,523,Mutual Fund,Balanced Income Fund,1895,106781.12
3730,1659,Equity,NESN,857,163437.57
3731,523,Mutual Fund,Global Growth Fund,1601,134654.06
3732,1711,Cash,GBP Cash,1,34151.91
3733,1828,Bond,UK Gilt 2030,246,246809.01
3734,159,ETF,SPY,681,81990.84
3735,223,Equity,NVDA,369,108079.36
3736,1994,Equity,AAPL,332,53324.59
3737,881,Bond,Euro Gov Bond,98,45744.77
3738,1275,Mutual Fund,US Bluechip Fund,1044,122522.99
3739,1870,Equity,NESN,11,556.55
3740,130,Mutual Fund,Global Growth Fund,241,24901.64
3741,178,Equity,NESN,732,90693.06
3742,681,Mutual Fund,US Bluechip Fund,2220,72897.05
3743,2411,Equity,V,870,216137.46
3744,2445,Equity,TSLA,523,155758.52
3745,1003,ETF,QQQ,138,34761.02
3746,1050,ETF,EWU,727,228588.78
3747,895,Equity,AAPL,399,107579.73
3748,1115,ETF,SPY,349,140883.19
3749,1182,Equity,V,36,7588.16
3750,2197,Bond,UST 10Y,154,50028.91
3751,359,Bond,Corp Bond B,246,84528.45
3752,1130,Bond,Corp Bond A,130,150343.82
3753,1635,Mutual Fund,Balanced Income Fund,2192,71593.48
3754,1696,Equity,AAPL,423,178660.96
3755,544,ETF,VGK,362,53833.41
3756,1451,Bond,UST 10Y,18,3523.34
3757,1925,Mutual Fund,Euro Equity Fund,1640,149012.47
3758,1954,Equity,NESN,542,202822.15
3759,1888,Equity,GOOGL,390,83920.25
3760,2122,Bond,Corp Bond B,83,65603.86
3761,2084,Mutual Fund,Global Growth Fund,1965,132845.43
3762,1797,Cash,EUR Cash,1,81459.48
3763,818,Mutual Fund,Global Growth Fund,2086,90220.26
3764,1824,Equity,V,859,203091.64
3765,1760,Mutual Fund,US Bluechip Fund,1929,61959.38
3766,1117,ETF,QQQ,245,37500.6
3767,2025,Equity,NVDA,534,89285.13
3768,1920,Mutual Fund,US Bluechip Fund,433,48246.51
3769,1146,Bond,UK Gilt 2030,136,127011.15
3770,1104,Bond,UK Gilt 2030,229,194914.35
3771,2391,Equity,AAPL,847,245127.15
3772,1736,Bond,UST 10Y,117,104650.3
3773,827,Bond,Corp Bond A,182,101501.01
3774,1143,Mutual Fund,US Bluechip Fund,1857,36044.65
3775,1001,Bond,UST 5Y,164,142959.84
3776,994,Equity,MSFT,694,285462.97
3777,1006,Bond,Corp Bond A,267,65656.17
3778,375,Mutual Fund,US Bluechip Fund,305,29181.62
3779,354,Equity,TSLA,963,214494.8
3780,205,Mutual Fund,US Bluechip Fund,70,7318.75
3781,1332,ETF,SPY,692,120592.36
3782,1213,Bond,UST 10Y,108,32465.79
3783,1231,Equity,UNH,38,14491.22
3784,927,ETF,SPY,604,232131.52
3785,2040,ETF,VTI,222,57916.17
3786,657,Bond,Corp Bond A,236,71597.17
3787,302,Equity,JPM,709,28295.95
3788,1571,ETF,XIC,866,359072.76
3789,1518,Mutual Fund,Global Growth Fund,1724,86932.63
3790,1357,Equity,TSLA,583,131740.29
3791,603,Equity,NESN,456,98067.43
3792,215,Bond,Euro Gov Bond,247,24781.51
3793,1472,Bond,Euro Gov Bond,13,4465.12
3794,1186,Equity,GOOGL,204,7321.12
3795,22,Mutual Fund,Euro Equity Fund,172,15033.08
3796,1623,Equity,V,698,210867.82
3797,1911,Bond,UST 10Y,62,30606.01
3798,2247,Mutual Fund,Global Growth Fund,270,13199.25
3799,2084,Equity,JPM,464,23266.03
3800,676,ETF,EWU,833,163799.18
3801,2487,Cash,GBP Cash,1,104199.61
3802,1902,Equity,TSLA,15,5620.54
3803,1229,Bond,Euro Gov Bond,158,170151.48
3804,732,Equity,AMZN,878,89506.28
3805,482,Mutual Fund,Euro Equity Fund,232,21736.62
3806,549,Equity,NESN,204,75778.81
3807,36,Bond,UK Gilt 2030,233,268765.34
3808,1462,Equity,V,275,61908.47
3809,1264,ETF,QQQ,558,145680.25
3810,2254,Equity,AAPL,800,17839.7
3811,725,Bond,UST 5Y,47,46264.03
3812,509,Mutual Fund,Global Growth Fund,2034,40944.16
3813,2282,Equity,NESN,361,146698.25
3814,618,Equity,V,958,165922.9
3815,1273,Equity,V,611,166376.82
3816,352,Bond,Corp Bond B,173,194890.35
3817,2171,ETF,VGK,443,97611.19
3818,2204,Equity,NESN,682,277830.38
3819,2292,Mutual Fund,Euro Equity Fund,2207,185269.09
3820,1046,ETF,QQQ,407,114061.64
3821,442,Equity,AAPL,254,106838.42
3822,750,Bond,UST 10Y,145,83294.87
3823,1316,Equity,TSLA,520,79324.08
3824,1407,Equity,NVDA,219,92658.24
3825,1356,ETF,VTI,728,213753.16
3826,2135,Equity,AAPL,40,12538.19
3827,910,Equity,NESN,369,160961.37
3828,2058,ETF,XIC,928,209759
3829,688,Bond,Corp Bond A,120,22966.29
3830,630,Mutual Fund,Balanced Income Fund,2379,172079.24
3831,941,Cash,USD Cash,1,118663.47
3832,2445,ETF,XIC,914,332917.75
3833,2022,Equity,UNH,510,160892.22
3834,982,Equity,MSFT,111,16809.52
3835,906,Bond,UST 5Y,136,110434.03
3836,2343,Bond,UST 5Y,48,9078.38
3837,927,Mutual Fund,Global Growth Fund,1790,49165.82
3838,1195,Cash,EUR Cash,1,79595.97
3839,444,Equity,TSLA,60,2926.92
3840,2121,Equity,AMZN,161,68157.4
3841,2150,Bond,UST 10Y,98,70651.13
3842,2240,Equity,V,661,231530.32
3843,2493,Bond,Corp Bond B,190,63691.59
3844,1551,ETF,SPY,568,205988.48
3845,236,Equity,GOOGL,37,6553.84
3846,1075,Equity,AAPL,42,12618.91
3847,1759,Equity,TSLA,379,22379.42
3848,1027,Bond,Euro Gov Bond,48,39640
3849,2445,Mutual Fund,US Bluechip Fund,2383,86240.05
3850,110,Bond,Euro Gov Bond,266,90013.88
3851,2240,Equity,NESN,628,179671.17
3852,788,Equity,V,795,300274.85
3853,1444,ETF,SPY,77,2664.63
3854,2040,Equity,TSLA,353,135591.54
3855,231,Mutual Fund,Euro Equity Fund,703,18383.45
3856,26,ETF,EWU,819,92910.17
3857,342,Mutual Fund,US Bluechip Fund,867,68035.22
3858,53,Equity,V,162,22862.7
3859,288,ETF,EWU,737,193599.74
3860,1245,Mutual Fund,Balanced Income Fund,42,615.98
3861,42,Cash,CAD Cash,1,84259.31
3862,2435,Mutual Fund,US Bluechip Fund,2191,252478.22
3863,924,Bond,Euro Gov Bond,61,68044.46
3864,1401,Equity,NESN,276,101576.48
3865,412,Cash,GBP Cash,1,107853.12
3866,2347,Mutual Fund,Euro Equity Fund,1971,99182.7
3867,1688,Mutual Fund,Global Growth Fund,638,58644.71
3868,901,Mutual Fund,Balanced Income Fund,676,6641.73
3869,6,ETF,SPY,69,10679.36
3870,1786,Bond,UK Gilt 2030,72,82081.55
3871,1399,Bond,Corp Bond B,191,221599.45
3872,827,Equity,TSLA,796,171840.44
3873,1049,ETF,VGK,401,19718.7
3874,268,ETF,VGK,383,130859.66
3875,2138,ETF,VGK,721,136233.07
3876,1709,Mutual Fund,Euro Equity Fund,1510,136493.07
3877,1215,Cash,CAD Cash,1,122263.96
3878,1690,Equity,JPM,340,62094.63
3879,1470,Equity,NVDA,272,103963.92
3880,1712,Bond,Euro Gov Bond,172,113781.94
3881,1709,Mutual Fund,Balanced Income Fund,2457,253277.3
3882,86,Equity,JPM,922,150297.27
3883,608,Equity,TSLA,70,14017.12
3884,1261,Mutual Fund,Global Growth Fund,1818,48538.44
3885,587,Bond,UK Gilt 2030,115,104733.68
3886,803,ETF,EWU,315,43238.05
3887,857,Equity,AMZN,469,193800.98
3888,739,ETF,QQQ,971,365713.96
3889,1052,Equity,NVDA,207,48094.8
3890,628,Equity,V,597,262089.59
3891,2243,ETF,VGK,803,202432.49
3892,1604,Bond,UK Gilt 2030,176,160638.43
3893,441,Bond,Corp Bond A,6,5048.01
3894,2490,Equity,V,706,289369.64
3895,1021,Equity,V,908,378081.75
3896,1179,ETF,SPY,731,106328.89
3897,806,ETF,SPY,499,124153.18
3898,2477,Mutual Fund,Euro Equity Fund,499,42784.25
3899,2329,Equity,V,143,20443.05
3900,624,Mutual Fund,Balanced Income Fund,1317,73822.26
3901,2449,Mutual Fund,Euro Equity Fund,2264,147299.32
3902,1635,Equity,NESN,372,83954.39
3903,1032,Bond,Corp Bond A,103,109624.97
3904,1010,Bond,Corp Bond A,159,122716.39
3905,1804,ETF,XIC,193,47364.66
3906,1816,Equity,AMZN,637,165576.79
3907,1760,Bond,UST 5Y,71,57064.52
3908,1506,Bond,UK Gilt 2030,137,11860.25
3909,1527,Bond,Corp Bond B,165,23124.95
3910,2217,Bond,UST 5Y,77,55667.62
3911,755,Mutual Fund,Global Growth Fund,1988,51387.34
3912,279,Equity,UNH,749,60020.97
3913,573,ETF,XIC,737,322742.78
3914,2043,Bond,Corp Bond B,254,165745.3
3915,288,Equity,JPM,895,26513.85
3916,1767,Bond,Corp Bond B,285,309931.28
3917,633,Equity,NESN,275,12660.18
3918,913,Cash,GBP Cash,1,69311.51
3919,2004,ETF,SPY,135,58074.5
3920,1308,Equity,NESN,189,32505.22
3921,290,Equity,AMZN,202,12304.3
3922,1867,Mutual Fund,Euro Equity Fund,1302,114493.08
3923,885,Bond,Euro Gov Bond,172,135572.04
3924,1823,Mutual Fund,Global Growth Fund,365,36853.7
3925,606,ETF,VTI,125,34034.5
3926,399,Cash,CAD Cash,1,103220.83
3927,198,Equity,GOOGL,48,7414.88
3928,1440,Cash,EUR Cash,1,25379.43
3929,1,Equity,TSLA,35,5076.82
3930,565,Equity,GOOGL,621,63505.19
3931,746,Bond,Euro Gov Bond,88,86341.87
3932,2103,Bond,UST 10Y,184,144156.5
3933,888,ETF,SPY,141,40803.63
3934,785,Equity,V,814,247575.51
3935,744,Equity,AAPL,312,67163.44
3936,1560,Equity,NVDA,364,32297.3
3937,1717,Cash,CAD Cash,1,9560.91
3938,111,Equity,NVDA,922,352396.18
3939,334,Mutual Fund,Balanced Income Fund,1307,60757.35
3940,1160,Mutual Fund,Euro Equity Fund,515,5832.35
3941,2333,Cash,EUR Cash,1,8830.83
3942,540,Bond,Corp Bond B,57,15871.34
3943,2055,ETF,SPY,372,78134.38
3944,1733,Equity,AMZN,723,285295.8
3945,61,Equity,MSFT,278,56892.44
3946,1891,Equity,MSFT,261,44163.89
3947,1674,Equity,AAPL,20,720.35
3948,785,Equity,NVDA,862,59121.49
3949,919,ETF,XIC,535,163680.57
3950,2017,Mutual Fund,Balanced Income Fund,1694,94301.88
3951,826,Equity,AAPL,802,105839.54
3952,398,Equity,UNH,821,98155.6
3953,1581,Equity,AMZN,349,13185.04
3954,667,Equity,V,639,176657.05
3955,544,Equity,JPM,131,58056.81
3956,2378,ETF,VGK,341,104452.32
3957,134,Bond,Euro Gov Bond,42,21814.77
3958,2340,Mutual Fund,Balanced Income Fund,362,16077.39
3959,42,Cash,GBP Cash,1,144908.83
3960,2367,Equity,GOOGL,978,73654.87
3961,661,Bond,UK Gilt 2030,247,97818.45
3962,2366,Cash,CAD Cash,1,102549.87
3963,306,Mutual Fund,Euro Equity Fund,688,46086.87
3964,1834,ETF,XIC,229,47285.36
3965,1942,Mutual Fund,Global Growth Fund,1282,144479.11
3966,1874,Bond,UST 10Y,181,71908.25
3967,23,Equity,NVDA,978,76590.99
3968,408,Equity,NVDA,84,35789
3969,906,Equity,AMZN,555,180095.79
3970,714,Bond,UK Gilt 2030,272,211809.52
3971,2050,Bond,UST 5Y,237,208855.47
3972,2010,Mutual Fund,Balanced Income Fund,727,31455.35
3973,402,ETF,VGK,1000,182061.11
3974,2002,Bond,UST 5Y,25,12368.51
3975,594,Equity,AAPL,15,2418.01
3976,2245,ETF,XIC,735,224221.43
3977,505,Mutual Fund,Global Growth Fund,1149,134295.78
3978,79,ETF,SPY,97,2538.21
3979,718,Equity,MSFT,929,184271.19
3980,1339,Equity,MSFT,444,153063.08
3981,1333,Mutual Fund,Balanced Income Fund,1850,151479.54
3982,303,ETF,SPY,286,84860.98
3983,761,Equity,TSLA,55,4014.51
3984,959,Mutual Fund,Balanced Income Fund,1010,20618.84
3985,559,Equity,JPM,43,16100.03
3986,2359,Bond,UST 10Y,220,95092.61
3987,1167,Bond,UST 10Y,266,46404.58
3988,1671,Bond,UST 5Y,96,90992.79
3989,4,Equity,AAPL,998,233622.06
3990,2473,Mutual Fund,US Bluechip Fund,2433,72162.33
3991,756,Equity,JPM,301,48268.34
3992,1098,Equity,UNH,818,153262.52
3993,915,Equity,NVDA,517,219315.95
3994,487,Mutual Fund,Euro Equity Fund,202,20621.1
3995,932,Bond,Euro Gov Bond,38,18036.03
3996,1863,Equity,GOOGL,994,279887.83
3997,1958,Mutual Fund,Euro Equity Fund,2401,89544.44
3998,1176,ETF,VTI,442,95612.45
3999,881,Equity,JPM,224,96014.1
4000,1682,Mutual Fund,Euro Equity Fund,1710,140723.24
4001,971,Equity,GOOGL,600,201794.38
4002,1254,Mutual Fund,Euro Equity Fund,509,60064.26
4003,1038,ETF,SPY,384,54920.15
4004,14,ETF,VTI,19,7288.33
4005,2420,Equity,V,476,130397.25
4006,2441,Bond,UST 10Y,239,242139.37
4007,2149,Bond,Corp Bond A,123,40962.51
4008,1213,ETF,EWU,584,46382.01
4009,579,Bond,Euro Gov Bond,165,45455.68
4010,116,Cash,GBP Cash,1,73652.25
4011,1413,Cash,USD Cash,1,32444.75
4012,298,ETF,SPY,937,287287.9
4013,788,Equity,MSFT,73,26055.05
4014,1292,ETF,XIC,439,160376.26
4015,921,Bond,UST 5Y,91,80078.76
4016,1822,Bond,Corp Bond A,166,71603.82
4017,1661,Bond,Corp Bond A,295,165171.87
4018,280,Bond,Corp Bond B,206,228200.04
4019,1556,Bond,Euro Gov Bond,190,125255.55
4020,161,Bond,Corp Bond A,12,10426.67
4021,1582,Bond,UST 5Y,62,11918.81
4022,970,Equity,NVDA,83,21723.41
4023,1231,Mutual Fund,Balanced Income Fund,668,43534.8
4024,646,Equity,AAPL,927,116448.94
4025,1055,Equity,AAPL,503,192791.55
4026,196,Mutual Fund,Euro Equity Fund,2289,112095.64
4027,628,Bond,UST 10Y,86,57003.48
4028,36,Cash,CAD Cash,1,9816.72
4029,1638,Mutual Fund,US Bluechip Fund,392,18667.93
4030,1422,Equity,NESN,831,166577.59
4031,1486,Equity,TSLA,174,9140.11
4032,528,Mutual Fund,US Bluechip Fund,1199,36093.5
4033,2291,Bond,Corp Bond A,292,82831.59
4034,1051,ETF,VGK,893,176176
4035,28,Equity,AMZN,495,39254.74
4036,1521,Bond,Corp Bond B,179,162566.85
4037,597,Bond,UK Gilt 2030,181,93251.2
4038,468,Bond,UST 5Y,176,122178.83
4039,281,Bond,Euro Gov Bond,164,145419.8
4040,2486,Mutual Fund,Balanced Income Fund,955,90842.71
4041,2446,Mutual Fund,Global Growth Fund,1982,21854.18
4042,2128,Mutual Fund,Euro Equity Fund,113,8989.32
4043,1036,Bond,UST 10Y,108,73444.69
4044,1948,Mutual Fund,Global Growth Fund,1180,10021.12
4045,739,Mutual Fund,US Bluechip Fund,1329,102852.16
4046,806,Bond,Euro Gov Bond,82,88138.64
4047,933,Bond,UST 10Y,10,2755.48
4048,1560,Mutual Fund,Global Growth Fund,985,105069.43
4049,1622,Equity,V,138,8139.39
4050,1342,Bond,Corp Bond A,20,16803.55
4051,497,ETF,QQQ,487,80498.34
4052,504,Equity,GOOGL,986,133545.19
4053,860,Mutual Fund,Global Growth Fund,1234,144204.84
4054,1304,Equity,AMZN,301,112008.87
4055,2123,Equity,AAPL,783,206472.39
4056,2285,Bond,Euro Gov Bond,8,9133.64
4057,1649,Equity,JPM,617,158784.13
4058,70,Equity,AMZN,243,83556.8
4059,2397,ETF,QQQ,804,221036.44
4060,548,ETF,VTI,362,24817.79
4061,872,Mutual Fund,US Bluechip Fund,357,28261.86
4062,926,ETF,QQQ,582,129965.67
4063,724,Equity,AMZN,142,49178.43
4064,906,ETF,QQQ,936,281006.13
4065,691,Equity,TSLA,266,35004.51
4066,1915,ETF,XIC,67,23912.52
4067,1898,Bond,UK Gilt 2030,201,233880.78
4068,964,Equity,V,784,180564.47
4069,372,Mutual Fund,Euro Equity Fund,594,30863.3
4070,2135,ETF,VGK,393,146828.9
4071,563,Bond,Corp Bond B,122,81054.73
4072,1837,Bond,Corp Bond B,11,2574.48
4073,2084,Mutual Fund,US Bluechip Fund,311,6344.71
4074,981,ETF,VTI,404,178975.98
4075,577,Equity,AMZN,481,98664.89
4076,2206,Equity,MSFT,460,176280.06
4077,1218,Equity,GOOGL,117,5912.78
4078,671,Equity,JPM,380,144280.39
4079,910,Cash,EUR Cash,1,99424.21
4080,2189,Equity,AMZN,998,205820.14
4081,2265,Bond,UST 5Y,165,19334
4082,470,Equity,UNH,661,99966.96
4083,548,Mutual Fund,Euro Equity Fund,1767,80471.34
4084,1828,Bond,Euro Gov Bond,173,203453.04
4085,1821,Equity,NESN,932,23707.42
4086,807,Bond,Corp Bond A,162,58831.39
4087,1138,ETF,QQQ,977,266761.52
4088,484,Equity,MSFT,588,139507.97
4089,1353,Mutual Fund,Euro Equity Fund,787,48380.8
4090,2213,Bond,Corp Bond B,107,103518.89
4091,603,Bond,UST 10Y,281,291780.36
4092,1844,Bond,UST 10Y,153,164502.67
4093,852,ETF,SPY,702,158312.46
4094,1932,Bond,UST 10Y,32,36031.81
4095,459,Bond,UST 5Y,289,131229.85
4096,1488,Bond,Corp Bond A,42,39620.29
4097,1087,Equity,NESN,615,145445.51
4098,896,Bond,Euro Gov Bond,137,79075.62
4099,368,Equity,NVDA,611,131026.67
4100,153,Bond,UST 10Y,292,89844.26
4101,957,Bond,UK Gilt 2030,173,188009.52
4102,2300,ETF,SPY,289,32760.85
4103,837,Bond,UK Gilt 2030,48,45321.68
4104,1332,Equity,MSFT,925,291495.37
4105,416,Equity,UNH,479,113569.49
4106,192,ETF,SPY,213,49949.96
4107,552,Equity,UNH,257,27184.04
4108,228,Mutual Fund,Euro Equity Fund,260,2083.14
4109,2085,Mutual Fund,US Bluechip Fund,2257,118819.29
4110,1862,Equity,TSLA,762,36861.96
4111,2211,Bond,UST 5Y,253,92826.43
4112,55,Bond,Euro Gov Bond,264,176940.22
4113,1692,Cash,CAD Cash,1,28166.17
4114,2029,Bond,Corp Bond A,120,116723.23
4115,1424,Mutual Fund,Balanced Income Fund,1586,34639.41
4116,2067,ETF,EWU,17,7251.32
4117,2051,Equity,AAPL,228,17396.66
4118,1508,Bond,Corp Bond A,269,226670.08
4119,2023,Mutual Fund,Euro Equity Fund,1383,42660.54
4120,2327,Bond,Corp Bond A,141,127705.22
4121,2358,ETF,QQQ,15,1507.17
4122,1894,ETF,VTI,516,85234.87
4123,1059,Equity,MSFT,39,3000.43
4124,2135,Bond,Corp Bond B,230,172689.77
4125,1449,Cash,EUR Cash,1,5978.02
4126,1034,Equity,V,470,117667.94
4127,1570,Equity,TSLA,815,291484.55
4128,153,Equity,V,141,15269.32
4129,1582,Equity,UNH,158,56286.57
4130,1593,Equity,NVDA,817,204581.94
4131,133,Equity,GOOGL,786,45967.23
4132,489,Mutual Fund,Global Growth Fund,896,98342.63
4133,1701,ETF,VTI,922,172586.89
4134,2276,Bond,Corp Bond B,47,25839.77
4135,313,Mutual Fund,Global Growth Fund,354,34863.12
4136,1252,ETF,SPY,953,333171.23
4137,2261,Bond,Corp Bond A,40,42052.86
4138,1806,Cash,GBP Cash,1,66949.23
4139,1351,Bond,UK Gilt 2030,146,83402.38
4140,636,Mutual Fund,Balanced Income Fund,23,1800.44
4141,2236,ETF,VGK,138,40791.05
4142,1155,Bond,Euro Gov Bond,57,20521.18
4143,870,Mutual Fund,Global Growth Fund,255,29182.21
4144,297,Equity,GOOGL,706,284489.01
4145,1360,ETF,VTI,504,152566.79
4146,1733,Bond,UST 5Y,6,3868.12
4147,1711,Cash,CAD Cash,1,120560
4148,2213,Equity,GOOGL,106,4342.57
4149,378,ETF,XIC,986,64421.24
4150,2168,ETF,SPY,313,39785.53
4151,2303,ETF,VTI,10,4413.38
4152,459,Bond,Euro Gov Bond,209,119855.85
4153,1115,Mutual Fund,Global Growth Fund,1409,47642.24
4154,1745,Mutual Fund,Balanced Income Fund,2248,198676.93
4155,2148,Cash,GBP Cash,1,124459.75
4156,1070,Equity,TSLA,447,39003.12
4157,1839,Mutual Fund,Balanced Income Fund,1082,54093.3
4158,771,Bond,Euro Gov Bond,294,348886.2
4159,2332,Equity,GOOGL,131,3807.78
4160,634,ETF,QQQ,929,228308.64
4161,1105,Bond,Euro Gov Bond,208,18125.42
4162,707,Equity,UNH,561,203978.29
4163,143,ETF,VGK,19,4461.99
4164,630,Mutual Fund,Euro Equity Fund,2399,215401.31
4165,2252,ETF,EWU,461,129034
4166,2053,ETF,EWU,806,246311.99
4167,62,ETF,VTI,306,110910.16
4168,90,ETF,QQQ,599,206715.36
4169,894,Mutual Fund,Global Growth Fund,1832,206163.62
4170,43,Equity,MSFT,101,14020.85
4171,1557,Equity,AMZN,958,40547.94
4172,936,Equity,UNH,55,11342.52
4173,2452,Mutual Fund,Euro Equity Fund,1285,15939.97
4174,1719,Equity,GOOGL,156,21688.6
4175,2079,Bond,UK Gilt 2030,250,27501.61
4176,1408,Equity,AMZN,470,50823.57
4177,1169,Mutual Fund,Global Growth Fund,1140,74310.88
4178,2201,Mutual Fund,Euro Equity Fund,1931,153889.11
4179,668,Bond,Euro Gov Bond,184,193806.17
4180,1378,Equity,NVDA,816,304758.97
4181,980,Mutual Fund,Balanced Income Fund,1092,82806.97
4182,769,Bond,Corp Bond A,18,5861.95
4183,434,Equity,TSLA,841,68214.6
4184,2286,Bond,UK Gilt 2030,147,106763.48
4185,35,Bond,UST 10Y,89,60341.79
4186,2330,Bond,Corp Bond A,181,143420.91
4187,2236,Bond,Corp Bond A,40,33602.46
4188,1739,Mutual Fund,Global Growth Fund,1089,117617.94
4189,995,Equity,TSLA,369,30704.78
4190,955,Equity,JPM,42,6869.85
4191,218,Equity,UNH,157,59284.01
4192,1101,Equity,GOOGL,260,41915.51
4193,646,ETF,XIC,630,144153.09
4194,1991,Equity,MSFT,549,103388.56
4195,598,Mutual Fund,Euro Equity Fund,436,51409.17
4196,1776,Equity,TSLA,107,5081.57
4197,316,Equity,AMZN,381,41048.43
4198,1217,Equity,JPM,38,3951.38
4199,745,Bond,Corp Bond A,180,77399.7
4200,218,Equity,AAPL,782,252981.65
4201,1527,Equity,AMZN,682,190776.06
4202,269,Equity,NVDA,134,59936.58
4203,760,Mutual Fund,Euro Equity Fund,1954,229517.51
4204,1013,ETF,VGK,26,1707.41
4205,877,ETF,VTI,928,19124.3
4206,1433,ETF,EWU,477,166111.36
4207,1178,ETF,QQQ,512,56381.29
4208,681,Mutual Fund,Euro Equity Fund,1903,46572.89
4209,2183,ETF,VGK,101,10977.96
4210,1005,ETF,XIC,759,31264.93
4211,469,Bond,UK Gilt 2030,133,71345.38
4212,156,Equity,AMZN,882,286719.99
4213,2269,ETF,QQQ,959,426173.46
4214,1162,Equity,NVDA,407,155146.79
4215,825,Mutual Fund,Balanced Income Fund,296,30950.69
4216,486,ETF,XIC,787,30896.93
4217,71,Mutual Fund,Balanced Income Fund,449,34329.58
4218,914,Bond,UK Gilt 2030,193,65070.39
4219,2006,Equity,AAPL,943,404316.95
4220,162,Bond,UK Gilt 2030,63,61621.92
4221,1407,Mutual Fund,Balanced Income Fund,546,51092.39
4222,2151,Bond,UK Gilt 2030,168,52975.85
4223,2430,Equity,GOOGL,100,37068.66
4224,481,Mutual Fund,Global Growth Fund,2235,56062.83
4225,404,Equity,AAPL,760,224217.9
4226,368,Mutual Fund,US Bluechip Fund,1983,218473
4227,1487,Equity,UNH,722,72396.97
4228,1335,Bond,Corp Bond A,96,66802.75
4229,1910,Mutual Fund,Balanced Income Fund,1419,79019.12
4230,923,ETF,EWU,288,20690.7
4231,890,Mutual Fund,Balanced Income Fund,733,25690.16
4232,2362,Mutual Fund,US Bluechip Fund,2418,167520.4
4233,501,Equity,V,553,79761.74
4234,2357,Bond,UK Gilt 2030,284,277009.81
4235,1750,Bond,Euro Gov Bond,291,147157.17
4236,903,ETF,EWU,562,142643.21
4237,1827,Equity,V,799,308035.06
4238,2097,ETF,SPY,528,208921.57
4239,2232,Equity,JPM,437,109759.98
4240,1621,Equity,TSLA,481,182257.58
4241,321,Equity,AMZN,901,166440.14
4242,1073,Bond,UST 5Y,14,8736.5
4243,1610,Mutual Fund,Balanced Income Fund,55,3097.39
4244,1098,Cash,USD Cash,1,45741.76
4245,158,Equity,AAPL,862,356973.38
4246,649,Mutual Fund,Euro Equity Fund,1677,198317.49
4247,550,Equity,AMZN,887,379509.32
4248,984,Equity,AMZN,856,279143.19
4249,823,Cash,CAD Cash,1,64991.34
4250,1435,Equity,UNH,523,139851.54
4251,2011,Bond,Euro Gov Bond,188,114552.05
4252,1116,ETF,SPY,942,389004.69
4253,1050,Mutual Fund,US Bluechip Fund,1614,135881.41
4254,72,Equity,AAPL,918,289714.37
4255,1521,Cash,USD Cash,1,35634.79
4256,244,Equity,MSFT,117,39965.26
4257,319,Equity,JPM,505,127478.78
4258,2221,ETF,QQQ,593,130755.71
4259,1454,Mutual Fund,Euro Equity Fund,368,14331.25
4260,2277,ETF,SPY,385,157439.62
4261,1154,Equity,GOOGL,957,250659.47
4262,1146,Equity,JPM,370,21360.71
4263,795,ETF,SPY,860,117405.35
4264,2306,Mutual Fund,Euro Equity Fund,533,26377.93
4265,2135,Equity,MSFT,38,11465.49
4266,457,ETF,VGK,107,24272.42
4267,1322,Bond,Corp Bond B,209,157302.87
4268,599,Equity,UNH,941,48615.71
4269,812,ETF,VTI,375,43663.2
4270,521,Bond,Euro Gov Bond,220,208965.28
4271,538,Mutual Fund,Global Growth Fund,1188,25475.97
4272,1734,Mutual Fund,Global Growth Fund,793,31024.78
4273,148,Cash,GBP Cash,1,37691.97
4274,2151,ETF,SPY,959,216554.14
4275,447,Bond,UST 10Y,21,7484.64
4276,1350,Equity,GOOGL,644,207237.99
4277,1844,ETF,XIC,528,35090.22
4278,1895,Mutual Fund,US Bluechip Fund,2150,50700.89
4279,2409,Equity,NVDA,641,15468.41
4280,747,Bond,UST 10Y,170,112399.89
4281,823,Mutual Fund,US Bluechip Fund,1081,24681.85
4282,2019,Bond,UST 10Y,70,68232.53
4283,1531,Equity,UNH,284,65541.48
4284,678,Bond,Euro Gov Bond,104,52471.49
4285,581,Cash,GBP Cash,1,135180.18
4286,1283,Equity,UNH,266,96582.92
4287,31,Bond,UK Gilt 2030,89,64291.91
4288,1618,Cash,GBP Cash,1,11831.08
4289,65,Equity,GOOGL,618,160321.99
4290,1695,Mutual Fund,Euro Equity Fund,343,27566.64
4291,2284,ETF,VTI,955,294916.53
4292,1900,Mutual Fund,US Bluechip Fund,2442,188175.06
4293,786,Mutual Fund,Global Growth Fund,867,50139.75
4294,1119,Bond,Corp Bond B,257,104427.8
4295,644,Mutual Fund,Euro Equity Fund,263,19269.91
4296,780,Equity,UNH,372,98066.28
4297,404,Mutual Fund,Global Growth Fund,843,34553.79
4298,185,ETF,QQQ,282,67362.89
4299,2160,Mutual Fund,Global Growth Fund,272,23695.61
4300,1364,Mutual Fund,Balanced Income Fund,220,24460.91
4301,1363,Equity,NESN,558,106225.25
4302,734,Equity,GOOGL,953,178967
4303,1833,Mutual Fund,US Bluechip Fund,290,20238.56
4304,462,Mutual Fund,Euro Equity Fund,46,513.02
4305,1740,Bond,Corp Bond B,286,281490.71
4306,2258,Bond,Euro Gov Bond,26,10471.9
4307,2100,Equity,V,947,155882.04
4308,2155,Bond,UST 5Y,204,127676.55
4309,2431,ETF,VTI,939,157478.21
4310,102,Bond,UST 10Y,117,132558.16
4311,1759,Bond,Corp Bond A,287,301539.81
4312,558,Equity,NVDA,959,34563.67
4313,538,Equity,TSLA,810,334574.89
4314,1977,Bond,UST 5Y,129,153644.71
4315,2072,Equity,NESN,92,7992.55
4316,782,ETF,EWU,371,47459.7
4317,1442,ETF,XIC,278,113279.71
4318,1600,ETF,VTI,959,408038.85
4319,171,Bond,UK Gilt 2030,287,56972.97
4320,1333,Equity,MSFT,990,80256.53
4321,2464,Bond,UST 5Y,217,196031.81
4322,2206,ETF,QQQ,381,14021.91
4323,730,Equity,JPM,450,119092.08
4324,1947,ETF,XIC,315,34529.72
4325,1927,Equity,AMZN,184,48316.19
4326,638,Equity,GOOGL,525,37030.96
4327,1151,Mutual Fund,Balanced Income Fund,1511,48139.1
4328,296,ETF,VTI,307,78560.62
4329,606,Bond,Corp Bond A,257,238902.85
4330,399,Equity,V,628,128459.26
4331,2355,Mutual Fund,Global Growth Fund,1329,125247.41
4332,908,Bond,Corp Bond A,174,30836.14
4333,1485,Bond,Corp Bond A,192,150211.7
4334,520,Bond,UST 5Y,287,67868.05
4335,2435,Equity,NVDA,517,166032.84
4336,969,Equity,AAPL,585,74643.54
4337,2027,Equity,GOOGL,206,11054.62
4338,692,ETF,VGK,284,102534.58
4339,1504,Equity,GOOGL,255,47287.94
4340,675,Bond,UK Gilt 2030,245,272270.16
4341,864,Equity,TSLA,365,68238.85
4342,1597,Equity,V,108,31057.62
4343,2389,Equity,NVDA,136,50630.78
4344,2127,Equity,UNH,573,253293.85
4345,2118,Bond,Euro Gov Bond,157,185817.28
4346,1628,ETF,XIC,860,55300.92
4347,1807,Bond,UK Gilt 2030,241,211082.81
4348,1492,ETF,VGK,267,61638.94
4349,509,Cash,USD Cash,1,140936.66
4350,318,Bond,Corp Bond B,82,33181.21
4351,1967,Mutual Fund,US Bluechip Fund,1702,94219.21
4352,2342,ETF,SPY,739,203888
4353,2244,Equity,AMZN,523,183470.27
4354,1495,ETF,XIC,391,113585.23
4355,2257,Mutual Fund,Euro Equity Fund,1512,169380.42
4356,854,ETF,VTI,668,66748.4
4357,694,ETF,VTI,601,163446.51
4358,228,Equity,JPM,341,50114.41
4359,1694,Equity,AMZN,33,9218.33
4360,242,ETF,QQQ,312,102742.84
4361,2084,Mutual Fund,Global Growth Fund,213,15054.02
4362,2284,Bond,Corp Bond B,208,220055.93
4363,2277,Equity,AMZN,991,124651.1
4364,134,Equity,GOOGL,949,86227.14
4365,576,Mutual Fund,Euro Equity Fund,126,9177.57
4366,80,Mutual Fund,Global Growth Fund,1053,84633.21
4367,1692,Bond,UST 5Y,63,47299.32
4368,1254,ETF,VGK,260,40415.26
4369,1705,Mutual Fund,Global Growth Fund,283,7396.11
4370,1856,Equity,NESN,904,261894.41
4371,2141,Equity,AMZN,330,139601.71
4372,2343,Mutual Fund,Euro Equity Fund,2200,115340.15
4373,1074,Bond,UST 5Y,225,119624.09
4374,194,Equity,JPM,591,23686.06
4375,325,Bond,UST 10Y,224,90715.72
4376,816,Bond,Corp Bond A,34,20077.29
4377,846,ETF,XIC,237,88206.81
4378,2002,ETF,EWU,537,208295.35
4379,1950,Equity,MSFT,157,35261.16
4380,1667,ETF,VGK,761,334156.64
4381,1875,Mutual Fund,Euro Equity Fund,558,42535.44
4382,1276,Cash,USD Cash,1,12279.34
4383,1518,Mutual Fund,Global Growth Fund,530,35416.81
4384,2404,ETF,SPY,464,137674.93
4385,1631,ETF,SPY,576,24016.04
4386,2243,ETF,VTI,484,170421.55
4387,2340,Equity,MSFT,903,33567.82
4388,1428,Mutual Fund,Euro Equity Fund,2240,118687.33
4389,1045,Mutual Fund,US Bluechip Fund,2483,115138.34
4390,1522,Cash,GBP Cash,1,112869.36
4391,1309,Equity,MSFT,58,18083.9
4392,922,Mutual Fund,Global Growth Fund,1774,155441.8
4393,1778,Bond,Corp Bond A,247,190321.31
4394,2254,Cash,EUR Cash,1,50059.4
4395,714,ETF,VGK,111,5579.15
4396,2278,ETF,QQQ,127,10819.77
4397,1982,Bond,UK Gilt 2030,36,14642.87
4398,1753,Equity,GOOGL,1000,433047.44
4399,2256,Bond,UK Gilt 2030,212,187818.72
4400,1580,ETF,SPY,652,125505.99
4401,2104,Mutual Fund,Euro Equity Fund,797,16498.66
4402,2121,Mutual Fund,Euro Equity Fund,2067,84540.42
4403,980,Equity,TSLA,517,154428.07
4404,373,ETF,QQQ,890,318589.59
4405,634,Mutual Fund,US Bluechip Fund,1495,59634.29
4406,1959,Equity,GOOGL,394,145758.14
4407,661,Bond,UK Gilt 2030,262,144241.12
4408,282,ETF,XIC,733,129989.39
4409,930,Bond,UK Gilt 2030,248,246557.72
4410,1213,ETF,XIC,87,37371.64
4411,757,Equity,MSFT,204,34448.54
4412,1392,ETF,VTI,30,5665.95
4413,147,Mutual Fund,Balanced Income Fund,1273,117345.5
4414,872,Equity,UNH,885,378922.1
4415,1252,Bond,UK Gilt 2030,159,27618.68
4416,1581,Mutual Fund,Balanced Income Fund,1094,66391.7
4417,310,ETF,QQQ,868,297845.09
4418,2061,Equity,NVDA,562,204364.94
4419,1727,Cash,EUR Cash,1,77082.49
4420,956,Bond,Corp Bond B,81,83929.39
4421,330,Equity,NVDA,725,52286.47
4422,2162,ETF,XIC,709,258619.44
4423,276,Equity,MSFT,140,16930.62
4424,2320,Equity,AAPL,922,62822.36
4425,762,ETF,VGK,658,48491.07
4426,1271,Equity,JPM,262,107508.58
4427,812,Mutual Fund,Global Growth Fund,1731,15995.31
4428,764,Equity,NVDA,347,21585.81
4429,2248,Equity,TSLA,896,133541.72
4430,227,Mutual Fund,Balanced Income Fund,561,12030.81
4431,146,Equity,NESN,324,47508.28
4432,1488,ETF,VTI,461,32603.78
4433,870,ETF,XIC,168,41025.22
4434,627,Equity,TSLA,715,65112.43
4435,2312,Equity,MSFT,344,147608.71
4436,1937,Equity,NVDA,34,8384.84
4437,189,Equity,AMZN,291,26948.44
4438,2187,ETF,XIC,640,64766.46
4439,1632,Cash,USD Cash,1,145233.74
4440,1549,Equity,AMZN,997,340636.4
4441,2091,Mutual Fund,Global Growth Fund,735,33360.97
4442,2330,Equity,NVDA,830,340264.68
4443,1333,Mutual Fund,US Bluechip Fund,1319,25591.31
4444,712,Equity,AMZN,824,112472.73
4445,2198,Equity,JPM,531,47774.22
4446,1363,ETF,QQQ,20,5260.07
4447,786,ETF,VGK,773,329949.78
4448,1206,Equity,UNH,863,215262.81
4449,1741,Equity,UNH,400,165518.48
4450,652,Bond,UK Gilt 2030,101,50511.81
4451,2494,Equity,MSFT,141,16753.69
4452,1579,Mutual Fund,US Bluechip Fund,455,37215.76
4453,839,Cash,CAD Cash,1,143001.73
4454,1922,Equity,UNH,271,106483.25
4455,2137,Equity,NVDA,425,59079.18
4456,949,Equity,AAPL,639,25933.28
4457,1141,Equity,AAPL,945,308822.33
4458,1444,Equity,UNH,854,194246.92
4459,1140,Mutual Fund,US Bluechip Fund,39,1639.58
4460,2274,Equity,AMZN,407,40209.68
4461,33,Equity,GOOGL,244,45581.82
4462,2148,Equity,GOOGL,918,240391.07
4463,1725,Mutual Fund,US Bluechip Fund,673,15115.64
4464,1783,Bond,UST 5Y,245,49683.69
4465,828,Equity,UNH,611,274166.22
4466,2464,Mutual Fund,Balanced Income Fund,1106,78682.57
4467,2147,Equity,JPM,233,94804.29
4468,102,ETF,XIC,679,188011.12
4469,1831,Bond,UK Gilt 2030,286,304814.9
4470,717,Bond,UST 10Y,110,95531.67
4471,1575,ETF,VTI,535,129120.02
4472,1894,Equity,MSFT,805,82575.59
4473,755,Bond,UK Gilt 2030,141,13959.92
4474,1541,ETF,SPY,539,13650.34
4475,196,ETF,VTI,405,32713.8
4476,300,Mutual Fund,Global Growth Fund,1788,77925.14
4477,2136,Equity,MSFT,917,393104.71
4478,2497,Equity,AMZN,824,251712.9
4479,501,Bond,UST 10Y,76,81722.8
4480,1956,Equity,JPM,102,22444.48
4481,1716,Equity,NVDA,244,85811.48
4482,1482,Mutual Fund,Global Growth Fund,1769,180758.87
4483,2477,ETF,SPY,969,348611.03
4484,1864,Bond,Corp Bond A,94,47113.7
4485,525,ETF,QQQ,659,227917.03
4486,2162,Bond,UST 10Y,244,83609.01
4487,2046,Equity,JPM,892,122679.99
4488,1473,Equity,TSLA,51,11059.94
4489,1996,ETF,SPY,756,69438.7
4490,1765,Bond,UST 10Y,202,202812.12
4491,1128,ETF,EWU,732,297180
4492,1073,Equity,AMZN,824,256849.58
4493,443,Equity,TSLA,295,67287.92
4494,2313,ETF,SPY,402,70989.93
4495,1391,Bond,UST 5Y,57,38869.7
4496,157,Bond,Euro Gov Bond,272,237861.57
4497,1837,Mutual Fund,Euro Equity Fund,2023,179174.46
4498,1271,Cash,EUR Cash,1,135609.82
4499,1962,Bond,Corp Bond A,247,114482.71
4500,22,Mutual Fund,Balanced Income Fund,1095,74464.53
4501,793,Equity,AAPL,413,70571.68
4502,1983,Cash,USD Cash,1,47913.22
4503,1116,ETF,EWU,924,181966.66
4504,970,Equity,MSFT,886,57629.18
4505,1642,Equity,MSFT,517,83545.3
4506,1821,Mutual Fund,US Bluechip Fund,2276,146328.9
4507,1667,Mutual Fund,Global Growth Fund,133,12809.23
4508,2124,Equity,NESN,557,224133.59
4509,588,Equity,UNH,129,47036.39
4510,211,Cash,EUR Cash,1,59376.87
4511,523,ETF,VTI,764,143697.65
4512,1278,ETF,XIC,744,82043.75
4513,2040,Cash,GBP Cash,1,36726.67
4514,534,Mutual Fund,Balanced Income Fund,1357,67398.4
4515,311,ETF,VTI,224,15092.12
4516,2426,Equity,V,561,15752.84
4517,183,Bond,Corp Bond B,229,136867.91
4518,1145,Equity,MSFT,310,137661.51
4519,375,Equity,V,816,156205.82
4520,1986,Bond,UK Gilt 2030,41,4818.54
4521,2460,Equity,AMZN,106,25027.99
4522,606,Equity,UNH,946,403280.92
4523,1848,Mutual Fund,US Bluechip Fund,725,12950.99
4524,949,Mutual Fund,Global Growth Fund,1448,65824.12
4525,1389,Cash,GBP Cash,1,1394.31
4526,1658,ETF,VGK,890,234072.19
4527,982,Cash,EUR Cash,1,105437.22
4528,381,Equity,UNH,903,228426.89
4529,193,Equity,NVDA,361,130738.53
4530,1813,Mutual Fund,Global Growth Fund,379,14063.49
4531,1488,Bond,Corp Bond A,127,121905.04
4532,1609,Cash,EUR Cash,1,73451.17
4533,2399,Mutual Fund,Global Growth Fund,211,20467.98
4534,410,ETF,QQQ,57,20216.7
4535,1860,Mutual Fund,US Bluechip Fund,2343,52465.8
4536,417,Bond,Corp Bond A,188,134075.82
4537,1070,Cash,EUR Cash,1,48126.56
4538,756,Equity,GOOGL,271,99748.5
4539,2369,Equity,NESN,352,43536.81
4540,1877,Equity,JPM,226,11790.62
4541,1238,Equity,UNH,219,78788.1
4542,1079,Equity,JPM,434,60787.26
4543,247,ETF,XIC,195,27565.21
4544,32,Equity,JPM,604,83447.55
4545,894,Equity,NVDA,195,20460.02
4546,978,ETF,QQQ,654,264336.73
4547,576,Mutual Fund,Euro Equity Fund,776,7067.8
4548,1455,Bond,Corp Bond B,110,66633.36
4549,1096,ETF,SPY,349,140651.43
4550,1862,Mutual Fund,Balanced Income Fund,98,5329.68
4551,62,Bond,Corp Bond B,243,157377.67
4552,2163,Equity,NESN,686,30946.3
4553,2422,Equity,AMZN,955,298719.36
4554,144,ETF,EWU,584,89101.24
4555,285,ETF,VGK,449,142284.96
4556,480,Bond,UK Gilt 2030,292,192052.89
4557,1082,Bond,UK Gilt 2030,37,25703.88
4558,1193,ETF,QQQ,201,37818.15
4559,1109,Mutual Fund,US Bluechip Fund,1652,180937.79
4560,2392,Bond,Corp Bond A,112,122432.5
4561,2147,ETF,VTI,916,108818.39
4562,1865,ETF,SPY,175,27788.14
4563,681,Equity,MSFT,843,77816.11
4564,330,Equity,V,280,113005.93
4565,1721,Cash,CAD Cash,1,3464.94
4566,1260,Mutual Fund,Balanced Income Fund,1877,34943.46
4567,2457,Bond,UK Gilt 2030,240,176697.72
4568,1927,Mutual Fund,Global Growth Fund,1028,19479.25
4569,146,Mutual Fund,Balanced Income Fund,2173,254538.13
4570,1764,Equity,NVDA,995,84849.11
4571,1555,ETF,XIC,771,63800.4
4572,1814,ETF,EWU,877,134132.96
4573,1709,Equity,TSLA,959,400253.56
4574,663,Equity,V,743,197976.89
4575,623,Equity,GOOGL,318,14485.44
4576,181,Bond,Corp Bond A,228,95271.91
4577,131,Bond,Euro Gov Bond,143,74898.73
4578,1819,ETF,VGK,857,208935.71
4579,1635,Cash,CAD Cash,1,106987.7
4580,949,Bond,UST 5Y,250,211715.63
4581,108,Mutual Fund,Euro Equity Fund,462,31205.62
4582,836,Mutual Fund,Euro Equity Fund,419,25236.82
4583,225,ETF,VTI,920,405156.09
4584,2019,Mutual Fund,Global Growth Fund,902,14294.91
4585,429,Equity,NESN,693,236196.37
4586,1904,Bond,Euro Gov Bond,225,185658.04
4587,13,Equity,UNH,472,66827.6
4588,1578,Cash,CAD Cash,1,122677.02
4589,2344,Equity,GOOGL,380,103920.62
4590,2156,Mutual Fund,US Bluechip Fund,2004,76336.96
4591,1944,Mutual Fund,Global Growth Fund,95,9453.74
4592,1068,Bond,UST 5Y,23,24732.67
4593,1535,Bond,UK Gilt 2030,149,108297.74
4594,596,Bond,Corp Bond A,118,32752.4
4595,365,Mutual Fund,US Bluechip Fund,319,32558.77
4596,2334,ETF,XIC,714,198081.91
4597,1381,ETF,EWU,35,6726.39
4598,1853,ETF,XIC,917,404633.7
4599,879,Equity,GOOGL,396,28675.48
4600,1578,Mutual Fund,US Bluechip Fund,528,32789.95
4601,2067,Mutual Fund,Euro Equity Fund,1314,138130.54
4602,1478,Equity,AMZN,646,32683.81
4603,490,Bond,Euro Gov Bond,71,28106.3
4604,1316,Mutual Fund,Balanced Income Fund,725,50420.34
4605,2495,Mutual Fund,Balanced Income Fund,539,30049.32
4606,2056,Bond,UST 10Y,291,103093.51
4607,405,Bond,UST 5Y,60,30265.79
4608,1670,Equity,UNH,692,121660.32
4609,1285,Equity,UNH,683,16186.28
4610,1591,Equity,AAPL,203,36150.2
4611,1398,Mutual Fund,US Bluechip Fund,2488,58628.49
4612,147,Equity,V,193,63543.22
4613,404,ETF,QQQ,734,24224.63
4614,1229,Bond,Corp Bond B,150,115316.96
4615,1871,Mutual Fund,Global Growth Fund,769,31729.73
4616,2195,Equity,JPM,539,27878.88
4617,859,Equity,AMZN,377,85876.36
4618,551,ETF,SPY,499,53324.96
4619,2305,ETF,QQQ,503,89435.18
4620,2335,ETF,SPY,579,55650.34
4621,582,Equity,NVDA,918,37433.92
4622,2349,Mutual Fund,Balanced Income Fund,415,28162.75
4623,2423,Cash,CAD Cash,1,12362.33
4624,1561,Mutual Fund,Euro Equity Fund,2429,39020.38
4625,542,Equity,TSLA,146,23186.85
4626,2403,Equity,MSFT,759,239143.92
4627,1277,Cash,EUR Cash,1,48795.98
4628,340,Bond,UST 5Y,202,220154.84
4629,1980,Equity,AMZN,13,2603.51
4630,1311,ETF,EWU,977,320173.51
4631,388,Mutual Fund,Balanced Income Fund,1932,173613.74
4632,808,ETF,SPY,547,115768.28
4633,436,ETF,VTI,131,54772.28
4634,1862,Mutual Fund,Balanced Income Fund,652,68516.16
4635,2321,ETF,EWU,630,208534.51
4636,1104,Equity,V,806,257165.13
4637,582,Mutual Fund,Balanced Income Fund,2038,220088.54
4638,2486,Equity,NVDA,985,133679.42
4639,1154,ETF,VTI,131,49589.99
4640,253,ETF,SPY,539,125666.57
4641,139,Bond,Euro Gov Bond,83,53289.69
4642,1690,Mutual Fund,Balanced Income Fund,1058,24957.68
4643,219,Equity,TSLA,753,328279.06
4644,540,Equity,GOOGL,715,98289.75
4645,1473,Mutual Fund,Balanced Income Fund,293,22304.17
4646,1287,Bond,UK Gilt 2030,292,49681.7
4647,2426,ETF,QQQ,929,125988.93
4648,1152,Mutual Fund,Euro Equity Fund,1575,19237.97
4649,2098,Bond,Euro Gov Bond,237,34972.15
4650,2257,Bond,Corp Bond B,249,250652.2
4651,2091,Equity,MSFT,418,178875.75
4652,1080,Bond,UST 5Y,120,21577.81
4653,293,Mutual Fund,Euro Equity Fund,2267,18875.84
4654,427,Bond,Euro Gov Bond,178,129275.19
4655,1438,ETF,VTI,745,35989.56
4656,340,ETF,XIC,216,90235.88
4657,580,Mutual Fund,Global Growth Fund,363,29273.59
4658,2284,Equity,JPM,856,306695.46
4659,88,Mutual Fund,Euro Equity Fund,821,48138.16
4660,1279,Mutual Fund,Global Growth Fund,979,25069.7
4661,1951,Equity,NESN,443,135686.53
4662,2286,Cash,EUR Cash,1,90132.86
4663,1932,ETF,VTI,850,340139.79
4664,1070,ETF,SPY,401,59388.37
4665,1264,Mutual Fund,Euro Equity Fund,1444,28745
4666,366,Cash,USD Cash,1,40653.88
4667,1922,Bond,Corp Bond A,267,240299.69
4668,617,Equity,GOOGL,370,75043.47
4669,1661,Mutual Fund,Global Growth Fund,1595,170361.73
4670,2175,ETF,QQQ,823,65077.46
4671,758,ETF,EWU,767,108978.12
4672,874,ETF,SPY,472,28910.02
4673,1135,Equity,JPM,387,108526.96
4674,2446,Equity,MSFT,833,175619
4675,1873,Mutual Fund,Balanced Income Fund,820,54916.01
4676,305,ETF,SPY,105,20643.88
4677,2248,Equity,JPM,759,183667.65
4678,255,Equity,V,131,8588.41
4679,85,ETF,QQQ,696,25066.15
4680,255,Equity,NESN,946,385495.39
4681,922,Mutual Fund,US Bluechip Fund,1950,42452.72
4682,1008,Bond,Corp Bond B,170,71664.78
4683,844,Cash,EUR Cash,1,145549.8
4684,11,ETF,VTI,304,103617.36
4685,1624,Mutual Fund,Balanced Income Fund,669,30836
4686,38,Equity,MSFT,719,114533.9
4687,1247,ETF,SPY,981,395359.74
4688,302,Equity,V,797,122875.23
4689,974,Equity,MSFT,699,166595.56
4690,2011,Equity,AMZN,10,2313.45
4691,2422,Equity,NESN,677,136465.48
4692,641,Equity,GOOGL,141,43695.94
4693,88,Cash,CAD Cash,1,90973.11
4694,489,Equity,AMZN,140,37321.5
4695,1755,Bond,Euro Gov Bond,162,60071.58
4696,1117,ETF,EWU,482,103609.62
4697,1380,Bond,UST 5Y,57,9202.89
4698,1822,Mutual Fund,Euro Equity Fund,634,27748.13
4699,1557,Mutual Fund,Euro Equity Fund,1212,85858.14
4700,356,Bond,UST 5Y,125,86605
4701,832,Equity,JPM,132,30006.27
4702,1485,Equity,NESN,276,116065.92
4703,1271,ETF,SPY,909,198080.71
4704,643,Mutual Fund,Euro Equity Fund,1159,67527.62
4705,985,Equity,AAPL,20,4268.21
4706,624,ETF,SPY,657,138544.85
4707,1311,Bond,Euro Gov Bond,42,5882.18
4708,1725,Mutual Fund,US Bluechip Fund,1358,88589.54
4709,477,Equity,MSFT,551,131909.28
4710,1894,Equity,TSLA,270,108832.55
4711,647,Equity,UNH,942,284723.63
4712,2500,Mutual Fund,Balanced Income Fund,1832,23612.19
4713,31,Bond,UST 5Y,243,131362.04
4714,899,Equity,AAPL,877,148497.36
4715,1818,Bond,Corp Bond B,255,261558.43
4716,2288,Bond,Corp Bond B,214,137212.32
4717,2070,Bond,Euro Gov Bond,16,14606.26
4718,1115,Bond,Corp Bond B,295,215243.4
4719,145,Mutual Fund,US Bluechip Fund,667,68112.3
4720,543,Equity,NESN,730,88916.89
4721,200,Equity,NESN,974,230826.82
4722,111,Bond,Corp Bond B,295,138887.83
4723,1216,Equity,JPM,192,54658.08
4724,1519,Bond,UK Gilt 2030,270,242085.03
4725,1185,Mutual Fund,Balanced Income Fund,586,5625.85
4726,55,Equity,UNH,915,275333.68
4727,2191,ETF,QQQ,265,63901.64
4728,79,ETF,XIC,282,71701.94
4729,1624,Mutual Fund,US Bluechip Fund,770,67109.9
4730,672,ETF,VGK,805,269032.26
4731,1667,Equity,JPM,290,73438.42
4732,731,Equity,GOOGL,895,365445.93
4733,330,Bond,UST 10Y,38,6578.32
4734,1188,Bond,UST 10Y,193,130470.88
4735,1771,Cash,CAD Cash,1,144258.51
4736,710,Equity,NVDA,254,109822.61
4737,2369,ETF,XIC,439,145160.77
4738,1850,Bond,UST 10Y,165,54401.05
4739,631,Equity,MSFT,820,318279.68
4740,506,Mutual Fund,Euro Equity Fund,1728,168234.86
4741,150,Equity,AAPL,294,46905.22
4742,1924,Equity,AMZN,975,321194.47
4743,427,Mutual Fund,Euro Equity Fund,402,26348.76
4744,1623,Equity,NVDA,889,346641.99
4745,2348,Equity,MSFT,938,73485.5
4746,1105,ETF,XIC,57,10059.57
4747,1696,Equity,TSLA,914,23609.69
4748,282,Equity,NESN,330,99035.6
4749,1641,Cash,CAD Cash,1,76902.42
4750,692,Equity,UNH,802,126500.89
4751,628,Bond,UK Gilt 2030,71,19203.33
4752,774,Equity,TSLA,714,177670.74
4753,1365,ETF,VTI,117,24357.33
4754,1547,Bond,UST 10Y,17,12235.23
4755,353,Bond,Corp Bond B,84,65098.22
4756,1274,Equity,TSLA,251,47523.98
4757,269,Equity,NVDA,107,21012.4
4758,1727,ETF,EWU,294,19359.1
4759,891,Mutual Fund,Global Growth Fund,100,8635.53
4760,1808,Equity,MSFT,678,279257.61
4761,2127,Bond,UST 10Y,148,131435.74
4762,131,Bond,Corp Bond B,151,167292
4763,408,Mutual Fund,US Bluechip Fund,91,7826.22
4764,2189,Equity,UNH,397,153744.19
4765,538,ETF,VTI,606,220745.27
4766,1293,ETF,SPY,976,254862.51
4767,2468,Equity,TSLA,963,277566.06
4768,884,Bond,UK Gilt 2030,47,45733.2
4769,345,Bond,UK Gilt 2030,166,31189.66
4770,1240,Equity,AMZN,910,340073.58
4771,1746,Mutual Fund,US Bluechip Fund,1131,122351.12
4772,2236,Equity,NVDA,243,25204.48
4773,1611,ETF,EWU,400,49760.46
4774,948,ETF,EWU,167,4692.05
4775,1433,Cash,USD Cash,1,126158.73
4776,2005,Equity,NESN,775,322298.89
4777,4,ETF,XIC,713,54097.45
4778,1054,Mutual Fund,Balanced Income Fund,584,28823.95
4779,1699,Equity,AAPL,410,110237.92
4780,313,Equity,TSLA,477,161663.34
4781,738,Mutual Fund,Balanced Income Fund,732,78792.17
4782,1312,Equity,TSLA,803,106774.25
4783,2172,Mutual Fund,Global Growth Fund,1918,144609.48
4784,2395,Equity,GOOGL,344,104696.95
4785,888,Mutual Fund,Euro Equity Fund,671,39194.04
4786,105,Equity,TSLA,674,14842.26
4787,510,Equity,TSLA,518,91115.25
4788,193,Mutual Fund,Euro Equity Fund,1647,44077.49
4789,104,Equity,UNH,927,247932.99
4790,1818,ETF,VGK,825,301027.61
4791,1203,Equity,AMZN,162,52543
4792,1995,Equity,AMZN,872,146063.98
4793,845,Mutual Fund,US Bluechip Fund,1226,97146.19
4794,2483,Bond,Euro Gov Bond,69,26904.97
4795,1481,Bond,Corp Bond B,267,91434.77
4796,920,Mutual Fund,US Bluechip Fund,267,26573.39
4797,1110,Mutual Fund,Euro Equity Fund,1414,52667.02
4798,1188,Equity,UNH,589,47867.81
4799,1910,Bond,UST 10Y,242,275013.92
4800,2079,ETF,XIC,203,64292.7
4801,1042,Equity,V,573,68709.03
4802,163,Mutual Fund,Balanced Income Fund,1785,188163.49
4803,686,Mutual Fund,Euro Equity Fund,2287,22856.92
4804,1489,Bond,Euro Gov Bond,166,196210.87
4805,1571,Bond,UST 10Y,15,12892.35
4806,1826,Equity,V,545,178959.06
4807,1763,ETF,VTI,993,284573.88
4808,100,Equity,NESN,248,85076.52
4809,183,Mutual Fund,Global Growth Fund,1511,43567.1
4810,721,Equity,JPM,358,154421.7
4811,1157,Cash,EUR Cash,1,119635.51
4812,2414,Equity,V,326,17573.19
4813,1997,Bond,Corp Bond B,199,66009.11
4814,372,Mutual Fund,US Bluechip Fund,1596,148421.32
4815,2003,Equity,UNH,559,213201.56
4816,231,ETF,QQQ,909,194465.42
4817,1845,Mutual Fund,Euro Equity Fund,1100,131680.48
4818,266,Mutual Fund,Euro Equity Fund,173,14938.85
4819,1750,Bond,Corp Bond B,220,226145.27
4820,1901,Equity,NVDA,989,188697.88
4821,1659,Cash,EUR Cash,1,89659.17
4822,1081,Cash,EUR Cash,1,139297.22
4823,830,Mutual Fund,Global Growth Fund,531,58577.78
4824,228,ETF,QQQ,406,66926.9
4825,2339,Mutual Fund,Balanced Income Fund,804,65840.85
4826,1368,Equity,UNH,547,51155.86
4827,2030,Bond,UK Gilt 2030,119,14677.51
4828,1437,Equity,NESN,931,202846.37
4829,1731,Mutual Fund,Balanced Income Fund,877,86136.19
4830,896,Equity,NESN,182,71929.34
4831,1580,Equity,NVDA,469,31007.66
4832,2170,Mutual Fund,Global Growth Fund,361,26283.32
4833,2475,Equity,TSLA,195,75940.74
4834,1337,Equity,V,105,45109.75
4835,420,Bond,UK Gilt 2030,229,234132.1
4836,805,Bond,UST 10Y,243,288929.76
4837,1671,Bond,UST 5Y,263,153962.59
4838,1971,ETF,SPY,994,396739.49
4839,1967,Mutual Fund,US Bluechip Fund,1342,48442.15
4840,797,Bond,Corp Bond B,52,42127.5
4841,1688,Equity,NESN,93,22093.73
4842,1257,Bond,Euro Gov Bond,187,223217.55
4843,1115,Equity,NESN,120,14075.75
4844,1822,Mutual Fund,US Bluechip Fund,1397,16602.34
4845,771,ETF,VTI,507,169052.64
4846,1094,Equity,NESN,42,8281.75
4847,1779,Equity,UNH,211,7300.74
4848,2448,ETF,VTI,576,217276.11
4849,1331,Mutual Fund,US Bluechip Fund,266,3736.3
4850,2081,Cash,EUR Cash,1,3326.9
4851,2428,Cash,GBP Cash,1,48320.49
4852,1987,Equity,AMZN,822,276318.78
4853,1569,Bond,UST 5Y,166,107584.84
4854,1110,Equity,MSFT,493,132169.5
4855,2279,Equity,GOOGL,836,18884.71
4856,157,Bond,UK Gilt 2030,214,109109.5
4857,1648,ETF,SPY,821,273835.53
4858,1986,Equity,MSFT,139,55666.26
4859,1254,Equity,NESN,188,58617.57
4860,1722,Equity,AAPL,1000,229405.42
4861,985,Equity,V,827,278671.31
4862,2463,Bond,Corp Bond B,76,82135.49
4863,2436,Equity,JPM,938,365908.14
4864,1953,Equity,AAPL,860,330512.02
4865,1334,Mutual Fund,Global Growth Fund,1497,103883.82
4866,2450,ETF,XIC,972,37225.65
4867,1690,ETF,VTI,705,255728.02
4868,1890,Equity,AAPL,297,22035.46
4869,1102,Equity,AAPL,687,211684.73
4870,1085,Equity,V,548,206094.16
4871,1461,Mutual Fund,Balanced Income Fund,2260,162503.94
4872,1141,Equity,JPM,572,47215.94
4873,919,ETF,VGK,895,306178.19
4874,260,Bond,UST 5Y,172,190743.12
4875,1840,Cash,CAD Cash,1,31958.58
4876,1629,Equity,GOOGL,440,148349.76
4877,2068,ETF,VGK,803,212292.53
4878,1362,Bond,UST 5Y,71,79848.64
4879,1404,Mutual Fund,Euro Equity Fund,1194,140565.12
4880,965,Equity,V,460,160035.56
4881,1187,ETF,QQQ,402,39642.47
4882,2012,Equity,V,354,71019.46
4883,1827,ETF,SPY,890,300160.09
4884,2029,Equity,MSFT,133,31984.32
4885,1407,Equity,V,480,189939.43
4886,1863,ETF,SPY,402,94730.56
4887,824,Equity,TSLA,117,2698.67
4888,1414,Mutual Fund,Balanced Income Fund,1952,189379.44
4889,1280,Equity,AMZN,825,23425.92
4890,1141,Bond,Corp Bond B,191,48860.14
4891,2113,Equity,JPM,34,13549.6
4892,1490,Mutual Fund,US Bluechip Fund,323,32331.88
4893,688,Bond,Corp Bond A,188,106637.45
4894,2237,Equity,AMZN,612,42942.11
4895,1614,Equity,AAPL,917,186866.64
4896,1978,ETF,SPY,647,163083.39
4897,1093,Bond,Corp Bond A,148,152791.96
4898,1058,Equity,UNH,708,39800.87
4899,1793,Equity,GOOGL,995,420372.24
4900,1213,Equity,UNH,573,206129.74
4901,521,Mutual Fund,Euro Equity Fund,418,38433.38
4902,400,Bond,Corp Bond B,16,14776.06
4903,521,ETF,QQQ,227,53644.48
4904,1408,ETF,VTI,738,294646.29
4905,810,Mutual Fund,Global Growth Fund,1411,133945.73
4906,587,Mutual Fund,Balanced Income Fund,42,1385.28
4907,1034,Equity,GOOGL,619,180807.44
4908,1936,Equity,JPM,883,279760.69
4909,2436,Mutual Fund,Euro Equity Fund,2062,89931.42
4910,207,Bond,UK Gilt 2030,49,54753.47
4911,1918,Mutual Fund,US Bluechip Fund,2295,268929.06
4912,1600,Cash,USD Cash,1,90989.97
4913,668,Mutual Fund,US Bluechip Fund,759,31813.01
4914,1156,ETF,QQQ,184,49139.42
4915,968,Bond,Euro Gov Bond,122,143954.62
4916,1836,Equity,AMZN,553,94834.91
4917,106,Bond,Corp Bond B,180,122735.71
4918,869,Mutual Fund,Balanced Income Fund,1775,177475.17
4919,634,Mutual Fund,Euro Equity Fund,1264,17319.52
4920,2474,Mutual Fund,Global Growth Fund,1084,33711.45
4921,660,Mutual Fund,US Bluechip Fund,1436,80811.41
4922,418,Bond,UST 10Y,153,49966.73
4923,445,Bond,UST 10Y,189,52170.51
4924,999,Equity,TSLA,79,35194.04
4925,455,ETF,QQQ,340,14460.52
4926,2482,Mutual Fund,US Bluechip Fund,1994,39922.7
4927,319,Equity,V,267,109202.96
4928,1363,Equity,AAPL,911,70184.02
4929,1961,ETF,XIC,332,23029.33
4930,1675,ETF,EWU,45,956.23
4931,2299,Mutual Fund,Euro Equity Fund,1444,159729.68
4932,229,Equity,NESN,452,122191.92
4933,852,Mutual Fund,US Bluechip Fund,2127,218024.96
4934,1533,Equity,UNH,343,29748.25
4935,902,Equity,V,277,112699.7
4936,1993,Bond,Euro Gov Bond,153,12906.99
4937,1526,Equity,TSLA,137,6683.12
4938,1615,Equity,MSFT,683,42307.6
4939,1032,Equity,JPM,377,162473.19
4940,1487,ETF,VGK,523,188064.46
4941,1982,Bond,Corp Bond B,128,64719
4942,1028,ETF,QQQ,478,203556.72
4943,2040,Equity,NVDA,729,90036.12
4944,23,Bond,UST 10Y,146,136449.2
4945,2122,Equity,TSLA,581,196072.67
4946,2285,Bond,Corp Bond A,171,179112.34
4947,845,Equity,AMZN,424,174150.27
4948,2365,ETF,VTI,46,16894.79
4949,2039,Equity,NESN,165,63133.93
4950,1266,Bond,UK Gilt 2030,88,75930.5
4951,1674,Equity,NESN,550,39744.36
4952,272,Mutual Fund,US Bluechip Fund,701,15549.19
4953,472,Equity,AAPL,910,30298.65
4954,750,Mutual Fund,US Bluechip Fund,2492,189488.65
4955,1874,ETF,XIC,868,139891.93
4956,839,Mutual Fund,US Bluechip Fund,1974,159021.05
4957,533,ETF,SPY,971,289677.77
4958,2461,Mutual Fund,Balanced Income Fund,1069,100038.38
4959,1512,Bond,UST 5Y,144,96215.94
4960,1882,Equity,AAPL,150,4822.48
4961,417,ETF,VGK,51,22306.39
4962,1220,Mutual Fund,US Bluechip Fund,1631,193940.8
4963,2136,Mutual Fund,US Bluechip Fund,947,88892.34
4964,695,Cash,CAD Cash,1,63538.7
4965,1662,Equity,NESN,726,140771.15
4966,1899,Cash,GBP Cash,1,123293.66
4967,1309,Equity,TSLA,719,270760.91
4968,1860,Bond,UST 5Y,156,175640.97
4969,34,ETF,VTI,697,226019.64
4970,50,Equity,TSLA,804,24034.75
4971,339,Equity,TSLA,624,227478.69
4972,207,Equity,GOOGL,17,1616.99
4973,1771,Bond,UK Gilt 2030,7,7478.76
4974,1354,Equity,TSLA,334,135180.73
4975,1507,Bond,Corp Bond B,232,227396
4976,1752,Equity,JPM,155,63024.1
4977,531,Equity,TSLA,395,128818.66
4978,2077,Equity,JPM,756,18072.09
4979,2093,Equity,AAPL,79,13071.29
4980,1280,Mutual Fund,US Bluechip Fund,196,10837.04
4981,451,Equity,NVDA,154,12089.09
4982,1230,Bond,UST 10Y,174,22241.59
4983,1823,Mutual Fund,US Bluechip Fund,1380,29492.94
4984,1192,Mutual Fund,Balanced Income Fund,894,47052.73
4985,1634,Equity,JPM,212,35547.87
4986,177,Equity,AAPL,423,10534.69
4987,2218,ETF,SPY,540,180149.24
4988,111,Bond,Euro Gov Bond,149,57846.89
4989,1533,Mutual Fund,Global Growth Fund,2453,206637.78
4990,141,Equity,JPM,823,167395.03
4991,501,ETF,XIC,688,82445.79
4992,2488,Equity,GOOGL,847,208408.6
4993,727,Equity,NVDA,435,46519.31
4994,1985,Cash,CAD Cash,1,123602.01
4995,872,ETF,VGK,699,202764.22
4996,988,Bond,UK Gilt 2030,262,116827.93
4997,400,Bond,UST 10Y,51,22880.18
4998,2242,ETF,VTI,250,53239.84
4999,506,ETF,SPY,451,80238.38
5000,987,Bond,Corp Bond B,114,18909.64
