interaction_id,customer_id,advisor_id,interaction_type,interaction_date,sentiment,notes
1,795,7,Video Conference,2022-11-06 00:00:00,Positive,Client appreciated the portfolio review and agreed with the proposed allocation changes.
2,408,24,Meeting,2022-11-18 00:00:00,Positive,Meeting went well; client approved the recommended diversification plan.
3,837,50,Meeting,2025-07-16 00:00:00,Negative,Discussion reflected dissatisfaction with short-term performance; follow-up has been scheduled.
4,143,28,Meeting,2021-10-17 00:00:00,Positive,Meeting went well; client approved the recommended diversification plan.
5,447,30,Email,2025-02-04 00:00:00,Neutral,Interaction focused on regular portfolio maintenance with no urgent actions identified.
6,258,8,Email,2025-08-02 00:00:00,Positive,Positive discussion on long-term goals; client is comfortable with the current strategy.
7,633,1,Call,2023-01-22 00:00:00,Negative,Discussion reflected dissatisfaction with short-term performance; follow-up has been scheduled.
8,558,11,Video Conference,2023-01-31 00:00:00,Positive,Meeting went well; client approved the recommended diversification plan.
9,350,43,Call,2025-04-26 00:00:00,Positive,Client appreciated the portfolio review and agreed with the proposed allocation changes.
10,825,27,Video Conference,2022-12-19 00:00:00,Neutral,Interaction focused on regular portfolio maintenance with no urgent actions identified.
11,865,5,Call,2026-03-02 00:00:00,Positive,Meeting went well; client approved the recommended diversification plan.
12,781,46,Video Conference,2026-04-08 00:00:00,Neutral,Interaction focused on regular portfolio maintenance with no urgent actions identified.
13,556,27,Call,2026-04-10 00:00:00,Positive,Constructive conversation with strong engagement; client requested additional retirement scenarios.
14,859,44,Meeting,2023-03-11 00:00:00,Negative,Client requested clarification on fees and portfolio positioning after recent market movements.
15,343,48,Video Conference,2022-08-01 00:00:00,Positive,Client expressed satisfaction with recent performance and welcomed follow-up next quarter.
16,684,11,Email,2021-03-09 00:00:00,Negative,Client requested clarification on fees and portfolio positioning after recent market movements.
17,603,21,Call,2025-06-19 00:00:00,Positive,Constructive conversation with strong engagement; client requested additional retirement scenarios.
18,211,24,Email,2024-11-07 00:00:00,Positive,Client expressed satisfaction with recent performance and welcomed follow-up next quarter.
19,292,2,Email,2024-05-17 00:00:00,Neutral,Provided account update and answered standard questions on holdings and recent activity.
20,170,5,Meeting,2024-12-27 00:00:00,Positive,Client appreciated the portfolio review and agreed with the proposed allocation changes.
21,310,44,Call,2024-02-27 00:00:00,Neutral,General discussion on market conditions; client prefers to maintain the current plan for now.
22,715,32,Meeting,2021-07-31 00:00:00,Negative,Discussion reflected dissatisfaction with short-term performance; follow-up has been scheduled.
23,518,17,Email,2025-04-19 00:00:00,Positive,Positive discussion on long-term goals; client is comfortable with the current strategy.
24,253,14,Call,2021-01-20 00:00:00,Neutral,Routine check-in completed; no major changes requested at this time.
25,260,49,Email,2025-09-22 00:00:00,Negative,Discussion reflected dissatisfaction with short-term performance; follow-up has been scheduled.
26,144,12,Video Conference,2021-11-07 00:00:00,Neutral,Provided account update and answered standard questions on holdings and recent activity.
27,363,37,Email,2025-02-08 00:00:00,Neutral,Client reviewed the summary materials and asked for periodic monitoring to continue.
28,630,33,Email,2025-05-18 00:00:00,Positive,Meeting went well; client approved the recommended diversification plan.
29,657,26,Meeting,2024-02-11 00:00:00,Negative,Client raised concerns about recent volatility and requested a detailed risk review.
30,61,23,Email,2023-09-21 00:00:00,Positive,Client appreciated the portfolio review and agreed with the proposed allocation changes.
31,719,29,Email,2023-01-03 00:00:00,Neutral,Provided account update and answered standard questions on holdings and recent activity.
32,498,49,Email,2022-10-16 00:00:00,Negative,Client raised concerns about recent volatility and requested a detailed risk review.
33,69,11,Email,2022-02-15 00:00:00,Positive,Positive discussion on long-term goals; client is comfortable with the current strategy.
34,693,46,Meeting,2026-01-06 00:00:00,Positive,Positive discussion on long-term goals; client is comfortable with the current strategy.
35,404,33,Video Conference,2023-05-08 00:00:00,Positive,Client appreciated the portfolio review and agreed with the proposed allocation changes.
36,436,28,Video Conference,2025-09-13 00:00:00,Positive,Client appreciated the portfolio review and agreed with the proposed allocation changes.
37,663,11,Call,2021-08-12 00:00:00,Positive,Meeting went well; client approved the recommended diversification plan.
38,811,2,Call,2022-04-23 00:00:00,Positive,Constructive conversation with strong engagement; client requested additional retirement scenarios.
39,92,19,Video Conference,2021-02-22 00:00:00,Negative,Client expressed concern over communication frequency and expects a more proactive update cadence.
40,649,33,Call,2024-03-18 00:00:00,Negative,Client raised concerns about recent volatility and requested a detailed risk review.
41,106,9,Email,2022-05-11 00:00:00,Positive,Client appreciated the portfolio review and agreed with the proposed allocation changes.
42,337,49,Email,2023-02-26 00:00:00,Positive,Constructive conversation with strong engagement; client requested additional retirement scenarios.
43,111,31,Meeting,2025-07-09 00:00:00,Negative,Interaction indicated frustration regarding drawdowns; advisor to prepare mitigation options.
44,984,14,Call,2021-12-13 00:00:00,Positive,Client appreciated the portfolio review and agreed with the proposed allocation changes.
45,719,50,Meeting,2026-03-12 00:00:00,Neutral,Provided account update and answered standard questions on holdings and recent activity.
46,389,26,Meeting,2023-06-03 00:00:00,Negative,Client requested clarification on fees and portfolio positioning after recent market movements.
47,357,3,Email,2022-09-23 00:00:00,Positive,Client expressed satisfaction with recent performance and welcomed follow-up next quarter.
48,32,32,Email,2025-10-06 00:00:00,Positive,Positive discussion on long-term goals; client is comfortable with the current strategy.
49,932,42,Email,2025-02-11 00:00:00,Neutral,Provided account update and answered standard questions on holdings and recent activity.
50,544,12,Video Conference,2024-06-26 00:00:00,Neutral,Interaction focused on regular portfolio maintenance with no urgent actions identified.
51,602,17,Call,2022-04-28 00:00:00,Positive,Constructive conversation with strong engagement; client requested additional retirement scenarios.
52,535,17,Call,2021-10-16 00:00:00,Positive,Client expressed satisfaction with recent performance and welcomed follow-up next quarter.
53,504,35,Call,2022-04-04 00:00:00,Neutral,Routine check-in completed; no major changes requested at this time.
54,118,34,Meeting,2021-06-02 00:00:00,Negative,Client raised concerns about recent volatility and requested a detailed risk review.
55,822,50,Call,2021-03-07 00:00:00,Neutral,Provided account update and answered standard questions on holdings and recent activity.
56,199,36,Email,2021-02-11 00:00:00,Positive,Client expressed satisfaction with recent performance and welcomed follow-up next quarter.
57,454,45,Email,2025-04-07 00:00:00,Positive,Client appreciated the portfolio review and agreed with the proposed allocation changes.
58,438,5,Email,2024-05-11 00:00:00,Negative,Discussion reflected dissatisfaction with short-term performance; follow-up has been scheduled.
59,288,43,Meeting,2022-10-04 00:00:00,Neutral,Interaction focused on regular portfolio maintenance with no urgent actions identified.
60,792,19,Meeting,2026-01-22 00:00:00,Positive,Client expressed satisfaction with recent performance and welcomed follow-up next quarter.
61,363,34,Call,2021-04-23 00:00:00,Positive,Meeting went well; client approved the recommended diversification plan.
62,355,31,Call,2025-08-25 00:00:00,Positive,Client expressed satisfaction with recent performance and welcomed follow-up next quarter.
63,642,24,Email,2024-01-27 00:00:00,Negative,Interaction indicated frustration regarding drawdowns; advisor to prepare mitigation options.
64,678,7,Call,2024-09-11 00:00:00,Positive,Meeting went well; client approved the recommended diversification plan.
65,161,27,Meeting,2021-09-05 00:00:00,Positive,Meeting went well; client approved the recommended diversification plan.
66,235,10,Call,2024-01-07 00:00:00,Positive,Positive discussion on long-term goals; client is comfortable with the current strategy.
67,942,46,Video Conference,2024-05-10 00:00:00,Positive,Meeting went well; client approved the recommended diversification plan.
68,649,39,Meeting,2022-11-06 00:00:00,Neutral,Provided account update and answered standard questions on holdings and recent activity.
69,286,50,Video Conference,2021-09-06 00:00:00,Negative,Interaction indicated frustration regarding drawdowns; advisor to prepare mitigation options.
70,179,7,Video Conference,2022-10-29 00:00:00,Positive,Positive discussion on long-term goals; client is comfortable with the current strategy.
71,898,45,Call,2022-03-30 00:00:00,Positive,Constructive conversation with strong engagement; client requested additional retirement scenarios.
72,11,42,Meeting,2026-05-24 00:00:00,Neutral,General discussion on market conditions; client prefers to maintain the current plan for now.
73,274,26,Video Conference,2024-11-09 00:00:00,Positive,Client appreciated the portfolio review and agreed with the proposed allocation changes.
74,392,16,Call,2021-05-23 00:00:00,Neutral,Client reviewed the summary materials and asked for periodic monitoring to continue.
75,567,44,Call,2021-06-06 00:00:00,Positive,Client appreciated the portfolio review and agreed with the proposed allocation changes.
76,470,39,Meeting,2025-09-23 00:00:00,Neutral,Interaction focused on regular portfolio maintenance with no urgent actions identified.
77,410,11,Email,2024-11-28 00:00:00,Negative,Discussion reflected dissatisfaction with short-term performance; follow-up has been scheduled.
78,375,16,Call,2026-05-31 00:00:00,Neutral,Routine check-in completed; no major changes requested at this time.
79,471,34,Meeting,2024-01-26 00:00:00,Negative,Client requested clarification on fees and portfolio positioning after recent market movements.
80,893,9,Video Conference,2025-01-06 00:00:00,Neutral,General discussion on market conditions; client prefers to maintain the current plan for now.
81,77,7,Video Conference,2025-07-05 00:00:00,Positive,Client expressed satisfaction with recent performance and welcomed follow-up next quarter.
82,905,24,Call,2021-05-18 00:00:00,Positive,Positive discussion on long-term goals; client is comfortable with the current strategy.
83,434,6,Email,2023-11-17 00:00:00,Positive,Meeting went well; client approved the recommended diversification plan.
84,964,21,Meeting,2021-06-08 00:00:00,Neutral,General discussion on market conditions; client prefers to maintain the current plan for now.
85,691,1,Email,2026-01-09 00:00:00,Positive,Meeting went well; client approved the recommended diversification plan.
86,185,8,Email,2025-06-18 00:00:00,Positive,Positive discussion on long-term goals; client is comfortable with the current strategy.
87,328,35,Call,2025-07-05 00:00:00,Neutral,Client reviewed the summary materials and asked for periodic monitoring to continue.
88,184,25,Meeting,2023-02-01 00:00:00,Neutral,Client reviewed the summary materials and asked for periodic monitoring to continue.
89,53,10,Meeting,2024-05-31 00:00:00,Negative,Client expressed concern over communication frequency and expects a more proactive update cadence.
90,281,30,Email,2021-05-21 00:00:00,Positive,Client appreciated the portfolio review and agreed with the proposed allocation changes.
91,771,25,Call,2023-02-04 00:00:00,Neutral,Interaction focused on regular portfolio maintenance with no urgent actions identified.
92,210,46,Email,2021-06-05 00:00:00,Positive,Positive discussion on long-term goals; client is comfortable with the current strategy.
93,651,42,Email,2021-06-28 00:00:00,Neutral,Routine check-in completed; no major changes requested at this time.
94,842,48,Meeting,2022-01-16 00:00:00,Neutral,General discussion on market conditions; client prefers to maintain the current plan for now.
95,754,35,Email,2023-01-16 00:00:00,Neutral,Routine check-in completed; no major changes requested at this time.
96,705,40,Video Conference,2022-06-28 00:00:00,Positive,Client appreciated the portfolio review and agreed with the proposed allocation changes.
97,913,32,Call,2022-03-26 00:00:00,Positive,Positive discussion on long-term goals; client is comfortable with the current strategy.
98,575,20,Call,2025-12-30 00:00:00,Negative,Client requested clarification on fees and portfolio positioning after recent market movements.
99,269,2,Email,2023-12-20 00:00:00,Positive,Positive discussion on long-term goals; client is comfortable with the current strategy.
100,998,5,Email,2023-08-14 00:00:00,Positive,Meeting went well; client approved the recommended diversification plan.
101,202,33,Meeting,2024-01-03 00:00:00,Positive,Client expressed satisfaction with recent performance and welcomed follow-up next quarter.
102,585,15,Meeting,2023-12-05 00:00:00,Neutral,Interaction focused on regular portfolio maintenance with no urgent actions identified.
103,764,27,Email,2022-07-17 00:00:00,Positive,Positive discussion on long-term goals; client is comfortable with the current strategy.
104,478,12,Call,2023-09-28 00:00:00,Positive,Client expressed satisfaction with recent performance and welcomed follow-up next quarter.
105,254,29,Email,2023-07-30 00:00:00,Positive,Meeting went well; client approved the recommended diversification plan.
106,356,16,Call,2025-07-12 00:00:00,Neutral,Interaction focused on regular portfolio maintenance with no urgent actions identified.
107,536,45,Call,2025-08-04 00:00:00,Positive,Constructive conversation with strong engagement; client requested additional retirement scenarios.
108,816,9,Email,2022-04-27 00:00:00,Positive,Positive discussion on long-term goals; client is comfortable with the current strategy.
109,369,14,Call,2024-09-10 00:00:00,Positive,Client expressed satisfaction with recent performance and welcomed follow-up next quarter.
110,69,11,Email,2021-05-24 00:00:00,Neutral,Client reviewed the summary materials and asked for periodic monitoring to continue.
111,470,39,Video Conference,2022-10-20 00:00:00,Neutral,Client reviewed the summary materials and asked for periodic monitoring to continue.
112,427,38,Call,2022-02-14 00:00:00,Neutral,Client reviewed the summary materials and asked for periodic monitoring to continue.
113,776,43,Video Conference,2021-02-12 00:00:00,Positive,Client appreciated the portfolio review and agreed with the proposed allocation changes.
114,426,46,Call,2023-08-27 00:00:00,Negative,Client expressed concern over communication frequency and expects a more proactive update cadence.
115,41,29,Email,2022-06-26 00:00:00,Neutral,Client reviewed the summary materials and asked for periodic monitoring to continue.
116,171,24,Email,2023-10-30 00:00:00,Negative,Client requested clarification on fees and portfolio positioning after recent market movements.
117,131,18,Video Conference,2022-02-15 00:00:00,Positive,Constructive conversation with strong engagement; client requested additional retirement scenarios.
118,739,17,Email,2024-05-04 00:00:00,Positive,Client appreciated the portfolio review and agreed with the proposed allocation changes.
119,709,7,Call,2024-05-23 00:00:00,Neutral,Provided account update and answered standard questions on holdings and recent activity.
120,659,24,Meeting,2024-08-02 00:00:00,Positive,Meeting went well; client approved the recommended diversification plan.
121,536,45,Meeting,2023-04-18 00:00:00,Negative,Interaction indicated frustration regarding drawdowns; advisor to prepare mitigation options.
122,123,25,Meeting,2023-03-16 00:00:00,Neutral,Client reviewed the summary materials and asked for periodic monitoring to continue.
123,920,16,Meeting,2022-10-10 00:00:00,Positive,Constructive conversation with strong engagement; client requested additional retirement scenarios.
124,949,32,Meeting,2026-01-07 00:00:00,Positive,Meeting went well; client approved the recommended diversification plan.
125,515,33,Meeting,2025-05-15 00:00:00,Positive,Client expressed satisfaction with recent performance and welcomed follow-up next quarter.
126,726,14,Call,2021-11-19 00:00:00,Neutral,Routine check-in completed; no major changes requested at this time.
127,576,41,Meeting,2025-02-03 00:00:00,Positive,Meeting went well; client approved the recommended diversification plan.
128,832,45,Call,2023-11-25 00:00:00,Neutral,Provided account update and answered standard questions on holdings and recent activity.
129,910,20,Call,2022-04-17 00:00:00,Neutral,Client reviewed the summary materials and asked for periodic monitoring to continue.
130,156,44,Video Conference,2025-12-03 00:00:00,Neutral,Provided account update and answered standard questions on holdings and recent activity.
131,809,42,Call,2021-10-14 00:00:00,Positive,Constructive conversation with strong engagement; client requested additional retirement scenarios.
132,594,18,Call,2024-03-18 00:00:00,Positive,Client expressed satisfaction with recent performance and welcomed follow-up next quarter.
133,324,2,Video Conference,2022-01-19 00:00:00,Neutral,Interaction focused on regular portfolio maintenance with no urgent actions identified.
134,400,29,Call,2025-03-26 00:00:00,Positive,Client expressed satisfaction with recent performance and welcomed follow-up next quarter.
135,319,46,Video Conference,2024-08-16 00:00:00,Negative,Interaction indicated frustration regarding drawdowns; advisor to prepare mitigation options.
136,767,7,Email,2024-06-15 00:00:00,Neutral,Routine check-in completed; no major changes requested at this time.
137,333,44,Video Conference,2025-02-01 00:00:00,Negative,Client expressed concern over communication frequency and expects a more proactive update cadence.
138,647,7,Meeting,2024-11-04 00:00:00,Neutral,Client reviewed the summary materials and asked for periodic monitoring to continue.
139,235,42,Meeting,2025-05-21 00:00:00,Neutral,Interaction focused on regular portfolio maintenance with no urgent actions identified.
140,852,9,Email,2023-05-05 00:00:00,Neutral,Provided account update and answered standard questions on holdings and recent activity.
141,227,21,Video Conference,2023-09-29 00:00:00,Positive,Meeting went well; client approved the recommended diversification plan.
142,866,39,Email,2025-09-28 00:00:00,Positive,Positive discussion on long-term goals; client is comfortable with the current strategy.
143,204,13,Call,2025-02-11 00:00:00,Neutral,Provided account update and answered standard questions on holdings and recent activity.
144,526,15,Meeting,2021-08-24 00:00:00,Negative,Discussion reflected dissatisfaction with short-term performance; follow-up has been scheduled.
145,148,34,Meeting,2026-01-28 00:00:00,Positive,Meeting went well; client approved the recommended diversification plan.
146,689,35,Email,2023-09-23 00:00:00,Positive,Client appreciated the portfolio review and agreed with the proposed allocation changes.
147,205,15,Email,2024-03-17 00:00:00,Negative,Client expressed concern over communication frequency and expects a more proactive update cadence.
148,53,10,Video Conference,2023-01-31 00:00:00,Neutral,General discussion on market conditions; client prefers to maintain the current plan for now.
149,337,49,Meeting,2022-10-07 00:00:00,Negative,Interaction indicated frustration regarding drawdowns; advisor to prepare mitigation options.
150,141,21,Call,2024-08-17 00:00:00,Negative,Interaction indicated frustration regarding drawdowns; advisor to prepare mitigation options.
151,684,11,Meeting,2025-03-28 00:00:00,Neutral,Interaction focused on regular portfolio maintenance with no urgent actions identified.
152,523,48,Meeting,2023-08-29 00:00:00,Positive,Client expressed satisfaction with recent performance and welcomed follow-up next quarter.
153,849,49,Call,2021-07-29 00:00:00,Negative,Client raised concerns about recent volatility and requested a detailed risk review.
154,46,25,Meeting,2022-01-23 00:00:00,Positive,Client appreciated the portfolio review and agreed with the proposed allocation changes.
155,806,33,Video Conference,2025-05-18 00:00:00,Neutral,Interaction focused on regular portfolio maintenance with no urgent actions identified.
156,759,23,Call,2022-06-10 00:00:00,Positive,Client expressed satisfaction with recent performance and welcomed follow-up next quarter.
157,230,24,Call,2024-03-09 00:00:00,Positive,Constructive conversation with strong engagement; client requested additional retirement scenarios.
158,476,5,Video Conference,2025-08-22 00:00:00,Positive,Meeting went well; client approved the recommended diversification plan.
159,822,50,Call,2026-02-16 00:00:00,Neutral,Routine check-in completed; no major changes requested at this time.
160,539,2,Call,2022-11-30 00:00:00,Neutral,Interaction focused on regular portfolio maintenance with no urgent actions identified.
161,314,11,Video Conference,2023-06-15 00:00:00,Positive,Meeting went well; client approved the recommended diversification plan.
162,350,38,Call,2021-08-28 00:00:00,Neutral,Client reviewed the summary materials and asked for periodic monitoring to continue.
163,436,49,Call,2021-09-11 00:00:00,Neutral,Provided account update and answered standard questions on holdings and recent activity.
164,121,24,Video Conference,2022-07-29 00:00:00,Negative,Client raised concerns about recent volatility and requested a detailed risk review.
165,928,49,Email,2022-12-17 00:00:00,Positive,Client expressed satisfaction with recent performance and welcomed follow-up next quarter.
166,948,2,Meeting,2022-03-31 00:00:00,Neutral,Client reviewed the summary materials and asked for periodic monitoring to continue.
167,833,2,Email,2021-04-24 00:00:00,Neutral,Client reviewed the summary materials and asked for periodic monitoring to continue.
168,837,50,Call,2023-04-25 00:00:00,Neutral,Provided account update and answered standard questions on holdings and recent activity.
169,197,5,Meeting,2025-12-25 00:00:00,Positive,Client expressed satisfaction with recent performance and welcomed follow-up next quarter.
170,872,46,Meeting,2021-01-19 00:00:00,Neutral,General discussion on market conditions; client prefers to maintain the current plan for now.
171,566,30,Meeting,2025-11-03 00:00:00,Negative,Client raised concerns about recent volatility and requested a detailed risk review.
172,921,16,Email,2024-11-26 00:00:00,Positive,Meeting went well; client approved the recommended diversification plan.
173,542,45,Email,2022-09-26 00:00:00,Neutral,Client reviewed the summary materials and asked for periodic monitoring to continue.
174,891,11,Video Conference,2025-05-22 00:00:00,Neutral,Interaction focused on regular portfolio maintenance with no urgent actions identified.
175,316,42,Email,2024-03-28 00:00:00,Neutral,Provided account update and answered standard questions on holdings and recent activity.
176,781,34,Meeting,2025-11-19 00:00:00,Neutral,Provided account update and answered standard questions on holdings and recent activity.
177,91,17,Email,2021-11-11 00:00:00,Positive,Meeting went well; client approved the recommended diversification plan.
178,324,14,Meeting,2024-11-18 00:00:00,Positive,Client expressed satisfaction with recent performance and welcomed follow-up next quarter.
179,305,39,Call,2022-06-18 00:00:00,Positive,Client expressed satisfaction with recent performance and welcomed follow-up next quarter.
180,486,44,Call,2025-02-28 00:00:00,Positive,Constructive conversation with strong engagement; client requested additional retirement scenarios.
181,628,3,Video Conference,2022-04-10 00:00:00,Neutral,Routine check-in completed; no major changes requested at this time.
182,4,8,Call,2026-01-01 00:00:00,Neutral,General discussion on market conditions; client prefers to maintain the current plan for now.
183,171,24,Call,2023-05-05 00:00:00,Neutral,Routine check-in completed; no major changes requested at this time.
184,239,47,Video Conference,2025-04-26 00:00:00,Positive,Constructive conversation with strong engagement; client requested additional retirement scenarios.
185,402,14,Meeting,2025-05-14 00:00:00,Positive,Client expressed satisfaction with recent performance and welcomed follow-up next quarter.
186,344,50,Email,2024-12-03 00:00:00,Positive,Meeting went well; client approved the recommended diversification plan.
187,1000,38,Call,2023-03-24 00:00:00,Positive,Meeting went well; client approved the recommended diversification plan.
188,540,28,Email,2021-04-14 00:00:00,Negative,Client raised concerns about recent volatility and requested a detailed risk review.
189,591,38,Email,2024-03-20 00:00:00,Positive,Meeting went well; client approved the recommended diversification plan.
190,887,22,Email,2023-05-02 00:00:00,Positive,Constructive conversation with strong engagement; client requested additional retirement scenarios.
191,722,45,Meeting,2024-01-28 00:00:00,Positive,Client appreciated the portfolio review and agreed with the proposed allocation changes.
192,45,23,Call,2023-01-27 00:00:00,Positive,Positive discussion on long-term goals; client is comfortable with the current strategy.
193,375,5,Meeting,2025-12-23 00:00:00,Neutral,Interaction focused on regular portfolio maintenance with no urgent actions identified.
194,594,18,Email,2026-01-11 00:00:00,Neutral,Client reviewed the summary materials and asked for periodic monitoring to continue.
195,759,23,Meeting,2021-05-21 00:00:00,Neutral,Routine check-in completed; no major changes requested at this time.
196,990,9,Call,2022-09-29 00:00:00,Positive,Positive discussion on long-term goals; client is comfortable with the current strategy.
197,799,44,Email,2025-03-06 00:00:00,Neutral,General discussion on market conditions; client prefers to maintain the current plan for now.
198,402,14,Meeting,2024-04-06 00:00:00,Neutral,Routine check-in completed; no major changes requested at this time.
199,134,11,Call,2024-07-24 00:00:00,Positive,Constructive conversation with strong engagement; client requested additional retirement scenarios.
200,155,46,Meeting,2022-12-21 00:00:00,Positive,Constructive conversation with strong engagement; client requested additional retirement scenarios.
201,371,7,Video Conference,2025-09-26 00:00:00,Positive,Client appreciated the portfolio review and agreed with the proposed allocation changes.
202,376,32,Video Conference,2021-06-03 00:00:00,Neutral,General discussion on market conditions; client prefers to maintain the current plan for now.
203,237,1,Meeting,2021-09-02 00:00:00,Neutral,Provided account update and answered standard questions on holdings and recent activity.
204,541,27,Email,2024-03-08 00:00:00,Positive,Client appreciated the portfolio review and agreed with the proposed allocation changes.
205,320,28,Call,2024-12-01 00:00:00,Neutral,Routine check-in completed; no major changes requested at this time.
206,874,12,Call,2022-03-18 00:00:00,Positive,Client expressed satisfaction with recent performance and welcomed follow-up next quarter.
207,210,46,Email,2025-01-17 00:00:00,Positive,Client expressed satisfaction with recent performance and welcomed follow-up next quarter.
208,121,24,Meeting,2025-11-18 00:00:00,Positive,Client appreciated the portfolio review and agreed with the proposed allocation changes.
209,559,44,Meeting,2024-05-13 00:00:00,Positive,Client expressed satisfaction with recent performance and welcomed follow-up next quarter.
210,234,2,Video Conference,2024-12-16 00:00:00,Positive,Meeting went well; client approved the recommended diversification plan.
211,497,6,Call,2024-09-12 00:00:00,Positive,Positive discussion on long-term goals; client is comfortable with the current strategy.
212,590,4,Call,2022-04-17 00:00:00,Neutral,General discussion on market conditions; client prefers to maintain the current plan for now.
213,561,5,Call,2026-01-18 00:00:00,Neutral,Interaction focused on regular portfolio maintenance with no urgent actions identified.
214,410,11,Meeting,2021-12-21 00:00:00,Positive,Meeting went well; client approved the recommended diversification plan.
215,915,28,Email,2025-09-20 00:00:00,Positive,Constructive conversation with strong engagement; client requested additional retirement scenarios.
216,283,18,Call,2024-01-20 00:00:00,Neutral,Routine check-in completed; no major changes requested at this time.
217,291,4,Email,2024-08-04 00:00:00,Positive,Meeting went well; client approved the recommended diversification plan.
218,88,47,Call,2026-05-30 00:00:00,Positive,Client expressed satisfaction with recent performance and welcomed follow-up next quarter.
219,738,21,Meeting,2025-06-26 00:00:00,Positive,Client appreciated the portfolio review and agreed with the proposed allocation changes.
220,646,12,Meeting,2023-01-10 00:00:00,Neutral,Client reviewed the summary materials and asked for periodic monitoring to continue.
221,926,32,Call,2023-02-10 00:00:00,Positive,Meeting went well; client approved the recommended diversification plan.
222,59,45,Meeting,2023-02-09 00:00:00,Positive,Client expressed satisfaction with recent performance and welcomed follow-up next quarter.
223,97,46,Video Conference,2022-05-10 00:00:00,Positive,Positive discussion on long-term goals; client is comfortable with the current strategy.
224,864,5,Meeting,2024-06-22 00:00:00,Positive,Client appreciated the portfolio review and agreed with the proposed allocation changes.
225,978,49,Email,2024-05-08 00:00:00,Neutral,Provided account update and answered standard questions on holdings and recent activity.
226,202,33,Video Conference,2023-08-14 00:00:00,Neutral,Routine check-in completed; no major changes requested at this time.
227,217,2,Email,2021-08-21 00:00:00,Positive,Meeting went well; client approved the recommended diversification plan.
228,346,29,Email,2023-12-15 00:00:00,Positive,Client expressed satisfaction with recent performance and welcomed follow-up next quarter.
229,309,31,Video Conference,2021-11-19 00:00:00,Neutral,General discussion on market conditions; client prefers to maintain the current plan for now.
230,968,14,Call,2025-10-05 00:00:00,Neutral,Interaction focused on regular portfolio maintenance with no urgent actions identified.
231,55,45,Call,2025-06-18 00:00:00,Negative,Discussion reflected dissatisfaction with short-term performance; follow-up has been scheduled.
232,678,7,Email,2026-02-05 00:00:00,Negative,Discussion reflected dissatisfaction with short-term performance; follow-up has been scheduled.
233,386,37,Meeting,2025-09-26 00:00:00,Positive,Client expressed satisfaction with recent performance and welcomed follow-up next quarter.
234,974,2,Email,2024-05-22 00:00:00,Neutral,Interaction focused on regular portfolio maintenance with no urgent actions identified.
235,767,43,Call,2026-04-23 00:00:00,Positive,Constructive conversation with strong engagement; client requested additional retirement scenarios.
236,394,42,Video Conference,2021-01-15 00:00:00,Negative,Client expressed concern over communication frequency and expects a more proactive update cadence.
237,536,45,Video Conference,2025-09-27 00:00:00,Positive,Client expressed satisfaction with recent performance and welcomed follow-up next quarter.
238,566,16,Email,2022-02-06 00:00:00,Neutral,General discussion on market conditions; client prefers to maintain the current plan for now.
239,85,7,Call,2024-12-13 00:00:00,Neutral,Client reviewed the summary materials and asked for periodic monitoring to continue.
240,66,6,Email,2025-12-18 00:00:00,Positive,Client expressed satisfaction with recent performance and welcomed follow-up next quarter.
241,1,32,Email,2023-05-08 00:00:00,Positive,Constructive conversation with strong engagement; client requested additional retirement scenarios.
242,395,5,Call,2025-06-22 00:00:00,Positive,Client expressed satisfaction with recent performance and welcomed follow-up next quarter.
243,425,29,Video Conference,2023-06-25 00:00:00,Negative,Interaction indicated frustration regarding drawdowns; advisor to prepare mitigation options.
244,646,6,Email,2024-10-13 00:00:00,Neutral,Routine check-in completed; no major changes requested at this time.
245,698,39,Call,2022-02-18 00:00:00,Positive,Constructive conversation with strong engagement; client requested additional retirement scenarios.
246,916,46,Email,2024-02-01 00:00:00,Negative,Discussion reflected dissatisfaction with short-term performance; follow-up has been scheduled.
247,768,9,Meeting,2024-11-24 00:00:00,Positive,Constructive conversation with strong engagement; client requested additional retirement scenarios.
248,79,10,Call,2025-07-22 00:00:00,Positive,Meeting went well; client approved the recommended diversification plan.
249,894,48,Video Conference,2021-09-08 00:00:00,Neutral,General discussion on market conditions; client prefers to maintain the current plan for now.
250,834,31,Meeting,2026-04-16 00:00:00,Neutral,Interaction focused on regular portfolio maintenance with no urgent actions identified.
251,882,32,Meeting,2023-03-11 00:00:00,Positive,Constructive conversation with strong engagement; client requested additional retirement scenarios.
252,936,10,Meeting,2023-07-10 00:00:00,Positive,Client expressed satisfaction with recent performance and welcomed follow-up next quarter.
253,642,38,Email,2025-12-29 00:00:00,Positive,Positive discussion on long-term goals; client is comfortable with the current strategy.
254,659,13,Email,2023-09-25 00:00:00,Neutral,General discussion on market conditions; client prefers to maintain the current plan for now.
255,384,29,Email,2022-09-03 00:00:00,Neutral,Routine check-in completed; no major changes requested at this time.
256,235,42,Email,2026-02-14 00:00:00,Neutral,Interaction focused on regular portfolio maintenance with no urgent actions identified.
257,983,10,Email,2024-07-23 00:00:00,Positive,Meeting went well; client approved the recommended diversification plan.
258,440,15,Call,2024-12-23 00:00:00,Positive,Constructive conversation with strong engagement; client requested additional retirement scenarios.
259,457,2,Call,2021-11-06 00:00:00,Neutral,General discussion on market conditions; client prefers to maintain the current plan for now.
260,90,31,Call,2024-11-05 00:00:00,Positive,Client appreciated the portfolio review and agreed with the proposed allocation changes.
261,972,20,Video Conference,2023-03-04 00:00:00,Negative,Client requested clarification on fees and portfolio positioning after recent market movements.
262,676,15,Email,2025-02-10 00:00:00,Negative,Discussion reflected dissatisfaction with short-term performance; follow-up has been scheduled.
263,47,22,Email,2021-06-11 00:00:00,Positive,Client expressed satisfaction with recent performance and welcomed follow-up next quarter.
264,37,18,Video Conference,2023-05-14 00:00:00,Positive,Client expressed satisfaction with recent performance and welcomed follow-up next quarter.
265,217,37,Call,2024-08-06 00:00:00,Neutral,Routine check-in completed; no major changes requested at this time.
266,989,13,Meeting,2025-01-07 00:00:00,Positive,Meeting went well; client approved the recommended diversification plan.
267,315,36,Meeting,2024-04-26 00:00:00,Neutral,Provided account update and answered standard questions on holdings and recent activity.
268,464,20,Email,2021-01-29 00:00:00,Negative,Client expressed concern over communication frequency and expects a more proactive update cadence.
269,60,19,Video Conference,2023-06-16 00:00:00,Neutral,Routine check-in completed; no major changes requested at this time.
270,821,26,Call,2021-03-01 00:00:00,Negative,Discussion reflected dissatisfaction with short-term performance; follow-up has been scheduled.
271,44,35,Video Conference,2025-06-15 00:00:00,Positive,Positive discussion on long-term goals; client is comfortable with the current strategy.
272,337,44,Email,2023-04-20 00:00:00,Neutral,General discussion on market conditions; client prefers to maintain the current plan for now.
273,247,17,Meeting,2021-02-26 00:00:00,Positive,Client expressed satisfaction with recent performance and welcomed follow-up next quarter.
274,927,33,Call,2026-01-31 00:00:00,Neutral,Interaction focused on regular portfolio maintenance with no urgent actions identified.
275,608,19,Email,2023-07-29 00:00:00,Positive,Meeting went well; client approved the recommended diversification plan.
276,590,6,Video Conference,2025-09-05 00:00:00,Neutral,Interaction focused on regular portfolio maintenance with no urgent actions identified.
277,363,37,Call,2025-04-11 00:00:00,Positive,Positive discussion on long-term goals; client is comfortable with the current strategy.
278,944,5,Email,2023-11-17 00:00:00,Positive,Constructive conversation with strong engagement; client requested additional retirement scenarios.
279,177,16,Call,2024-07-13 00:00:00,Positive,Constructive conversation with strong engagement; client requested additional retirement scenarios.
280,893,17,Call,2024-09-12 00:00:00,Positive,Constructive conversation with strong engagement; client requested additional retirement scenarios.
281,1,32,Email,2023-10-27 00:00:00,Positive,Client appreciated the portfolio review and agreed with the proposed allocation changes.
282,249,18,Meeting,2023-04-10 00:00:00,Positive,Client expressed satisfaction with recent performance and welcomed follow-up next quarter.
283,622,32,Call,2021-03-20 00:00:00,Neutral,General discussion on market conditions; client prefers to maintain the current plan for now.
284,434,6,Email,2025-08-21 00:00:00,Neutral,Client reviewed the summary materials and asked for periodic monitoring to continue.
285,143,28,Video Conference,2026-04-05 00:00:00,Neutral,Provided account update and answered standard questions on holdings and recent activity.
286,746,40,Meeting,2024-05-13 00:00:00,Positive,Meeting went well; client approved the recommended diversification plan.
287,44,16,Call,2022-12-07 00:00:00,Neutral,Routine check-in completed; no major changes requested at this time.
288,207,15,Email,2025-05-01 00:00:00,Positive,Client appreciated the portfolio review and agreed with the proposed allocation changes.
289,837,50,Meeting,2026-01-24 00:00:00,Positive,Positive discussion on long-term goals; client is comfortable with the current strategy.
290,578,13,Call,2021-03-04 00:00:00,Negative,Client raised concerns about recent volatility and requested a detailed risk review.
291,138,20,Video Conference,2025-10-14 00:00:00,Positive,Constructive conversation with strong engagement; client requested additional retirement scenarios.
292,637,27,Video Conference,2024-06-07 00:00:00,Neutral,General discussion on market conditions; client prefers to maintain the current plan for now.
293,293,30,Video Conference,2026-01-29 00:00:00,Positive,Meeting went well; client approved the recommended diversification plan.
294,652,6,Email,2021-10-03 00:00:00,Neutral,Routine check-in completed; no major changes requested at this time.
295,459,40,Meeting,2023-02-22 00:00:00,Positive,Client expressed satisfaction with recent performance and welcomed follow-up next quarter.
296,424,22,Email,2021-12-31 00:00:00,Positive,Client appreciated the portfolio review and agreed with the proposed allocation changes.
297,752,31,Meeting,2025-08-15 00:00:00,Positive,Positive discussion on long-term goals; client is comfortable with the current strategy.
298,37,32,Email,2022-03-16 00:00:00,Positive,Constructive conversation with strong engagement; client requested additional retirement scenarios.
299,280,9,Call,2025-03-12 00:00:00,Positive,Client expressed satisfaction with recent performance and welcomed follow-up next quarter.
300,375,16,Email,2024-09-05 00:00:00,Positive,Client expressed satisfaction with recent performance and welcomed follow-up next quarter.
301,403,8,Email,2024-04-14 00:00:00,Positive,Positive discussion on long-term goals; client is comfortable with the current strategy.
302,9,31,Video Conference,2021-07-07 00:00:00,Neutral,Client reviewed the summary materials and asked for periodic monitoring to continue.
303,489,15,Call,2026-02-09 00:00:00,Negative,Client expressed concern over communication frequency and expects a more proactive update cadence.
304,764,27,Call,2021-02-24 00:00:00,Positive,Positive discussion on long-term goals; client is comfortable with the current strategy.
305,686,26,Email,2022-04-09 00:00:00,Neutral,Routine check-in completed; no major changes requested at this time.
306,797,37,Email,2022-12-08 00:00:00,Positive,Meeting went well; client approved the recommended diversification plan.
307,53,2,Call,2025-07-29 00:00:00,Neutral,Interaction focused on regular portfolio maintenance with no urgent actions identified.
308,922,30,Email,2022-10-05 00:00:00,Positive,Client expressed satisfaction with recent performance and welcomed follow-up next quarter.
309,650,8,Call,2022-06-19 00:00:00,Negative,Client raised concerns about recent volatility and requested a detailed risk review.
310,462,22,Meeting,2025-03-28 00:00:00,Neutral,Provided account update and answered standard questions on holdings and recent activity.
311,871,8,Video Conference,2023-06-18 00:00:00,Neutral,Client reviewed the summary materials and asked for periodic monitoring to continue.
312,373,50,Video Conference,2021-02-06 00:00:00,Positive,Client expressed satisfaction with recent performance and welcomed follow-up next quarter.
313,549,47,Meeting,2024-03-27 00:00:00,Neutral,General discussion on market conditions; client prefers to maintain the current plan for now.
314,449,40,Email,2022-07-05 00:00:00,Positive,Constructive conversation with strong engagement; client requested additional retirement scenarios.
315,800,31,Email,2025-01-03 00:00:00,Positive,Positive discussion on long-term goals; client is comfortable with the current strategy.
316,324,2,Meeting,2024-10-11 00:00:00,Positive,Meeting went well; client approved the recommended diversification plan.
317,913,32,Meeting,2023-04-12 00:00:00,Positive,Client appreciated the portfolio review and agreed with the proposed allocation changes.
318,189,20,Video Conference,2023-09-25 00:00:00,Neutral,Provided account update and answered standard questions on holdings and recent activity.
319,862,50,Meeting,2021-03-28 00:00:00,Negative,Client raised concerns about recent volatility and requested a detailed risk review.
320,461,10,Video Conference,2021-07-06 00:00:00,Positive,Positive discussion on long-term goals; client is comfortable with the current strategy.
321,462,22,Call,2023-12-21 00:00:00,Negative,Discussion reflected dissatisfaction with short-term performance; follow-up has been scheduled.
322,457,11,Video Conference,2024-06-18 00:00:00,Neutral,Provided account update and answered standard questions on holdings and recent activity.
323,426,22,Email,2025-10-02 00:00:00,Neutral,Interaction focused on regular portfolio maintenance with no urgent actions identified.
324,197,19,Video Conference,2023-06-22 00:00:00,Positive,Positive discussion on long-term goals; client is comfortable with the current strategy.
325,465,21,Email,2022-12-21 00:00:00,Positive,Meeting went well; client approved the recommended diversification plan.
326,468,12,Call,2021-02-03 00:00:00,Neutral,Client reviewed the summary materials and asked for periodic monitoring to continue.
327,8,7,Email,2021-12-09 00:00:00,Neutral,Routine check-in completed; no major changes requested at this time.
328,331,35,Video Conference,2025-11-06 00:00:00,Neutral,Routine check-in completed; no major changes requested at this time.
329,171,40,Email,2024-07-29 00:00:00,Positive,Client expressed satisfaction with recent performance and welcomed follow-up next quarter.
330,35,1,Email,2026-04-20 00:00:00,Positive,Positive discussion on long-term goals; client is comfortable with the current strategy.
331,424,4,Call,2026-05-17 00:00:00,Neutral,Provided account update and answered standard questions on holdings and recent activity.
332,564,10,Meeting,2024-12-31 00:00:00,Neutral,Routine check-in completed; no major changes requested at this time.
333,856,2,Call,2023-03-25 00:00:00,Neutral,Provided account update and answered standard questions on holdings and recent activity.
334,635,8,Email,2021-03-31 00:00:00,Positive,Client expressed satisfaction with recent performance and welcomed follow-up next quarter.
335,515,33,Video Conference,2025-12-30 00:00:00,Positive,Constructive conversation with strong engagement; client requested additional retirement scenarios.
336,201,9,Call,2026-01-09 00:00:00,Negative,Interaction indicated frustration regarding drawdowns; advisor to prepare mitigation options.
337,401,16,Email,2023-05-11 00:00:00,Neutral,Client reviewed the summary materials and asked for periodic monitoring to continue.
338,511,11,Meeting,2025-05-19 00:00:00,Negative,Client expressed concern over communication frequency and expects a more proactive update cadence.
339,703,16,Meeting,2024-08-14 00:00:00,Positive,Positive discussion on long-term goals; client is comfortable with the current strategy.
340,687,15,Email,2024-05-02 00:00:00,Negative,Client requested clarification on fees and portfolio positioning after recent market movements.
341,578,5,Meeting,2023-03-27 00:00:00,Negative,Interaction indicated frustration regarding drawdowns; advisor to prepare mitigation options.
342,475,31,Email,2025-12-13 00:00:00,Positive,Client appreciated the portfolio review and agreed with the proposed allocation changes.
343,421,25,Video Conference,2024-06-30 00:00:00,Neutral,Client reviewed the summary materials and asked for periodic monitoring to continue.
344,924,35,Email,2023-11-20 00:00:00,Neutral,Client reviewed the summary materials and asked for periodic monitoring to continue.
345,951,6,Meeting,2025-01-23 00:00:00,Positive,Positive discussion on long-term goals; client is comfortable with the current strategy.
346,946,44,Meeting,2025-05-19 00:00:00,Positive,Positive discussion on long-term goals; client is comfortable with the current strategy.
347,282,26,Email,2022-08-06 00:00:00,Neutral,Provided account update and answered standard questions on holdings and recent activity.
348,993,17,Video Conference,2021-04-27 00:00:00,Neutral,Client reviewed the summary materials and asked for periodic monitoring to continue.
349,898,46,Email,2023-10-09 00:00:00,Positive,Client appreciated the portfolio review and agreed with the proposed allocation changes.
350,941,40,Call,2026-01-09 00:00:00,Positive,Meeting went well; client approved the recommended diversification plan.
351,895,49,Video Conference,2023-04-30 00:00:00,Positive,Constructive conversation with strong engagement; client requested additional retirement scenarios.
352,378,38,Email,2022-08-28 00:00:00,Positive,Meeting went well; client approved the recommended diversification plan.
353,760,50,Call,2021-06-18 00:00:00,Neutral,Client reviewed the summary materials and asked for periodic monitoring to continue.
354,499,2,Call,2023-10-27 00:00:00,Negative,Client expressed concern over communication frequency and expects a more proactive update cadence.
355,464,20,Meeting,2024-07-03 00:00:00,Negative,Discussion reflected dissatisfaction with short-term performance; follow-up has been scheduled.
356,468,12,Email,2022-05-22 00:00:00,Neutral,General discussion on market conditions; client prefers to maintain the current plan for now.
357,459,13,Meeting,2024-11-29 00:00:00,Neutral,Routine check-in completed; no major changes requested at this time.
358,557,49,Call,2024-04-13 00:00:00,Neutral,Interaction focused on regular portfolio maintenance with no urgent actions identified.
359,673,42,Meeting,2021-09-07 00:00:00,Negative,Interaction indicated frustration regarding drawdowns; advisor to prepare mitigation options.
360,267,35,Email,2024-09-05 00:00:00,Positive,Positive discussion on long-term goals; client is comfortable with the current strategy.
361,327,41,Meeting,2022-03-09 00:00:00,Positive,Positive discussion on long-term goals; client is comfortable with the current strategy.
362,454,2,Email,2025-01-13 00:00:00,Neutral,Client reviewed the summary materials and asked for periodic monitoring to continue.
363,918,32,Meeting,2021-01-11 00:00:00,Neutral,Provided account update and answered standard questions on holdings and recent activity.
364,950,13,Email,2022-10-01 00:00:00,Negative,Client requested clarification on fees and portfolio positioning after recent market movements.
365,312,50,Meeting,2023-02-08 00:00:00,Neutral,Routine check-in completed; no major changes requested at this time.
366,309,33,Call,2021-07-11 00:00:00,Neutral,Client reviewed the summary materials and asked for periodic monitoring to continue.
367,894,48,Email,2023-03-25 00:00:00,Positive,Meeting went well; client approved the recommended diversification plan.
368,29,32,Call,2023-09-10 00:00:00,Negative,Client expressed concern over communication frequency and expects a more proactive update cadence.
369,706,37,Call,2026-01-29 00:00:00,Positive,Meeting went well; client approved the recommended diversification plan.
370,341,25,Call,2022-04-05 00:00:00,Positive,Positive discussion on long-term goals; client is comfortable with the current strategy.
371,412,25,Call,2022-08-08 00:00:00,Neutral,Client reviewed the summary materials and asked for periodic monitoring to continue.
372,866,46,Video Conference,2022-08-05 00:00:00,Positive,Client appreciated the portfolio review and agreed with the proposed allocation changes.
373,129,14,Call,2024-06-23 00:00:00,Neutral,Routine check-in completed; no major changes requested at this time.
374,441,46,Call,2025-10-25 00:00:00,Negative,Interaction indicated frustration regarding drawdowns; advisor to prepare mitigation options.
375,290,35,Meeting,2021-07-03 00:00:00,Neutral,Routine check-in completed; no major changes requested at this time.
376,148,31,Meeting,2021-01-09 00:00:00,Negative,Client requested clarification on fees and portfolio positioning after recent market movements.
377,912,35,Meeting,2023-01-01 00:00:00,Positive,Positive discussion on long-term goals; client is comfortable with the current strategy.
378,271,26,Email,2026-04-11 00:00:00,Positive,Meeting went well; client approved the recommended diversification plan.
379,381,37,Meeting,2022-11-23 00:00:00,Positive,Meeting went well; client approved the recommended diversification plan.
380,124,19,Video Conference,2025-03-31 00:00:00,Positive,Client appreciated the portfolio review and agreed with the proposed allocation changes.
381,622,32,Email,2022-08-29 00:00:00,Positive,Meeting went well; client approved the recommended diversification plan.
382,577,10,Email,2025-01-25 00:00:00,Positive,Client appreciated the portfolio review and agreed with the proposed allocation changes.
383,466,17,Video Conference,2022-07-07 00:00:00,Neutral,General discussion on market conditions; client prefers to maintain the current plan for now.
384,887,29,Video Conference,2024-09-18 00:00:00,Positive,Client expressed satisfaction with recent performance and welcomed follow-up next quarter.
385,246,42,Call,2024-09-20 00:00:00,Negative,Client expressed concern over communication frequency and expects a more proactive update cadence.
386,778,27,Email,2022-03-21 00:00:00,Negative,Discussion reflected dissatisfaction with short-term performance; follow-up has been scheduled.
387,717,26,Meeting,2025-06-05 00:00:00,Neutral,Provided account update and answered standard questions on holdings and recent activity.
388,472,29,Call,2022-05-24 00:00:00,Negative,Client requested clarification on fees and portfolio positioning after recent market movements.
389,653,6,Video Conference,2025-11-02 00:00:00,Neutral,Interaction focused on regular portfolio maintenance with no urgent actions identified.
390,842,48,Call,2026-01-26 00:00:00,Positive,Constructive conversation with strong engagement; client requested additional retirement scenarios.
391,74,32,Video Conference,2022-09-02 00:00:00,Positive,Meeting went well; client approved the recommended diversification plan.
392,454,2,Email,2022-04-27 00:00:00,Positive,Constructive conversation with strong engagement; client requested additional retirement scenarios.
393,542,18,Email,2021-07-31 00:00:00,Neutral,Routine check-in completed; no major changes requested at this time.
394,719,50,Meeting,2023-08-18 00:00:00,Positive,Client appreciated the portfolio review and agreed with the proposed allocation changes.
395,296,48,Email,2021-03-27 00:00:00,Neutral,Client reviewed the summary materials and asked for periodic monitoring to continue.
396,959,2,Email,2024-04-16 00:00:00,Positive,Meeting went well; client approved the recommended diversification plan.
397,918,17,Email,2026-04-30 00:00:00,Neutral,General discussion on market conditions; client prefers to maintain the current plan for now.
398,80,23,Meeting,2026-03-08 00:00:00,Positive,Client appreciated the portfolio review and agreed with the proposed allocation changes.
399,724,35,Meeting,2022-11-24 00:00:00,Positive,Constructive conversation with strong engagement; client requested additional retirement scenarios.
400,234,2,Meeting,2022-07-30 00:00:00,Negative,Client expressed concern over communication frequency and expects a more proactive update cadence.
401,884,13,Call,2024-01-20 00:00:00,Positive,Positive discussion on long-term goals; client is comfortable with the current strategy.
402,90,31,Call,2025-09-17 00:00:00,Positive,Positive discussion on long-term goals; client is comfortable with the current strategy.
403,824,20,Email,2024-03-04 00:00:00,Positive,Client expressed satisfaction with recent performance and welcomed follow-up next quarter.
404,37,32,Email,2022-04-17 00:00:00,Positive,Client expressed satisfaction with recent performance and welcomed follow-up next quarter.
405,966,23,Video Conference,2023-09-04 00:00:00,Neutral,Interaction focused on regular portfolio maintenance with no urgent actions identified.
406,530,16,Call,2024-02-11 00:00:00,Positive,Positive discussion on long-term goals; client is comfortable with the current strategy.
407,494,44,Meeting,2024-06-07 00:00:00,Positive,Constructive conversation with strong engagement; client requested additional retirement scenarios.
408,226,36,Email,2021-07-04 00:00:00,Positive,Constructive conversation with strong engagement; client requested additional retirement scenarios.
409,650,8,Meeting,2023-07-29 00:00:00,Positive,Meeting went well; client approved the recommended diversification plan.
410,650,8,Email,2021-10-01 00:00:00,Neutral,Routine check-in completed; no major changes requested at this time.
411,806,9,Email,2021-05-14 00:00:00,Neutral,Routine check-in completed; no major changes requested at this time.
412,981,17,Meeting,2025-06-25 00:00:00,Positive,Client expressed satisfaction with recent performance and welcomed follow-up next quarter.
413,520,46,Email,2021-12-15 00:00:00,Positive,Meeting went well; client approved the recommended diversification plan.
414,838,27,Email,2026-05-26 00:00:00,Neutral,Routine check-in completed; no major changes requested at this time.
415,326,4,Call,2024-02-23 00:00:00,Negative,Client requested clarification on fees and portfolio positioning after recent market movements.
416,884,13,Call,2021-02-15 00:00:00,Positive,Meeting went well; client approved the recommended diversification plan.
417,474,30,Video Conference,2025-07-22 00:00:00,Positive,Positive discussion on long-term goals; client is comfortable with the current strategy.
418,849,49,Meeting,2025-01-06 00:00:00,Neutral,General discussion on market conditions; client prefers to maintain the current plan for now.
419,77,13,Email,2023-06-26 00:00:00,Positive,Client appreciated the portfolio review and agreed with the proposed allocation changes.
420,595,39,Email,2021-07-11 00:00:00,Negative,Discussion reflected dissatisfaction with short-term performance; follow-up has been scheduled.
421,48,21,Email,2025-05-20 00:00:00,Neutral,General discussion on market conditions; client prefers to maintain the current plan for now.
422,337,49,Email,2022-11-26 00:00:00,Positive,Constructive conversation with strong engagement; client requested additional retirement scenarios.
423,829,32,Email,2023-03-27 00:00:00,Negative,Discussion reflected dissatisfaction with short-term performance; follow-up has been scheduled.
424,17,25,Call,2025-05-29 00:00:00,Neutral,Client reviewed the summary materials and asked for periodic monitoring to continue.
425,934,38,Video Conference,2024-08-23 00:00:00,Negative,Client raised concerns about recent volatility and requested a detailed risk review.
426,197,5,Meeting,2022-02-23 00:00:00,Neutral,General discussion on market conditions; client prefers to maintain the current plan for now.
427,24,39,Call,2023-09-22 00:00:00,Neutral,Provided account update and answered standard questions on holdings and recent activity.
428,332,6,Call,2025-07-02 00:00:00,Positive,Client appreciated the portfolio review and agreed with the proposed allocation changes.
429,460,34,Call,2023-06-25 00:00:00,Neutral,Provided account update and answered standard questions on holdings and recent activity.
430,864,24,Call,2022-10-08 00:00:00,Neutral,Client reviewed the summary materials and asked for periodic monitoring to continue.
431,258,39,Call,2025-07-23 00:00:00,Neutral,Client reviewed the summary materials and asked for periodic monitoring to continue.
432,926,33,Video Conference,2021-07-25 00:00:00,Positive,Meeting went well; client approved the recommended diversification plan.
433,866,39,Email,2022-02-19 00:00:00,Positive,Positive discussion on long-term goals; client is comfortable with the current strategy.
434,788,20,Video Conference,2023-07-05 00:00:00,Negative,Discussion reflected dissatisfaction with short-term performance; follow-up has been scheduled.
435,675,48,Call,2023-11-05 00:00:00,Positive,Meeting went well; client approved the recommended diversification plan.
436,351,30,Email,2023-03-27 00:00:00,Neutral,Client reviewed the summary materials and asked for periodic monitoring to continue.
437,27,49,Call,2024-02-21 00:00:00,Neutral,General discussion on market conditions; client prefers to maintain the current plan for now.
438,523,3,Meeting,2021-06-08 00:00:00,Positive,Constructive conversation with strong engagement; client requested additional retirement scenarios.
439,124,19,Call,2023-10-20 00:00:00,Positive,Client appreciated the portfolio review and agreed with the proposed allocation changes.
440,728,18,Email,2024-11-28 00:00:00,Positive,Meeting went well; client approved the recommended diversification plan.
441,708,37,Meeting,2021-10-24 00:00:00,Neutral,Client reviewed the summary materials and asked for periodic monitoring to continue.
442,617,37,Call,2025-06-21 00:00:00,Neutral,Interaction focused on regular portfolio maintenance with no urgent actions identified.
443,70,5,Meeting,2023-02-07 00:00:00,Neutral,Interaction focused on regular portfolio maintenance with no urgent actions identified.
444,193,22,Email,2023-03-20 00:00:00,Positive,Meeting went well; client approved the recommended diversification plan.
445,475,31,Meeting,2022-04-27 00:00:00,Negative,Client raised concerns about recent volatility and requested a detailed risk review.
446,897,47,Call,2021-07-06 00:00:00,Positive,Client expressed satisfaction with recent performance and welcomed follow-up next quarter.
447,676,15,Meeting,2024-09-03 00:00:00,Negative,Client requested clarification on fees and portfolio positioning after recent market movements.
448,974,2,Video Conference,2025-09-08 00:00:00,Neutral,General discussion on market conditions; client prefers to maintain the current plan for now.
449,14,11,Meeting,2021-03-10 00:00:00,Positive,Constructive conversation with strong engagement; client requested additional retirement scenarios.
450,939,3,Email,2021-12-22 00:00:00,Negative,Interaction indicated frustration regarding drawdowns; advisor to prepare mitigation options.
451,852,9,Meeting,2023-11-01 00:00:00,Positive,Meeting went well; client approved the recommended diversification plan.
452,577,10,Video Conference,2023-03-16 00:00:00,Neutral,General discussion on market conditions; client prefers to maintain the current plan for now.
453,526,15,Meeting,2025-11-03 00:00:00,Neutral,Client reviewed the summary materials and asked for periodic monitoring to continue.
454,240,35,Video Conference,2024-07-23 00:00:00,Positive,Constructive conversation with strong engagement; client requested additional retirement scenarios.
455,802,50,Call,2021-12-02 00:00:00,Positive,Meeting went well; client approved the recommended diversification plan.
456,914,32,Video Conference,2026-03-31 00:00:00,Neutral,Client reviewed the summary materials and asked for periodic monitoring to continue.
457,162,14,Email,2026-04-18 00:00:00,Positive,Client appreciated the portfolio review and agreed with the proposed allocation changes.
458,205,15,Meeting,2023-01-11 00:00:00,Neutral,Provided account update and answered standard questions on holdings and recent activity.
459,197,5,Meeting,2021-01-20 00:00:00,Positive,Positive discussion on long-term goals; client is comfortable with the current strategy.
460,150,8,Call,2026-03-30 00:00:00,Negative,Discussion reflected dissatisfaction with short-term performance; follow-up has been scheduled.
461,881,22,Email,2025-05-11 00:00:00,Positive,Constructive conversation with strong engagement; client requested additional retirement scenarios.
462,243,20,Call,2023-05-27 00:00:00,Positive,Meeting went well; client approved the recommended diversification plan.
463,602,17,Meeting,2026-03-08 00:00:00,Positive,Meeting went well; client approved the recommended diversification plan.
464,197,46,Call,2022-10-21 00:00:00,Negative,Interaction indicated frustration regarding drawdowns; advisor to prepare mitigation options.
465,858,39,Meeting,2021-12-21 00:00:00,Positive,Meeting went well; client approved the recommended diversification plan.
466,72,48,Meeting,2021-07-23 00:00:00,Neutral,Client reviewed the summary materials and asked for periodic monitoring to continue.
467,608,19,Call,2024-07-21 00:00:00,Neutral,Interaction focused on regular portfolio maintenance with no urgent actions identified.
468,38,35,Video Conference,2022-02-01 00:00:00,Neutral,General discussion on market conditions; client prefers to maintain the current plan for now.
469,298,25,Call,2025-10-12 00:00:00,Neutral,Client reviewed the summary materials and asked for periodic monitoring to continue.
470,323,40,Meeting,2022-09-05 00:00:00,Neutral,Provided account update and answered standard questions on holdings and recent activity.
471,574,20,Email,2024-06-01 00:00:00,Neutral,Client reviewed the summary materials and asked for periodic monitoring to continue.
472,796,45,Video Conference,2024-06-04 00:00:00,Neutral,Provided account update and answered standard questions on holdings and recent activity.
473,828,43,Email,2025-10-22 00:00:00,Neutral,General discussion on market conditions; client prefers to maintain the current plan for now.
474,464,42,Email,2024-01-01 00:00:00,Neutral,Provided account update and answered standard questions on holdings and recent activity.
475,443,21,Call,2022-03-31 00:00:00,Positive,Meeting went well; client approved the recommended diversification plan.
476,840,12,Meeting,2022-10-21 00:00:00,Positive,Client appreciated the portfolio review and agreed with the proposed allocation changes.
477,829,47,Video Conference,2021-06-05 00:00:00,Positive,Positive discussion on long-term goals; client is comfortable with the current strategy.
478,983,10,Meeting,2021-12-03 00:00:00,Neutral,Interaction focused on regular portfolio maintenance with no urgent actions identified.
479,883,29,Email,2025-03-14 00:00:00,Negative,Client requested clarification on fees and portfolio positioning after recent market movements.
480,36,50,Email,2024-02-20 00:00:00,Neutral,General discussion on market conditions; client prefers to maintain the current plan for now.
481,448,42,Meeting,2023-09-02 00:00:00,Positive,Client appreciated the portfolio review and agreed with the proposed allocation changes.
482,875,49,Call,2025-11-01 00:00:00,Neutral,Provided account update and answered standard questions on holdings and recent activity.
483,305,24,Meeting,2025-08-29 00:00:00,Positive,Meeting went well; client approved the recommended diversification plan.
484,303,33,Meeting,2025-11-18 00:00:00,Neutral,Interaction focused on regular portfolio maintenance with no urgent actions identified.
485,380,8,Email,2021-06-25 00:00:00,Positive,Client expressed satisfaction with recent performance and welcomed follow-up next quarter.
486,133,17,Call,2026-01-09 00:00:00,Negative,Client requested clarification on fees and portfolio positioning after recent market movements.
487,794,1,Email,2023-09-08 00:00:00,Positive,Positive discussion on long-term goals; client is comfortable with the current strategy.
488,25,15,Email,2026-04-03 00:00:00,Neutral,Client reviewed the summary materials and asked for periodic monitoring to continue.
489,648,43,Email,2021-02-28 00:00:00,Positive,Client expressed satisfaction with recent performance and welcomed follow-up next quarter.
490,144,41,Email,2021-09-11 00:00:00,Positive,Meeting went well; client approved the recommended diversification plan.
491,115,17,Meeting,2026-04-21 00:00:00,Neutral,General discussion on market conditions; client prefers to maintain the current plan for now.
492,576,41,Meeting,2021-05-08 00:00:00,Positive,Constructive conversation with strong engagement; client requested additional retirement scenarios.
493,93,48,Call,2022-08-06 00:00:00,Neutral,Client reviewed the summary materials and asked for periodic monitoring to continue.
494,926,32,Call,2023-05-20 00:00:00,Neutral,Client reviewed the summary materials and asked for periodic monitoring to continue.
495,731,37,Call,2023-10-28 00:00:00,Positive,Meeting went well; client approved the recommended diversification plan.
496,672,48,Video Conference,2025-12-01 00:00:00,Positive,Client expressed satisfaction with recent performance and welcomed follow-up next quarter.
497,35,1,Meeting,2024-12-22 00:00:00,Neutral,Provided account update and answered standard questions on holdings and recent activity.
498,273,48,Call,2022-03-04 00:00:00,Positive,Client appreciated the portfolio review and agreed with the proposed allocation changes.
499,836,17,Email,2022-04-18 00:00:00,Neutral,Provided account update and answered standard questions on holdings and recent activity.
500,47,2,Meeting,2025-11-27 00:00:00,Neutral,Routine check-in completed; no major changes requested at this time.
501,457,2,Call,2025-02-26 00:00:00,Neutral,Interaction focused on regular portfolio maintenance with no urgent actions identified.
502,725,30,Call,2025-02-18 00:00:00,Neutral,Interaction focused on regular portfolio maintenance with no urgent actions identified.
503,640,9,Meeting,2024-04-03 00:00:00,Negative,Interaction indicated frustration regarding drawdowns; advisor to prepare mitigation options.
504,415,8,Call,2026-01-09 00:00:00,Neutral,General discussion on market conditions; client prefers to maintain the current plan for now.
505,181,8,Email,2023-08-20 00:00:00,Positive,Client appreciated the portfolio review and agreed with the proposed allocation changes.
506,4,8,Email,2026-01-07 00:00:00,Positive,Constructive conversation with strong engagement; client requested additional retirement scenarios.
507,382,43,Call,2021-09-17 00:00:00,Positive,Client expressed satisfaction with recent performance and welcomed follow-up next quarter.
508,375,16,Call,2025-11-02 00:00:00,Positive,Constructive conversation with strong engagement; client requested additional retirement scenarios.
509,533,43,Call,2021-09-02 00:00:00,Positive,Client appreciated the portfolio review and agreed with the proposed allocation changes.
510,140,17,Email,2023-06-29 00:00:00,Positive,Constructive conversation with strong engagement; client requested additional retirement scenarios.
511,939,2,Meeting,2024-12-20 00:00:00,Positive,Meeting went well; client approved the recommended diversification plan.
512,941,49,Call,2021-01-27 00:00:00,Neutral,Client reviewed the summary materials and asked for periodic monitoring to continue.
513,336,27,Call,2022-07-24 00:00:00,Positive,Meeting went well; client approved the recommended diversification plan.
514,89,17,Call,2024-09-25 00:00:00,Negative,Client expressed concern over communication frequency and expects a more proactive update cadence.
515,633,10,Call,2022-12-30 00:00:00,Neutral,Provided account update and answered standard questions on holdings and recent activity.
516,369,14,Call,2022-12-20 00:00:00,Negative,Client expressed concern over communication frequency and expects a more proactive update cadence.
517,36,44,Video Conference,2025-05-17 00:00:00,Neutral,Interaction focused on regular portfolio maintenance with no urgent actions identified.
518,697,32,Call,2021-03-18 00:00:00,Positive,Positive discussion on long-term goals; client is comfortable with the current strategy.
519,893,9,Call,2021-03-06 00:00:00,Positive,Client expressed satisfaction with recent performance and welcomed follow-up next quarter.
520,672,48,Meeting,2024-03-02 00:00:00,Positive,Client appreciated the portfolio review and agreed with the proposed allocation changes.
521,250,1,Email,2023-04-20 00:00:00,Neutral,Client reviewed the summary materials and asked for periodic monitoring to continue.
522,279,41,Meeting,2024-09-18 00:00:00,Neutral,Client reviewed the summary materials and asked for periodic monitoring to continue.
523,387,3,Meeting,2023-04-06 00:00:00,Positive,Constructive conversation with strong engagement; client requested additional retirement scenarios.
524,867,24,Video Conference,2023-01-14 00:00:00,Positive,Client appreciated the portfolio review and agreed with the proposed allocation changes.
525,803,24,Call,2024-06-13 00:00:00,Negative,Client expressed concern over communication frequency and expects a more proactive update cadence.
526,318,3,Meeting,2025-11-01 00:00:00,Neutral,General discussion on market conditions; client prefers to maintain the current plan for now.
527,605,33,Call,2022-01-09 00:00:00,Positive,Meeting went well; client approved the recommended diversification plan.
528,574,22,Call,2021-12-05 00:00:00,Neutral,Client reviewed the summary materials and asked for periodic monitoring to continue.
529,742,35,Email,2026-05-01 00:00:00,Neutral,Client reviewed the summary materials and asked for periodic monitoring to continue.
530,562,11,Meeting,2022-10-05 00:00:00,Positive,Meeting went well; client approved the recommended diversification plan.
531,532,1,Call,2021-03-24 00:00:00,Positive,Meeting went well; client approved the recommended diversification plan.
532,400,29,Meeting,2025-12-06 00:00:00,Positive,Client appreciated the portfolio review and agreed with the proposed allocation changes.
533,837,3,Call,2023-04-14 00:00:00,Neutral,General discussion on market conditions; client prefers to maintain the current plan for now.
534,633,10,Email,2022-07-14 00:00:00,Neutral,Client reviewed the summary materials and asked for periodic monitoring to continue.
535,691,26,Email,2023-08-08 00:00:00,Positive,Constructive conversation with strong engagement; client requested additional retirement scenarios.
536,229,7,Meeting,2023-01-03 00:00:00,Positive,Constructive conversation with strong engagement; client requested additional retirement scenarios.
537,549,47,Video Conference,2025-10-27 00:00:00,Negative,Interaction indicated frustration regarding drawdowns; advisor to prepare mitigation options.
538,450,23,Call,2023-09-15 00:00:00,Neutral,Interaction focused on regular portfolio maintenance with no urgent actions identified.
539,885,24,Call,2025-07-24 00:00:00,Neutral,Client reviewed the summary materials and asked for periodic monitoring to continue.
540,377,32,Email,2024-02-29 00:00:00,Positive,Meeting went well; client approved the recommended diversification plan.
541,136,14,Email,2021-11-04 00:00:00,Neutral,Provided account update and answered standard questions on holdings and recent activity.
542,190,36,Call,2021-11-19 00:00:00,Neutral,Client reviewed the summary materials and asked for periodic monitoring to continue.
543,467,14,Meeting,2024-04-26 00:00:00,Positive,Meeting went well; client approved the recommended diversification plan.
544,483,22,Email,2025-01-16 00:00:00,Positive,Client expressed satisfaction with recent performance and welcomed follow-up next quarter.
545,895,49,Video Conference,2024-07-05 00:00:00,Neutral,Routine check-in completed; no major changes requested at this time.
546,982,24,Email,2023-06-11 00:00:00,Neutral,Provided account update and answered standard questions on holdings and recent activity.
547,285,47,Call,2023-05-06 00:00:00,Neutral,General discussion on market conditions; client prefers to maintain the current plan for now.
548,248,30,Call,2023-03-26 00:00:00,Neutral,Interaction focused on regular portfolio maintenance with no urgent actions identified.
549,83,4,Call,2025-06-29 00:00:00,Positive,Client expressed satisfaction with recent performance and welcomed follow-up next quarter.
550,50,9,Video Conference,2024-01-13 00:00:00,Positive,Client appreciated the portfolio review and agreed with the proposed allocation changes.
551,172,47,Meeting,2025-02-14 00:00:00,Positive,Client expressed satisfaction with recent performance and welcomed follow-up next quarter.
552,644,18,Email,2021-02-12 00:00:00,Positive,Client appreciated the portfolio review and agreed with the proposed allocation changes.
553,667,8,Call,2021-02-01 00:00:00,Neutral,Provided account update and answered standard questions on holdings and recent activity.
554,246,5,Call,2023-04-14 00:00:00,Neutral,Client reviewed the summary materials and asked for periodic monitoring to continue.
555,21,14,Call,2023-12-29 00:00:00,Positive,Constructive conversation with strong engagement; client requested additional retirement scenarios.
556,106,28,Email,2023-11-29 00:00:00,Positive,Meeting went well; client approved the recommended diversification plan.
557,383,32,Call,2022-10-22 00:00:00,Positive,Constructive conversation with strong engagement; client requested additional retirement scenarios.
558,867,24,Email,2024-01-05 00:00:00,Neutral,Client reviewed the summary materials and asked for periodic monitoring to continue.
559,840,12,Video Conference,2025-05-11 00:00:00,Positive,Client expressed satisfaction with recent performance and welcomed follow-up next quarter.
560,900,6,Meeting,2025-10-28 00:00:00,Positive,Meeting went well; client approved the recommended diversification plan.
561,719,50,Call,2023-10-20 00:00:00,Neutral,Provided account update and answered standard questions on holdings and recent activity.
562,436,49,Call,2022-08-20 00:00:00,Neutral,Provided account update and answered standard questions on holdings and recent activity.
563,187,12,Email,2024-04-06 00:00:00,Positive,Client appreciated the portfolio review and agreed with the proposed allocation changes.
564,759,23,Video Conference,2024-12-22 00:00:00,Positive,Meeting went well; client approved the recommended diversification plan.
565,456,9,Email,2023-03-05 00:00:00,Neutral,General discussion on market conditions; client prefers to maintain the current plan for now.
566,856,50,Email,2023-09-03 00:00:00,Neutral,Provided account update and answered standard questions on holdings and recent activity.
567,536,45,Email,2025-03-07 00:00:00,Positive,Meeting went well; client approved the recommended diversification plan.
568,704,4,Call,2024-05-04 00:00:00,Neutral,Provided account update and answered standard questions on holdings and recent activity.
569,503,16,Meeting,2022-03-24 00:00:00,Positive,Client appreciated the portfolio review and agreed with the proposed allocation changes.
570,75,49,Meeting,2024-04-14 00:00:00,Positive,Constructive conversation with strong engagement; client requested additional retirement scenarios.
571,460,35,Call,2025-06-17 00:00:00,Neutral,Interaction focused on regular portfolio maintenance with no urgent actions identified.
572,246,47,Video Conference,2025-10-17 00:00:00,Negative,Discussion reflected dissatisfaction with short-term performance; follow-up has been scheduled.
573,951,6,Video Conference,2022-12-05 00:00:00,Neutral,Client reviewed the summary materials and asked for periodic monitoring to continue.
574,885,24,Email,2025-07-02 00:00:00,Neutral,Provided account update and answered standard questions on holdings and recent activity.
575,32,32,Call,2023-11-16 00:00:00,Neutral,Routine check-in completed; no major changes requested at this time.
576,543,40,Email,2021-02-28 00:00:00,Negative,Client requested clarification on fees and portfolio positioning after recent market movements.
577,743,22,Call,2025-02-02 00:00:00,Neutral,Provided account update and answered standard questions on holdings and recent activity.
578,130,37,Video Conference,2026-05-18 00:00:00,Neutral,Interaction focused on regular portfolio maintenance with no urgent actions identified.
579,591,14,Meeting,2021-05-19 00:00:00,Positive,Positive discussion on long-term goals; client is comfortable with the current strategy.
580,994,10,Meeting,2025-12-09 00:00:00,Positive,Constructive conversation with strong engagement; client requested additional retirement scenarios.
581,97,35,Email,2025-12-24 00:00:00,Negative,Client requested clarification on fees and portfolio positioning after recent market movements.
582,21,14,Meeting,2024-08-17 00:00:00,Positive,Constructive conversation with strong engagement; client requested additional retirement scenarios.
583,980,5,Email,2021-05-16 00:00:00,Negative,Client raised concerns about recent volatility and requested a detailed risk review.
584,993,17,Email,2026-03-28 00:00:00,Positive,Client appreciated the portfolio review and agreed with the proposed allocation changes.
585,34,21,Call,2023-03-04 00:00:00,Positive,Client appreciated the portfolio review and agreed with the proposed allocation changes.
586,917,25,Email,2023-07-09 00:00:00,Neutral,Client reviewed the summary materials and asked for periodic monitoring to continue.
587,600,9,Video Conference,2025-04-18 00:00:00,Neutral,Client reviewed the summary materials and asked for periodic monitoring to continue.
588,578,5,Call,2025-04-04 00:00:00,Neutral,Routine check-in completed; no major changes requested at this time.
589,643,2,Email,2025-12-25 00:00:00,Neutral,Interaction focused on regular portfolio maintenance with no urgent actions identified.
590,447,30,Meeting,2025-09-10 00:00:00,Positive,Positive discussion on long-term goals; client is comfortable with the current strategy.
591,466,17,Email,2023-11-04 00:00:00,Positive,Meeting went well; client approved the recommended diversification plan.
592,471,34,Call,2021-07-18 00:00:00,Neutral,Interaction focused on regular portfolio maintenance with no urgent actions identified.
593,486,46,Meeting,2022-06-29 00:00:00,Positive,Positive discussion on long-term goals; client is comfortable with the current strategy.
594,382,43,Call,2021-03-03 00:00:00,Positive,Client appreciated the portfolio review and agreed with the proposed allocation changes.
595,79,10,Call,2025-07-12 00:00:00,Neutral,Routine check-in completed; no major changes requested at this time.
596,511,50,Meeting,2022-08-26 00:00:00,Negative,Discussion reflected dissatisfaction with short-term performance; follow-up has been scheduled.
597,26,44,Call,2021-07-04 00:00:00,Positive,Meeting went well; client approved the recommended diversification plan.
598,25,15,Call,2021-09-16 00:00:00,Positive,Positive discussion on long-term goals; client is comfortable with the current strategy.
599,871,8,Email,2022-12-19 00:00:00,Neutral,Interaction focused on regular portfolio maintenance with no urgent actions identified.
600,161,49,Call,2021-03-15 00:00:00,Neutral,Provided account update and answered standard questions on holdings and recent activity.
601,72,17,Call,2024-05-07 00:00:00,Negative,Interaction indicated frustration regarding drawdowns; advisor to prepare mitigation options.
602,807,15,Email,2025-08-10 00:00:00,Neutral,Interaction focused on regular portfolio maintenance with no urgent actions identified.
603,958,27,Video Conference,2025-01-06 00:00:00,Positive,Client appreciated the portfolio review and agreed with the proposed allocation changes.
604,678,15,Call,2024-05-30 00:00:00,Neutral,Client reviewed the summary materials and asked for periodic monitoring to continue.
605,948,2,Video Conference,2021-01-30 00:00:00,Positive,Client expressed satisfaction with recent performance and welcomed follow-up next quarter.
606,588,2,Video Conference,2026-04-13 00:00:00,Positive,Positive discussion on long-term goals; client is comfortable with the current strategy.
607,219,14,Call,2022-10-14 00:00:00,Positive,Client appreciated the portfolio review and agreed with the proposed allocation changes.
608,960,3,Email,2024-12-17 00:00:00,Neutral,Provided account update and answered standard questions on holdings and recent activity.
609,983,10,Call,2023-03-22 00:00:00,Positive,Meeting went well; client approved the recommended diversification plan.
610,730,48,Meeting,2021-10-18 00:00:00,Neutral,Routine check-in completed; no major changes requested at this time.
611,309,33,Meeting,2021-12-30 00:00:00,Neutral,Interaction focused on regular portfolio maintenance with no urgent actions identified.
612,74,24,Email,2024-03-29 00:00:00,Negative,Client requested clarification on fees and portfolio positioning after recent market movements.
613,584,9,Call,2024-09-12 00:00:00,Positive,Client expressed satisfaction with recent performance and welcomed follow-up next quarter.
614,437,14,Call,2024-03-03 00:00:00,Neutral,General discussion on market conditions; client prefers to maintain the current plan for now.
615,382,43,Meeting,2023-07-17 00:00:00,Positive,Meeting went well; client approved the recommended diversification plan.
616,559,44,Meeting,2022-08-29 00:00:00,Positive,Positive discussion on long-term goals; client is comfortable with the current strategy.
617,764,40,Email,2023-06-22 00:00:00,Positive,Constructive conversation with strong engagement; client requested additional retirement scenarios.
618,711,19,Call,2022-01-23 00:00:00,Neutral,Provided account update and answered standard questions on holdings and recent activity.
619,621,17,Call,2025-05-21 00:00:00,Positive,Client appreciated the portfolio review and agreed with the proposed allocation changes.
620,655,11,Call,2021-12-06 00:00:00,Positive,Constructive conversation with strong engagement; client requested additional retirement scenarios.
621,645,49,Meeting,2024-06-08 00:00:00,Neutral,General discussion on market conditions; client prefers to maintain the current plan for now.
622,343,18,Meeting,2022-05-11 00:00:00,Positive,Meeting went well; client approved the recommended diversification plan.
623,910,43,Meeting,2023-05-01 00:00:00,Positive,Client appreciated the portfolio review and agreed with the proposed allocation changes.
624,551,3,Email,2022-02-20 00:00:00,Positive,Positive discussion on long-term goals; client is comfortable with the current strategy.
625,417,44,Video Conference,2022-10-21 00:00:00,Positive,Client expressed satisfaction with recent performance and welcomed follow-up next quarter.
626,941,41,Meeting,2021-07-07 00:00:00,Positive,Constructive conversation with strong engagement; client requested additional retirement scenarios.
627,77,13,Meeting,2022-08-07 00:00:00,Positive,Constructive conversation with strong engagement; client requested additional retirement scenarios.
628,576,41,Meeting,2025-01-13 00:00:00,Positive,Meeting went well; client approved the recommended diversification plan.
629,501,41,Call,2025-03-19 00:00:00,Positive,Client appreciated the portfolio review and agreed with the proposed allocation changes.
630,894,48,Call,2023-04-29 00:00:00,Negative,Interaction indicated frustration regarding drawdowns; advisor to prepare mitigation options.
631,738,21,Call,2024-02-17 00:00:00,Neutral,Routine check-in completed; no major changes requested at this time.
632,777,38,Email,2022-01-27 00:00:00,Positive,Meeting went well; client approved the recommended diversification plan.
633,439,22,Email,2024-06-19 00:00:00,Positive,Client appreciated the portfolio review and agreed with the proposed allocation changes.
634,80,23,Video Conference,2022-04-14 00:00:00,Neutral,Client reviewed the summary materials and asked for periodic monitoring to continue.
635,493,34,Meeting,2021-01-31 00:00:00,Positive,Positive discussion on long-term goals; client is comfortable with the current strategy.
636,325,17,Email,2021-06-11 00:00:00,Positive,Client expressed satisfaction with recent performance and welcomed follow-up next quarter.
637,534,16,Video Conference,2025-10-25 00:00:00,Neutral,Provided account update and answered standard questions on holdings and recent activity.
638,575,20,Meeting,2026-03-18 00:00:00,Positive,Constructive conversation with strong engagement; client requested additional retirement scenarios.
639,429,29,Call,2026-03-04 00:00:00,Positive,Constructive conversation with strong engagement; client requested additional retirement scenarios.
640,880,50,Video Conference,2022-08-06 00:00:00,Neutral,Client reviewed the summary materials and asked for periodic monitoring to continue.
641,189,44,Meeting,2022-11-29 00:00:00,Positive,Positive discussion on long-term goals; client is comfortable with the current strategy.
642,253,45,Call,2025-08-08 00:00:00,Neutral,Interaction focused on regular portfolio maintenance with no urgent actions identified.
643,191,28,Email,2021-01-24 00:00:00,Positive,Client appreciated the portfolio review and agreed with the proposed allocation changes.
644,787,50,Meeting,2023-03-13 00:00:00,Neutral,Client reviewed the summary materials and asked for periodic monitoring to continue.
645,792,50,Call,2024-12-14 00:00:00,Negative,Client expressed concern over communication frequency and expects a more proactive update cadence.
646,811,26,Meeting,2024-12-17 00:00:00,Positive,Client appreciated the portfolio review and agreed with the proposed allocation changes.
647,502,43,Call,2022-09-10 00:00:00,Neutral,Routine check-in completed; no major changes requested at this time.
648,465,31,Email,2022-07-26 00:00:00,Neutral,Client reviewed the summary materials and asked for periodic monitoring to continue.
649,829,47,Video Conference,2024-11-27 00:00:00,Positive,Constructive conversation with strong engagement; client requested additional retirement scenarios.
650,274,39,Call,2024-06-28 00:00:00,Neutral,Interaction focused on regular portfolio maintenance with no urgent actions identified.
651,998,44,Meeting,2023-11-14 00:00:00,Neutral,Interaction focused on regular portfolio maintenance with no urgent actions identified.
652,511,11,Call,2023-09-30 00:00:00,Positive,Client expressed satisfaction with recent performance and welcomed follow-up next quarter.
653,894,48,Meeting,2024-12-24 00:00:00,Neutral,General discussion on market conditions; client prefers to maintain the current plan for now.
654,142,34,Email,2024-07-24 00:00:00,Negative,Client requested clarification on fees and portfolio positioning after recent market movements.
655,404,12,Email,2021-03-25 00:00:00,Neutral,Interaction focused on regular portfolio maintenance with no urgent actions identified.
656,706,37,Call,2021-10-29 00:00:00,Positive,Constructive conversation with strong engagement; client requested additional retirement scenarios.
657,97,35,Meeting,2024-07-10 00:00:00,Neutral,Provided account update and answered standard questions on holdings and recent activity.
658,81,24,Call,2026-04-22 00:00:00,Negative,Client raised concerns about recent volatility and requested a detailed risk review.
659,364,8,Email,2026-01-14 00:00:00,Positive,Meeting went well; client approved the recommended diversification plan.
660,403,40,Call,2024-12-25 00:00:00,Neutral,Interaction focused on regular portfolio maintenance with no urgent actions identified.
661,128,38,Email,2025-12-05 00:00:00,Negative,Client requested clarification on fees and portfolio positioning after recent market movements.
662,582,2,Call,2023-12-28 00:00:00,Positive,Meeting went well; client approved the recommended diversification plan.
663,249,18,Call,2024-01-10 00:00:00,Negative,Client requested clarification on fees and portfolio positioning after recent market movements.
664,546,24,Call,2023-04-27 00:00:00,Positive,Client appreciated the portfolio review and agreed with the proposed allocation changes.
665,644,18,Email,2023-03-14 00:00:00,Positive,Positive discussion on long-term goals; client is comfortable with the current strategy.
666,809,42,Video Conference,2022-03-27 00:00:00,Positive,Constructive conversation with strong engagement; client requested additional retirement scenarios.
667,349,25,Meeting,2022-11-04 00:00:00,Neutral,Interaction focused on regular portfolio maintenance with no urgent actions identified.
668,832,45,Meeting,2025-11-05 00:00:00,Neutral,Client reviewed the summary materials and asked for periodic monitoring to continue.
669,671,3,Meeting,2022-09-19 00:00:00,Neutral,Interaction focused on regular portfolio maintenance with no urgent actions identified.
670,131,14,Meeting,2025-01-16 00:00:00,Neutral,Routine check-in completed; no major changes requested at this time.
671,930,46,Email,2024-10-17 00:00:00,Negative,Client raised concerns about recent volatility and requested a detailed risk review.
672,192,41,Call,2025-03-02 00:00:00,Positive,Meeting went well; client approved the recommended diversification plan.
673,882,34,Call,2024-03-02 00:00:00,Positive,Meeting went well; client approved the recommended diversification plan.
674,599,3,Email,2021-02-16 00:00:00,Neutral,Interaction focused on regular portfolio maintenance with no urgent actions identified.
675,131,7,Meeting,2026-01-06 00:00:00,Positive,Positive discussion on long-term goals; client is comfortable with the current strategy.
676,755,21,Meeting,2021-11-15 00:00:00,Positive,Positive discussion on long-term goals; client is comfortable with the current strategy.
677,431,36,Call,2025-04-08 00:00:00,Positive,Constructive conversation with strong engagement; client requested additional retirement scenarios.
678,860,21,Meeting,2026-01-15 00:00:00,Positive,Client expressed satisfaction with recent performance and welcomed follow-up next quarter.
679,378,50,Call,2024-07-15 00:00:00,Neutral,Client reviewed the summary materials and asked for periodic monitoring to continue.
680,655,11,Email,2026-03-19 00:00:00,Positive,Client expressed satisfaction with recent performance and welcomed follow-up next quarter.
681,913,32,Video Conference,2025-09-20 00:00:00,Positive,Client appreciated the portfolio review and agreed with the proposed allocation changes.
682,223,3,Meeting,2022-06-06 00:00:00,Neutral,Provided account update and answered standard questions on holdings and recent activity.
683,296,38,Email,2022-05-05 00:00:00,Neutral,Interaction focused on regular portfolio maintenance with no urgent actions identified.
684,876,9,Call,2024-07-24 00:00:00,Positive,Client appreciated the portfolio review and agreed with the proposed allocation changes.
685,70,5,Call,2024-07-14 00:00:00,Negative,Interaction indicated frustration regarding drawdowns; advisor to prepare mitigation options.
686,21,14,Email,2023-01-17 00:00:00,Positive,Client appreciated the portfolio review and agreed with the proposed allocation changes.
687,416,29,Email,2021-07-29 00:00:00,Positive,Meeting went well; client approved the recommended diversification plan.
688,262,31,Meeting,2024-02-29 00:00:00,Positive,Meeting went well; client approved the recommended diversification plan.
689,560,26,Call,2025-12-14 00:00:00,Positive,Positive discussion on long-term goals; client is comfortable with the current strategy.
690,715,32,Email,2025-03-01 00:00:00,Positive,Positive discussion on long-term goals; client is comfortable with the current strategy.
691,288,35,Call,2021-08-28 00:00:00,Positive,Client appreciated the portfolio review and agreed with the proposed allocation changes.
692,355,32,Call,2021-12-31 00:00:00,Neutral,Client reviewed the summary materials and asked for periodic monitoring to continue.
693,586,21,Email,2023-02-05 00:00:00,Neutral,Routine check-in completed; no major changes requested at this time.
694,731,37,Video Conference,2026-05-31 00:00:00,Neutral,Provided account update and answered standard questions on holdings and recent activity.
695,399,16,Video Conference,2022-01-02 00:00:00,Neutral,Interaction focused on regular portfolio maintenance with no urgent actions identified.
696,135,31,Call,2025-08-23 00:00:00,Negative,Discussion reflected dissatisfaction with short-term performance; follow-up has been scheduled.
697,601,23,Meeting,2023-01-02 00:00:00,Negative,Client expressed concern over communication frequency and expects a more proactive update cadence.
698,455,13,Call,2022-06-29 00:00:00,Positive,Client expressed satisfaction with recent performance and welcomed follow-up next quarter.
699,112,22,Call,2021-02-05 00:00:00,Positive,Client expressed satisfaction with recent performance and welcomed follow-up next quarter.
700,651,42,Email,2024-01-16 00:00:00,Neutral,Client reviewed the summary materials and asked for periodic monitoring to continue.
701,721,43,Meeting,2022-11-17 00:00:00,Neutral,Provided account update and answered standard questions on holdings and recent activity.
702,358,2,Meeting,2022-05-17 00:00:00,Negative,Interaction indicated frustration regarding drawdowns; advisor to prepare mitigation options.
703,272,8,Call,2023-07-01 00:00:00,Positive,Meeting went well; client approved the recommended diversification plan.
704,542,18,Meeting,2025-02-19 00:00:00,Neutral,General discussion on market conditions; client prefers to maintain the current plan for now.
705,769,26,Meeting,2025-12-20 00:00:00,Neutral,General discussion on market conditions; client prefers to maintain the current plan for now.
706,409,16,Call,2022-04-09 00:00:00,Negative,Interaction indicated frustration regarding drawdowns; advisor to prepare mitigation options.
707,80,23,Call,2021-10-25 00:00:00,Positive,Client expressed satisfaction with recent performance and welcomed follow-up next quarter.
708,974,2,Email,2022-12-16 00:00:00,Positive,Client appreciated the portfolio review and agreed with the proposed allocation changes.
709,883,34,Call,2023-01-15 00:00:00,Neutral,Routine check-in completed; no major changes requested at this time.
710,528,5,Video Conference,2023-04-10 00:00:00,Neutral,Provided account update and answered standard questions on holdings and recent activity.
711,648,43,Email,2026-05-19 00:00:00,Neutral,Interaction focused on regular portfolio maintenance with no urgent actions identified.
712,963,14,Video Conference,2023-04-14 00:00:00,Positive,Positive discussion on long-term goals; client is comfortable with the current strategy.
713,664,13,Meeting,2024-11-08 00:00:00,Positive,Positive discussion on long-term goals; client is comfortable with the current strategy.
714,179,7,Meeting,2021-09-06 00:00:00,Negative,Discussion reflected dissatisfaction with short-term performance; follow-up has been scheduled.
715,646,6,Meeting,2026-03-11 00:00:00,Negative,Client expressed concern over communication frequency and expects a more proactive update cadence.
716,2,39,Call,2025-12-14 00:00:00,Positive,Constructive conversation with strong engagement; client requested additional retirement scenarios.
717,995,1,Email,2022-09-26 00:00:00,Positive,Constructive conversation with strong engagement; client requested additional retirement scenarios.
718,559,44,Meeting,2023-06-25 00:00:00,Neutral,Client reviewed the summary materials and asked for periodic monitoring to continue.
719,68,5,Call,2021-11-25 00:00:00,Positive,Client expressed satisfaction with recent performance and welcomed follow-up next quarter.
720,45,38,Email,2026-05-21 00:00:00,Positive,Meeting went well; client approved the recommended diversification plan.
721,488,19,Email,2021-08-07 00:00:00,Neutral,Interaction focused on regular portfolio maintenance with no urgent actions identified.
722,175,3,Meeting,2021-01-21 00:00:00,Positive,Client expressed satisfaction with recent performance and welcomed follow-up next quarter.
723,895,49,Video Conference,2026-03-13 00:00:00,Positive,Meeting went well; client approved the recommended diversification plan.
724,285,47,Meeting,2023-01-04 00:00:00,Positive,Constructive conversation with strong engagement; client requested additional retirement scenarios.
725,316,42,Meeting,2025-05-26 00:00:00,Positive,Client expressed satisfaction with recent performance and welcomed follow-up next quarter.
726,957,35,Meeting,2026-04-06 00:00:00,Neutral,Interaction focused on regular portfolio maintenance with no urgent actions identified.
727,648,43,Email,2024-07-01 00:00:00,Negative,Client requested clarification on fees and portfolio positioning after recent market movements.
728,958,27,Call,2021-08-13 00:00:00,Positive,Constructive conversation with strong engagement; client requested additional retirement scenarios.
729,406,26,Email,2023-03-20 00:00:00,Positive,Client expressed satisfaction with recent performance and welcomed follow-up next quarter.
730,516,6,Meeting,2022-01-10 00:00:00,Neutral,Routine check-in completed; no major changes requested at this time.
731,26,44,Call,2025-05-17 00:00:00,Positive,Client expressed satisfaction with recent performance and welcomed follow-up next quarter.
732,495,48,Video Conference,2022-12-20 00:00:00,Neutral,Client reviewed the summary materials and asked for periodic monitoring to continue.
733,809,42,Meeting,2024-08-22 00:00:00,Positive,Meeting went well; client approved the recommended diversification plan.
734,873,31,Email,2024-07-17 00:00:00,Neutral,Client reviewed the summary materials and asked for periodic monitoring to continue.
735,414,8,Call,2024-08-23 00:00:00,Negative,Client expressed concern over communication frequency and expects a more proactive update cadence.
736,355,31,Call,2024-05-01 00:00:00,Negative,Discussion reflected dissatisfaction with short-term performance; follow-up has been scheduled.
737,95,8,Email,2023-08-31 00:00:00,Neutral,Client reviewed the summary materials and asked for periodic monitoring to continue.
738,531,44,Meeting,2022-04-14 00:00:00,Neutral,Routine check-in completed; no major changes requested at this time.
739,243,7,Video Conference,2025-05-31 00:00:00,Neutral,Provided account update and answered standard questions on holdings and recent activity.
740,625,6,Email,2023-01-09 00:00:00,Neutral,Interaction focused on regular portfolio maintenance with no urgent actions identified.
741,991,35,Call,2023-03-19 00:00:00,Positive,Meeting went well; client approved the recommended diversification plan.
742,104,31,Video Conference,2023-10-19 00:00:00,Positive,Positive discussion on long-term goals; client is comfortable with the current strategy.
743,987,25,Meeting,2026-04-06 00:00:00,Negative,Interaction indicated frustration regarding drawdowns; advisor to prepare mitigation options.
744,677,33,Video Conference,2025-02-04 00:00:00,Negative,Interaction indicated frustration regarding drawdowns; advisor to prepare mitigation options.
745,9,31,Email,2022-12-17 00:00:00,Positive,Client appreciated the portfolio review and agreed with the proposed allocation changes.
746,933,45,Call,2024-10-16 00:00:00,Negative,Client raised concerns about recent volatility and requested a detailed risk review.
747,466,14,Email,2025-12-20 00:00:00,Negative,Client expressed concern over communication frequency and expects a more proactive update cadence.
748,33,23,Email,2021-02-11 00:00:00,Positive,Meeting went well; client approved the recommended diversification plan.
749,645,49,Call,2026-04-05 00:00:00,Neutral,Interaction focused on regular portfolio maintenance with no urgent actions identified.
750,650,15,Call,2026-02-17 00:00:00,Positive,Client expressed satisfaction with recent performance and welcomed follow-up next quarter.
751,483,42,Meeting,2025-12-31 00:00:00,Positive,Positive discussion on long-term goals; client is comfortable with the current strategy.
752,348,3,Call,2022-09-04 00:00:00,Positive,Constructive conversation with strong engagement; client requested additional retirement scenarios.
753,35,1,Call,2022-05-18 00:00:00,Positive,Constructive conversation with strong engagement; client requested additional retirement scenarios.
754,452,35,Email,2024-04-03 00:00:00,Negative,Client expressed concern over communication frequency and expects a more proactive update cadence.
755,523,1,Video Conference,2021-11-08 00:00:00,Neutral,Provided account update and answered standard questions on holdings and recent activity.
756,134,11,Call,2025-04-28 00:00:00,Neutral,Routine check-in completed; no major changes requested at this time.
757,778,27,Email,2024-01-27 00:00:00,Positive,Client expressed satisfaction with recent performance and welcomed follow-up next quarter.
758,280,25,Email,2024-05-31 00:00:00,Neutral,Provided account update and answered standard questions on holdings and recent activity.
759,209,31,Email,2026-01-26 00:00:00,Negative,Client raised concerns about recent volatility and requested a detailed risk review.
760,855,49,Call,2021-11-17 00:00:00,Neutral,Provided account update and answered standard questions on holdings and recent activity.
761,504,35,Meeting,2023-09-18 00:00:00,Positive,Client expressed satisfaction with recent performance and welcomed follow-up next quarter.
762,232,1,Email,2022-01-26 00:00:00,Negative,Client expressed concern over communication frequency and expects a more proactive update cadence.
763,866,39,Meeting,2024-09-25 00:00:00,Neutral,Client reviewed the summary materials and asked for periodic monitoring to continue.
764,535,17,Email,2026-05-09 00:00:00,Positive,Meeting went well; client approved the recommended diversification plan.
765,484,19,Call,2025-11-04 00:00:00,Negative,Client requested clarification on fees and portfolio positioning after recent market movements.
766,523,48,Video Conference,2022-01-16 00:00:00,Neutral,Routine check-in completed; no major changes requested at this time.
767,939,2,Call,2024-03-15 00:00:00,Neutral,Provided account update and answered standard questions on holdings and recent activity.
768,814,7,Email,2025-04-09 00:00:00,Positive,Meeting went well; client approved the recommended diversification plan.
769,564,13,Call,2023-05-26 00:00:00,Positive,Client appreciated the portfolio review and agreed with the proposed allocation changes.
770,280,8,Meeting,2025-12-25 00:00:00,Positive,Meeting went well; client approved the recommended diversification plan.
771,97,35,Call,2025-03-11 00:00:00,Positive,Positive discussion on long-term goals; client is comfortable with the current strategy.
772,33,23,Email,2021-11-28 00:00:00,Neutral,Client reviewed the summary materials and asked for periodic monitoring to continue.
773,295,6,Video Conference,2021-06-11 00:00:00,Positive,Client expressed satisfaction with recent performance and welcomed follow-up next quarter.
774,456,9,Email,2021-03-02 00:00:00,Neutral,General discussion on market conditions; client prefers to maintain the current plan for now.
775,588,46,Call,2023-09-20 00:00:00,Positive,Client expressed satisfaction with recent performance and welcomed follow-up next quarter.
776,259,37,Call,2022-11-22 00:00:00,Positive,Positive discussion on long-term goals; client is comfortable with the current strategy.
777,9,31,Video Conference,2023-02-06 00:00:00,Negative,Client requested clarification on fees and portfolio positioning after recent market movements.
778,774,6,Call,2026-01-03 00:00:00,Positive,Positive discussion on long-term goals; client is comfortable with the current strategy.
779,51,20,Meeting,2024-10-28 00:00:00,Positive,Positive discussion on long-term goals; client is comfortable with the current strategy.
780,378,38,Call,2022-09-04 00:00:00,Neutral,General discussion on market conditions; client prefers to maintain the current plan for now.
781,897,39,Meeting,2024-10-14 00:00:00,Neutral,Client reviewed the summary materials and asked for periodic monitoring to continue.
782,338,22,Email,2022-03-24 00:00:00,Positive,Meeting went well; client approved the recommended diversification plan.
783,542,18,Video Conference,2022-05-20 00:00:00,Positive,Positive discussion on long-term goals; client is comfortable with the current strategy.
784,661,42,Call,2024-01-20 00:00:00,Neutral,Routine check-in completed; no major changes requested at this time.
785,721,18,Call,2023-10-27 00:00:00,Negative,Client raised concerns about recent volatility and requested a detailed risk review.
786,697,32,Video Conference,2022-12-05 00:00:00,Neutral,Client reviewed the summary materials and asked for periodic monitoring to continue.
787,733,17,Call,2025-06-11 00:00:00,Positive,Meeting went well; client approved the recommended diversification plan.
788,550,31,Meeting,2025-06-19 00:00:00,Neutral,General discussion on market conditions; client prefers to maintain the current plan for now.
789,350,40,Video Conference,2025-11-30 00:00:00,Neutral,Routine check-in completed; no major changes requested at this time.
790,869,20,Call,2023-04-12 00:00:00,Positive,Meeting went well; client approved the recommended diversification plan.
791,656,11,Video Conference,2025-08-29 00:00:00,Positive,Meeting went well; client approved the recommended diversification plan.
792,991,5,Call,2022-05-18 00:00:00,Positive,Client expressed satisfaction with recent performance and welcomed follow-up next quarter.
793,855,49,Email,2022-07-25 00:00:00,Positive,Meeting went well; client approved the recommended diversification plan.
794,820,12,Email,2024-12-29 00:00:00,Positive,Meeting went well; client approved the recommended diversification plan.
795,994,3,Call,2024-09-10 00:00:00,Positive,Meeting went well; client approved the recommended diversification plan.
796,806,33,Meeting,2026-02-07 00:00:00,Neutral,Client reviewed the summary materials and asked for periodic monitoring to continue.
797,35,1,Call,2026-04-24 00:00:00,Positive,Positive discussion on long-term goals; client is comfortable with the current strategy.
798,458,10,Call,2025-01-14 00:00:00,Positive,Constructive conversation with strong engagement; client requested additional retirement scenarios.
799,66,6,Call,2022-04-02 00:00:00,Neutral,Client reviewed the summary materials and asked for periodic monitoring to continue.
800,646,6,Call,2022-07-23 00:00:00,Positive,Constructive conversation with strong engagement; client requested additional retirement scenarios.
801,979,4,Call,2022-01-07 00:00:00,Positive,Client expressed satisfaction with recent performance and welcomed follow-up next quarter.
802,594,18,Meeting,2023-06-10 00:00:00,Positive,Constructive conversation with strong engagement; client requested additional retirement scenarios.
803,511,11,Call,2024-10-07 00:00:00,Neutral,Provided account update and answered standard questions on holdings and recent activity.
804,135,47,Email,2025-01-19 00:00:00,Neutral,General discussion on market conditions; client prefers to maintain the current plan for now.
805,187,12,Call,2024-04-28 00:00:00,Negative,Client requested clarification on fees and portfolio positioning after recent market movements.
806,110,47,Meeting,2024-07-19 00:00:00,Positive,Client appreciated the portfolio review and agreed with the proposed allocation changes.
807,639,12,Email,2025-05-06 00:00:00,Positive,Positive discussion on long-term goals; client is comfortable with the current strategy.
808,433,44,Video Conference,2026-01-21 00:00:00,Positive,Meeting went well; client approved the recommended diversification plan.
809,835,18,Call,2025-03-05 00:00:00,Positive,Client expressed satisfaction with recent performance and welcomed follow-up next quarter.
810,294,49,Meeting,2023-02-11 00:00:00,Positive,Client appreciated the portfolio review and agreed with the proposed allocation changes.
811,219,18,Meeting,2024-10-24 00:00:00,Positive,Positive discussion on long-term goals; client is comfortable with the current strategy.
812,652,6,Video Conference,2024-11-22 00:00:00,Positive,Client expressed satisfaction with recent performance and welcomed follow-up next quarter.
813,617,37,Meeting,2024-01-08 00:00:00,Positive,Meeting went well; client approved the recommended diversification plan.
814,11,42,Email,2024-09-30 00:00:00,Neutral,Client reviewed the summary materials and asked for periodic monitoring to continue.
815,749,43,Video Conference,2024-02-13 00:00:00,Neutral,Client reviewed the summary materials and asked for periodic monitoring to continue.
816,363,37,Video Conference,2025-06-29 00:00:00,Positive,Positive discussion on long-term goals; client is comfortable with the current strategy.
817,761,45,Email,2025-03-23 00:00:00,Positive,Client appreciated the portfolio review and agreed with the proposed allocation changes.
818,810,24,Video Conference,2025-11-28 00:00:00,Positive,Positive discussion on long-term goals; client is comfortable with the current strategy.
819,812,46,Email,2025-02-05 00:00:00,Positive,Constructive conversation with strong engagement; client requested additional retirement scenarios.
820,882,32,Email,2025-04-07 00:00:00,Neutral,General discussion on market conditions; client prefers to maintain the current plan for now.
821,940,1,Email,2024-05-02 00:00:00,Neutral,General discussion on market conditions; client prefers to maintain the current plan for now.
822,979,4,Email,2022-04-15 00:00:00,Negative,Client raised concerns about recent volatility and requested a detailed risk review.
823,318,3,Call,2025-07-11 00:00:00,Positive,Constructive conversation with strong engagement; client requested additional retirement scenarios.
824,20,11,Email,2025-10-16 00:00:00,Neutral,Routine check-in completed; no major changes requested at this time.
825,127,17,Email,2024-07-09 00:00:00,Positive,Client appreciated the portfolio review and agreed with the proposed allocation changes.
826,747,22,Meeting,2025-01-19 00:00:00,Neutral,Provided account update and answered standard questions on holdings and recent activity.
827,586,20,Call,2022-06-11 00:00:00,Neutral,General discussion on market conditions; client prefers to maintain the current plan for now.
828,747,22,Email,2022-02-10 00:00:00,Neutral,General discussion on market conditions; client prefers to maintain the current plan for now.
829,64,23,Meeting,2022-07-11 00:00:00,Neutral,Routine check-in completed; no major changes requested at this time.
830,684,11,Video Conference,2023-02-27 00:00:00,Neutral,General discussion on market conditions; client prefers to maintain the current plan for now.
831,269,2,Call,2024-06-03 00:00:00,Negative,Interaction indicated frustration regarding drawdowns; advisor to prepare mitigation options.
832,689,35,Email,2023-11-18 00:00:00,Negative,Client requested clarification on fees and portfolio positioning after recent market movements.
833,538,2,Call,2024-12-18 00:00:00,Positive,Constructive conversation with strong engagement; client requested additional retirement scenarios.
834,310,44,Video Conference,2025-08-07 00:00:00,Neutral,Interaction focused on regular portfolio maintenance with no urgent actions identified.
835,742,35,Meeting,2022-03-14 00:00:00,Positive,Client appreciated the portfolio review and agreed with the proposed allocation changes.
836,612,15,Email,2021-09-12 00:00:00,Neutral,Routine check-in completed; no major changes requested at this time.
837,649,39,Email,2025-11-28 00:00:00,Neutral,Routine check-in completed; no major changes requested at this time.
838,185,8,Video Conference,2021-10-05 00:00:00,Negative,Interaction indicated frustration regarding drawdowns; advisor to prepare mitigation options.
839,429,36,Email,2021-05-21 00:00:00,Positive,Client expressed satisfaction with recent performance and welcomed follow-up next quarter.
840,475,30,Video Conference,2021-01-18 00:00:00,Neutral,Provided account update and answered standard questions on holdings and recent activity.
841,349,25,Email,2026-03-06 00:00:00,Positive,Positive discussion on long-term goals; client is comfortable with the current strategy.
842,169,22,Meeting,2022-06-06 00:00:00,Positive,Client expressed satisfaction with recent performance and welcomed follow-up next quarter.
843,482,29,Email,2025-02-15 00:00:00,Negative,Discussion reflected dissatisfaction with short-term performance; follow-up has been scheduled.
844,726,14,Call,2022-11-11 00:00:00,Neutral,Client reviewed the summary materials and asked for periodic monitoring to continue.
845,508,17,Video Conference,2025-05-31 00:00:00,Neutral,General discussion on market conditions; client prefers to maintain the current plan for now.
846,261,9,Meeting,2025-04-15 00:00:00,Negative,Discussion reflected dissatisfaction with short-term performance; follow-up has been scheduled.
847,482,1,Call,2025-01-16 00:00:00,Neutral,Client reviewed the summary materials and asked for periodic monitoring to continue.
848,26,44,Meeting,2021-03-31 00:00:00,Negative,Client requested clarification on fees and portfolio positioning after recent market movements.
849,777,39,Call,2025-03-06 00:00:00,Positive,Client expressed satisfaction with recent performance and welcomed follow-up next quarter.
850,44,35,Email,2021-07-25 00:00:00,Negative,Discussion reflected dissatisfaction with short-term performance; follow-up has been scheduled.
851,3,25,Call,2025-09-19 00:00:00,Neutral,Interaction focused on regular portfolio maintenance with no urgent actions identified.
852,340,1,Email,2022-11-02 00:00:00,Neutral,Client reviewed the summary materials and asked for periodic monitoring to continue.
853,500,4,Call,2023-01-09 00:00:00,Positive,Positive discussion on long-term goals; client is comfortable with the current strategy.
854,241,40,Video Conference,2024-07-03 00:00:00,Positive,Constructive conversation with strong engagement; client requested additional retirement scenarios.
855,475,31,Call,2021-01-16 00:00:00,Neutral,Client reviewed the summary materials and asked for periodic monitoring to continue.
856,321,40,Call,2022-11-26 00:00:00,Neutral,Provided account update and answered standard questions on holdings and recent activity.
857,604,30,Call,2021-07-01 00:00:00,Positive,Positive discussion on long-term goals; client is comfortable with the current strategy.
858,655,11,Call,2024-05-16 00:00:00,Negative,Client raised concerns about recent volatility and requested a detailed risk review.
859,495,48,Meeting,2023-12-05 00:00:00,Neutral,Provided account update and answered standard questions on holdings and recent activity.
860,257,23,Email,2025-01-27 00:00:00,Negative,Discussion reflected dissatisfaction with short-term performance; follow-up has been scheduled.
861,111,28,Call,2021-07-17 00:00:00,Positive,Positive discussion on long-term goals; client is comfortable with the current strategy.
862,124,19,Video Conference,2026-01-04 00:00:00,Positive,Meeting went well; client approved the recommended diversification plan.
863,535,17,Email,2023-05-04 00:00:00,Neutral,General discussion on market conditions; client prefers to maintain the current plan for now.
864,853,41,Video Conference,2023-11-13 00:00:00,Negative,Client expressed concern over communication frequency and expects a more proactive update cadence.
865,731,37,Meeting,2023-06-10 00:00:00,Neutral,Provided account update and answered standard questions on holdings and recent activity.
866,361,11,Call,2025-09-27 00:00:00,Positive,Constructive conversation with strong engagement; client requested additional retirement scenarios.
867,949,30,Meeting,2022-04-01 00:00:00,Positive,Client appreciated the portfolio review and agreed with the proposed allocation changes.
868,210,46,Email,2026-03-01 00:00:00,Positive,Client expressed satisfaction with recent performance and welcomed follow-up next quarter.
869,627,4,Meeting,2022-08-06 00:00:00,Negative,Interaction indicated frustration regarding drawdowns; advisor to prepare mitigation options.
870,95,8,Email,2022-12-08 00:00:00,Positive,Client appreciated the portfolio review and agreed with the proposed allocation changes.
871,888,7,Call,2022-07-05 00:00:00,Positive,Client appreciated the portfolio review and agreed with the proposed allocation changes.
872,65,36,Call,2023-09-03 00:00:00,Positive,Client expressed satisfaction with recent performance and welcomed follow-up next quarter.
873,149,35,Call,2025-07-05 00:00:00,Neutral,Provided account update and answered standard questions on holdings and recent activity.
874,483,22,Email,2025-03-03 00:00:00,Neutral,Client reviewed the summary materials and asked for periodic monitoring to continue.
875,10,41,Call,2021-06-30 00:00:00,Neutral,General discussion on market conditions; client prefers to maintain the current plan for now.
876,157,32,Email,2023-12-23 00:00:00,Positive,Positive discussion on long-term goals; client is comfortable with the current strategy.
877,457,21,Call,2021-03-12 00:00:00,Neutral,Provided account update and answered standard questions on holdings and recent activity.
878,575,38,Email,2022-03-28 00:00:00,Neutral,Provided account update and answered standard questions on holdings and recent activity.
879,547,34,Email,2022-06-28 00:00:00,Negative,Interaction indicated frustration regarding drawdowns; advisor to prepare mitigation options.
880,922,30,Meeting,2026-05-02 00:00:00,Positive,Client appreciated the portfolio review and agreed with the proposed allocation changes.
881,112,22,Meeting,2025-12-04 00:00:00,Negative,Client expressed concern over communication frequency and expects a more proactive update cadence.
882,568,5,Meeting,2023-02-17 00:00:00,Positive,Positive discussion on long-term goals; client is comfortable with the current strategy.
883,964,25,Call,2021-01-14 00:00:00,Neutral,Provided account update and answered standard questions on holdings and recent activity.
884,144,19,Email,2025-09-27 00:00:00,Negative,Discussion reflected dissatisfaction with short-term performance; follow-up has been scheduled.
885,935,2,Call,2024-05-28 00:00:00,Positive,Meeting went well; client approved the recommended diversification plan.
886,932,42,Email,2023-05-27 00:00:00,Positive,Positive discussion on long-term goals; client is comfortable with the current strategy.
887,916,1,Email,2025-04-18 00:00:00,Neutral,Routine check-in completed; no major changes requested at this time.
888,988,43,Meeting,2025-09-28 00:00:00,Positive,Meeting went well; client approved the recommended diversification plan.
889,969,46,Meeting,2023-01-25 00:00:00,Negative,Client expressed concern over communication frequency and expects a more proactive update cadence.
890,930,46,Email,2022-02-11 00:00:00,Neutral,Client reviewed the summary materials and asked for periodic monitoring to continue.
891,977,24,Meeting,2025-02-27 00:00:00,Positive,Meeting went well; client approved the recommended diversification plan.
892,503,37,Meeting,2024-03-07 00:00:00,Positive,Client expressed satisfaction with recent performance and welcomed follow-up next quarter.
893,374,22,Email,2022-06-22 00:00:00,Positive,Positive discussion on long-term goals; client is comfortable with the current strategy.
894,545,49,Meeting,2022-06-24 00:00:00,Neutral,General discussion on market conditions; client prefers to maintain the current plan for now.
895,569,18,Video Conference,2024-06-19 00:00:00,Positive,Constructive conversation with strong engagement; client requested additional retirement scenarios.
896,28,31,Meeting,2025-06-29 00:00:00,Positive,Client appreciated the portfolio review and agreed with the proposed allocation changes.
897,375,16,Meeting,2022-07-27 00:00:00,Neutral,General discussion on market conditions; client prefers to maintain the current plan for now.
898,529,8,Email,2021-03-26 00:00:00,Negative,Client raised concerns about recent volatility and requested a detailed risk review.
899,525,14,Video Conference,2023-08-26 00:00:00,Positive,Client appreciated the portfolio review and agreed with the proposed allocation changes.
900,970,33,Meeting,2024-05-10 00:00:00,Positive,Constructive conversation with strong engagement; client requested additional retirement scenarios.
901,444,3,Call,2022-04-30 00:00:00,Positive,Constructive conversation with strong engagement; client requested additional retirement scenarios.
902,978,49,Video Conference,2022-12-23 00:00:00,Positive,Positive discussion on long-term goals; client is comfortable with the current strategy.
903,675,48,Email,2021-01-18 00:00:00,Positive,Client appreciated the portfolio review and agreed with the proposed allocation changes.
904,919,16,Video Conference,2021-02-19 00:00:00,Neutral,Interaction focused on regular portfolio maintenance with no urgent actions identified.
905,484,19,Email,2022-08-04 00:00:00,Positive,Positive discussion on long-term goals; client is comfortable with the current strategy.
906,843,13,Email,2021-02-22 00:00:00,Positive,Positive discussion on long-term goals; client is comfortable with the current strategy.
907,344,20,Video Conference,2026-05-29 00:00:00,Positive,Positive discussion on long-term goals; client is comfortable with the current strategy.
908,506,11,Email,2022-12-06 00:00:00,Positive,Meeting went well; client approved the recommended diversification plan.
909,578,5,Call,2025-07-28 00:00:00,Negative,Discussion reflected dissatisfaction with short-term performance; follow-up has been scheduled.
910,349,25,Video Conference,2021-07-14 00:00:00,Positive,Client expressed satisfaction with recent performance and welcomed follow-up next quarter.
911,314,11,Email,2026-02-15 00:00:00,Negative,Client expressed concern over communication frequency and expects a more proactive update cadence.
912,995,12,Email,2022-12-25 00:00:00,Positive,Client expressed satisfaction with recent performance and welcomed follow-up next quarter.
913,833,15,Video Conference,2021-08-20 00:00:00,Positive,Client appreciated the portfolio review and agreed with the proposed allocation changes.
914,940,1,Call,2025-03-19 00:00:00,Positive,Client expressed satisfaction with recent performance and welcomed follow-up next quarter.
915,369,14,Email,2024-02-06 00:00:00,Neutral,Interaction focused on regular portfolio maintenance with no urgent actions identified.
916,138,20,Video Conference,2024-06-08 00:00:00,Positive,Client appreciated the portfolio review and agreed with the proposed allocation changes.
917,244,17,Email,2024-03-08 00:00:00,Neutral,Client reviewed the summary materials and asked for periodic monitoring to continue.
918,711,19,Meeting,2021-11-18 00:00:00,Negative,Discussion reflected dissatisfaction with short-term performance; follow-up has been scheduled.
919,531,44,Call,2022-10-17 00:00:00,Positive,Meeting went well; client approved the recommended diversification plan.
920,974,2,Email,2026-05-20 00:00:00,Negative,Client raised concerns about recent volatility and requested a detailed risk review.
921,146,6,Call,2025-05-07 00:00:00,Neutral,Interaction focused on regular portfolio maintenance with no urgent actions identified.
922,125,6,Call,2026-03-12 00:00:00,Positive,Client expressed satisfaction with recent performance and welcomed follow-up next quarter.
923,470,39,Meeting,2025-07-04 00:00:00,Positive,Meeting went well; client approved the recommended diversification plan.
924,355,31,Call,2023-01-09 00:00:00,Positive,Constructive conversation with strong engagement; client requested additional retirement scenarios.
925,526,15,Video Conference,2025-01-05 00:00:00,Positive,Constructive conversation with strong engagement; client requested additional retirement scenarios.
926,348,6,Call,2024-01-17 00:00:00,Positive,Positive discussion on long-term goals; client is comfortable with the current strategy.
927,126,24,Call,2026-01-28 00:00:00,Neutral,Provided account update and answered standard questions on holdings and recent activity.
928,252,2,Meeting,2024-07-05 00:00:00,Positive,Constructive conversation with strong engagement; client requested additional retirement scenarios.
929,680,15,Call,2023-03-21 00:00:00,Positive,Meeting went well; client approved the recommended diversification plan.
930,274,41,Email,2023-11-04 00:00:00,Neutral,General discussion on market conditions; client prefers to maintain the current plan for now.
931,792,19,Email,2021-08-22 00:00:00,Negative,Discussion reflected dissatisfaction with short-term performance; follow-up has been scheduled.
932,510,19,Email,2021-06-09 00:00:00,Negative,Client requested clarification on fees and portfolio positioning after recent market movements.
933,637,27,Call,2024-09-15 00:00:00,Positive,Client expressed satisfaction with recent performance and welcomed follow-up next quarter.
934,646,6,Video Conference,2023-07-30 00:00:00,Negative,Discussion reflected dissatisfaction with short-term performance; follow-up has been scheduled.
935,225,49,Email,2021-11-26 00:00:00,Neutral,Routine check-in completed; no major changes requested at this time.
936,454,37,Meeting,2023-04-16 00:00:00,Positive,Constructive conversation with strong engagement; client requested additional retirement scenarios.
937,644,18,Email,2024-09-23 00:00:00,Positive,Positive discussion on long-term goals; client is comfortable with the current strategy.
938,544,34,Email,2021-11-18 00:00:00,Negative,Discussion reflected dissatisfaction with short-term performance; follow-up has been scheduled.
939,68,5,Call,2025-11-17 00:00:00,Positive,Constructive conversation with strong engagement; client requested additional retirement scenarios.
940,704,4,Call,2026-01-14 00:00:00,Positive,Client expressed satisfaction with recent performance and welcomed follow-up next quarter.
941,988,25,Email,2026-05-05 00:00:00,Positive,Meeting went well; client approved the recommended diversification plan.
942,955,1,Call,2024-01-17 00:00:00,Positive,Meeting went well; client approved the recommended diversification plan.
943,77,13,Video Conference,2021-08-27 00:00:00,Neutral,Client reviewed the summary materials and asked for periodic monitoring to continue.
944,650,13,Call,2025-08-07 00:00:00,Neutral,General discussion on market conditions; client prefers to maintain the current plan for now.
945,564,13,Call,2023-07-11 00:00:00,Positive,Client expressed satisfaction with recent performance and welcomed follow-up next quarter.
946,344,20,Email,2022-03-28 00:00:00,Positive,Meeting went well; client approved the recommended diversification plan.
947,951,6,Meeting,2025-08-12 00:00:00,Negative,Client expressed concern over communication frequency and expects a more proactive update cadence.
948,736,38,Call,2023-08-10 00:00:00,Negative,Interaction indicated frustration regarding drawdowns; advisor to prepare mitigation options.
949,758,3,Meeting,2021-04-25 00:00:00,Neutral,Provided account update and answered standard questions on holdings and recent activity.
950,181,33,Video Conference,2023-04-21 00:00:00,Neutral,Provided account update and answered standard questions on holdings and recent activity.
951,893,4,Call,2021-05-15 00:00:00,Positive,Meeting went well; client approved the recommended diversification plan.
952,722,36,Video Conference,2023-05-30 00:00:00,Neutral,Client reviewed the summary materials and asked for periodic monitoring to continue.
953,386,39,Email,2025-02-06 00:00:00,Positive,Meeting went well; client approved the recommended diversification plan.
954,766,50,Email,2022-12-23 00:00:00,Negative,Interaction indicated frustration regarding drawdowns; advisor to prepare mitigation options.
955,416,14,Call,2024-01-23 00:00:00,Positive,Positive discussion on long-term goals; client is comfortable with the current strategy.
956,921,16,Meeting,2021-02-11 00:00:00,Positive,Client appreciated the portfolio review and agreed with the proposed allocation changes.
957,320,28,Video Conference,2022-12-17 00:00:00,Positive,Client appreciated the portfolio review and agreed with the proposed allocation changes.
958,728,18,Video Conference,2023-01-16 00:00:00,Negative,Interaction indicated frustration regarding drawdowns; advisor to prepare mitigation options.
959,311,30,Call,2022-06-24 00:00:00,Negative,Client requested clarification on fees and portfolio positioning after recent market movements.
960,919,16,Meeting,2023-12-13 00:00:00,Neutral,Interaction focused on regular portfolio maintenance with no urgent actions identified.
961,2,39,Video Conference,2022-04-08 00:00:00,Negative,Discussion reflected dissatisfaction with short-term performance; follow-up has been scheduled.
962,228,19,Call,2023-04-03 00:00:00,Neutral,Routine check-in completed; no major changes requested at this time.
963,530,43,Email,2022-04-18 00:00:00,Positive,Positive discussion on long-term goals; client is comfortable with the current strategy.
964,814,28,Call,2022-02-19 00:00:00,Positive,Meeting went well; client approved the recommended diversification plan.
965,949,6,Video Conference,2025-02-08 00:00:00,Neutral,Interaction focused on regular portfolio maintenance with no urgent actions identified.
966,552,15,Call,2021-03-05 00:00:00,Positive,Client expressed satisfaction with recent performance and welcomed follow-up next quarter.
967,930,46,Email,2021-10-22 00:00:00,Positive,Positive discussion on long-term goals; client is comfortable with the current strategy.
968,723,34,Meeting,2025-12-17 00:00:00,Positive,Client expressed satisfaction with recent performance and welcomed follow-up next quarter.
969,652,37,Email,2021-12-14 00:00:00,Neutral,Interaction focused on regular portfolio maintenance with no urgent actions identified.
970,860,49,Meeting,2022-06-11 00:00:00,Negative,Client requested clarification on fees and portfolio positioning after recent market movements.
971,874,12,Call,2023-06-02 00:00:00,Neutral,Routine check-in completed; no major changes requested at this time.
972,528,5,Call,2024-10-14 00:00:00,Neutral,Provided account update and answered standard questions on holdings and recent activity.
973,990,35,Call,2026-02-18 00:00:00,Negative,Discussion reflected dissatisfaction with short-term performance; follow-up has been scheduled.
974,750,48,Video Conference,2023-02-28 00:00:00,Positive,Meeting went well; client approved the recommended diversification plan.
975,916,46,Call,2023-03-11 00:00:00,Positive,Client expressed satisfaction with recent performance and welcomed follow-up next quarter.
976,744,9,Call,2023-06-21 00:00:00,Neutral,Interaction focused on regular portfolio maintenance with no urgent actions identified.
977,958,27,Email,2022-05-29 00:00:00,Neutral,Interaction focused on regular portfolio maintenance with no urgent actions identified.
978,425,29,Meeting,2021-02-22 00:00:00,Positive,Meeting went well; client approved the recommended diversification plan.
979,808,13,Meeting,2023-01-25 00:00:00,Positive,Constructive conversation with strong engagement; client requested additional retirement scenarios.
980,633,45,Email,2026-03-20 00:00:00,Negative,Discussion reflected dissatisfaction with short-term performance; follow-up has been scheduled.
981,467,24,Call,2021-11-08 00:00:00,Positive,Client expressed satisfaction with recent performance and welcomed follow-up next quarter.
982,204,2,Email,2026-02-16 00:00:00,Negative,Discussion reflected dissatisfaction with short-term performance; follow-up has been scheduled.
983,663,23,Email,2026-03-05 00:00:00,Negative,Discussion reflected dissatisfaction with short-term performance; follow-up has been scheduled.
984,520,46,Video Conference,2026-01-04 00:00:00,Positive,Constructive conversation with strong engagement; client requested additional retirement scenarios.
985,912,41,Meeting,2021-02-06 00:00:00,Positive,Positive discussion on long-term goals; client is comfortable with the current strategy.
986,89,39,Email,2023-02-11 00:00:00,Positive,Meeting went well; client approved the recommended diversification plan.
987,482,29,Video Conference,2021-05-07 00:00:00,Neutral,Routine check-in completed; no major changes requested at this time.
988,576,30,Meeting,2024-07-05 00:00:00,Positive,Meeting went well; client approved the recommended diversification plan.
989,908,34,Email,2021-04-07 00:00:00,Negative,Client expressed concern over communication frequency and expects a more proactive update cadence.
990,216,37,Email,2022-03-19 00:00:00,Positive,Meeting went well; client approved the recommended diversification plan.
991,132,20,Meeting,2025-06-22 00:00:00,Positive,Meeting went well; client approved the recommended diversification plan.
992,477,25,Email,2021-03-18 00:00:00,Positive,Meeting went well; client approved the recommended diversification plan.
993,376,32,Email,2025-07-09 00:00:00,Positive,Meeting went well; client approved the recommended diversification plan.
994,997,46,Call,2025-05-07 00:00:00,Positive,Constructive conversation with strong engagement; client requested additional retirement scenarios.
995,416,29,Meeting,2024-06-07 00:00:00,Negative,Discussion reflected dissatisfaction with short-term performance; follow-up has been scheduled.
996,613,17,Call,2022-10-28 00:00:00,Negative,Client requested clarification on fees and portfolio positioning after recent market movements.
997,155,46,Video Conference,2024-11-14 00:00:00,Positive,Meeting went well; client approved the recommended diversification plan.
998,897,47,Call,2023-05-13 00:00:00,Positive,Client appreciated the portfolio review and agreed with the proposed allocation changes.
999,943,37,Email,2023-05-27 00:00:00,Neutral,General discussion on market conditions; client prefers to maintain the current plan for now.
1000,844,44,Email,2024-02-23 00:00:00,Neutral,General discussion on market conditions; client prefers to maintain the current plan for now.
1001,433,44,Call,2025-02-07 00:00:00,Positive,Constructive conversation with strong engagement; client requested additional retirement scenarios.
1002,138,20,Call,2025-02-26 00:00:00,Neutral,Provided account update and answered standard questions on holdings and recent activity.
1003,741,23,Call,2025-10-10 00:00:00,Positive,Client expressed satisfaction with recent performance and welcomed follow-up next quarter.
1004,888,7,Email,2025-10-26 00:00:00,Positive,Constructive conversation with strong engagement; client requested additional retirement scenarios.
1005,567,44,Email,2025-11-19 00:00:00,Neutral,Routine check-in completed; no major changes requested at this time.
1006,665,5,Meeting,2022-01-16 00:00:00,Neutral,Routine check-in completed; no major changes requested at this time.
1007,37,32,Email,2023-10-18 00:00:00,Neutral,Client reviewed the summary materials and asked for periodic monitoring to continue.
1008,28,31,Email,2023-08-01 00:00:00,Positive,Meeting went well; client approved the recommended diversification plan.
1009,901,26,Email,2026-03-06 00:00:00,Positive,Meeting went well; client approved the recommended diversification plan.
1010,162,3,Call,2023-11-15 00:00:00,Positive,Meeting went well; client approved the recommended diversification plan.
1011,127,17,Call,2024-07-26 00:00:00,Positive,Client expressed satisfaction with recent performance and welcomed follow-up next quarter.
1012,42,35,Email,2023-05-14 00:00:00,Positive,Client expressed satisfaction with recent performance and welcomed follow-up next quarter.
1013,689,14,Meeting,2021-07-23 00:00:00,Negative,Client requested clarification on fees and portfolio positioning after recent market movements.
1014,51,20,Call,2022-08-07 00:00:00,Positive,Constructive conversation with strong engagement; client requested additional retirement scenarios.
1015,34,21,Meeting,2022-10-09 00:00:00,Negative,Client expressed concern over communication frequency and expects a more proactive update cadence.
1016,119,22,Call,2023-03-30 00:00:00,Positive,Client expressed satisfaction with recent performance and welcomed follow-up next quarter.
1017,804,44,Call,2021-12-13 00:00:00,Positive,Client appreciated the portfolio review and agreed with the proposed allocation changes.
1018,580,26,Call,2023-03-01 00:00:00,Neutral,Client reviewed the summary materials and asked for periodic monitoring to continue.
1019,726,14,Call,2025-08-23 00:00:00,Positive,Meeting went well; client approved the recommended diversification plan.
1020,774,25,Email,2022-06-02 00:00:00,Negative,Client expressed concern over communication frequency and expects a more proactive update cadence.
1021,905,24,Meeting,2025-09-18 00:00:00,Positive,Positive discussion on long-term goals; client is comfortable with the current strategy.
1022,848,22,Meeting,2021-11-12 00:00:00,Positive,Client expressed satisfaction with recent performance and welcomed follow-up next quarter.
1023,350,38,Meeting,2025-09-15 00:00:00,Positive,Constructive conversation with strong engagement; client requested additional retirement scenarios.
1024,962,50,Email,2023-09-08 00:00:00,Positive,Meeting went well; client approved the recommended diversification plan.
1025,357,9,Video Conference,2024-06-10 00:00:00,Neutral,Provided account update and answered standard questions on holdings and recent activity.
1026,214,17,Email,2024-07-26 00:00:00,Positive,Client expressed satisfaction with recent performance and welcomed follow-up next quarter.
1027,834,31,Email,2023-10-20 00:00:00,Neutral,General discussion on market conditions; client prefers to maintain the current plan for now.
1028,291,11,Meeting,2023-10-22 00:00:00,Negative,Client expressed concern over communication frequency and expects a more proactive update cadence.
1029,928,49,Email,2024-03-28 00:00:00,Positive,Meeting went well; client approved the recommended diversification plan.
1030,350,38,Call,2021-09-03 00:00:00,Negative,Interaction indicated frustration regarding drawdowns; advisor to prepare mitigation options.
1031,806,33,Email,2023-06-08 00:00:00,Positive,Positive discussion on long-term goals; client is comfortable with the current strategy.
1032,493,34,Call,2023-06-02 00:00:00,Negative,Discussion reflected dissatisfaction with short-term performance; follow-up has been scheduled.
1033,328,35,Call,2021-06-08 00:00:00,Neutral,Client reviewed the summary materials and asked for periodic monitoring to continue.
1034,801,10,Meeting,2021-03-04 00:00:00,Positive,Constructive conversation with strong engagement; client requested additional retirement scenarios.
1035,71,48,Meeting,2023-02-22 00:00:00,Neutral,Provided account update and answered standard questions on holdings and recent activity.
1036,934,38,Call,2024-11-30 00:00:00,Positive,Constructive conversation with strong engagement; client requested additional retirement scenarios.
1037,295,42,Meeting,2025-03-19 00:00:00,Neutral,Provided account update and answered standard questions on holdings and recent activity.
1038,581,23,Meeting,2022-05-27 00:00:00,Neutral,General discussion on market conditions; client prefers to maintain the current plan for now.
1039,675,8,Meeting,2024-09-01 00:00:00,Positive,Positive discussion on long-term goals; client is comfortable with the current strategy.
1040,195,23,Call,2023-04-04 00:00:00,Positive,Client appreciated the portfolio review and agreed with the proposed allocation changes.
1041,629,27,Video Conference,2022-09-08 00:00:00,Positive,Constructive conversation with strong engagement; client requested additional retirement scenarios.
1042,247,20,Email,2024-03-02 00:00:00,Positive,Client expressed satisfaction with recent performance and welcomed follow-up next quarter.
1043,49,19,Email,2026-02-17 00:00:00,Positive,Client appreciated the portfolio review and agreed with the proposed allocation changes.
1044,298,26,Email,2025-08-25 00:00:00,Positive,Positive discussion on long-term goals; client is comfortable with the current strategy.
1045,325,17,Call,2022-05-30 00:00:00,Neutral,Interaction focused on regular portfolio maintenance with no urgent actions identified.
1046,767,43,Call,2025-09-20 00:00:00,Positive,Constructive conversation with strong engagement; client requested additional retirement scenarios.
1047,404,27,Meeting,2025-03-07 00:00:00,Positive,Client appreciated the portfolio review and agreed with the proposed allocation changes.
1048,458,10,Call,2024-10-20 00:00:00,Positive,Client appreciated the portfolio review and agreed with the proposed allocation changes.
1049,648,43,Video Conference,2022-01-26 00:00:00,Negative,Client expressed concern over communication frequency and expects a more proactive update cadence.
1050,216,47,Email,2023-02-09 00:00:00,Positive,Positive discussion on long-term goals; client is comfortable with the current strategy.
1051,926,36,Call,2024-03-04 00:00:00,Neutral,Client reviewed the summary materials and asked for periodic monitoring to continue.
1052,222,48,Email,2023-10-08 00:00:00,Negative,Client expressed concern over communication frequency and expects a more proactive update cadence.
1053,754,12,Email,2022-10-21 00:00:00,Positive,Meeting went well; client approved the recommended diversification plan.
1054,302,23,Email,2025-10-03 00:00:00,Neutral,General discussion on market conditions; client prefers to maintain the current plan for now.
1055,736,24,Meeting,2021-04-28 00:00:00,Negative,Client requested clarification on fees and portfolio positioning after recent market movements.
1056,471,34,Call,2022-04-26 00:00:00,Neutral,Provided account update and answered standard questions on holdings and recent activity.
1057,911,17,Video Conference,2022-05-05 00:00:00,Positive,Meeting went well; client approved the recommended diversification plan.
1058,877,12,Meeting,2021-05-05 00:00:00,Positive,Positive discussion on long-term goals; client is comfortable with the current strategy.
1059,257,28,Video Conference,2024-08-09 00:00:00,Positive,Client expressed satisfaction with recent performance and welcomed follow-up next quarter.
1060,610,16,Meeting,2024-12-23 00:00:00,Positive,Client expressed satisfaction with recent performance and welcomed follow-up next quarter.
1061,798,49,Meeting,2023-01-04 00:00:00,Positive,Constructive conversation with strong engagement; client requested additional retirement scenarios.
1062,680,15,Email,2025-01-17 00:00:00,Positive,Meeting went well; client approved the recommended diversification plan.
1063,788,29,Email,2026-01-09 00:00:00,Neutral,Provided account update and answered standard questions on holdings and recent activity.
1064,527,48,Meeting,2024-06-30 00:00:00,Positive,Client expressed satisfaction with recent performance and welcomed follow-up next quarter.
1065,83,8,Call,2023-05-31 00:00:00,Neutral,Client reviewed the summary materials and asked for periodic monitoring to continue.
1066,799,15,Meeting,2022-12-18 00:00:00,Positive,Client appreciated the portfolio review and agreed with the proposed allocation changes.
1067,873,31,Meeting,2025-03-09 00:00:00,Negative,Client requested clarification on fees and portfolio positioning after recent market movements.
1068,995,12,Meeting,2024-05-24 00:00:00,Positive,Client expressed satisfaction with recent performance and welcomed follow-up next quarter.
1069,900,6,Call,2023-07-14 00:00:00,Neutral,Routine check-in completed; no major changes requested at this time.
1070,196,19,Call,2023-10-03 00:00:00,Negative,Discussion reflected dissatisfaction with short-term performance; follow-up has been scheduled.
1071,115,44,Email,2023-02-20 00:00:00,Neutral,Provided account update and answered standard questions on holdings and recent activity.
1072,629,27,Call,2024-06-26 00:00:00,Neutral,Provided account update and answered standard questions on holdings and recent activity.
1073,337,6,Video Conference,2025-01-31 00:00:00,Negative,Interaction indicated frustration regarding drawdowns; advisor to prepare mitigation options.
1074,66,6,Video Conference,2021-01-30 00:00:00,Negative,Interaction indicated frustration regarding drawdowns; advisor to prepare mitigation options.
1075,922,30,Email,2026-01-09 00:00:00,Negative,Client expressed concern over communication frequency and expects a more proactive update cadence.
1076,229,7,Meeting,2023-03-28 00:00:00,Positive,Positive discussion on long-term goals; client is comfortable with the current strategy.
1077,944,5,Meeting,2022-01-28 00:00:00,Neutral,Routine check-in completed; no major changes requested at this time.
1078,271,26,Email,2021-08-01 00:00:00,Neutral,Provided account update and answered standard questions on holdings and recent activity.
1079,178,32,Meeting,2025-02-18 00:00:00,Neutral,Routine check-in completed; no major changes requested at this time.
1080,42,36,Meeting,2024-08-02 00:00:00,Neutral,Client reviewed the summary materials and asked for periodic monitoring to continue.
1081,323,35,Call,2024-02-14 00:00:00,Neutral,General discussion on market conditions; client prefers to maintain the current plan for now.
1082,863,41,Video Conference,2021-01-04 00:00:00,Positive,Positive discussion on long-term goals; client is comfortable with the current strategy.
1083,664,13,Meeting,2023-01-25 00:00:00,Positive,Meeting went well; client approved the recommended diversification plan.
1084,263,17,Meeting,2022-03-16 00:00:00,Negative,Interaction indicated frustration regarding drawdowns; advisor to prepare mitigation options.
1085,864,24,Meeting,2022-07-29 00:00:00,Positive,Client expressed satisfaction with recent performance and welcomed follow-up next quarter.
1086,966,29,Meeting,2024-02-14 00:00:00,Negative,Discussion reflected dissatisfaction with short-term performance; follow-up has been scheduled.
1087,266,31,Call,2026-02-09 00:00:00,Neutral,Client reviewed the summary materials and asked for periodic monitoring to continue.
1088,259,25,Video Conference,2024-09-09 00:00:00,Neutral,Provided account update and answered standard questions on holdings and recent activity.
1089,412,25,Email,2022-08-30 00:00:00,Negative,Client expressed concern over communication frequency and expects a more proactive update cadence.
1090,366,4,Video Conference,2026-03-12 00:00:00,Positive,Constructive conversation with strong engagement; client requested additional retirement scenarios.
1091,742,7,Video Conference,2025-10-26 00:00:00,Positive,Positive discussion on long-term goals; client is comfortable with the current strategy.
1092,1,32,Video Conference,2023-06-30 00:00:00,Negative,Interaction indicated frustration regarding drawdowns; advisor to prepare mitigation options.
1093,370,48,Email,2024-11-19 00:00:00,Neutral,General discussion on market conditions; client prefers to maintain the current plan for now.
1094,709,45,Meeting,2023-08-30 00:00:00,Positive,Constructive conversation with strong engagement; client requested additional retirement scenarios.
1095,787,13,Call,2022-11-09 00:00:00,Positive,Client expressed satisfaction with recent performance and welcomed follow-up next quarter.
1096,44,35,Email,2026-02-11 00:00:00,Positive,Client expressed satisfaction with recent performance and welcomed follow-up next quarter.
1097,52,5,Video Conference,2025-12-09 00:00:00,Positive,Client appreciated the portfolio review and agreed with the proposed allocation changes.
1098,446,47,Video Conference,2024-04-23 00:00:00,Positive,Client expressed satisfaction with recent performance and welcomed follow-up next quarter.
1099,998,17,Email,2023-06-12 00:00:00,Positive,Client appreciated the portfolio review and agreed with the proposed allocation changes.
1100,653,17,Email,2023-10-14 00:00:00,Positive,Client expressed satisfaction with recent performance and welcomed follow-up next quarter.
1101,357,46,Call,2022-12-10 00:00:00,Neutral,Interaction focused on regular portfolio maintenance with no urgent actions identified.
1102,270,47,Meeting,2023-07-26 00:00:00,Positive,Client expressed satisfaction with recent performance and welcomed follow-up next quarter.
1103,357,3,Video Conference,2021-01-23 00:00:00,Positive,Client appreciated the portfolio review and agreed with the proposed allocation changes.
1104,218,40,Meeting,2026-04-02 00:00:00,Neutral,General discussion on market conditions; client prefers to maintain the current plan for now.
1105,814,7,Call,2021-06-03 00:00:00,Positive,Constructive conversation with strong engagement; client requested additional retirement scenarios.
1106,332,6,Email,2024-07-29 00:00:00,Neutral,Interaction focused on regular portfolio maintenance with no urgent actions identified.
1107,631,16,Meeting,2021-09-02 00:00:00,Positive,Meeting went well; client approved the recommended diversification plan.
1108,440,15,Call,2025-09-03 00:00:00,Neutral,Client reviewed the summary materials and asked for periodic monitoring to continue.
1109,483,50,Meeting,2026-04-05 00:00:00,Positive,Client appreciated the portfolio review and agreed with the proposed allocation changes.
1110,593,23,Email,2025-02-16 00:00:00,Neutral,Interaction focused on regular portfolio maintenance with no urgent actions identified.
1111,946,44,Call,2024-11-23 00:00:00,Positive,Positive discussion on long-term goals; client is comfortable with the current strategy.
1112,889,11,Meeting,2024-02-24 00:00:00,Neutral,Client reviewed the summary materials and asked for periodic monitoring to continue.
1113,552,11,Call,2021-08-09 00:00:00,Neutral,Provided account update and answered standard questions on holdings and recent activity.
1114,485,8,Video Conference,2021-05-09 00:00:00,Neutral,Routine check-in completed; no major changes requested at this time.
1115,365,4,Call,2021-01-18 00:00:00,Neutral,Routine check-in completed; no major changes requested at this time.
1116,966,23,Call,2021-06-02 00:00:00,Positive,Positive discussion on long-term goals; client is comfortable with the current strategy.
1117,431,26,Call,2024-11-01 00:00:00,Positive,Constructive conversation with strong engagement; client requested additional retirement scenarios.
1118,245,6,Meeting,2021-03-07 00:00:00,Positive,Positive discussion on long-term goals; client is comfortable with the current strategy.
1119,132,20,Email,2024-11-20 00:00:00,Neutral,Interaction focused on regular portfolio maintenance with no urgent actions identified.
1120,38,35,Email,2022-01-16 00:00:00,Neutral,Client reviewed the summary materials and asked for periodic monitoring to continue.
1121,389,26,Meeting,2021-11-13 00:00:00,Positive,Client appreciated the portfolio review and agreed with the proposed allocation changes.
1122,794,1,Video Conference,2025-12-22 00:00:00,Neutral,Client reviewed the summary materials and asked for periodic monitoring to continue.
1123,566,21,Video Conference,2025-05-16 00:00:00,Negative,Discussion reflected dissatisfaction with short-term performance; follow-up has been scheduled.
1124,800,31,Video Conference,2024-07-25 00:00:00,Positive,Meeting went well; client approved the recommended diversification plan.
1125,56,22,Meeting,2022-05-21 00:00:00,Neutral,Interaction focused on regular portfolio maintenance with no urgent actions identified.
1126,865,33,Email,2021-10-18 00:00:00,Neutral,Client reviewed the summary materials and asked for periodic monitoring to continue.
1127,65,11,Video Conference,2021-11-20 00:00:00,Negative,Discussion reflected dissatisfaction with short-term performance; follow-up has been scheduled.
1128,596,23,Email,2024-02-06 00:00:00,Negative,Discussion reflected dissatisfaction with short-term performance; follow-up has been scheduled.
1129,557,48,Call,2021-12-02 00:00:00,Neutral,Interaction focused on regular portfolio maintenance with no urgent actions identified.
1130,484,19,Call,2024-07-23 00:00:00,Negative,Client expressed concern over communication frequency and expects a more proactive update cadence.
1131,35,1,Video Conference,2024-06-10 00:00:00,Neutral,Interaction focused on regular portfolio maintenance with no urgent actions identified.
1132,823,42,Meeting,2025-04-29 00:00:00,Positive,Client expressed satisfaction with recent performance and welcomed follow-up next quarter.
1133,842,48,Email,2024-03-17 00:00:00,Positive,Client appreciated the portfolio review and agreed with the proposed allocation changes.
1134,459,7,Call,2025-02-26 00:00:00,Neutral,Interaction focused on regular portfolio maintenance with no urgent actions identified.
1135,347,9,Meeting,2026-01-23 00:00:00,Negative,Discussion reflected dissatisfaction with short-term performance; follow-up has been scheduled.
1136,992,42,Call,2021-04-27 00:00:00,Neutral,Interaction focused on regular portfolio maintenance with no urgent actions identified.
1137,511,11,Call,2023-01-23 00:00:00,Positive,Client expressed satisfaction with recent performance and welcomed follow-up next quarter.
1138,868,40,Video Conference,2025-05-31 00:00:00,Positive,Constructive conversation with strong engagement; client requested additional retirement scenarios.
1139,990,9,Meeting,2021-08-30 00:00:00,Positive,Constructive conversation with strong engagement; client requested additional retirement scenarios.
1140,864,46,Meeting,2021-05-17 00:00:00,Positive,Client appreciated the portfolio review and agreed with the proposed allocation changes.
1141,465,44,Email,2021-06-14 00:00:00,Neutral,Client reviewed the summary materials and asked for periodic monitoring to continue.
1142,94,40,Meeting,2024-01-08 00:00:00,Positive,Client appreciated the portfolio review and agreed with the proposed allocation changes.
1143,609,4,Video Conference,2026-03-27 00:00:00,Neutral,Client reviewed the summary materials and asked for periodic monitoring to continue.
1144,605,36,Meeting,2021-04-01 00:00:00,Negative,Discussion reflected dissatisfaction with short-term performance; follow-up has been scheduled.
1145,733,2,Meeting,2021-06-30 00:00:00,Positive,Client appreciated the portfolio review and agreed with the proposed allocation changes.
1146,553,35,Email,2025-02-28 00:00:00,Neutral,Routine check-in completed; no major changes requested at this time.
1147,318,3,Meeting,2021-02-18 00:00:00,Positive,Meeting went well; client approved the recommended diversification plan.
1148,306,38,Email,2025-09-29 00:00:00,Neutral,Routine check-in completed; no major changes requested at this time.
1149,328,20,Call,2022-01-13 00:00:00,Neutral,Routine check-in completed; no major changes requested at this time.
1150,797,30,Call,2021-05-29 00:00:00,Positive,Constructive conversation with strong engagement; client requested additional retirement scenarios.
1151,417,24,Email,2022-10-24 00:00:00,Neutral,Interaction focused on regular portfolio maintenance with no urgent actions identified.
1152,141,18,Email,2022-11-17 00:00:00,Neutral,Routine check-in completed; no major changes requested at this time.
1153,641,24,Call,2024-11-19 00:00:00,Positive,Positive discussion on long-term goals; client is comfortable with the current strategy.
1154,20,2,Meeting,2021-02-05 00:00:00,Negative,Interaction indicated frustration regarding drawdowns; advisor to prepare mitigation options.
1155,360,50,Email,2022-11-09 00:00:00,Negative,Client expressed concern over communication frequency and expects a more proactive update cadence.
1156,259,12,Email,2024-04-14 00:00:00,Positive,Client appreciated the portfolio review and agreed with the proposed allocation changes.
1157,988,2,Meeting,2024-08-09 00:00:00,Positive,Constructive conversation with strong engagement; client requested additional retirement scenarios.
1158,378,38,Email,2021-07-12 00:00:00,Negative,Interaction indicated frustration regarding drawdowns; advisor to prepare mitigation options.
1159,313,5,Video Conference,2021-12-10 00:00:00,Positive,Client appreciated the portfolio review and agreed with the proposed allocation changes.
1160,159,10,Email,2022-09-10 00:00:00,Positive,Positive discussion on long-term goals; client is comfortable with the current strategy.
1161,231,23,Email,2024-09-10 00:00:00,Positive,Constructive conversation with strong engagement; client requested additional retirement scenarios.
1162,900,30,Email,2022-10-04 00:00:00,Positive,Positive discussion on long-term goals; client is comfortable with the current strategy.
1163,320,28,Meeting,2025-09-21 00:00:00,Neutral,Provided account update and answered standard questions on holdings and recent activity.
1164,964,25,Call,2026-02-10 00:00:00,Positive,Client expressed satisfaction with recent performance and welcomed follow-up next quarter.
1165,892,37,Email,2022-12-18 00:00:00,Neutral,Interaction focused on regular portfolio maintenance with no urgent actions identified.
1166,103,5,Call,2022-07-25 00:00:00,Positive,Positive discussion on long-term goals; client is comfortable with the current strategy.
1167,275,31,Call,2023-12-18 00:00:00,Neutral,Interaction focused on regular portfolio maintenance with no urgent actions identified.
1168,267,35,Call,2022-12-29 00:00:00,Positive,Constructive conversation with strong engagement; client requested additional retirement scenarios.
1169,394,36,Call,2021-08-21 00:00:00,Positive,Client appreciated the portfolio review and agreed with the proposed allocation changes.
1170,196,19,Email,2026-01-25 00:00:00,Positive,Meeting went well; client approved the recommended diversification plan.
1171,475,31,Meeting,2024-06-09 00:00:00,Neutral,Client reviewed the summary materials and asked for periodic monitoring to continue.
1172,923,38,Video Conference,2026-03-14 00:00:00,Positive,Meeting went well; client approved the recommended diversification plan.
1173,381,37,Email,2022-10-18 00:00:00,Neutral,Client reviewed the summary materials and asked for periodic monitoring to continue.
1174,311,30,Email,2025-03-31 00:00:00,Neutral,Routine check-in completed; no major changes requested at this time.
1175,895,49,Call,2024-06-14 00:00:00,Neutral,Interaction focused on regular portfolio maintenance with no urgent actions identified.
1176,864,24,Video Conference,2024-02-08 00:00:00,Positive,Constructive conversation with strong engagement; client requested additional retirement scenarios.
1177,643,13,Call,2021-04-16 00:00:00,Neutral,Provided account update and answered standard questions on holdings and recent activity.
1178,945,6,Call,2023-06-02 00:00:00,Positive,Client expressed satisfaction with recent performance and welcomed follow-up next quarter.
1179,29,2,Email,2022-05-25 00:00:00,Neutral,General discussion on market conditions; client prefers to maintain the current plan for now.
1180,483,22,Email,2026-01-17 00:00:00,Positive,Constructive conversation with strong engagement; client requested additional retirement scenarios.
1181,46,25,Call,2024-07-17 00:00:00,Negative,Interaction indicated frustration regarding drawdowns; advisor to prepare mitigation options.
1182,346,36,Meeting,2024-03-31 00:00:00,Neutral,Client reviewed the summary materials and asked for periodic monitoring to continue.
1183,659,24,Meeting,2025-05-30 00:00:00,Positive,Client appreciated the portfolio review and agreed with the proposed allocation changes.
1184,195,23,Meeting,2023-11-26 00:00:00,Neutral,Interaction focused on regular portfolio maintenance with no urgent actions identified.
1185,790,44,Video Conference,2023-12-30 00:00:00,Negative,Client raised concerns about recent volatility and requested a detailed risk review.
1186,471,34,Meeting,2026-05-17 00:00:00,Positive,Constructive conversation with strong engagement; client requested additional retirement scenarios.
1187,987,25,Video Conference,2021-09-30 00:00:00,Positive,Positive discussion on long-term goals; client is comfortable with the current strategy.
1188,486,44,Video Conference,2025-01-25 00:00:00,Positive,Client expressed satisfaction with recent performance and welcomed follow-up next quarter.
1189,919,16,Email,2022-06-04 00:00:00,Positive,Client appreciated the portfolio review and agreed with the proposed allocation changes.
1190,370,16,Call,2023-07-27 00:00:00,Neutral,Provided account update and answered standard questions on holdings and recent activity.
1191,680,15,Meeting,2026-04-26 00:00:00,Neutral,Provided account update and answered standard questions on holdings and recent activity.
1192,30,12,Meeting,2024-10-31 00:00:00,Positive,Constructive conversation with strong engagement; client requested additional retirement scenarios.
1193,544,1,Video Conference,2023-10-14 00:00:00,Neutral,Provided account update and answered standard questions on holdings and recent activity.
1194,883,35,Email,2024-05-07 00:00:00,Neutral,Routine check-in completed; no major changes requested at this time.
1195,285,47,Meeting,2025-06-19 00:00:00,Neutral,Client reviewed the summary materials and asked for periodic monitoring to continue.
1196,945,50,Video Conference,2026-02-12 00:00:00,Neutral,Interaction focused on regular portfolio maintenance with no urgent actions identified.
1197,965,24,Email,2022-12-01 00:00:00,Positive,Client appreciated the portfolio review and agreed with the proposed allocation changes.
1198,323,50,Meeting,2021-11-07 00:00:00,Neutral,Interaction focused on regular portfolio maintenance with no urgent actions identified.
1199,488,28,Call,2026-03-22 00:00:00,Positive,Client expressed satisfaction with recent performance and welcomed follow-up next quarter.
1200,538,15,Video Conference,2024-11-03 00:00:00,Positive,Meeting went well; client approved the recommended diversification plan.
1201,411,29,Call,2024-01-11 00:00:00,Positive,Client expressed satisfaction with recent performance and welcomed follow-up next quarter.
1202,68,5,Meeting,2022-01-21 00:00:00,Positive,Client expressed satisfaction with recent performance and welcomed follow-up next quarter.
1203,915,12,Email,2026-04-16 00:00:00,Neutral,Client reviewed the summary materials and asked for periodic monitoring to continue.
1204,990,9,Call,2025-08-17 00:00:00,Neutral,General discussion on market conditions; client prefers to maintain the current plan for now.
1205,662,46,Meeting,2022-08-08 00:00:00,Neutral,Interaction focused on regular portfolio maintenance with no urgent actions identified.
1206,718,17,Email,2022-07-17 00:00:00,Positive,Client expressed satisfaction with recent performance and welcomed follow-up next quarter.
1207,573,33,Video Conference,2021-09-07 00:00:00,Neutral,Provided account update and answered standard questions on holdings and recent activity.
1208,466,17,Email,2022-01-28 00:00:00,Positive,Client expressed satisfaction with recent performance and welcomed follow-up next quarter.
1209,562,11,Meeting,2024-05-30 00:00:00,Negative,Interaction indicated frustration regarding drawdowns; advisor to prepare mitigation options.
1210,206,25,Video Conference,2025-06-02 00:00:00,Neutral,General discussion on market conditions; client prefers to maintain the current plan for now.
1211,654,9,Meeting,2025-12-17 00:00:00,Negative,Discussion reflected dissatisfaction with short-term performance; follow-up has been scheduled.
1212,45,22,Email,2022-12-27 00:00:00,Negative,Client requested clarification on fees and portfolio positioning after recent market movements.
1213,845,6,Call,2023-06-22 00:00:00,Positive,Positive discussion on long-term goals; client is comfortable with the current strategy.
1214,443,35,Call,2024-03-30 00:00:00,Positive,Positive discussion on long-term goals; client is comfortable with the current strategy.
1215,671,3,Call,2024-09-17 00:00:00,Neutral,Provided account update and answered standard questions on holdings and recent activity.
1216,532,1,Meeting,2022-10-12 00:00:00,Positive,Positive discussion on long-term goals; client is comfortable with the current strategy.
1217,540,6,Call,2025-12-05 00:00:00,Positive,Positive discussion on long-term goals; client is comfortable with the current strategy.
1218,664,13,Email,2022-11-30 00:00:00,Neutral,Interaction focused on regular portfolio maintenance with no urgent actions identified.
1219,57,47,Call,2024-06-12 00:00:00,Positive,Client appreciated the portfolio review and agreed with the proposed allocation changes.
1220,244,14,Call,2026-03-17 00:00:00,Negative,Client requested clarification on fees and portfolio positioning after recent market movements.
1221,668,50,Call,2021-05-30 00:00:00,Neutral,Provided account update and answered standard questions on holdings and recent activity.
1222,54,5,Call,2024-10-29 00:00:00,Positive,Positive discussion on long-term goals; client is comfortable with the current strategy.
1223,782,2,Email,2023-09-13 00:00:00,Neutral,Provided account update and answered standard questions on holdings and recent activity.
1224,679,43,Email,2021-12-15 00:00:00,Neutral,Routine check-in completed; no major changes requested at this time.
1225,404,18,Call,2026-01-21 00:00:00,Positive,Meeting went well; client approved the recommended diversification plan.
1226,507,24,Video Conference,2024-01-11 00:00:00,Positive,Positive discussion on long-term goals; client is comfortable with the current strategy.
1227,572,30,Meeting,2024-09-30 00:00:00,Positive,Constructive conversation with strong engagement; client requested additional retirement scenarios.
1228,882,32,Call,2023-06-20 00:00:00,Positive,Client expressed satisfaction with recent performance and welcomed follow-up next quarter.
1229,445,16,Call,2023-10-06 00:00:00,Positive,Client appreciated the portfolio review and agreed with the proposed allocation changes.
1230,801,24,Meeting,2023-12-28 00:00:00,Neutral,Routine check-in completed; no major changes requested at this time.
1231,801,24,Email,2021-06-20 00:00:00,Neutral,General discussion on market conditions; client prefers to maintain the current plan for now.
1232,680,15,Meeting,2024-09-05 00:00:00,Positive,Positive discussion on long-term goals; client is comfortable with the current strategy.
1233,761,45,Video Conference,2026-01-13 00:00:00,Neutral,Routine check-in completed; no major changes requested at this time.
1234,23,11,Email,2026-01-03 00:00:00,Positive,Positive discussion on long-term goals; client is comfortable with the current strategy.
1235,383,2,Email,2025-11-16 00:00:00,Negative,Client requested clarification on fees and portfolio positioning after recent market movements.
1236,584,9,Email,2025-03-21 00:00:00,Negative,Interaction indicated frustration regarding drawdowns; advisor to prepare mitigation options.
1237,468,12,Meeting,2021-05-06 00:00:00,Positive,Positive discussion on long-term goals; client is comfortable with the current strategy.
1238,693,11,Call,2025-06-09 00:00:00,Neutral,Interaction focused on regular portfolio maintenance with no urgent actions identified.
1239,450,16,Email,2022-04-24 00:00:00,Positive,Meeting went well; client approved the recommended diversification plan.
1240,713,48,Meeting,2023-07-16 00:00:00,Negative,Client requested clarification on fees and portfolio positioning after recent market movements.
1241,731,37,Meeting,2025-06-03 00:00:00,Positive,Client expressed satisfaction with recent performance and welcomed follow-up next quarter.
1242,274,49,Video Conference,2021-10-10 00:00:00,Negative,Client expressed concern over communication frequency and expects a more proactive update cadence.
1243,644,18,Email,2023-03-04 00:00:00,Positive,Meeting went well; client approved the recommended diversification plan.
1244,867,24,Call,2022-12-26 00:00:00,Positive,Meeting went well; client approved the recommended diversification plan.
1245,579,15,Email,2023-03-05 00:00:00,Positive,Constructive conversation with strong engagement; client requested additional retirement scenarios.
1246,876,47,Call,2021-05-07 00:00:00,Positive,Constructive conversation with strong engagement; client requested additional retirement scenarios.
1247,53,10,Video Conference,2025-04-21 00:00:00,Neutral,Interaction focused on regular portfolio maintenance with no urgent actions identified.
1248,816,17,Email,2026-04-18 00:00:00,Positive,Client appreciated the portfolio review and agreed with the proposed allocation changes.
1249,114,5,Meeting,2022-01-27 00:00:00,Negative,Client raised concerns about recent volatility and requested a detailed risk review.
1250,456,9,Call,2022-12-11 00:00:00,Negative,Client raised concerns about recent volatility and requested a detailed risk review.
1251,634,15,Email,2024-03-13 00:00:00,Positive,Client expressed satisfaction with recent performance and welcomed follow-up next quarter.
1252,360,19,Meeting,2021-08-28 00:00:00,Neutral,Client reviewed the summary materials and asked for periodic monitoring to continue.
1253,504,35,Email,2024-12-23 00:00:00,Positive,Constructive conversation with strong engagement; client requested additional retirement scenarios.
1254,199,36,Email,2025-02-18 00:00:00,Positive,Client expressed satisfaction with recent performance and welcomed follow-up next quarter.
1255,721,43,Meeting,2024-04-20 00:00:00,Positive,Constructive conversation with strong engagement; client requested additional retirement scenarios.
1256,647,20,Call,2022-06-27 00:00:00,Negative,Client expressed concern over communication frequency and expects a more proactive update cadence.
1257,419,44,Call,2023-02-08 00:00:00,Positive,Positive discussion on long-term goals; client is comfortable with the current strategy.
1258,330,11,Meeting,2021-08-04 00:00:00,Negative,Client expressed concern over communication frequency and expects a more proactive update cadence.
1259,184,25,Email,2023-05-31 00:00:00,Positive,Constructive conversation with strong engagement; client requested additional retirement scenarios.
1260,333,10,Call,2025-01-02 00:00:00,Neutral,Provided account update and answered standard questions on holdings and recent activity.
1261,68,5,Email,2022-02-04 00:00:00,Positive,Client appreciated the portfolio review and agreed with the proposed allocation changes.
1262,661,32,Email,2022-08-27 00:00:00,Neutral,Client reviewed the summary materials and asked for periodic monitoring to continue.
1263,694,29,Video Conference,2023-11-13 00:00:00,Neutral,Provided account update and answered standard questions on holdings and recent activity.
1264,996,42,Video Conference,2022-08-11 00:00:00,Positive,Constructive conversation with strong engagement; client requested additional retirement scenarios.
1265,298,26,Email,2024-09-08 00:00:00,Positive,Client expressed satisfaction with recent performance and welcomed follow-up next quarter.
1266,962,20,Call,2023-11-14 00:00:00,Neutral,Interaction focused on regular portfolio maintenance with no urgent actions identified.
1267,689,35,Email,2024-04-29 00:00:00,Positive,Positive discussion on long-term goals; client is comfortable with the current strategy.
1268,208,46,Meeting,2021-12-29 00:00:00,Negative,Client requested clarification on fees and portfolio positioning after recent market movements.
1269,294,37,Email,2022-10-16 00:00:00,Negative,Interaction indicated frustration regarding drawdowns; advisor to prepare mitigation options.
1270,445,16,Call,2024-06-30 00:00:00,Neutral,Client reviewed the summary materials and asked for periodic monitoring to continue.
1271,622,32,Meeting,2025-12-14 00:00:00,Positive,Client expressed satisfaction with recent performance and welcomed follow-up next quarter.
1272,861,8,Email,2021-09-28 00:00:00,Negative,Client requested clarification on fees and portfolio positioning after recent market movements.
1273,424,4,Call,2022-03-15 00:00:00,Neutral,General discussion on market conditions; client prefers to maintain the current plan for now.
1274,668,34,Meeting,2021-10-31 00:00:00,Positive,Positive discussion on long-term goals; client is comfortable with the current strategy.
1275,388,50,Video Conference,2024-12-19 00:00:00,Negative,Interaction indicated frustration regarding drawdowns; advisor to prepare mitigation options.
1276,779,19,Email,2021-10-23 00:00:00,Positive,Constructive conversation with strong engagement; client requested additional retirement scenarios.
1277,599,31,Email,2023-01-16 00:00:00,Neutral,Interaction focused on regular portfolio maintenance with no urgent actions identified.
1278,122,47,Meeting,2025-05-07 00:00:00,Positive,Meeting went well; client approved the recommended diversification plan.
1279,160,11,Email,2022-11-23 00:00:00,Positive,Positive discussion on long-term goals; client is comfortable with the current strategy.
1280,278,23,Call,2023-12-17 00:00:00,Neutral,Provided account update and answered standard questions on holdings and recent activity.
1281,401,40,Video Conference,2023-03-11 00:00:00,Positive,Client expressed satisfaction with recent performance and welcomed follow-up next quarter.
1282,144,19,Meeting,2023-02-06 00:00:00,Positive,Meeting went well; client approved the recommended diversification plan.
1283,330,11,Meeting,2021-08-13 00:00:00,Positive,Positive discussion on long-term goals; client is comfortable with the current strategy.
1284,840,12,Meeting,2023-01-20 00:00:00,Negative,Interaction indicated frustration regarding drawdowns; advisor to prepare mitigation options.
1285,375,16,Video Conference,2021-02-16 00:00:00,Positive,Client appreciated the portfolio review and agreed with the proposed allocation changes.
1286,495,48,Email,2021-10-20 00:00:00,Neutral,Routine check-in completed; no major changes requested at this time.
1287,542,18,Email,2024-12-03 00:00:00,Positive,Client appreciated the portfolio review and agreed with the proposed allocation changes.
1288,228,29,Meeting,2023-03-27 00:00:00,Positive,Meeting went well; client approved the recommended diversification plan.
1289,308,39,Meeting,2022-10-04 00:00:00,Neutral,General discussion on market conditions; client prefers to maintain the current plan for now.
1290,990,9,Meeting,2022-10-30 00:00:00,Positive,Meeting went well; client approved the recommended diversification plan.
1291,400,29,Call,2022-07-15 00:00:00,Neutral,General discussion on market conditions; client prefers to maintain the current plan for now.
1292,178,39,Email,2023-02-13 00:00:00,Positive,Client expressed satisfaction with recent performance and welcomed follow-up next quarter.
1293,318,3,Call,2023-09-14 00:00:00,Positive,Client expressed satisfaction with recent performance and welcomed follow-up next quarter.
1294,274,49,Meeting,2026-03-20 00:00:00,Neutral,Client reviewed the summary materials and asked for periodic monitoring to continue.
1295,440,15,Email,2021-03-20 00:00:00,Negative,Client requested clarification on fees and portfolio positioning after recent market movements.
1296,354,32,Call,2024-07-17 00:00:00,Negative,Client raised concerns about recent volatility and requested a detailed risk review.
1297,37,32,Call,2021-01-03 00:00:00,Negative,Discussion reflected dissatisfaction with short-term performance; follow-up has been scheduled.
1298,930,46,Email,2022-12-13 00:00:00,Positive,Meeting went well; client approved the recommended diversification plan.
1299,160,11,Call,2021-05-21 00:00:00,Neutral,Client reviewed the summary materials and asked for periodic monitoring to continue.
1300,913,32,Meeting,2025-07-21 00:00:00,Neutral,General discussion on market conditions; client prefers to maintain the current plan for now.
1301,947,49,Email,2024-09-18 00:00:00,Positive,Meeting went well; client approved the recommended diversification plan.
1302,377,18,Meeting,2024-12-07 00:00:00,Neutral,Client reviewed the summary materials and asked for periodic monitoring to continue.
1303,292,2,Video Conference,2025-04-28 00:00:00,Positive,Client appreciated the portfolio review and agreed with the proposed allocation changes.
1304,120,7,Video Conference,2021-08-29 00:00:00,Positive,Client appreciated the portfolio review and agreed with the proposed allocation changes.
1305,34,21,Video Conference,2025-10-01 00:00:00,Neutral,Client reviewed the summary materials and asked for periodic monitoring to continue.
1306,264,34,Meeting,2021-12-24 00:00:00,Neutral,General discussion on market conditions; client prefers to maintain the current plan for now.
1307,903,34,Meeting,2024-11-25 00:00:00,Negative,Interaction indicated frustration regarding drawdowns; advisor to prepare mitigation options.
1308,891,6,Email,2023-08-09 00:00:00,Negative,Client raised concerns about recent volatility and requested a detailed risk review.
1309,490,40,Call,2023-12-04 00:00:00,Positive,Meeting went well; client approved the recommended diversification plan.
1310,551,28,Video Conference,2026-05-23 00:00:00,Positive,Positive discussion on long-term goals; client is comfortable with the current strategy.
1311,48,3,Email,2022-06-10 00:00:00,Neutral,Provided account update and answered standard questions on holdings and recent activity.
1312,959,5,Meeting,2025-04-12 00:00:00,Neutral,Interaction focused on regular portfolio maintenance with no urgent actions identified.
1313,915,12,Video Conference,2022-02-18 00:00:00,Positive,Meeting went well; client approved the recommended diversification plan.
1314,828,41,Meeting,2021-04-30 00:00:00,Neutral,Provided account update and answered standard questions on holdings and recent activity.
1315,606,4,Meeting,2022-03-15 00:00:00,Neutral,General discussion on market conditions; client prefers to maintain the current plan for now.
1316,472,20,Meeting,2022-03-25 00:00:00,Positive,Constructive conversation with strong engagement; client requested additional retirement scenarios.
1317,614,45,Call,2022-04-30 00:00:00,Negative,Discussion reflected dissatisfaction with short-term performance; follow-up has been scheduled.
1318,981,1,Email,2021-04-05 00:00:00,Neutral,General discussion on market conditions; client prefers to maintain the current plan for now.
1319,74,32,Video Conference,2025-07-27 00:00:00,Negative,Client requested clarification on fees and portfolio positioning after recent market movements.
1320,798,38,Meeting,2024-12-30 00:00:00,Positive,Positive discussion on long-term goals; client is comfortable with the current strategy.
1321,779,19,Call,2025-12-08 00:00:00,Neutral,Interaction focused on regular portfolio maintenance with no urgent actions identified.
1322,927,33,Call,2026-04-01 00:00:00,Positive,Constructive conversation with strong engagement; client requested additional retirement scenarios.
1323,199,36,Call,2021-08-01 00:00:00,Positive,Client appreciated the portfolio review and agreed with the proposed allocation changes.
1324,848,47,Meeting,2024-02-21 00:00:00,Neutral,Client reviewed the summary materials and asked for periodic monitoring to continue.
1325,501,41,Meeting,2023-04-12 00:00:00,Negative,Client requested clarification on fees and portfolio positioning after recent market movements.
1326,317,10,Call,2021-06-08 00:00:00,Positive,Meeting went well; client approved the recommended diversification plan.
1327,867,24,Email,2024-03-26 00:00:00,Positive,Client expressed satisfaction with recent performance and welcomed follow-up next quarter.
1328,196,19,Email,2023-09-16 00:00:00,Neutral,Routine check-in completed; no major changes requested at this time.
1329,406,26,Meeting,2024-10-22 00:00:00,Positive,Meeting went well; client approved the recommended diversification plan.
1330,375,16,Call,2021-09-11 00:00:00,Positive,Client appreciated the portfolio review and agreed with the proposed allocation changes.
1331,137,26,Meeting,2024-01-25 00:00:00,Positive,Meeting went well; client approved the recommended diversification plan.
1332,827,4,Email,2021-03-20 00:00:00,Positive,Constructive conversation with strong engagement; client requested additional retirement scenarios.
1333,432,22,Call,2023-10-23 00:00:00,Positive,Client appreciated the portfolio review and agreed with the proposed allocation changes.
1334,332,6,Call,2025-01-23 00:00:00,Positive,Meeting went well; client approved the recommended diversification plan.
1335,280,9,Meeting,2021-06-19 00:00:00,Positive,Constructive conversation with strong engagement; client requested additional retirement scenarios.
1336,54,5,Email,2025-06-18 00:00:00,Negative,Interaction indicated frustration regarding drawdowns; advisor to prepare mitigation options.
1337,538,15,Meeting,2024-02-11 00:00:00,Positive,Positive discussion on long-term goals; client is comfortable with the current strategy.
1338,522,12,Email,2023-12-26 00:00:00,Positive,Constructive conversation with strong engagement; client requested additional retirement scenarios.
1339,325,17,Email,2025-05-06 00:00:00,Positive,Constructive conversation with strong engagement; client requested additional retirement scenarios.
1340,455,13,Video Conference,2025-08-02 00:00:00,Positive,Constructive conversation with strong engagement; client requested additional retirement scenarios.
1341,987,25,Email,2023-04-04 00:00:00,Neutral,Provided account update and answered standard questions on holdings and recent activity.
1342,59,45,Call,2023-02-16 00:00:00,Neutral,Client reviewed the summary materials and asked for periodic monitoring to continue.
1343,477,25,Email,2026-05-21 00:00:00,Neutral,General discussion on market conditions; client prefers to maintain the current plan for now.
1344,263,17,Video Conference,2023-04-01 00:00:00,Positive,Positive discussion on long-term goals; client is comfortable with the current strategy.
1345,376,8,Call,2026-03-29 00:00:00,Negative,Discussion reflected dissatisfaction with short-term performance; follow-up has been scheduled.
1346,373,50,Meeting,2022-05-20 00:00:00,Neutral,General discussion on market conditions; client prefers to maintain the current plan for now.
1347,217,31,Email,2021-05-23 00:00:00,Positive,Constructive conversation with strong engagement; client requested additional retirement scenarios.
1348,782,2,Meeting,2021-10-27 00:00:00,Positive,Constructive conversation with strong engagement; client requested additional retirement scenarios.
1349,607,19,Email,2025-04-14 00:00:00,Positive,Constructive conversation with strong engagement; client requested additional retirement scenarios.
1350,756,11,Email,2025-08-11 00:00:00,Positive,Constructive conversation with strong engagement; client requested additional retirement scenarios.
1351,775,16,Email,2025-11-06 00:00:00,Positive,Client appreciated the portfolio review and agreed with the proposed allocation changes.
1352,488,27,Meeting,2025-02-15 00:00:00,Positive,Meeting went well; client approved the recommended diversification plan.
1353,643,18,Call,2021-03-20 00:00:00,Positive,Positive discussion on long-term goals; client is comfortable with the current strategy.
1354,170,5,Meeting,2025-01-06 00:00:00,Neutral,Routine check-in completed; no major changes requested at this time.
1355,627,21,Email,2023-08-07 00:00:00,Neutral,Interaction focused on regular portfolio maintenance with no urgent actions identified.
1356,144,2,Video Conference,2021-02-04 00:00:00,Neutral,General discussion on market conditions; client prefers to maintain the current plan for now.
1357,626,10,Call,2022-07-12 00:00:00,Neutral,Routine check-in completed; no major changes requested at this time.
1358,5,2,Email,2023-11-09 00:00:00,Positive,Constructive conversation with strong engagement; client requested additional retirement scenarios.
1359,281,41,Email,2022-01-16 00:00:00,Positive,Client expressed satisfaction with recent performance and welcomed follow-up next quarter.
1360,609,32,Call,2022-12-22 00:00:00,Neutral,General discussion on market conditions; client prefers to maintain the current plan for now.
1361,857,13,Email,2025-02-26 00:00:00,Positive,Client expressed satisfaction with recent performance and welcomed follow-up next quarter.
1362,265,47,Meeting,2025-03-18 00:00:00,Positive,Meeting went well; client approved the recommended diversification plan.
1363,106,28,Meeting,2023-01-20 00:00:00,Neutral,Client reviewed the summary materials and asked for periodic monitoring to continue.
1364,461,16,Video Conference,2023-12-10 00:00:00,Positive,Meeting went well; client approved the recommended diversification plan.
1365,852,32,Video Conference,2023-05-28 00:00:00,Positive,Constructive conversation with strong engagement; client requested additional retirement scenarios.
1366,934,38,Meeting,2025-01-28 00:00:00,Positive,Client appreciated the portfolio review and agreed with the proposed allocation changes.
1367,817,28,Email,2025-08-05 00:00:00,Positive,Meeting went well; client approved the recommended diversification plan.
1368,24,39,Call,2026-05-21 00:00:00,Negative,Client requested clarification on fees and portfolio positioning after recent market movements.
1369,366,34,Email,2021-05-07 00:00:00,Positive,Constructive conversation with strong engagement; client requested additional retirement scenarios.
1370,869,5,Call,2024-11-21 00:00:00,Negative,Client requested clarification on fees and portfolio positioning after recent market movements.
1371,973,37,Email,2025-08-05 00:00:00,Positive,Client appreciated the portfolio review and agreed with the proposed allocation changes.
1372,5,2,Meeting,2023-04-21 00:00:00,Negative,Discussion reflected dissatisfaction with short-term performance; follow-up has been scheduled.
1373,807,33,Call,2021-05-24 00:00:00,Neutral,Client reviewed the summary materials and asked for periodic monitoring to continue.
1374,578,35,Call,2025-06-15 00:00:00,Positive,Constructive conversation with strong engagement; client requested additional retirement scenarios.
1375,523,48,Call,2024-03-15 00:00:00,Neutral,Provided account update and answered standard questions on holdings and recent activity.
1376,711,19,Email,2021-02-26 00:00:00,Neutral,Client reviewed the summary materials and asked for periodic monitoring to continue.
1377,981,17,Call,2021-02-24 00:00:00,Positive,Client appreciated the portfolio review and agreed with the proposed allocation changes.
1378,207,15,Meeting,2023-06-08 00:00:00,Negative,Client raised concerns about recent volatility and requested a detailed risk review.
1379,13,32,Meeting,2021-09-14 00:00:00,Positive,Client expressed satisfaction with recent performance and welcomed follow-up next quarter.
1380,82,43,Video Conference,2026-05-11 00:00:00,Positive,Client appreciated the portfolio review and agreed with the proposed allocation changes.
1381,537,1,Video Conference,2024-04-26 00:00:00,Positive,Client appreciated the portfolio review and agreed with the proposed allocation changes.
1382,595,39,Video Conference,2022-04-29 00:00:00,Negative,Client requested clarification on fees and portfolio positioning after recent market movements.
1383,137,40,Call,2023-04-05 00:00:00,Positive,Client expressed satisfaction with recent performance and welcomed follow-up next quarter.
1384,303,33,Meeting,2023-04-21 00:00:00,Negative,Interaction indicated frustration regarding drawdowns; advisor to prepare mitigation options.
1385,91,17,Meeting,2024-03-21 00:00:00,Neutral,Provided account update and answered standard questions on holdings and recent activity.
1386,196,19,Call,2022-09-12 00:00:00,Positive,Client appreciated the portfolio review and agreed with the proposed allocation changes.
1387,24,39,Email,2025-05-09 00:00:00,Positive,Positive discussion on long-term goals; client is comfortable with the current strategy.
1388,759,23,Meeting,2026-02-23 00:00:00,Neutral,Interaction focused on regular portfolio maintenance with no urgent actions identified.
1389,867,24,Meeting,2026-05-12 00:00:00,Positive,Constructive conversation with strong engagement; client requested additional retirement scenarios.
1390,607,43,Call,2025-05-29 00:00:00,Neutral,Client reviewed the summary materials and asked for periodic monitoring to continue.
1391,361,11,Email,2025-11-07 00:00:00,Positive,Client expressed satisfaction with recent performance and welcomed follow-up next quarter.
1392,341,25,Email,2021-05-11 00:00:00,Positive,Positive discussion on long-term goals; client is comfortable with the current strategy.
1393,380,8,Video Conference,2022-10-20 00:00:00,Neutral,Routine check-in completed; no major changes requested at this time.
1394,435,34,Video Conference,2023-02-08 00:00:00,Neutral,Provided account update and answered standard questions on holdings and recent activity.
1395,179,42,Meeting,2021-10-12 00:00:00,Positive,Client expressed satisfaction with recent performance and welcomed follow-up next quarter.
1396,123,25,Meeting,2025-08-17 00:00:00,Positive,Positive discussion on long-term goals; client is comfortable with the current strategy.
1397,345,31,Email,2025-03-08 00:00:00,Positive,Client appreciated the portfolio review and agreed with the proposed allocation changes.
1398,835,18,Email,2022-05-18 00:00:00,Positive,Positive discussion on long-term goals; client is comfortable with the current strategy.
1399,394,42,Meeting,2025-08-26 00:00:00,Negative,Client requested clarification on fees and portfolio positioning after recent market movements.
1400,184,25,Email,2021-11-05 00:00:00,Neutral,Interaction focused on regular portfolio maintenance with no urgent actions identified.
1401,2,39,Email,2026-02-13 00:00:00,Positive,Client appreciated the portfolio review and agreed with the proposed allocation changes.
1402,971,48,Email,2024-01-01 00:00:00,Positive,Positive discussion on long-term goals; client is comfortable with the current strategy.
1403,886,31,Call,2021-09-06 00:00:00,Positive,Client expressed satisfaction with recent performance and welcomed follow-up next quarter.
1404,246,42,Meeting,2023-05-26 00:00:00,Neutral,Client reviewed the summary materials and asked for periodic monitoring to continue.
1405,167,10,Email,2021-03-03 00:00:00,Positive,Client expressed satisfaction with recent performance and welcomed follow-up next quarter.
1406,418,47,Call,2024-06-22 00:00:00,Positive,Client appreciated the portfolio review and agreed with the proposed allocation changes.
1407,80,23,Meeting,2023-11-12 00:00:00,Neutral,Interaction focused on regular portfolio maintenance with no urgent actions identified.
1408,574,22,Email,2023-06-26 00:00:00,Neutral,Client reviewed the summary materials and asked for periodic monitoring to continue.
1409,696,9,Call,2021-02-21 00:00:00,Positive,Constructive conversation with strong engagement; client requested additional retirement scenarios.
1410,363,37,Video Conference,2022-10-01 00:00:00,Neutral,Interaction focused on regular portfolio maintenance with no urgent actions identified.
1411,907,47,Video Conference,2022-02-05 00:00:00,Positive,Positive discussion on long-term goals; client is comfortable with the current strategy.
1412,452,35,Email,2021-01-12 00:00:00,Positive,Client expressed satisfaction with recent performance and welcomed follow-up next quarter.
1413,114,48,Email,2023-01-03 00:00:00,Neutral,Interaction focused on regular portfolio maintenance with no urgent actions identified.
1414,888,7,Email,2024-03-18 00:00:00,Positive,Client expressed satisfaction with recent performance and welcomed follow-up next quarter.
1415,600,9,Meeting,2024-07-15 00:00:00,Negative,Interaction indicated frustration regarding drawdowns; advisor to prepare mitigation options.
1416,951,6,Email,2022-05-11 00:00:00,Positive,Positive discussion on long-term goals; client is comfortable with the current strategy.
1417,8,18,Email,2022-07-19 00:00:00,Positive,Meeting went well; client approved the recommended diversification plan.
1418,38,35,Meeting,2025-11-05 00:00:00,Neutral,General discussion on market conditions; client prefers to maintain the current plan for now.
1419,943,37,Call,2023-12-21 00:00:00,Neutral,Routine check-in completed; no major changes requested at this time.
1420,234,2,Meeting,2025-06-02 00:00:00,Positive,Client expressed satisfaction with recent performance and welcomed follow-up next quarter.
1421,353,17,Call,2024-05-16 00:00:00,Neutral,Provided account update and answered standard questions on holdings and recent activity.
1422,721,43,Email,2022-07-16 00:00:00,Positive,Client appreciated the portfolio review and agreed with the proposed allocation changes.
1423,214,17,Email,2025-01-15 00:00:00,Positive,Constructive conversation with strong engagement; client requested additional retirement scenarios.
1424,337,49,Video Conference,2024-09-15 00:00:00,Neutral,General discussion on market conditions; client prefers to maintain the current plan for now.
1425,53,10,Email,2025-07-22 00:00:00,Positive,Constructive conversation with strong engagement; client requested additional retirement scenarios.
1426,291,11,Call,2023-05-05 00:00:00,Positive,Constructive conversation with strong engagement; client requested additional retirement scenarios.
1427,611,19,Meeting,2024-01-14 00:00:00,Negative,Client expressed concern over communication frequency and expects a more proactive update cadence.
1428,315,35,Email,2025-09-04 00:00:00,Neutral,Client reviewed the summary materials and asked for periodic monitoring to continue.
1429,648,43,Email,2024-10-11 00:00:00,Positive,Meeting went well; client approved the recommended diversification plan.
1430,958,27,Email,2022-02-17 00:00:00,Neutral,Interaction focused on regular portfolio maintenance with no urgent actions identified.
1431,296,48,Meeting,2022-05-30 00:00:00,Neutral,General discussion on market conditions; client prefers to maintain the current plan for now.
1432,980,40,Video Conference,2026-04-08 00:00:00,Positive,Client expressed satisfaction with recent performance and welcomed follow-up next quarter.
1433,105,23,Meeting,2024-01-22 00:00:00,Positive,Client expressed satisfaction with recent performance and welcomed follow-up next quarter.
1434,378,38,Video Conference,2025-09-15 00:00:00,Positive,Client expressed satisfaction with recent performance and welcomed follow-up next quarter.
1435,602,17,Email,2021-12-02 00:00:00,Positive,Client expressed satisfaction with recent performance and welcomed follow-up next quarter.
1436,380,19,Email,2025-04-07 00:00:00,Negative,Discussion reflected dissatisfaction with short-term performance; follow-up has been scheduled.
1437,408,24,Call,2022-12-18 00:00:00,Negative,Interaction indicated frustration regarding drawdowns; advisor to prepare mitigation options.
1438,588,38,Video Conference,2023-03-09 00:00:00,Neutral,Routine check-in completed; no major changes requested at this time.
1439,793,2,Call,2021-03-10 00:00:00,Neutral,Provided account update and answered standard questions on holdings and recent activity.
1440,217,14,Meeting,2025-12-19 00:00:00,Positive,Meeting went well; client approved the recommended diversification plan.
1441,626,5,Email,2026-03-13 00:00:00,Positive,Client expressed satisfaction with recent performance and welcomed follow-up next quarter.
1442,51,20,Email,2025-10-25 00:00:00,Negative,Discussion reflected dissatisfaction with short-term performance; follow-up has been scheduled.
1443,856,50,Call,2023-07-27 00:00:00,Neutral,Interaction focused on regular portfolio maintenance with no urgent actions identified.
1444,723,26,Email,2021-08-27 00:00:00,Negative,Client raised concerns about recent volatility and requested a detailed risk review.
1445,292,2,Meeting,2025-08-11 00:00:00,Positive,Positive discussion on long-term goals; client is comfortable with the current strategy.
1446,851,1,Call,2021-02-11 00:00:00,Negative,Client raised concerns about recent volatility and requested a detailed risk review.
1447,255,11,Email,2024-04-18 00:00:00,Negative,Client requested clarification on fees and portfolio positioning after recent market movements.
1448,416,29,Call,2022-03-01 00:00:00,Neutral,General discussion on market conditions; client prefers to maintain the current plan for now.
1449,460,34,Call,2026-05-12 00:00:00,Positive,Positive discussion on long-term goals; client is comfortable with the current strategy.
1450,381,4,Video Conference,2026-04-01 00:00:00,Neutral,Interaction focused on regular portfolio maintenance with no urgent actions identified.
1451,803,24,Meeting,2022-08-19 00:00:00,Neutral,Interaction focused on regular portfolio maintenance with no urgent actions identified.
1452,141,50,Meeting,2023-05-14 00:00:00,Neutral,Provided account update and answered standard questions on holdings and recent activity.
1453,825,26,Video Conference,2021-06-12 00:00:00,Neutral,Routine check-in completed; no major changes requested at this time.
1454,245,6,Call,2026-03-08 00:00:00,Positive,Client expressed satisfaction with recent performance and welcomed follow-up next quarter.
1455,551,35,Call,2023-04-07 00:00:00,Neutral,Provided account update and answered standard questions on holdings and recent activity.
1456,218,10,Email,2024-09-24 00:00:00,Negative,Interaction indicated frustration regarding drawdowns; advisor to prepare mitigation options.
1457,63,2,Meeting,2025-08-01 00:00:00,Positive,Client appreciated the portfolio review and agreed with the proposed allocation changes.
1458,895,49,Video Conference,2024-06-05 00:00:00,Neutral,General discussion on market conditions; client prefers to maintain the current plan for now.
1459,304,47,Meeting,2024-02-18 00:00:00,Neutral,Routine check-in completed; no major changes requested at this time.
1460,358,2,Call,2023-08-14 00:00:00,Neutral,Interaction focused on regular portfolio maintenance with no urgent actions identified.
1461,64,23,Email,2021-08-29 00:00:00,Positive,Constructive conversation with strong engagement; client requested additional retirement scenarios.
1462,780,28,Meeting,2021-03-05 00:00:00,Positive,Client expressed satisfaction with recent performance and welcomed follow-up next quarter.
1463,167,13,Email,2025-08-11 00:00:00,Neutral,Provided account update and answered standard questions on holdings and recent activity.
1464,577,10,Call,2024-10-21 00:00:00,Neutral,Client reviewed the summary materials and asked for periodic monitoring to continue.
1465,445,23,Meeting,2023-07-24 00:00:00,Positive,Client appreciated the portfolio review and agreed with the proposed allocation changes.
1466,631,16,Meeting,2021-05-12 00:00:00,Neutral,Client reviewed the summary materials and asked for periodic monitoring to continue.
1467,507,18,Call,2024-02-18 00:00:00,Positive,Client expressed satisfaction with recent performance and welcomed follow-up next quarter.
1468,155,46,Email,2023-04-28 00:00:00,Positive,Client appreciated the portfolio review and agreed with the proposed allocation changes.
1469,409,11,Call,2024-07-16 00:00:00,Neutral,Routine check-in completed; no major changes requested at this time.
1470,90,45,Call,2024-05-03 00:00:00,Neutral,Client reviewed the summary materials and asked for periodic monitoring to continue.
1471,358,2,Meeting,2021-10-26 00:00:00,Negative,Interaction indicated frustration regarding drawdowns; advisor to prepare mitigation options.
1472,575,39,Meeting,2022-06-29 00:00:00,Neutral,General discussion on market conditions; client prefers to maintain the current plan for now.
1473,82,26,Meeting,2024-05-14 00:00:00,Neutral,Interaction focused on regular portfolio maintenance with no urgent actions identified.
1474,286,50,Meeting,2021-07-24 00:00:00,Positive,Meeting went well; client approved the recommended diversification plan.
1475,949,32,Email,2025-12-17 00:00:00,Positive,Constructive conversation with strong engagement; client requested additional retirement scenarios.
1476,933,37,Email,2024-05-26 00:00:00,Neutral,Provided account update and answered standard questions on holdings and recent activity.
1477,363,37,Meeting,2022-07-27 00:00:00,Positive,Meeting went well; client approved the recommended diversification plan.
1478,241,42,Email,2025-11-16 00:00:00,Positive,Meeting went well; client approved the recommended diversification plan.
1479,722,36,Call,2024-07-13 00:00:00,Positive,Constructive conversation with strong engagement; client requested additional retirement scenarios.
1480,277,33,Meeting,2021-04-18 00:00:00,Positive,Client expressed satisfaction with recent performance and welcomed follow-up next quarter.
1481,834,31,Meeting,2026-01-31 00:00:00,Positive,Constructive conversation with strong engagement; client requested additional retirement scenarios.
1482,335,11,Email,2021-05-14 00:00:00,Positive,Client appreciated the portfolio review and agreed with the proposed allocation changes.
1483,2,39,Email,2024-12-22 00:00:00,Positive,Positive discussion on long-term goals; client is comfortable with the current strategy.
1484,899,43,Email,2022-01-05 00:00:00,Negative,Client raised concerns about recent volatility and requested a detailed risk review.
1485,508,17,Call,2024-09-29 00:00:00,Negative,Interaction indicated frustration regarding drawdowns; advisor to prepare mitigation options.
1486,477,25,Email,2022-12-16 00:00:00,Positive,Meeting went well; client approved the recommended diversification plan.
1487,804,20,Meeting,2021-12-07 00:00:00,Positive,Constructive conversation with strong engagement; client requested additional retirement scenarios.
1488,187,6,Meeting,2022-07-06 00:00:00,Neutral,Interaction focused on regular portfolio maintenance with no urgent actions identified.
1489,149,7,Email,2022-05-25 00:00:00,Positive,Client expressed satisfaction with recent performance and welcomed follow-up next quarter.
1490,141,18,Call,2022-11-28 00:00:00,Negative,Discussion reflected dissatisfaction with short-term performance; follow-up has been scheduled.
1491,220,3,Meeting,2022-07-24 00:00:00,Neutral,Provided account update and answered standard questions on holdings and recent activity.
1492,540,22,Meeting,2022-09-12 00:00:00,Positive,Constructive conversation with strong engagement; client requested additional retirement scenarios.
1493,167,13,Meeting,2021-01-30 00:00:00,Negative,Client requested clarification on fees and portfolio positioning after recent market movements.
1494,737,43,Meeting,2021-08-22 00:00:00,Negative,Client requested clarification on fees and portfolio positioning after recent market movements.
1495,548,21,Email,2022-01-22 00:00:00,Positive,Client expressed satisfaction with recent performance and welcomed follow-up next quarter.
1496,40,9,Call,2026-02-22 00:00:00,Neutral,Client reviewed the summary materials and asked for periodic monitoring to continue.
1497,174,37,Meeting,2024-01-18 00:00:00,Positive,Meeting went well; client approved the recommended diversification plan.
1498,371,7,Call,2021-10-21 00:00:00,Neutral,Client reviewed the summary materials and asked for periodic monitoring to continue.
1499,174,37,Call,2023-05-30 00:00:00,Negative,Client expressed concern over communication frequency and expects a more proactive update cadence.
1500,204,2,Video Conference,2022-03-20 00:00:00,Neutral,Provided account update and answered standard questions on holdings and recent activity.
1501,111,31,Call,2022-02-24 00:00:00,Positive,Client appreciated the portfolio review and agreed with the proposed allocation changes.
1502,342,18,Call,2023-04-17 00:00:00,Neutral,Routine check-in completed; no major changes requested at this time.
1503,797,23,Meeting,2021-02-01 00:00:00,Positive,Constructive conversation with strong engagement; client requested additional retirement scenarios.
1504,752,5,Meeting,2024-07-10 00:00:00,Positive,Client expressed satisfaction with recent performance and welcomed follow-up next quarter.
1505,740,24,Call,2021-12-13 00:00:00,Positive,Client expressed satisfaction with recent performance and welcomed follow-up next quarter.
1506,964,25,Call,2021-10-16 00:00:00,Positive,Meeting went well; client approved the recommended diversification plan.
1507,561,15,Meeting,2026-01-10 00:00:00,Neutral,Interaction focused on regular portfolio maintenance with no urgent actions identified.
1508,824,20,Meeting,2025-02-17 00:00:00,Positive,Constructive conversation with strong engagement; client requested additional retirement scenarios.
1509,205,15,Meeting,2025-10-22 00:00:00,Neutral,Provided account update and answered standard questions on holdings and recent activity.
1510,161,27,Video Conference,2025-08-04 00:00:00,Positive,Meeting went well; client approved the recommended diversification plan.
1511,226,25,Meeting,2026-01-26 00:00:00,Neutral,Interaction focused on regular portfolio maintenance with no urgent actions identified.
1512,985,17,Call,2023-11-17 00:00:00,Neutral,Provided account update and answered standard questions on holdings and recent activity.
1513,976,33,Email,2025-10-10 00:00:00,Positive,Client expressed satisfaction with recent performance and welcomed follow-up next quarter.
1514,494,44,Call,2022-05-16 00:00:00,Neutral,Interaction focused on regular portfolio maintenance with no urgent actions identified.
1515,34,21,Email,2025-04-06 00:00:00,Negative,Client expressed concern over communication frequency and expects a more proactive update cadence.
1516,433,35,Call,2025-08-23 00:00:00,Neutral,Interaction focused on regular portfolio maintenance with no urgent actions identified.
1517,620,18,Video Conference,2023-01-27 00:00:00,Negative,Discussion reflected dissatisfaction with short-term performance; follow-up has been scheduled.
1518,855,49,Email,2025-02-14 00:00:00,Positive,Client appreciated the portfolio review and agreed with the proposed allocation changes.
1519,243,5,Meeting,2024-11-15 00:00:00,Neutral,Routine check-in completed; no major changes requested at this time.
1520,863,41,Email,2022-04-04 00:00:00,Positive,Constructive conversation with strong engagement; client requested additional retirement scenarios.
1521,662,9,Meeting,2024-01-14 00:00:00,Neutral,Interaction focused on regular portfolio maintenance with no urgent actions identified.
1522,454,2,Email,2023-08-24 00:00:00,Positive,Client appreciated the portfolio review and agreed with the proposed allocation changes.
1523,760,50,Call,2023-07-18 00:00:00,Negative,Interaction indicated frustration regarding drawdowns; advisor to prepare mitigation options.
1524,255,25,Call,2024-08-02 00:00:00,Positive,Meeting went well; client approved the recommended diversification plan.
1525,518,17,Email,2022-12-27 00:00:00,Neutral,Client reviewed the summary materials and asked for periodic monitoring to continue.
1526,67,30,Call,2023-04-08 00:00:00,Neutral,Provided account update and answered standard questions on holdings and recent activity.
1527,634,15,Email,2023-08-27 00:00:00,Positive,Positive discussion on long-term goals; client is comfortable with the current strategy.
1528,124,42,Email,2022-11-03 00:00:00,Negative,Client expressed concern over communication frequency and expects a more proactive update cadence.
1529,967,34,Meeting,2021-08-24 00:00:00,Neutral,Client reviewed the summary materials and asked for periodic monitoring to continue.
1530,82,43,Meeting,2024-12-16 00:00:00,Neutral,Client reviewed the summary materials and asked for periodic monitoring to continue.
1531,486,44,Call,2022-04-26 00:00:00,Positive,Constructive conversation with strong engagement; client requested additional retirement scenarios.
1532,227,19,Call,2023-07-12 00:00:00,Neutral,Interaction focused on regular portfolio maintenance with no urgent actions identified.
1533,922,30,Video Conference,2021-07-19 00:00:00,Positive,Client appreciated the portfolio review and agreed with the proposed allocation changes.
1534,962,38,Call,2024-05-25 00:00:00,Positive,Client expressed satisfaction with recent performance and welcomed follow-up next quarter.
1535,358,2,Meeting,2022-11-21 00:00:00,Negative,Client expressed concern over communication frequency and expects a more proactive update cadence.
1536,266,31,Email,2024-04-12 00:00:00,Neutral,Client reviewed the summary materials and asked for periodic monitoring to continue.
1537,883,48,Meeting,2021-04-09 00:00:00,Positive,Constructive conversation with strong engagement; client requested additional retirement scenarios.
1538,150,8,Call,2024-03-13 00:00:00,Neutral,Routine check-in completed; no major changes requested at this time.
1539,718,17,Call,2023-12-27 00:00:00,Positive,Meeting went well; client approved the recommended diversification plan.
1540,36,12,Call,2026-02-07 00:00:00,Positive,Positive discussion on long-term goals; client is comfortable with the current strategy.
1541,407,50,Meeting,2026-05-20 00:00:00,Neutral,Interaction focused on regular portfolio maintenance with no urgent actions identified.
1542,143,29,Video Conference,2023-01-18 00:00:00,Positive,Constructive conversation with strong engagement; client requested additional retirement scenarios.
1543,807,34,Call,2021-04-26 00:00:00,Positive,Meeting went well; client approved the recommended diversification plan.
1544,482,22,Meeting,2025-12-16 00:00:00,Neutral,Client reviewed the summary materials and asked for periodic monitoring to continue.
1545,723,18,Call,2025-10-22 00:00:00,Neutral,Client reviewed the summary materials and asked for periodic monitoring to continue.
1546,283,47,Meeting,2025-03-30 00:00:00,Neutral,General discussion on market conditions; client prefers to maintain the current plan for now.
1547,860,49,Meeting,2025-05-07 00:00:00,Negative,Client expressed concern over communication frequency and expects a more proactive update cadence.
1548,209,31,Email,2021-06-16 00:00:00,Positive,Meeting went well; client approved the recommended diversification plan.
1549,405,24,Meeting,2025-12-06 00:00:00,Negative,Discussion reflected dissatisfaction with short-term performance; follow-up has been scheduled.
1550,716,37,Email,2021-07-06 00:00:00,Neutral,Routine check-in completed; no major changes requested at this time.
1551,769,16,Email,2022-03-15 00:00:00,Positive,Client expressed satisfaction with recent performance and welcomed follow-up next quarter.
1552,89,39,Video Conference,2025-12-24 00:00:00,Neutral,Routine check-in completed; no major changes requested at this time.
1553,267,35,Email,2023-11-20 00:00:00,Negative,Client requested clarification on fees and portfolio positioning after recent market movements.
1554,784,6,Email,2025-10-09 00:00:00,Positive,Meeting went well; client approved the recommended diversification plan.
1555,50,9,Call,2023-11-15 00:00:00,Neutral,Interaction focused on regular portfolio maintenance with no urgent actions identified.
1556,558,11,Call,2024-03-31 00:00:00,Positive,Meeting went well; client approved the recommended diversification plan.
1557,156,10,Call,2024-12-10 00:00:00,Positive,Constructive conversation with strong engagement; client requested additional retirement scenarios.
1558,422,10,Email,2023-04-12 00:00:00,Positive,Meeting went well; client approved the recommended diversification plan.
1559,43,31,Email,2024-01-01 00:00:00,Positive,Meeting went well; client approved the recommended diversification plan.
1560,486,44,Meeting,2021-01-08 00:00:00,Positive,Client expressed satisfaction with recent performance and welcomed follow-up next quarter.
1561,449,32,Call,2021-07-25 00:00:00,Neutral,Routine check-in completed; no major changes requested at this time.
1562,159,10,Email,2025-05-03 00:00:00,Positive,Client expressed satisfaction with recent performance and welcomed follow-up next quarter.
1563,183,46,Email,2023-05-21 00:00:00,Neutral,Client reviewed the summary materials and asked for periodic monitoring to continue.
1564,122,43,Email,2024-04-18 00:00:00,Positive,Constructive conversation with strong engagement; client requested additional retirement scenarios.
1565,980,5,Call,2021-07-10 00:00:00,Positive,Meeting went well; client approved the recommended diversification plan.
1566,247,20,Email,2024-08-13 00:00:00,Positive,Constructive conversation with strong engagement; client requested additional retirement scenarios.
1567,616,46,Call,2026-01-22 00:00:00,Positive,Client expressed satisfaction with recent performance and welcomed follow-up next quarter.
1568,615,17,Email,2025-12-23 00:00:00,Positive,Client appreciated the portfolio review and agreed with the proposed allocation changes.
1569,72,48,Call,2021-02-27 00:00:00,Positive,Constructive conversation with strong engagement; client requested additional retirement scenarios.
1570,411,39,Call,2023-09-25 00:00:00,Positive,Positive discussion on long-term goals; client is comfortable with the current strategy.
1571,262,32,Email,2021-06-30 00:00:00,Neutral,Provided account update and answered standard questions on holdings and recent activity.
1572,470,39,Meeting,2026-03-11 00:00:00,Negative,Client requested clarification on fees and portfolio positioning after recent market movements.
1573,966,23,Call,2022-01-16 00:00:00,Positive,Meeting went well; client approved the recommended diversification plan.
1574,53,10,Call,2025-09-18 00:00:00,Positive,Positive discussion on long-term goals; client is comfortable with the current strategy.
1575,813,16,Meeting,2026-05-02 00:00:00,Positive,Meeting went well; client approved the recommended diversification plan.
1576,556,27,Meeting,2026-03-16 00:00:00,Neutral,General discussion on market conditions; client prefers to maintain the current plan for now.
1577,282,26,Email,2023-05-22 00:00:00,Neutral,Client reviewed the summary materials and asked for periodic monitoring to continue.
1578,58,40,Call,2022-09-04 00:00:00,Positive,Constructive conversation with strong engagement; client requested additional retirement scenarios.
1579,441,46,Video Conference,2021-05-14 00:00:00,Negative,Interaction indicated frustration regarding drawdowns; advisor to prepare mitigation options.
1580,391,18,Call,2021-12-24 00:00:00,Negative,Client expressed concern over communication frequency and expects a more proactive update cadence.
1581,427,38,Meeting,2022-08-04 00:00:00,Neutral,General discussion on market conditions; client prefers to maintain the current plan for now.
1582,637,27,Meeting,2026-01-07 00:00:00,Positive,Meeting went well; client approved the recommended diversification plan.
1583,130,33,Email,2025-08-31 00:00:00,Negative,Interaction indicated frustration regarding drawdowns; advisor to prepare mitigation options.
1584,822,50,Call,2025-03-11 00:00:00,Positive,Client appreciated the portfolio review and agreed with the proposed allocation changes.
1585,932,42,Video Conference,2024-12-19 00:00:00,Positive,Meeting went well; client approved the recommended diversification plan.
1586,70,5,Meeting,2022-05-01 00:00:00,Neutral,General discussion on market conditions; client prefers to maintain the current plan for now.
1587,640,9,Meeting,2024-06-18 00:00:00,Positive,Meeting went well; client approved the recommended diversification plan.
1588,174,37,Call,2022-04-04 00:00:00,Positive,Client appreciated the portfolio review and agreed with the proposed allocation changes.
1589,950,6,Call,2025-02-21 00:00:00,Positive,Positive discussion on long-term goals; client is comfortable with the current strategy.
1590,333,3,Meeting,2021-05-30 00:00:00,Positive,Meeting went well; client approved the recommended diversification plan.
1591,388,50,Call,2024-11-01 00:00:00,Positive,Client expressed satisfaction with recent performance and welcomed follow-up next quarter.
1592,914,32,Email,2024-03-28 00:00:00,Positive,Meeting went well; client approved the recommended diversification plan.
1593,735,37,Video Conference,2022-05-10 00:00:00,Positive,Client expressed satisfaction with recent performance and welcomed follow-up next quarter.
1594,943,15,Call,2024-05-29 00:00:00,Neutral,Interaction focused on regular portfolio maintenance with no urgent actions identified.
1595,232,4,Email,2024-11-25 00:00:00,Neutral,Interaction focused on regular portfolio maintenance with no urgent actions identified.
1596,634,15,Call,2026-02-15 00:00:00,Positive,Meeting went well; client approved the recommended diversification plan.
1597,822,37,Meeting,2023-01-11 00:00:00,Positive,Meeting went well; client approved the recommended diversification plan.
1598,681,11,Email,2025-10-12 00:00:00,Neutral,Provided account update and answered standard questions on holdings and recent activity.
1599,282,22,Video Conference,2025-02-15 00:00:00,Positive,Meeting went well; client approved the recommended diversification plan.
1600,156,10,Email,2021-06-18 00:00:00,Positive,Positive discussion on long-term goals; client is comfortable with the current strategy.
1601,883,15,Video Conference,2021-09-30 00:00:00,Neutral,Routine check-in completed; no major changes requested at this time.
1602,162,42,Call,2023-01-02 00:00:00,Positive,Meeting went well; client approved the recommended diversification plan.
1603,838,27,Meeting,2024-03-29 00:00:00,Negative,Client raised concerns about recent volatility and requested a detailed risk review.
1604,230,24,Call,2025-02-08 00:00:00,Positive,Client expressed satisfaction with recent performance and welcomed follow-up next quarter.
1605,788,44,Email,2025-04-18 00:00:00,Neutral,Interaction focused on regular portfolio maintenance with no urgent actions identified.
1606,311,30,Call,2026-02-08 00:00:00,Positive,Meeting went well; client approved the recommended diversification plan.
1607,853,41,Email,2021-07-18 00:00:00,Positive,Meeting went well; client approved the recommended diversification plan.
1608,619,46,Email,2021-05-23 00:00:00,Positive,Client expressed satisfaction with recent performance and welcomed follow-up next quarter.
1609,577,18,Meeting,2026-01-13 00:00:00,Positive,Client expressed satisfaction with recent performance and welcomed follow-up next quarter.
1610,885,24,Email,2023-11-21 00:00:00,Neutral,Provided account update and answered standard questions on holdings and recent activity.
1611,143,28,Call,2023-08-02 00:00:00,Negative,Client raised concerns about recent volatility and requested a detailed risk review.
1612,490,40,Call,2024-02-13 00:00:00,Positive,Meeting went well; client approved the recommended diversification plan.
1613,644,18,Email,2023-03-05 00:00:00,Neutral,Provided account update and answered standard questions on holdings and recent activity.
1614,573,23,Call,2022-08-21 00:00:00,Positive,Positive discussion on long-term goals; client is comfortable with the current strategy.
1615,515,33,Meeting,2021-11-07 00:00:00,Positive,Constructive conversation with strong engagement; client requested additional retirement scenarios.
1616,560,21,Email,2024-11-08 00:00:00,Positive,Meeting went well; client approved the recommended diversification plan.
1617,909,6,Call,2021-02-24 00:00:00,Positive,Positive discussion on long-term goals; client is comfortable with the current strategy.
1618,295,42,Email,2023-01-03 00:00:00,Positive,Meeting went well; client approved the recommended diversification plan.
1619,966,23,Video Conference,2023-08-26 00:00:00,Positive,Client expressed satisfaction with recent performance and welcomed follow-up next quarter.
1620,296,48,Video Conference,2023-06-17 00:00:00,Neutral,General discussion on market conditions; client prefers to maintain the current plan for now.
1621,998,44,Email,2022-07-14 00:00:00,Neutral,Interaction focused on regular portfolio maintenance with no urgent actions identified.
1622,601,23,Call,2026-04-16 00:00:00,Neutral,Interaction focused on regular portfolio maintenance with no urgent actions identified.
1623,490,40,Video Conference,2021-05-18 00:00:00,Positive,Client appreciated the portfolio review and agreed with the proposed allocation changes.
1624,797,23,Call,2026-02-20 00:00:00,Neutral,Client reviewed the summary materials and asked for periodic monitoring to continue.
1625,43,20,Email,2022-08-09 00:00:00,Positive,Positive discussion on long-term goals; client is comfortable with the current strategy.
1626,978,49,Email,2022-07-15 00:00:00,Neutral,General discussion on market conditions; client prefers to maintain the current plan for now.
1627,747,22,Call,2023-11-04 00:00:00,Positive,Client appreciated the portfolio review and agreed with the proposed allocation changes.
1628,882,32,Call,2024-09-22 00:00:00,Positive,Client expressed satisfaction with recent performance and welcomed follow-up next quarter.
1629,856,50,Email,2021-05-07 00:00:00,Neutral,Provided account update and answered standard questions on holdings and recent activity.
1630,577,43,Video Conference,2022-04-25 00:00:00,Neutral,Provided account update and answered standard questions on holdings and recent activity.
1631,586,21,Video Conference,2022-04-22 00:00:00,Negative,Client raised concerns about recent volatility and requested a detailed risk review.
1632,583,8,Meeting,2022-11-29 00:00:00,Positive,Positive discussion on long-term goals; client is comfortable with the current strategy.
1633,666,26,Email,2023-07-03 00:00:00,Positive,Constructive conversation with strong engagement; client requested additional retirement scenarios.
1634,301,42,Email,2023-12-10 00:00:00,Negative,Client raised concerns about recent volatility and requested a detailed risk review.
1635,421,25,Email,2026-01-21 00:00:00,Positive,Client expressed satisfaction with recent performance and welcomed follow-up next quarter.
1636,62,16,Email,2025-12-25 00:00:00,Positive,Constructive conversation with strong engagement; client requested additional retirement scenarios.
1637,277,26,Video Conference,2023-02-01 00:00:00,Neutral,Client reviewed the summary materials and asked for periodic monitoring to continue.
1638,58,32,Video Conference,2025-01-17 00:00:00,Negative,Client requested clarification on fees and portfolio positioning after recent market movements.
1639,322,46,Video Conference,2025-11-03 00:00:00,Positive,Positive discussion on long-term goals; client is comfortable with the current strategy.
1640,700,15,Video Conference,2023-06-21 00:00:00,Positive,Positive discussion on long-term goals; client is comfortable with the current strategy.
1641,931,23,Meeting,2021-02-18 00:00:00,Positive,Client appreciated the portfolio review and agreed with the proposed allocation changes.
1642,483,22,Video Conference,2024-09-25 00:00:00,Negative,Client requested clarification on fees and portfolio positioning after recent market movements.
1643,940,49,Video Conference,2024-01-13 00:00:00,Negative,Client expressed concern over communication frequency and expects a more proactive update cadence.
1644,730,23,Meeting,2021-08-31 00:00:00,Negative,Interaction indicated frustration regarding drawdowns; advisor to prepare mitigation options.
1645,817,8,Call,2023-01-03 00:00:00,Neutral,Routine check-in completed; no major changes requested at this time.
1646,173,32,Meeting,2024-01-16 00:00:00,Positive,Constructive conversation with strong engagement; client requested additional retirement scenarios.
1647,341,25,Call,2023-08-12 00:00:00,Neutral,Routine check-in completed; no major changes requested at this time.
1648,677,33,Call,2025-10-14 00:00:00,Neutral,Interaction focused on regular portfolio maintenance with no urgent actions identified.
1649,303,33,Email,2023-06-28 00:00:00,Neutral,Routine check-in completed; no major changes requested at this time.
1650,889,31,Meeting,2023-03-12 00:00:00,Positive,Client appreciated the portfolio review and agreed with the proposed allocation changes.
1651,40,33,Video Conference,2021-03-14 00:00:00,Positive,Positive discussion on long-term goals; client is comfortable with the current strategy.
1652,793,2,Call,2025-05-06 00:00:00,Positive,Client appreciated the portfolio review and agreed with the proposed allocation changes.
1653,592,46,Meeting,2024-09-09 00:00:00,Positive,Positive discussion on long-term goals; client is comfortable with the current strategy.
1654,769,25,Meeting,2021-07-12 00:00:00,Neutral,General discussion on market conditions; client prefers to maintain the current plan for now.
1655,694,8,Email,2026-01-01 00:00:00,Positive,Client expressed satisfaction with recent performance and welcomed follow-up next quarter.
1656,813,16,Call,2025-11-20 00:00:00,Negative,Interaction indicated frustration regarding drawdowns; advisor to prepare mitigation options.
1657,733,2,Meeting,2024-10-16 00:00:00,Positive,Client appreciated the portfolio review and agreed with the proposed allocation changes.
1658,392,28,Email,2025-12-26 00:00:00,Neutral,Provided account update and answered standard questions on holdings and recent activity.
1659,663,5,Email,2024-08-05 00:00:00,Negative,Client requested clarification on fees and portfolio positioning after recent market movements.
1660,441,46,Call,2022-10-15 00:00:00,Positive,Client expressed satisfaction with recent performance and welcomed follow-up next quarter.
1661,156,10,Video Conference,2021-12-12 00:00:00,Neutral,Client reviewed the summary materials and asked for periodic monitoring to continue.
1662,34,21,Email,2022-08-27 00:00:00,Neutral,Routine check-in completed; no major changes requested at this time.
1663,414,8,Call,2021-06-13 00:00:00,Positive,Client expressed satisfaction with recent performance and welcomed follow-up next quarter.
1664,284,38,Video Conference,2024-02-18 00:00:00,Positive,Positive discussion on long-term goals; client is comfortable with the current strategy.
1665,132,38,Video Conference,2024-01-22 00:00:00,Neutral,Client reviewed the summary materials and asked for periodic monitoring to continue.
1666,200,1,Email,2024-12-28 00:00:00,Neutral,Interaction focused on regular portfolio maintenance with no urgent actions identified.
1667,357,3,Meeting,2022-06-06 00:00:00,Neutral,Provided account update and answered standard questions on holdings and recent activity.
1668,692,24,Meeting,2021-04-04 00:00:00,Neutral,Provided account update and answered standard questions on holdings and recent activity.
1669,396,7,Call,2023-01-23 00:00:00,Neutral,Client reviewed the summary materials and asked for periodic monitoring to continue.
1670,118,39,Email,2022-10-16 00:00:00,Neutral,Provided account update and answered standard questions on holdings and recent activity.
1671,374,40,Email,2024-11-16 00:00:00,Neutral,Provided account update and answered standard questions on holdings and recent activity.
1672,236,44,Email,2022-11-19 00:00:00,Neutral,Provided account update and answered standard questions on holdings and recent activity.
1673,683,3,Email,2025-01-21 00:00:00,Positive,Client expressed satisfaction with recent performance and welcomed follow-up next quarter.
1674,314,11,Video Conference,2021-01-12 00:00:00,Positive,Client appreciated the portfolio review and agreed with the proposed allocation changes.
1675,550,31,Call,2025-11-11 00:00:00,Positive,Client expressed satisfaction with recent performance and welcomed follow-up next quarter.
1676,35,1,Meeting,2023-01-14 00:00:00,Negative,Client expressed concern over communication frequency and expects a more proactive update cadence.
1677,583,12,Call,2021-12-27 00:00:00,Neutral,General discussion on market conditions; client prefers to maintain the current plan for now.
1678,29,32,Meeting,2022-06-03 00:00:00,Negative,Discussion reflected dissatisfaction with short-term performance; follow-up has been scheduled.
1679,509,21,Meeting,2022-11-06 00:00:00,Neutral,Interaction focused on regular portfolio maintenance with no urgent actions identified.
1680,332,44,Call,2025-03-08 00:00:00,Positive,Client expressed satisfaction with recent performance and welcomed follow-up next quarter.
1681,261,9,Call,2025-12-19 00:00:00,Neutral,Provided account update and answered standard questions on holdings and recent activity.
1682,160,11,Email,2021-05-27 00:00:00,Neutral,Interaction focused on regular portfolio maintenance with no urgent actions identified.
1683,838,45,Video Conference,2022-08-01 00:00:00,Positive,Positive discussion on long-term goals; client is comfortable with the current strategy.
1684,634,15,Email,2022-04-25 00:00:00,Neutral,General discussion on market conditions; client prefers to maintain the current plan for now.
1685,724,13,Email,2022-01-15 00:00:00,Positive,Meeting went well; client approved the recommended diversification plan.
1686,591,37,Email,2021-07-21 00:00:00,Neutral,Interaction focused on regular portfolio maintenance with no urgent actions identified.
1687,858,10,Call,2021-09-10 00:00:00,Negative,Client raised concerns about recent volatility and requested a detailed risk review.
1688,468,12,Call,2023-02-01 00:00:00,Positive,Constructive conversation with strong engagement; client requested additional retirement scenarios.
1689,232,4,Email,2026-01-23 00:00:00,Neutral,General discussion on market conditions; client prefers to maintain the current plan for now.
1690,757,40,Email,2025-03-26 00:00:00,Positive,Positive discussion on long-term goals; client is comfortable with the current strategy.
1691,627,21,Call,2025-01-23 00:00:00,Neutral,Client reviewed the summary materials and asked for periodic monitoring to continue.
1692,409,12,Video Conference,2025-11-09 00:00:00,Positive,Client appreciated the portfolio review and agreed with the proposed allocation changes.
1693,875,49,Email,2021-09-19 00:00:00,Positive,Meeting went well; client approved the recommended diversification plan.
1694,367,5,Call,2025-09-17 00:00:00,Positive,Client expressed satisfaction with recent performance and welcomed follow-up next quarter.
1695,457,2,Email,2022-12-26 00:00:00,Neutral,Client reviewed the summary materials and asked for periodic monitoring to continue.
1696,80,30,Call,2026-01-25 00:00:00,Positive,Meeting went well; client approved the recommended diversification plan.
1697,932,42,Call,2021-06-18 00:00:00,Neutral,Routine check-in completed; no major changes requested at this time.
1698,388,50,Meeting,2023-10-19 00:00:00,Positive,Constructive conversation with strong engagement; client requested additional retirement scenarios.
1699,479,23,Email,2025-08-02 00:00:00,Positive,Positive discussion on long-term goals; client is comfortable with the current strategy.
1700,993,17,Call,2025-03-13 00:00:00,Positive,Client appreciated the portfolio review and agreed with the proposed allocation changes.
1701,440,15,Video Conference,2026-04-13 00:00:00,Neutral,Interaction focused on regular portfolio maintenance with no urgent actions identified.
1702,674,25,Meeting,2023-07-17 00:00:00,Positive,Meeting went well; client approved the recommended diversification plan.
1703,861,8,Email,2023-01-17 00:00:00,Positive,Meeting went well; client approved the recommended diversification plan.
1704,305,39,Email,2021-11-17 00:00:00,Neutral,Routine check-in completed; no major changes requested at this time.
1705,789,27,Email,2024-09-07 00:00:00,Positive,Positive discussion on long-term goals; client is comfortable with the current strategy.
1706,590,6,Meeting,2026-05-06 00:00:00,Positive,Meeting went well; client approved the recommended diversification plan.
1707,699,41,Email,2023-11-25 00:00:00,Positive,Client expressed satisfaction with recent performance and welcomed follow-up next quarter.
1708,935,24,Meeting,2024-03-26 00:00:00,Neutral,General discussion on market conditions; client prefers to maintain the current plan for now.
1709,886,31,Meeting,2022-08-03 00:00:00,Neutral,Routine check-in completed; no major changes requested at this time.
1710,731,37,Email,2022-08-12 00:00:00,Negative,Interaction indicated frustration regarding drawdowns; advisor to prepare mitigation options.
1711,277,26,Call,2021-04-18 00:00:00,Positive,Meeting went well; client approved the recommended diversification plan.
1712,49,42,Email,2025-10-02 00:00:00,Neutral,Interaction focused on regular portfolio maintenance with no urgent actions identified.
1713,27,48,Email,2022-12-02 00:00:00,Positive,Client expressed satisfaction with recent performance and welcomed follow-up next quarter.
1714,997,46,Meeting,2021-07-10 00:00:00,Negative,Client requested clarification on fees and portfolio positioning after recent market movements.
1715,107,6,Email,2024-08-19 00:00:00,Negative,Client requested clarification on fees and portfolio positioning after recent market movements.
1716,491,50,Call,2023-12-18 00:00:00,Negative,Interaction indicated frustration regarding drawdowns; advisor to prepare mitigation options.
1717,488,28,Email,2022-08-17 00:00:00,Positive,Meeting went well; client approved the recommended diversification plan.
1718,57,8,Meeting,2025-02-03 00:00:00,Positive,Meeting went well; client approved the recommended diversification plan.
1719,686,21,Email,2023-01-14 00:00:00,Neutral,Provided account update and answered standard questions on holdings and recent activity.
1720,461,16,Call,2023-03-10 00:00:00,Neutral,General discussion on market conditions; client prefers to maintain the current plan for now.
1721,358,2,Email,2022-01-12 00:00:00,Positive,Client appreciated the portfolio review and agreed with the proposed allocation changes.
1722,953,23,Call,2023-04-13 00:00:00,Neutral,Interaction focused on regular portfolio maintenance with no urgent actions identified.
1723,370,48,Email,2024-09-28 00:00:00,Positive,Positive discussion on long-term goals; client is comfortable with the current strategy.
1724,129,36,Meeting,2026-04-25 00:00:00,Neutral,Provided account update and answered standard questions on holdings and recent activity.
1725,967,34,Call,2024-12-26 00:00:00,Positive,Meeting went well; client approved the recommended diversification plan.
1726,679,37,Call,2024-01-12 00:00:00,Neutral,Routine check-in completed; no major changes requested at this time.
1727,145,32,Meeting,2022-01-04 00:00:00,Positive,Meeting went well; client approved the recommended diversification plan.
1728,289,15,Email,2025-10-08 00:00:00,Negative,Client raised concerns about recent volatility and requested a detailed risk review.
1729,504,18,Call,2021-03-25 00:00:00,Positive,Positive discussion on long-term goals; client is comfortable with the current strategy.
1730,919,16,Email,2021-12-22 00:00:00,Positive,Meeting went well; client approved the recommended diversification plan.
1731,612,15,Call,2021-09-10 00:00:00,Positive,Constructive conversation with strong engagement; client requested additional retirement scenarios.
1732,742,35,Call,2023-08-21 00:00:00,Neutral,Client reviewed the summary materials and asked for periodic monitoring to continue.
1733,479,23,Email,2021-11-29 00:00:00,Positive,Client expressed satisfaction with recent performance and welcomed follow-up next quarter.
1734,793,4,Meeting,2023-06-03 00:00:00,Positive,Constructive conversation with strong engagement; client requested additional retirement scenarios.
1735,289,9,Call,2025-11-06 00:00:00,Positive,Positive discussion on long-term goals; client is comfortable with the current strategy.
1736,481,49,Meeting,2021-08-10 00:00:00,Negative,Discussion reflected dissatisfaction with short-term performance; follow-up has been scheduled.
1737,786,39,Video Conference,2025-09-18 00:00:00,Neutral,Interaction focused on regular portfolio maintenance with no urgent actions identified.
1738,845,6,Meeting,2025-10-26 00:00:00,Negative,Client raised concerns about recent volatility and requested a detailed risk review.
1739,304,47,Call,2024-12-28 00:00:00,Positive,Client expressed satisfaction with recent performance and welcomed follow-up next quarter.
1740,713,6,Email,2026-02-11 00:00:00,Negative,Client requested clarification on fees and portfolio positioning after recent market movements.
1741,339,13,Meeting,2023-10-19 00:00:00,Neutral,Client reviewed the summary materials and asked for periodic monitoring to continue.
1742,972,20,Call,2022-07-16 00:00:00,Negative,Client requested clarification on fees and portfolio positioning after recent market movements.
1743,253,14,Meeting,2022-06-30 00:00:00,Neutral,Routine check-in completed; no major changes requested at this time.
1744,346,29,Video Conference,2024-09-25 00:00:00,Neutral,Client reviewed the summary materials and asked for periodic monitoring to continue.
1745,594,18,Call,2024-03-29 00:00:00,Negative,Discussion reflected dissatisfaction with short-term performance; follow-up has been scheduled.
1746,571,35,Video Conference,2022-04-24 00:00:00,Positive,Client expressed satisfaction with recent performance and welcomed follow-up next quarter.
1747,365,4,Call,2024-12-11 00:00:00,Negative,Discussion reflected dissatisfaction with short-term performance; follow-up has been scheduled.
1748,514,31,Meeting,2021-02-16 00:00:00,Positive,Client appreciated the portfolio review and agreed with the proposed allocation changes.
1749,623,6,Email,2023-11-27 00:00:00,Negative,Discussion reflected dissatisfaction with short-term performance; follow-up has been scheduled.
1750,771,9,Email,2021-11-13 00:00:00,Neutral,Interaction focused on regular portfolio maintenance with no urgent actions identified.
1751,302,23,Email,2025-08-24 00:00:00,Neutral,General discussion on market conditions; client prefers to maintain the current plan for now.
1752,112,14,Call,2023-06-06 00:00:00,Positive,Constructive conversation with strong engagement; client requested additional retirement scenarios.
1753,581,23,Call,2026-05-05 00:00:00,Positive,Client appreciated the portfolio review and agreed with the proposed allocation changes.
1754,369,46,Meeting,2022-04-27 00:00:00,Positive,Client appreciated the portfolio review and agreed with the proposed allocation changes.
1755,122,48,Video Conference,2022-05-25 00:00:00,Positive,Client expressed satisfaction with recent performance and welcomed follow-up next quarter.
1756,875,46,Meeting,2025-05-08 00:00:00,Positive,Meeting went well; client approved the recommended diversification plan.
1757,156,30,Call,2021-05-21 00:00:00,Positive,Meeting went well; client approved the recommended diversification plan.
1758,593,7,Call,2022-05-23 00:00:00,Neutral,Provided account update and answered standard questions on holdings and recent activity.
1759,82,43,Video Conference,2024-07-22 00:00:00,Neutral,Routine check-in completed; no major changes requested at this time.
1760,198,26,Email,2023-10-18 00:00:00,Negative,Client requested clarification on fees and portfolio positioning after recent market movements.
1761,675,48,Email,2023-02-08 00:00:00,Negative,Client expressed concern over communication frequency and expects a more proactive update cadence.
1762,318,3,Video Conference,2024-05-28 00:00:00,Positive,Client expressed satisfaction with recent performance and welcomed follow-up next quarter.
1763,172,47,Email,2026-05-16 00:00:00,Neutral,General discussion on market conditions; client prefers to maintain the current plan for now.
1764,635,8,Meeting,2022-11-02 00:00:00,Neutral,Routine check-in completed; no major changes requested at this time.
1765,178,32,Call,2026-03-08 00:00:00,Neutral,General discussion on market conditions; client prefers to maintain the current plan for now.
1766,134,11,Meeting,2024-12-27 00:00:00,Neutral,Routine check-in completed; no major changes requested at this time.
1767,649,39,Call,2026-05-05 00:00:00,Positive,Positive discussion on long-term goals; client is comfortable with the current strategy.
1768,957,35,Meeting,2022-04-07 00:00:00,Negative,Client expressed concern over communication frequency and expects a more proactive update cadence.
1769,394,42,Call,2024-09-30 00:00:00,Negative,Client raised concerns about recent volatility and requested a detailed risk review.
1770,148,31,Call,2024-09-23 00:00:00,Positive,Meeting went well; client approved the recommended diversification plan.
1771,64,23,Meeting,2024-12-01 00:00:00,Neutral,Client reviewed the summary materials and asked for periodic monitoring to continue.
1772,243,20,Meeting,2023-05-31 00:00:00,Positive,Client expressed satisfaction with recent performance and welcomed follow-up next quarter.
1773,756,40,Email,2022-04-01 00:00:00,Positive,Constructive conversation with strong engagement; client requested additional retirement scenarios.
1774,142,34,Email,2024-01-07 00:00:00,Positive,Client appreciated the portfolio review and agreed with the proposed allocation changes.
1775,963,32,Meeting,2026-04-19 00:00:00,Positive,Constructive conversation with strong engagement; client requested additional retirement scenarios.
1776,882,32,Email,2022-06-11 00:00:00,Neutral,General discussion on market conditions; client prefers to maintain the current plan for now.
1777,702,12,Call,2025-01-11 00:00:00,Positive,Client appreciated the portfolio review and agreed with the proposed allocation changes.
1778,719,50,Meeting,2021-02-16 00:00:00,Positive,Client appreciated the portfolio review and agreed with the proposed allocation changes.
1779,675,48,Email,2025-04-25 00:00:00,Negative,Discussion reflected dissatisfaction with short-term performance; follow-up has been scheduled.
1780,215,24,Meeting,2026-01-07 00:00:00,Neutral,Routine check-in completed; no major changes requested at this time.
1781,565,15,Email,2023-11-06 00:00:00,Neutral,Routine check-in completed; no major changes requested at this time.
1782,899,43,Video Conference,2021-03-10 00:00:00,Neutral,Client reviewed the summary materials and asked for periodic monitoring to continue.
1783,454,2,Email,2026-03-22 00:00:00,Positive,Client appreciated the portfolio review and agreed with the proposed allocation changes.
1784,646,6,Call,2022-07-08 00:00:00,Positive,Constructive conversation with strong engagement; client requested additional retirement scenarios.
1785,452,35,Call,2023-04-16 00:00:00,Positive,Positive discussion on long-term goals; client is comfortable with the current strategy.
1786,239,47,Call,2021-05-30 00:00:00,Positive,Client expressed satisfaction with recent performance and welcomed follow-up next quarter.
1787,767,43,Meeting,2021-12-07 00:00:00,Positive,Client appreciated the portfolio review and agreed with the proposed allocation changes.
1788,742,35,Email,2022-06-22 00:00:00,Positive,Meeting went well; client approved the recommended diversification plan.
1789,559,44,Call,2022-05-23 00:00:00,Positive,Client expressed satisfaction with recent performance and welcomed follow-up next quarter.
1790,536,45,Call,2024-03-15 00:00:00,Positive,Positive discussion on long-term goals; client is comfortable with the current strategy.
1791,24,39,Video Conference,2024-08-23 00:00:00,Neutral,Provided account update and answered standard questions on holdings and recent activity.
1792,168,44,Meeting,2022-06-19 00:00:00,Negative,Client raised concerns about recent volatility and requested a detailed risk review.
1793,539,1,Call,2022-05-19 00:00:00,Neutral,Provided account update and answered standard questions on holdings and recent activity.
1794,852,9,Email,2023-06-14 00:00:00,Positive,Meeting went well; client approved the recommended diversification plan.
1795,515,33,Email,2025-09-06 00:00:00,Neutral,Provided account update and answered standard questions on holdings and recent activity.
1796,328,35,Meeting,2023-10-23 00:00:00,Neutral,Routine check-in completed; no major changes requested at this time.
1797,780,31,Meeting,2025-08-26 00:00:00,Neutral,Interaction focused on regular portfolio maintenance with no urgent actions identified.
1798,919,16,Call,2025-06-04 00:00:00,Positive,Client appreciated the portfolio review and agreed with the proposed allocation changes.
1799,599,39,Call,2022-04-09 00:00:00,Positive,Client appreciated the portfolio review and agreed with the proposed allocation changes.
1800,57,8,Video Conference,2021-05-26 00:00:00,Negative,Client raised concerns about recent volatility and requested a detailed risk review.
1801,630,33,Meeting,2023-11-18 00:00:00,Positive,Meeting went well; client approved the recommended diversification plan.
1802,350,38,Call,2022-07-10 00:00:00,Neutral,General discussion on market conditions; client prefers to maintain the current plan for now.
1803,591,37,Email,2022-01-01 00:00:00,Positive,Client expressed satisfaction with recent performance and welcomed follow-up next quarter.
1804,124,19,Meeting,2025-03-12 00:00:00,Negative,Interaction indicated frustration regarding drawdowns; advisor to prepare mitigation options.
1805,365,4,Email,2022-03-04 00:00:00,Positive,Constructive conversation with strong engagement; client requested additional retirement scenarios.
1806,400,39,Email,2025-07-08 00:00:00,Positive,Client appreciated the portfolio review and agreed with the proposed allocation changes.
1807,607,19,Meeting,2022-10-24 00:00:00,Positive,Positive discussion on long-term goals; client is comfortable with the current strategy.
1808,903,34,Meeting,2022-10-24 00:00:00,Positive,Constructive conversation with strong engagement; client requested additional retirement scenarios.
1809,353,43,Email,2021-10-03 00:00:00,Positive,Client expressed satisfaction with recent performance and welcomed follow-up next quarter.
1810,273,48,Meeting,2024-12-22 00:00:00,Neutral,Routine check-in completed; no major changes requested at this time.
1811,988,43,Email,2024-08-26 00:00:00,Positive,Client appreciated the portfolio review and agreed with the proposed allocation changes.
1812,285,47,Email,2025-10-20 00:00:00,Negative,Client raised concerns about recent volatility and requested a detailed risk review.
1813,221,48,Call,2022-11-23 00:00:00,Positive,Constructive conversation with strong engagement; client requested additional retirement scenarios.
1814,722,36,Meeting,2024-07-06 00:00:00,Positive,Client expressed satisfaction with recent performance and welcomed follow-up next quarter.
1815,370,48,Call,2022-01-15 00:00:00,Positive,Constructive conversation with strong engagement; client requested additional retirement scenarios.
1816,849,49,Email,2024-12-22 00:00:00,Positive,Constructive conversation with strong engagement; client requested additional retirement scenarios.
1817,983,10,Email,2024-01-05 00:00:00,Positive,Positive discussion on long-term goals; client is comfortable with the current strategy.
1818,896,1,Video Conference,2021-05-07 00:00:00,Negative,Interaction indicated frustration regarding drawdowns; advisor to prepare mitigation options.
1819,679,38,Email,2021-02-09 00:00:00,Neutral,Routine check-in completed; no major changes requested at this time.
1820,348,3,Email,2021-10-25 00:00:00,Positive,Client appreciated the portfolio review and agreed with the proposed allocation changes.
1821,97,35,Email,2021-10-04 00:00:00,Neutral,General discussion on market conditions; client prefers to maintain the current plan for now.
1822,153,14,Email,2024-07-23 00:00:00,Negative,Client expressed concern over communication frequency and expects a more proactive update cadence.
1823,124,19,Meeting,2023-03-02 00:00:00,Neutral,Interaction focused on regular portfolio maintenance with no urgent actions identified.
1824,163,46,Meeting,2021-04-02 00:00:00,Neutral,General discussion on market conditions; client prefers to maintain the current plan for now.
1825,270,10,Call,2021-11-17 00:00:00,Neutral,Interaction focused on regular portfolio maintenance with no urgent actions identified.
1826,999,21,Call,2025-12-11 00:00:00,Neutral,Routine check-in completed; no major changes requested at this time.
1827,392,28,Call,2026-04-27 00:00:00,Positive,Meeting went well; client approved the recommended diversification plan.
1828,846,39,Email,2022-04-10 00:00:00,Positive,Client appreciated the portfolio review and agreed with the proposed allocation changes.
1829,627,21,Video Conference,2022-02-18 00:00:00,Negative,Client raised concerns about recent volatility and requested a detailed risk review.
1830,303,33,Email,2023-06-22 00:00:00,Positive,Client appreciated the portfolio review and agreed with the proposed allocation changes.
1831,558,49,Meeting,2022-04-15 00:00:00,Positive,Client expressed satisfaction with recent performance and welcomed follow-up next quarter.
1832,498,49,Video Conference,2022-04-07 00:00:00,Neutral,Routine check-in completed; no major changes requested at this time.
1833,598,20,Video Conference,2025-01-13 00:00:00,Negative,Discussion reflected dissatisfaction with short-term performance; follow-up has been scheduled.
1834,304,47,Email,2026-03-07 00:00:00,Neutral,Client reviewed the summary materials and asked for periodic monitoring to continue.
1835,801,24,Email,2025-09-06 00:00:00,Positive,Positive discussion on long-term goals; client is comfortable with the current strategy.
1836,178,38,Meeting,2026-03-02 00:00:00,Neutral,Provided account update and answered standard questions on holdings and recent activity.
1837,402,14,Meeting,2025-09-19 00:00:00,Positive,Client expressed satisfaction with recent performance and welcomed follow-up next quarter.
1838,121,25,Email,2024-08-19 00:00:00,Negative,Interaction indicated frustration regarding drawdowns; advisor to prepare mitigation options.
1839,214,9,Email,2021-12-22 00:00:00,Positive,Client appreciated the portfolio review and agreed with the proposed allocation changes.
1840,555,19,Call,2024-02-02 00:00:00,Neutral,Interaction focused on regular portfolio maintenance with no urgent actions identified.
1841,264,34,Call,2021-08-14 00:00:00,Negative,Client raised concerns about recent volatility and requested a detailed risk review.
1842,510,19,Email,2024-10-27 00:00:00,Neutral,Routine check-in completed; no major changes requested at this time.
1843,75,49,Email,2025-02-14 00:00:00,Neutral,Interaction focused on regular portfolio maintenance with no urgent actions identified.
1844,624,5,Call,2021-05-02 00:00:00,Neutral,Routine check-in completed; no major changes requested at this time.
1845,39,40,Email,2024-09-10 00:00:00,Neutral,Provided account update and answered standard questions on holdings and recent activity.
1846,119,29,Email,2022-05-05 00:00:00,Neutral,Interaction focused on regular portfolio maintenance with no urgent actions identified.
1847,160,23,Video Conference,2021-07-04 00:00:00,Positive,Constructive conversation with strong engagement; client requested additional retirement scenarios.
1848,121,37,Video Conference,2024-09-05 00:00:00,Neutral,Routine check-in completed; no major changes requested at this time.
1849,680,15,Video Conference,2026-03-02 00:00:00,Positive,Client appreciated the portfolio review and agreed with the proposed allocation changes.
1850,715,32,Email,2026-04-08 00:00:00,Positive,Client expressed satisfaction with recent performance and welcomed follow-up next quarter.
1851,195,41,Email,2025-01-04 00:00:00,Positive,Constructive conversation with strong engagement; client requested additional retirement scenarios.
1852,603,14,Video Conference,2021-07-22 00:00:00,Positive,Positive discussion on long-term goals; client is comfortable with the current strategy.
1853,390,50,Call,2025-08-06 00:00:00,Negative,Client expressed concern over communication frequency and expects a more proactive update cadence.
1854,76,7,Call,2024-05-10 00:00:00,Neutral,Client reviewed the summary materials and asked for periodic monitoring to continue.
1855,105,24,Email,2021-04-19 00:00:00,Neutral,Provided account update and answered standard questions on holdings and recent activity.
1856,173,32,Email,2022-10-09 00:00:00,Positive,Client expressed satisfaction with recent performance and welcomed follow-up next quarter.
1857,588,2,Meeting,2024-10-28 00:00:00,Positive,Client appreciated the portfolio review and agreed with the proposed allocation changes.
1858,220,3,Email,2021-05-27 00:00:00,Negative,Client expressed concern over communication frequency and expects a more proactive update cadence.
1859,162,26,Meeting,2021-11-06 00:00:00,Neutral,Client reviewed the summary materials and asked for periodic monitoring to continue.
1860,692,30,Call,2023-02-09 00:00:00,Positive,Constructive conversation with strong engagement; client requested additional retirement scenarios.
1861,586,21,Email,2023-01-18 00:00:00,Positive,Client appreciated the portfolio review and agreed with the proposed allocation changes.
1862,957,35,Email,2023-08-02 00:00:00,Positive,Positive discussion on long-term goals; client is comfortable with the current strategy.
1863,308,25,Call,2025-08-22 00:00:00,Positive,Positive discussion on long-term goals; client is comfortable with the current strategy.
1864,258,39,Meeting,2021-06-15 00:00:00,Neutral,Routine check-in completed; no major changes requested at this time.
1865,322,46,Email,2024-07-13 00:00:00,Neutral,Routine check-in completed; no major changes requested at this time.
1866,177,46,Call,2024-12-21 00:00:00,Negative,Client raised concerns about recent volatility and requested a detailed risk review.
1867,985,49,Video Conference,2021-10-08 00:00:00,Positive,Constructive conversation with strong engagement; client requested additional retirement scenarios.
1868,429,36,Video Conference,2021-10-13 00:00:00,Positive,Meeting went well; client approved the recommended diversification plan.
1869,965,49,Video Conference,2023-06-29 00:00:00,Neutral,General discussion on market conditions; client prefers to maintain the current plan for now.
1870,299,41,Call,2023-12-23 00:00:00,Positive,Meeting went well; client approved the recommended diversification plan.
1871,195,23,Meeting,2024-05-27 00:00:00,Neutral,Interaction focused on regular portfolio maintenance with no urgent actions identified.
1872,204,2,Meeting,2021-12-20 00:00:00,Neutral,General discussion on market conditions; client prefers to maintain the current plan for now.
1873,754,35,Call,2022-09-07 00:00:00,Neutral,General discussion on market conditions; client prefers to maintain the current plan for now.
1874,262,24,Video Conference,2026-03-28 00:00:00,Neutral,Routine check-in completed; no major changes requested at this time.
1875,870,44,Call,2021-11-12 00:00:00,Positive,Meeting went well; client approved the recommended diversification plan.
1876,248,30,Call,2024-07-01 00:00:00,Neutral,Provided account update and answered standard questions on holdings and recent activity.
1877,699,49,Video Conference,2021-12-24 00:00:00,Positive,Client appreciated the portfolio review and agreed with the proposed allocation changes.
1878,561,35,Call,2021-08-03 00:00:00,Negative,Interaction indicated frustration regarding drawdowns; advisor to prepare mitigation options.
1879,855,49,Email,2025-04-03 00:00:00,Positive,Positive discussion on long-term goals; client is comfortable with the current strategy.
1880,866,39,Email,2025-04-19 00:00:00,Neutral,Interaction focused on regular portfolio maintenance with no urgent actions identified.
1881,908,34,Meeting,2021-08-18 00:00:00,Positive,Constructive conversation with strong engagement; client requested additional retirement scenarios.
1882,367,10,Email,2022-12-01 00:00:00,Positive,Client appreciated the portfolio review and agreed with the proposed allocation changes.
1883,376,21,Meeting,2025-08-14 00:00:00,Positive,Client appreciated the portfolio review and agreed with the proposed allocation changes.
1884,479,23,Call,2021-04-01 00:00:00,Positive,Client expressed satisfaction with recent performance and welcomed follow-up next quarter.
1885,602,17,Video Conference,2023-02-21 00:00:00,Positive,Client expressed satisfaction with recent performance and welcomed follow-up next quarter.
1886,981,17,Video Conference,2024-06-27 00:00:00,Neutral,Provided account update and answered standard questions on holdings and recent activity.
1887,501,8,Call,2021-08-13 00:00:00,Positive,Client appreciated the portfolio review and agreed with the proposed allocation changes.
1888,206,16,Email,2025-11-01 00:00:00,Positive,Meeting went well; client approved the recommended diversification plan.
1889,430,44,Video Conference,2022-11-12 00:00:00,Neutral,General discussion on market conditions; client prefers to maintain the current plan for now.
1890,592,47,Email,2026-03-11 00:00:00,Positive,Constructive conversation with strong engagement; client requested additional retirement scenarios.
1891,60,19,Email,2022-03-08 00:00:00,Neutral,General discussion on market conditions; client prefers to maintain the current plan for now.
1892,896,15,Call,2021-12-14 00:00:00,Positive,Meeting went well; client approved the recommended diversification plan.
1893,376,32,Email,2022-03-08 00:00:00,Positive,Constructive conversation with strong engagement; client requested additional retirement scenarios.
1894,743,22,Meeting,2024-05-09 00:00:00,Neutral,General discussion on market conditions; client prefers to maintain the current plan for now.
1895,205,15,Video Conference,2024-08-05 00:00:00,Positive,Constructive conversation with strong engagement; client requested additional retirement scenarios.
1896,374,22,Email,2021-05-11 00:00:00,Neutral,Client reviewed the summary materials and asked for periodic monitoring to continue.
1897,298,18,Email,2022-09-29 00:00:00,Positive,Client appreciated the portfolio review and agreed with the proposed allocation changes.
1898,700,15,Call,2023-02-22 00:00:00,Positive,Client appreciated the portfolio review and agreed with the proposed allocation changes.
1899,887,41,Email,2023-05-05 00:00:00,Positive,Constructive conversation with strong engagement; client requested additional retirement scenarios.
1900,816,36,Meeting,2021-01-26 00:00:00,Neutral,Interaction focused on regular portfolio maintenance with no urgent actions identified.
1901,458,10,Call,2025-03-06 00:00:00,Neutral,Client reviewed the summary materials and asked for periodic monitoring to continue.
1902,783,8,Video Conference,2024-07-27 00:00:00,Neutral,Client reviewed the summary materials and asked for periodic monitoring to continue.
1903,556,27,Email,2021-04-28 00:00:00,Positive,Constructive conversation with strong engagement; client requested additional retirement scenarios.
1904,410,46,Meeting,2023-11-24 00:00:00,Neutral,Routine check-in completed; no major changes requested at this time.
1905,374,22,Email,2025-03-04 00:00:00,Positive,Meeting went well; client approved the recommended diversification plan.
1906,718,2,Meeting,2022-04-09 00:00:00,Neutral,Interaction focused on regular portfolio maintenance with no urgent actions identified.
1907,532,18,Call,2023-03-08 00:00:00,Positive,Meeting went well; client approved the recommended diversification plan.
1908,29,4,Video Conference,2024-11-19 00:00:00,Neutral,Client reviewed the summary materials and asked for periodic monitoring to continue.
1909,458,31,Meeting,2025-09-26 00:00:00,Negative,Client requested clarification on fees and portfolio positioning after recent market movements.
1910,674,13,Email,2024-08-28 00:00:00,Neutral,Routine check-in completed; no major changes requested at this time.
1911,233,46,Call,2023-07-07 00:00:00,Positive,Positive discussion on long-term goals; client is comfortable with the current strategy.
1912,207,15,Email,2024-04-14 00:00:00,Positive,Client expressed satisfaction with recent performance and welcomed follow-up next quarter.
1913,691,1,Meeting,2022-12-30 00:00:00,Neutral,Routine check-in completed; no major changes requested at this time.
1914,789,27,Email,2026-01-29 00:00:00,Neutral,Interaction focused on regular portfolio maintenance with no urgent actions identified.
1915,64,23,Email,2025-12-28 00:00:00,Negative,Client requested clarification on fees and portfolio positioning after recent market movements.
1916,686,14,Email,2023-10-05 00:00:00,Neutral,Provided account update and answered standard questions on holdings and recent activity.
1917,813,16,Email,2021-06-16 00:00:00,Positive,Meeting went well; client approved the recommended diversification plan.
1918,874,12,Video Conference,2024-11-09 00:00:00,Positive,Client expressed satisfaction with recent performance and welcomed follow-up next quarter.
1919,520,46,Video Conference,2025-06-10 00:00:00,Neutral,Interaction focused on regular portfolio maintenance with no urgent actions identified.
1920,938,29,Call,2022-08-27 00:00:00,Neutral,Routine check-in completed; no major changes requested at this time.
1921,193,22,Email,2023-11-20 00:00:00,Negative,Interaction indicated frustration regarding drawdowns; advisor to prepare mitigation options.
1922,650,8,Video Conference,2023-05-11 00:00:00,Negative,Client raised concerns about recent volatility and requested a detailed risk review.
1923,972,20,Email,2026-04-11 00:00:00,Positive,Client expressed satisfaction with recent performance and welcomed follow-up next quarter.
1924,936,7,Call,2024-01-17 00:00:00,Positive,Positive discussion on long-term goals; client is comfortable with the current strategy.
1925,608,19,Email,2021-05-11 00:00:00,Negative,Client expressed concern over communication frequency and expects a more proactive update cadence.
1926,259,3,Video Conference,2023-09-18 00:00:00,Negative,Discussion reflected dissatisfaction with short-term performance; follow-up has been scheduled.
1927,606,4,Call,2022-07-28 00:00:00,Neutral,Client reviewed the summary materials and asked for periodic monitoring to continue.
1928,718,17,Meeting,2025-06-06 00:00:00,Positive,Client appreciated the portfolio review and agreed with the proposed allocation changes.
1929,354,7,Meeting,2021-01-23 00:00:00,Negative,Client requested clarification on fees and portfolio positioning after recent market movements.
1930,247,20,Video Conference,2025-04-30 00:00:00,Neutral,Interaction focused on regular portfolio maintenance with no urgent actions identified.
1931,761,6,Video Conference,2023-02-04 00:00:00,Neutral,Interaction focused on regular portfolio maintenance with no urgent actions identified.
1932,449,40,Email,2022-06-25 00:00:00,Positive,Client appreciated the portfolio review and agreed with the proposed allocation changes.
1933,395,5,Call,2023-01-09 00:00:00,Positive,Client expressed satisfaction with recent performance and welcomed follow-up next quarter.
1934,109,25,Email,2026-05-26 00:00:00,Positive,Client expressed satisfaction with recent performance and welcomed follow-up next quarter.
1935,420,41,Email,2026-02-10 00:00:00,Positive,Meeting went well; client approved the recommended diversification plan.
1936,46,25,Meeting,2022-03-04 00:00:00,Positive,Constructive conversation with strong engagement; client requested additional retirement scenarios.
1937,728,8,Email,2023-10-11 00:00:00,Positive,Client expressed satisfaction with recent performance and welcomed follow-up next quarter.
1938,771,9,Call,2025-12-09 00:00:00,Negative,Client requested clarification on fees and portfolio positioning after recent market movements.
1939,135,8,Meeting,2022-08-25 00:00:00,Neutral,Interaction focused on regular portfolio maintenance with no urgent actions identified.
1940,962,11,Meeting,2021-07-11 00:00:00,Positive,Client expressed satisfaction with recent performance and welcomed follow-up next quarter.
1941,928,4,Call,2023-08-12 00:00:00,Positive,Client expressed satisfaction with recent performance and welcomed follow-up next quarter.
1942,723,26,Email,2025-08-01 00:00:00,Positive,Constructive conversation with strong engagement; client requested additional retirement scenarios.
1943,876,47,Video Conference,2021-03-01 00:00:00,Negative,Interaction indicated frustration regarding drawdowns; advisor to prepare mitigation options.
1944,936,10,Email,2021-08-12 00:00:00,Negative,Client expressed concern over communication frequency and expects a more proactive update cadence.
1945,485,26,Meeting,2023-03-24 00:00:00,Positive,Client appreciated the portfolio review and agreed with the proposed allocation changes.
1946,870,44,Meeting,2025-01-26 00:00:00,Neutral,General discussion on market conditions; client prefers to maintain the current plan for now.
1947,860,49,Video Conference,2022-11-21 00:00:00,Positive,Client appreciated the portfolio review and agreed with the proposed allocation changes.
1948,598,20,Video Conference,2026-05-14 00:00:00,Positive,Client appreciated the portfolio review and agreed with the proposed allocation changes.
1949,428,30,Meeting,2026-04-15 00:00:00,Positive,Client expressed satisfaction with recent performance and welcomed follow-up next quarter.
1950,559,44,Email,2024-09-14 00:00:00,Neutral,Provided account update and answered standard questions on holdings and recent activity.
1951,152,34,Email,2021-10-25 00:00:00,Neutral,Client reviewed the summary materials and asked for periodic monitoring to continue.
1952,484,21,Call,2024-09-12 00:00:00,Positive,Meeting went well; client approved the recommended diversification plan.
1953,499,12,Call,2026-02-19 00:00:00,Neutral,Interaction focused on regular portfolio maintenance with no urgent actions identified.
1954,451,17,Email,2025-08-27 00:00:00,Negative,Interaction indicated frustration regarding drawdowns; advisor to prepare mitigation options.
1955,872,46,Email,2023-05-19 00:00:00,Positive,Meeting went well; client approved the recommended diversification plan.
1956,407,17,Meeting,2025-03-21 00:00:00,Positive,Meeting went well; client approved the recommended diversification plan.
1957,489,15,Call,2024-05-18 00:00:00,Negative,Client expressed concern over communication frequency and expects a more proactive update cadence.
1958,701,3,Email,2025-04-09 00:00:00,Neutral,Routine check-in completed; no major changes requested at this time.
1959,149,28,Email,2023-09-23 00:00:00,Positive,Client expressed satisfaction with recent performance and welcomed follow-up next quarter.
1960,390,50,Meeting,2025-09-14 00:00:00,Neutral,Client reviewed the summary materials and asked for periodic monitoring to continue.
1961,239,47,Email,2021-07-13 00:00:00,Neutral,Interaction focused on regular portfolio maintenance with no urgent actions identified.
1962,798,38,Call,2022-07-02 00:00:00,Positive,Meeting went well; client approved the recommended diversification plan.
1963,760,50,Email,2024-08-26 00:00:00,Neutral,Interaction focused on regular portfolio maintenance with no urgent actions identified.
1964,623,6,Video Conference,2023-02-21 00:00:00,Neutral,Interaction focused on regular portfolio maintenance with no urgent actions identified.
1965,520,46,Email,2023-09-02 00:00:00,Positive,Constructive conversation with strong engagement; client requested additional retirement scenarios.
1966,31,2,Call,2021-02-06 00:00:00,Positive,Constructive conversation with strong engagement; client requested additional retirement scenarios.
1967,826,18,Email,2024-03-13 00:00:00,Positive,Meeting went well; client approved the recommended diversification plan.
1968,896,15,Meeting,2022-02-14 00:00:00,Negative,Client expressed concern over communication frequency and expects a more proactive update cadence.
1969,189,44,Email,2025-02-06 00:00:00,Positive,Client expressed satisfaction with recent performance and welcomed follow-up next quarter.
1970,425,29,Call,2021-01-29 00:00:00,Positive,Constructive conversation with strong engagement; client requested additional retirement scenarios.
1971,8,18,Call,2022-07-30 00:00:00,Positive,Client appreciated the portfolio review and agreed with the proposed allocation changes.
1972,958,49,Email,2021-03-20 00:00:00,Neutral,Interaction focused on regular portfolio maintenance with no urgent actions identified.
1973,824,20,Meeting,2022-06-19 00:00:00,Negative,Discussion reflected dissatisfaction with short-term performance; follow-up has been scheduled.
1974,115,17,Meeting,2021-01-19 00:00:00,Neutral,Client reviewed the summary materials and asked for periodic monitoring to continue.
1975,909,13,Email,2024-06-20 00:00:00,Positive,Meeting went well; client approved the recommended diversification plan.
1976,963,14,Call,2021-09-21 00:00:00,Positive,Client expressed satisfaction with recent performance and welcomed follow-up next quarter.
1977,897,47,Call,2021-06-03 00:00:00,Negative,Client expressed concern over communication frequency and expects a more proactive update cadence.
1978,653,6,Email,2024-03-26 00:00:00,Positive,Client expressed satisfaction with recent performance and welcomed follow-up next quarter.
1979,357,3,Call,2021-10-21 00:00:00,Negative,Client requested clarification on fees and portfolio positioning after recent market movements.
1980,611,19,Call,2021-10-16 00:00:00,Positive,Constructive conversation with strong engagement; client requested additional retirement scenarios.
1981,558,11,Call,2025-03-31 00:00:00,Positive,Client appreciated the portfolio review and agreed with the proposed allocation changes.
1982,875,35,Video Conference,2026-03-23 00:00:00,Positive,Client expressed satisfaction with recent performance and welcomed follow-up next quarter.
1983,460,18,Meeting,2021-03-17 00:00:00,Positive,Client expressed satisfaction with recent performance and welcomed follow-up next quarter.
1984,181,8,Meeting,2025-07-11 00:00:00,Positive,Client appreciated the portfolio review and agreed with the proposed allocation changes.
1985,72,48,Email,2021-12-02 00:00:00,Negative,Client requested clarification on fees and portfolio positioning after recent market movements.
1986,403,40,Email,2022-01-29 00:00:00,Positive,Positive discussion on long-term goals; client is comfortable with the current strategy.
1987,231,23,Email,2025-03-31 00:00:00,Neutral,Interaction focused on regular portfolio maintenance with no urgent actions identified.
1988,859,44,Email,2025-09-30 00:00:00,Positive,Meeting went well; client approved the recommended diversification plan.
1989,331,19,Meeting,2022-05-23 00:00:00,Positive,Client appreciated the portfolio review and agreed with the proposed allocation changes.
1990,996,42,Meeting,2026-02-26 00:00:00,Neutral,Interaction focused on regular portfolio maintenance with no urgent actions identified.
1991,605,48,Video Conference,2024-07-24 00:00:00,Positive,Client expressed satisfaction with recent performance and welcomed follow-up next quarter.
1992,57,8,Meeting,2025-05-07 00:00:00,Negative,Client requested clarification on fees and portfolio positioning after recent market movements.
1993,366,5,Meeting,2022-11-22 00:00:00,Neutral,Routine check-in completed; no major changes requested at this time.
1994,534,12,Email,2021-01-17 00:00:00,Positive,Meeting went well; client approved the recommended diversification plan.
1995,272,6,Call,2021-10-10 00:00:00,Positive,Client appreciated the portfolio review and agreed with the proposed allocation changes.
1996,492,27,Email,2022-09-10 00:00:00,Neutral,Provided account update and answered standard questions on holdings and recent activity.
1997,589,22,Meeting,2026-02-06 00:00:00,Negative,Client raised concerns about recent volatility and requested a detailed risk review.
1998,717,26,Call,2024-05-04 00:00:00,Positive,Constructive conversation with strong engagement; client requested additional retirement scenarios.
1999,141,18,Email,2022-01-25 00:00:00,Positive,Client expressed satisfaction with recent performance and welcomed follow-up next quarter.
2000,328,35,Call,2025-07-05 00:00:00,Neutral,Routine check-in completed; no major changes requested at this time.
2001,871,15,Email,2021-07-31 00:00:00,Positive,Positive discussion on long-term goals; client is comfortable with the current strategy.
2002,480,48,Meeting,2021-08-24 00:00:00,Positive,Positive discussion on long-term goals; client is comfortable with the current strategy.
2003,941,40,Call,2022-04-10 00:00:00,Positive,Constructive conversation with strong engagement; client requested additional retirement scenarios.
2004,844,44,Call,2021-07-21 00:00:00,Positive,Client appreciated the portfolio review and agreed with the proposed allocation changes.
2005,68,5,Email,2021-09-20 00:00:00,Neutral,Provided account update and answered standard questions on holdings and recent activity.
2006,77,13,Email,2021-09-02 00:00:00,Positive,Positive discussion on long-term goals; client is comfortable with the current strategy.
2007,838,27,Call,2021-05-07 00:00:00,Positive,Meeting went well; client approved the recommended diversification plan.
2008,825,24,Email,2021-09-06 00:00:00,Positive,Meeting went well; client approved the recommended diversification plan.
2009,666,14,Video Conference,2023-03-20 00:00:00,Positive,Client appreciated the portfolio review and agreed with the proposed allocation changes.
2010,417,44,Call,2021-09-17 00:00:00,Negative,Client raised concerns about recent volatility and requested a detailed risk review.
2011,268,17,Call,2024-10-01 00:00:00,Positive,Meeting went well; client approved the recommended diversification plan.
2012,651,42,Video Conference,2026-03-07 00:00:00,Negative,Discussion reflected dissatisfaction with short-term performance; follow-up has been scheduled.
2013,153,40,Email,2025-02-12 00:00:00,Positive,Meeting went well; client approved the recommended diversification plan.
2014,334,41,Email,2022-09-27 00:00:00,Neutral,General discussion on market conditions; client prefers to maintain the current plan for now.
2015,93,48,Meeting,2024-11-25 00:00:00,Positive,Client appreciated the portfolio review and agreed with the proposed allocation changes.
2016,605,48,Meeting,2022-03-01 00:00:00,Positive,Constructive conversation with strong engagement; client requested additional retirement scenarios.
2017,156,14,Email,2021-12-08 00:00:00,Positive,Client expressed satisfaction with recent performance and welcomed follow-up next quarter.
2018,334,47,Meeting,2023-08-03 00:00:00,Neutral,General discussion on market conditions; client prefers to maintain the current plan for now.
2019,541,27,Meeting,2022-10-11 00:00:00,Negative,Client requested clarification on fees and portfolio positioning after recent market movements.
2020,842,48,Email,2025-11-05 00:00:00,Positive,Client expressed satisfaction with recent performance and welcomed follow-up next quarter.
2021,287,9,Meeting,2025-08-16 00:00:00,Neutral,General discussion on market conditions; client prefers to maintain the current plan for now.
2022,577,10,Meeting,2022-03-06 00:00:00,Negative,Discussion reflected dissatisfaction with short-term performance; follow-up has been scheduled.
2023,928,49,Video Conference,2025-07-15 00:00:00,Positive,Client expressed satisfaction with recent performance and welcomed follow-up next quarter.
2024,371,7,Email,2025-05-22 00:00:00,Positive,Positive discussion on long-term goals; client is comfortable with the current strategy.
2025,657,26,Call,2022-12-24 00:00:00,Positive,Constructive conversation with strong engagement; client requested additional retirement scenarios.
2026,192,40,Video Conference,2025-01-28 00:00:00,Positive,Client expressed satisfaction with recent performance and welcomed follow-up next quarter.
2027,345,31,Video Conference,2025-01-30 00:00:00,Neutral,Routine check-in completed; no major changes requested at this time.
2028,899,43,Call,2021-08-02 00:00:00,Positive,Positive discussion on long-term goals; client is comfortable with the current strategy.
2029,253,14,Video Conference,2024-04-11 00:00:00,Neutral,Provided account update and answered standard questions on holdings and recent activity.
2030,957,35,Email,2021-09-12 00:00:00,Positive,Client appreciated the portfolio review and agreed with the proposed allocation changes.
2031,382,43,Call,2024-08-01 00:00:00,Negative,Client expressed concern over communication frequency and expects a more proactive update cadence.
2032,749,43,Call,2022-11-06 00:00:00,Positive,Constructive conversation with strong engagement; client requested additional retirement scenarios.
2033,602,17,Video Conference,2023-04-10 00:00:00,Neutral,General discussion on market conditions; client prefers to maintain the current plan for now.
2034,218,40,Video Conference,2022-01-21 00:00:00,Positive,Client appreciated the portfolio review and agreed with the proposed allocation changes.
2035,178,32,Email,2023-01-25 00:00:00,Neutral,Client reviewed the summary materials and asked for periodic monitoring to continue.
2036,767,43,Meeting,2022-02-12 00:00:00,Positive,Client appreciated the portfolio review and agreed with the proposed allocation changes.
2037,521,34,Meeting,2023-05-25 00:00:00,Negative,Client expressed concern over communication frequency and expects a more proactive update cadence.
2038,698,39,Meeting,2021-04-18 00:00:00,Positive,Constructive conversation with strong engagement; client requested additional retirement scenarios.
2039,785,50,Email,2024-08-05 00:00:00,Negative,Interaction indicated frustration regarding drawdowns; advisor to prepare mitigation options.
2040,672,48,Meeting,2022-07-07 00:00:00,Negative,Interaction indicated frustration regarding drawdowns; advisor to prepare mitigation options.
2041,270,10,Email,2024-04-10 00:00:00,Neutral,Interaction focused on regular portfolio maintenance with no urgent actions identified.
2042,52,6,Email,2026-05-20 00:00:00,Negative,Client expressed concern over communication frequency and expects a more proactive update cadence.
2043,730,23,Meeting,2024-09-25 00:00:00,Positive,Meeting went well; client approved the recommended diversification plan.
2044,506,11,Call,2024-03-23 00:00:00,Positive,Client appreciated the portfolio review and agreed with the proposed allocation changes.
2045,833,2,Call,2024-11-18 00:00:00,Neutral,Interaction focused on regular portfolio maintenance with no urgent actions identified.
2046,186,21,Email,2025-11-27 00:00:00,Positive,Client expressed satisfaction with recent performance and welcomed follow-up next quarter.
2047,838,27,Meeting,2026-02-05 00:00:00,Neutral,General discussion on market conditions; client prefers to maintain the current plan for now.
2048,546,30,Email,2023-02-06 00:00:00,Positive,Positive discussion on long-term goals; client is comfortable with the current strategy.
2049,148,44,Call,2022-07-11 00:00:00,Positive,Positive discussion on long-term goals; client is comfortable with the current strategy.
2050,608,19,Email,2025-03-03 00:00:00,Neutral,Routine check-in completed; no major changes requested at this time.
2051,732,7,Call,2022-10-25 00:00:00,Positive,Client appreciated the portfolio review and agreed with the proposed allocation changes.
2052,978,49,Call,2025-02-26 00:00:00,Positive,Client appreciated the portfolio review and agreed with the proposed allocation changes.
2053,676,15,Email,2026-02-13 00:00:00,Neutral,Provided account update and answered standard questions on holdings and recent activity.
2054,712,13,Call,2025-06-11 00:00:00,Negative,Client raised concerns about recent volatility and requested a detailed risk review.
2055,224,2,Call,2021-08-25 00:00:00,Positive,Client appreciated the portfolio review and agreed with the proposed allocation changes.
2056,370,48,Call,2022-03-28 00:00:00,Negative,Client expressed concern over communication frequency and expects a more proactive update cadence.
2057,446,47,Video Conference,2024-01-23 00:00:00,Positive,Meeting went well; client approved the recommended diversification plan.
2058,704,26,Email,2023-12-07 00:00:00,Positive,Constructive conversation with strong engagement; client requested additional retirement scenarios.
2059,239,47,Video Conference,2022-12-28 00:00:00,Negative,Interaction indicated frustration regarding drawdowns; advisor to prepare mitigation options.
2060,15,41,Video Conference,2022-02-18 00:00:00,Neutral,Interaction focused on regular portfolio maintenance with no urgent actions identified.
2061,616,46,Email,2023-05-11 00:00:00,Positive,Client expressed satisfaction with recent performance and welcomed follow-up next quarter.
2062,69,16,Video Conference,2025-09-03 00:00:00,Positive,Client expressed satisfaction with recent performance and welcomed follow-up next quarter.
2063,728,31,Email,2026-02-03 00:00:00,Neutral,General discussion on market conditions; client prefers to maintain the current plan for now.
2064,381,18,Meeting,2025-09-30 00:00:00,Neutral,Interaction focused on regular portfolio maintenance with no urgent actions identified.
2065,876,47,Email,2025-09-17 00:00:00,Neutral,Interaction focused on regular portfolio maintenance with no urgent actions identified.
2066,896,15,Video Conference,2022-05-05 00:00:00,Neutral,Provided account update and answered standard questions on holdings and recent activity.
2067,725,30,Meeting,2021-07-21 00:00:00,Neutral,Provided account update and answered standard questions on holdings and recent activity.
2068,271,26,Email,2021-11-22 00:00:00,Positive,Constructive conversation with strong engagement; client requested additional retirement scenarios.
2069,814,32,Call,2021-12-07 00:00:00,Positive,Client expressed satisfaction with recent performance and welcomed follow-up next quarter.
2070,370,34,Meeting,2025-07-07 00:00:00,Positive,Meeting went well; client approved the recommended diversification plan.
2071,859,44,Call,2021-04-10 00:00:00,Positive,Client appreciated the portfolio review and agreed with the proposed allocation changes.
2072,551,28,Email,2021-05-09 00:00:00,Positive,Client expressed satisfaction with recent performance and welcomed follow-up next quarter.
2073,270,10,Call,2026-04-19 00:00:00,Positive,Client appreciated the portfolio review and agreed with the proposed allocation changes.
2074,950,43,Email,2022-07-29 00:00:00,Positive,Positive discussion on long-term goals; client is comfortable with the current strategy.
2075,385,38,Call,2023-06-18 00:00:00,Positive,Meeting went well; client approved the recommended diversification plan.
2076,797,23,Email,2024-12-12 00:00:00,Positive,Client expressed satisfaction with recent performance and welcomed follow-up next quarter.
2077,76,12,Video Conference,2023-12-02 00:00:00,Neutral,Client reviewed the summary materials and asked for periodic monitoring to continue.
2078,418,47,Email,2025-06-02 00:00:00,Neutral,Routine check-in completed; no major changes requested at this time.
2079,800,31,Meeting,2022-02-02 00:00:00,Negative,Client raised concerns about recent volatility and requested a detailed risk review.
2080,754,35,Email,2022-01-19 00:00:00,Neutral,Interaction focused on regular portfolio maintenance with no urgent actions identified.
2081,579,48,Call,2022-10-04 00:00:00,Positive,Positive discussion on long-term goals; client is comfortable with the current strategy.
2082,52,5,Call,2026-03-26 00:00:00,Positive,Client expressed satisfaction with recent performance and welcomed follow-up next quarter.
2083,864,48,Email,2023-12-18 00:00:00,Neutral,Routine check-in completed; no major changes requested at this time.
2084,127,2,Call,2021-08-19 00:00:00,Neutral,General discussion on market conditions; client prefers to maintain the current plan for now.
2085,707,7,Call,2024-07-05 00:00:00,Positive,Client appreciated the portfolio review and agreed with the proposed allocation changes.
2086,287,9,Email,2022-06-25 00:00:00,Positive,Meeting went well; client approved the recommended diversification plan.
2087,211,3,Meeting,2023-12-09 00:00:00,Neutral,Client reviewed the summary materials and asked for periodic monitoring to continue.
2088,807,15,Email,2022-11-12 00:00:00,Neutral,Routine check-in completed; no major changes requested at this time.
2089,264,34,Call,2022-02-13 00:00:00,Positive,Client expressed satisfaction with recent performance and welcomed follow-up next quarter.
2090,150,8,Meeting,2025-02-27 00:00:00,Neutral,Routine check-in completed; no major changes requested at this time.
2091,461,16,Meeting,2024-02-15 00:00:00,Positive,Constructive conversation with strong engagement; client requested additional retirement scenarios.
2092,906,29,Meeting,2024-08-20 00:00:00,Positive,Positive discussion on long-term goals; client is comfortable with the current strategy.
2093,896,29,Meeting,2021-03-07 00:00:00,Neutral,Provided account update and answered standard questions on holdings and recent activity.
2094,285,47,Video Conference,2023-03-03 00:00:00,Negative,Client requested clarification on fees and portfolio positioning after recent market movements.
2095,40,33,Email,2021-02-16 00:00:00,Positive,Client expressed satisfaction with recent performance and welcomed follow-up next quarter.
2096,980,23,Email,2021-10-18 00:00:00,Negative,Client requested clarification on fees and portfolio positioning after recent market movements.
2097,299,15,Email,2022-09-07 00:00:00,Negative,Client requested clarification on fees and portfolio positioning after recent market movements.
2098,767,43,Meeting,2023-09-14 00:00:00,Positive,Client expressed satisfaction with recent performance and welcomed follow-up next quarter.
2099,117,2,Video Conference,2025-09-30 00:00:00,Neutral,Client reviewed the summary materials and asked for periodic monitoring to continue.
2100,193,22,Call,2022-05-05 00:00:00,Neutral,General discussion on market conditions; client prefers to maintain the current plan for now.
2101,349,25,Meeting,2026-03-11 00:00:00,Neutral,Client reviewed the summary materials and asked for periodic monitoring to continue.
2102,741,23,Video Conference,2023-10-31 00:00:00,Positive,Client expressed satisfaction with recent performance and welcomed follow-up next quarter.
2103,490,40,Email,2024-03-01 00:00:00,Positive,Meeting went well; client approved the recommended diversification plan.
2104,510,19,Call,2025-11-24 00:00:00,Positive,Meeting went well; client approved the recommended diversification plan.
2105,578,5,Video Conference,2025-07-10 00:00:00,Positive,Positive discussion on long-term goals; client is comfortable with the current strategy.
2106,239,47,Email,2025-03-26 00:00:00,Positive,Constructive conversation with strong engagement; client requested additional retirement scenarios.
2107,295,42,Call,2024-03-22 00:00:00,Negative,Discussion reflected dissatisfaction with short-term performance; follow-up has been scheduled.
2108,794,1,Email,2022-03-01 00:00:00,Neutral,Client reviewed the summary materials and asked for periodic monitoring to continue.
2109,186,9,Email,2025-06-21 00:00:00,Positive,Meeting went well; client approved the recommended diversification plan.
2110,714,22,Email,2024-08-19 00:00:00,Neutral,Interaction focused on regular portfolio maintenance with no urgent actions identified.
2111,401,16,Email,2022-08-27 00:00:00,Positive,Positive discussion on long-term goals; client is comfortable with the current strategy.
2112,307,18,Email,2023-02-07 00:00:00,Positive,Client appreciated the portfolio review and agreed with the proposed allocation changes.
2113,233,46,Call,2023-09-01 00:00:00,Positive,Client appreciated the portfolio review and agreed with the proposed allocation changes.
2114,552,11,Call,2026-01-02 00:00:00,Positive,Meeting went well; client approved the recommended diversification plan.
2115,335,35,Call,2021-05-11 00:00:00,Positive,Client appreciated the portfolio review and agreed with the proposed allocation changes.
2116,575,20,Email,2021-08-28 00:00:00,Positive,Positive discussion on long-term goals; client is comfortable with the current strategy.
2117,347,6,Email,2026-03-11 00:00:00,Positive,Client expressed satisfaction with recent performance and welcomed follow-up next quarter.
2118,580,26,Email,2022-06-07 00:00:00,Neutral,Client reviewed the summary materials and asked for periodic monitoring to continue.
2119,848,22,Email,2024-02-14 00:00:00,Negative,Discussion reflected dissatisfaction with short-term performance; follow-up has been scheduled.
2120,362,50,Meeting,2024-05-12 00:00:00,Positive,Meeting went well; client approved the recommended diversification plan.
2121,954,9,Video Conference,2025-10-02 00:00:00,Positive,Meeting went well; client approved the recommended diversification plan.
2122,274,49,Call,2025-05-09 00:00:00,Positive,Client expressed satisfaction with recent performance and welcomed follow-up next quarter.
2123,957,20,Call,2024-06-24 00:00:00,Positive,Client appreciated the portfolio review and agreed with the proposed allocation changes.
2124,423,22,Video Conference,2021-02-19 00:00:00,Positive,Client appreciated the portfolio review and agreed with the proposed allocation changes.
2125,537,1,Meeting,2024-09-03 00:00:00,Positive,Meeting went well; client approved the recommended diversification plan.
2126,805,38,Video Conference,2021-03-16 00:00:00,Neutral,Provided account update and answered standard questions on holdings and recent activity.
2127,659,24,Call,2024-10-24 00:00:00,Positive,Client expressed satisfaction with recent performance and welcomed follow-up next quarter.
2128,314,11,Email,2025-08-02 00:00:00,Neutral,General discussion on market conditions; client prefers to maintain the current plan for now.
2129,193,22,Video Conference,2023-04-09 00:00:00,Positive,Client expressed satisfaction with recent performance and welcomed follow-up next quarter.
2130,876,15,Meeting,2023-07-21 00:00:00,Positive,Constructive conversation with strong engagement; client requested additional retirement scenarios.
2131,810,43,Call,2023-02-11 00:00:00,Positive,Client expressed satisfaction with recent performance and welcomed follow-up next quarter.
2132,327,41,Email,2022-12-24 00:00:00,Negative,Interaction indicated frustration regarding drawdowns; advisor to prepare mitigation options.
2133,995,12,Email,2021-05-07 00:00:00,Positive,Client expressed satisfaction with recent performance and welcomed follow-up next quarter.
2134,374,22,Call,2021-08-19 00:00:00,Positive,Client expressed satisfaction with recent performance and welcomed follow-up next quarter.
2135,285,35,Call,2024-03-04 00:00:00,Positive,Client appreciated the portfolio review and agreed with the proposed allocation changes.
2136,198,26,Video Conference,2025-12-21 00:00:00,Positive,Positive discussion on long-term goals; client is comfortable with the current strategy.
2137,219,18,Meeting,2025-03-08 00:00:00,Positive,Client expressed satisfaction with recent performance and welcomed follow-up next quarter.
2138,639,23,Video Conference,2023-07-17 00:00:00,Positive,Meeting went well; client approved the recommended diversification plan.
2139,317,10,Call,2025-06-24 00:00:00,Neutral,Client reviewed the summary materials and asked for periodic monitoring to continue.
2140,95,8,Email,2025-08-27 00:00:00,Neutral,Provided account update and answered standard questions on holdings and recent activity.
2141,915,22,Call,2021-07-08 00:00:00,Positive,Positive discussion on long-term goals; client is comfortable with the current strategy.
2142,994,3,Email,2022-05-10 00:00:00,Neutral,General discussion on market conditions; client prefers to maintain the current plan for now.
2143,827,4,Call,2023-04-24 00:00:00,Positive,Positive discussion on long-term goals; client is comfortable with the current strategy.
2144,445,33,Call,2023-02-09 00:00:00,Positive,Positive discussion on long-term goals; client is comfortable with the current strategy.
2145,452,16,Meeting,2024-01-16 00:00:00,Positive,Client appreciated the portfolio review and agreed with the proposed allocation changes.
2146,330,34,Meeting,2022-05-25 00:00:00,Positive,Constructive conversation with strong engagement; client requested additional retirement scenarios.
2147,572,16,Email,2026-05-23 00:00:00,Positive,Client appreciated the portfolio review and agreed with the proposed allocation changes.
2148,932,42,Call,2021-07-13 00:00:00,Positive,Constructive conversation with strong engagement; client requested additional retirement scenarios.
2149,631,3,Meeting,2024-03-19 00:00:00,Positive,Constructive conversation with strong engagement; client requested additional retirement scenarios.
2150,712,13,Meeting,2024-03-15 00:00:00,Positive,Positive discussion on long-term goals; client is comfortable with the current strategy.
2151,948,8,Call,2023-12-05 00:00:00,Neutral,General discussion on market conditions; client prefers to maintain the current plan for now.
2152,737,43,Meeting,2024-06-18 00:00:00,Positive,Client appreciated the portfolio review and agreed with the proposed allocation changes.
2153,640,32,Video Conference,2022-01-31 00:00:00,Neutral,Client reviewed the summary materials and asked for periodic monitoring to continue.
2154,232,4,Email,2025-06-26 00:00:00,Neutral,Client reviewed the summary materials and asked for periodic monitoring to continue.
2155,63,2,Email,2022-05-13 00:00:00,Negative,Interaction indicated frustration regarding drawdowns; advisor to prepare mitigation options.
2156,96,28,Video Conference,2022-10-08 00:00:00,Negative,Interaction indicated frustration regarding drawdowns; advisor to prepare mitigation options.
2157,871,1,Email,2025-08-21 00:00:00,Positive,Constructive conversation with strong engagement; client requested additional retirement scenarios.
2158,480,48,Email,2023-02-08 00:00:00,Neutral,Client reviewed the summary materials and asked for periodic monitoring to continue.
2159,422,14,Call,2025-07-01 00:00:00,Positive,Meeting went well; client approved the recommended diversification plan.
2160,840,12,Email,2026-01-14 00:00:00,Positive,Client appreciated the portfolio review and agreed with the proposed allocation changes.
2161,451,17,Email,2024-06-12 00:00:00,Positive,Positive discussion on long-term goals; client is comfortable with the current strategy.
2162,74,32,Call,2022-09-13 00:00:00,Neutral,General discussion on market conditions; client prefers to maintain the current plan for now.
2163,629,27,Call,2021-04-05 00:00:00,Positive,Constructive conversation with strong engagement; client requested additional retirement scenarios.
2164,56,13,Meeting,2026-03-27 00:00:00,Positive,Client appreciated the portfolio review and agreed with the proposed allocation changes.
2165,637,27,Video Conference,2026-03-25 00:00:00,Neutral,General discussion on market conditions; client prefers to maintain the current plan for now.
2166,163,46,Meeting,2025-02-09 00:00:00,Neutral,Provided account update and answered standard questions on holdings and recent activity.
2167,679,43,Call,2024-11-09 00:00:00,Negative,Client raised concerns about recent volatility and requested a detailed risk review.
2168,123,25,Meeting,2023-08-28 00:00:00,Negative,Interaction indicated frustration regarding drawdowns; advisor to prepare mitigation options.
2169,27,49,Email,2022-01-14 00:00:00,Neutral,Client reviewed the summary materials and asked for periodic monitoring to continue.
2170,645,49,Meeting,2021-06-07 00:00:00,Positive,Meeting went well; client approved the recommended diversification plan.
2171,996,42,Call,2021-04-05 00:00:00,Positive,Client expressed satisfaction with recent performance and welcomed follow-up next quarter.
2172,664,13,Video Conference,2023-09-19 00:00:00,Neutral,Interaction focused on regular portfolio maintenance with no urgent actions identified.
2173,225,24,Meeting,2022-02-18 00:00:00,Neutral,Interaction focused on regular portfolio maintenance with no urgent actions identified.
2174,559,44,Email,2023-10-22 00:00:00,Negative,Client expressed concern over communication frequency and expects a more proactive update cadence.
2175,732,7,Email,2026-04-23 00:00:00,Neutral,Interaction focused on regular portfolio maintenance with no urgent actions identified.
2176,967,34,Email,2025-07-31 00:00:00,Positive,Client appreciated the portfolio review and agreed with the proposed allocation changes.
2177,662,9,Email,2024-10-25 00:00:00,Neutral,General discussion on market conditions; client prefers to maintain the current plan for now.
2178,566,23,Email,2021-07-24 00:00:00,Neutral,Client reviewed the summary materials and asked for periodic monitoring to continue.
2179,886,31,Video Conference,2025-06-15 00:00:00,Neutral,Provided account update and answered standard questions on holdings and recent activity.
2180,873,25,Call,2024-01-22 00:00:00,Negative,Client expressed concern over communication frequency and expects a more proactive update cadence.
2181,896,15,Video Conference,2022-11-14 00:00:00,Neutral,Client reviewed the summary materials and asked for periodic monitoring to continue.
2182,898,46,Call,2024-03-21 00:00:00,Negative,Interaction indicated frustration regarding drawdowns; advisor to prepare mitigation options.
2183,833,2,Call,2025-05-10 00:00:00,Positive,Client appreciated the portfolio review and agreed with the proposed allocation changes.
2184,288,43,Call,2025-11-21 00:00:00,Positive,Client appreciated the portfolio review and agreed with the proposed allocation changes.
2185,330,14,Email,2022-04-21 00:00:00,Neutral,Client reviewed the summary materials and asked for periodic monitoring to continue.
2186,751,17,Call,2025-11-16 00:00:00,Positive,Positive discussion on long-term goals; client is comfortable with the current strategy.
2187,549,47,Email,2023-11-01 00:00:00,Positive,Meeting went well; client approved the recommended diversification plan.
2188,537,1,Call,2025-10-12 00:00:00,Positive,Positive discussion on long-term goals; client is comfortable with the current strategy.
2189,309,33,Call,2022-04-19 00:00:00,Neutral,Provided account update and answered standard questions on holdings and recent activity.
2190,719,50,Meeting,2023-04-14 00:00:00,Positive,Client appreciated the portfolio review and agreed with the proposed allocation changes.
2191,798,38,Email,2024-07-20 00:00:00,Positive,Positive discussion on long-term goals; client is comfortable with the current strategy.
2192,598,49,Meeting,2026-02-10 00:00:00,Negative,Discussion reflected dissatisfaction with short-term performance; follow-up has been scheduled.
2193,48,21,Call,2023-03-12 00:00:00,Positive,Client expressed satisfaction with recent performance and welcomed follow-up next quarter.
2194,65,11,Video Conference,2022-09-26 00:00:00,Positive,Meeting went well; client approved the recommended diversification plan.
2195,207,15,Call,2022-03-28 00:00:00,Neutral,Interaction focused on regular portfolio maintenance with no urgent actions identified.
2196,407,17,Call,2026-01-18 00:00:00,Positive,Meeting went well; client approved the recommended diversification plan.
2197,688,30,Email,2022-03-13 00:00:00,Neutral,Client reviewed the summary materials and asked for periodic monitoring to continue.
2198,383,39,Meeting,2022-06-13 00:00:00,Neutral,Client reviewed the summary materials and asked for periodic monitoring to continue.
2199,217,2,Call,2022-12-19 00:00:00,Positive,Positive discussion on long-term goals; client is comfortable with the current strategy.
2200,630,33,Email,2021-10-10 00:00:00,Positive,Client expressed satisfaction with recent performance and welcomed follow-up next quarter.
2201,820,3,Email,2022-09-03 00:00:00,Neutral,Client reviewed the summary materials and asked for periodic monitoring to continue.
2202,786,39,Call,2021-03-24 00:00:00,Negative,Discussion reflected dissatisfaction with short-term performance; follow-up has been scheduled.
2203,759,25,Meeting,2026-03-15 00:00:00,Neutral,Client reviewed the summary materials and asked for periodic monitoring to continue.
2204,363,47,Email,2022-08-20 00:00:00,Positive,Positive discussion on long-term goals; client is comfortable with the current strategy.
2205,525,5,Meeting,2022-05-03 00:00:00,Neutral,Routine check-in completed; no major changes requested at this time.
2206,174,28,Email,2024-05-26 00:00:00,Neutral,Interaction focused on regular portfolio maintenance with no urgent actions identified.
2207,834,31,Email,2024-03-05 00:00:00,Positive,Positive discussion on long-term goals; client is comfortable with the current strategy.
2208,811,2,Email,2022-04-01 00:00:00,Neutral,General discussion on market conditions; client prefers to maintain the current plan for now.
2209,706,41,Meeting,2024-01-27 00:00:00,Negative,Interaction indicated frustration regarding drawdowns; advisor to prepare mitigation options.
2210,491,50,Meeting,2025-01-25 00:00:00,Positive,Client expressed satisfaction with recent performance and welcomed follow-up next quarter.
2211,997,46,Email,2021-04-22 00:00:00,Positive,Client appreciated the portfolio review and agreed with the proposed allocation changes.
2212,477,25,Email,2022-01-26 00:00:00,Positive,Positive discussion on long-term goals; client is comfortable with the current strategy.
2213,369,14,Meeting,2023-09-14 00:00:00,Neutral,Interaction focused on regular portfolio maintenance with no urgent actions identified.
2214,807,15,Email,2021-02-19 00:00:00,Neutral,Routine check-in completed; no major changes requested at this time.
2215,935,2,Meeting,2024-08-24 00:00:00,Negative,Client requested clarification on fees and portfolio positioning after recent market movements.
2216,473,11,Call,2022-05-29 00:00:00,Positive,Client appreciated the portfolio review and agreed with the proposed allocation changes.
2217,987,25,Call,2022-10-24 00:00:00,Positive,Client appreciated the portfolio review and agreed with the proposed allocation changes.
2218,160,11,Meeting,2025-10-12 00:00:00,Neutral,Routine check-in completed; no major changes requested at this time.
2219,755,21,Video Conference,2023-06-19 00:00:00,Neutral,General discussion on market conditions; client prefers to maintain the current plan for now.
2220,482,29,Video Conference,2023-10-11 00:00:00,Positive,Positive discussion on long-term goals; client is comfortable with the current strategy.
2221,977,25,Meeting,2021-06-25 00:00:00,Positive,Positive discussion on long-term goals; client is comfortable with the current strategy.
2222,604,30,Meeting,2025-08-01 00:00:00,Neutral,Routine check-in completed; no major changes requested at this time.
2223,854,20,Email,2024-12-09 00:00:00,Positive,Constructive conversation with strong engagement; client requested additional retirement scenarios.
2224,108,45,Call,2022-04-25 00:00:00,Positive,Client appreciated the portfolio review and agreed with the proposed allocation changes.
2225,875,45,Meeting,2022-02-16 00:00:00,Neutral,Routine check-in completed; no major changes requested at this time.
2226,632,27,Email,2025-11-01 00:00:00,Positive,Client appreciated the portfolio review and agreed with the proposed allocation changes.
2227,214,17,Meeting,2022-10-20 00:00:00,Positive,Constructive conversation with strong engagement; client requested additional retirement scenarios.
2228,772,9,Email,2023-10-27 00:00:00,Positive,Positive discussion on long-term goals; client is comfortable with the current strategy.
2229,885,24,Meeting,2024-09-07 00:00:00,Positive,Client expressed satisfaction with recent performance and welcomed follow-up next quarter.
2230,292,2,Video Conference,2021-11-28 00:00:00,Neutral,Client reviewed the summary materials and asked for periodic monitoring to continue.
2231,621,17,Email,2021-03-25 00:00:00,Positive,Constructive conversation with strong engagement; client requested additional retirement scenarios.
2232,626,5,Meeting,2024-04-26 00:00:00,Negative,Client raised concerns about recent volatility and requested a detailed risk review.
2233,429,36,Video Conference,2026-04-05 00:00:00,Positive,Positive discussion on long-term goals; client is comfortable with the current strategy.
2234,814,2,Email,2025-09-12 00:00:00,Neutral,Interaction focused on regular portfolio maintenance with no urgent actions identified.
2235,50,9,Call,2023-07-26 00:00:00,Negative,Interaction indicated frustration regarding drawdowns; advisor to prepare mitigation options.
2236,931,23,Video Conference,2021-08-06 00:00:00,Negative,Client requested clarification on fees and portfolio positioning after recent market movements.
2237,42,10,Video Conference,2022-02-01 00:00:00,Positive,Positive discussion on long-term goals; client is comfortable with the current strategy.
2238,249,18,Call,2021-09-02 00:00:00,Neutral,Client reviewed the summary materials and asked for periodic monitoring to continue.
2239,728,18,Call,2023-05-18 00:00:00,Negative,Interaction indicated frustration regarding drawdowns; advisor to prepare mitigation options.
2240,997,35,Video Conference,2021-06-24 00:00:00,Neutral,Client reviewed the summary materials and asked for periodic monitoring to continue.
2241,209,16,Email,2024-10-24 00:00:00,Neutral,Client reviewed the summary materials and asked for periodic monitoring to continue.
2242,577,10,Meeting,2021-04-25 00:00:00,Negative,Client expressed concern over communication frequency and expects a more proactive update cadence.
2243,529,42,Video Conference,2021-03-01 00:00:00,Neutral,Client reviewed the summary materials and asked for periodic monitoring to continue.
2244,346,29,Video Conference,2025-03-16 00:00:00,Positive,Client expressed satisfaction with recent performance and welcomed follow-up next quarter.
2245,894,48,Video Conference,2023-05-25 00:00:00,Positive,Positive discussion on long-term goals; client is comfortable with the current strategy.
2246,722,43,Meeting,2024-08-26 00:00:00,Positive,Positive discussion on long-term goals; client is comfortable with the current strategy.
2247,85,7,Call,2021-02-04 00:00:00,Neutral,Interaction focused on regular portfolio maintenance with no urgent actions identified.
2248,441,46,Email,2022-05-31 00:00:00,Positive,Client expressed satisfaction with recent performance and welcomed follow-up next quarter.
2249,648,41,Call,2026-04-28 00:00:00,Neutral,Interaction focused on regular portfolio maintenance with no urgent actions identified.
2250,720,10,Email,2026-01-21 00:00:00,Positive,Client appreciated the portfolio review and agreed with the proposed allocation changes.
2251,900,6,Email,2023-04-28 00:00:00,Positive,Constructive conversation with strong engagement; client requested additional retirement scenarios.
2252,179,7,Video Conference,2026-04-25 00:00:00,Positive,Constructive conversation with strong engagement; client requested additional retirement scenarios.
2253,603,8,Call,2023-10-22 00:00:00,Positive,Meeting went well; client approved the recommended diversification plan.
2254,805,38,Meeting,2021-11-04 00:00:00,Positive,Client expressed satisfaction with recent performance and welcomed follow-up next quarter.
2255,852,9,Email,2023-04-30 00:00:00,Positive,Meeting went well; client approved the recommended diversification plan.
2256,689,35,Email,2023-02-09 00:00:00,Negative,Client expressed concern over communication frequency and expects a more proactive update cadence.
2257,745,30,Call,2024-02-21 00:00:00,Positive,Client expressed satisfaction with recent performance and welcomed follow-up next quarter.
2258,475,9,Meeting,2021-11-30 00:00:00,Positive,Client expressed satisfaction with recent performance and welcomed follow-up next quarter.
2259,183,32,Call,2023-12-23 00:00:00,Neutral,Interaction focused on regular portfolio maintenance with no urgent actions identified.
2260,892,13,Call,2025-10-31 00:00:00,Positive,Client expressed satisfaction with recent performance and welcomed follow-up next quarter.
2261,688,30,Call,2023-11-30 00:00:00,Positive,Client appreciated the portfolio review and agreed with the proposed allocation changes.
2262,521,34,Call,2024-03-10 00:00:00,Positive,Positive discussion on long-term goals; client is comfortable with the current strategy.
2263,960,3,Video Conference,2022-10-05 00:00:00,Neutral,Client reviewed the summary materials and asked for periodic monitoring to continue.
2264,195,23,Email,2021-06-04 00:00:00,Neutral,Interaction focused on regular portfolio maintenance with no urgent actions identified.
2265,866,39,Meeting,2022-02-06 00:00:00,Negative,Interaction indicated frustration regarding drawdowns; advisor to prepare mitigation options.
2266,735,39,Meeting,2021-03-24 00:00:00,Positive,Positive discussion on long-term goals; client is comfortable with the current strategy.
2267,814,7,Video Conference,2023-02-09 00:00:00,Positive,Positive discussion on long-term goals; client is comfortable with the current strategy.
2268,352,6,Email,2022-11-11 00:00:00,Negative,Client requested clarification on fees and portfolio positioning after recent market movements.
2269,840,12,Meeting,2021-06-27 00:00:00,Positive,Constructive conversation with strong engagement; client requested additional retirement scenarios.
2270,217,2,Video Conference,2025-05-02 00:00:00,Positive,Client appreciated the portfolio review and agreed with the proposed allocation changes.
2271,85,7,Email,2023-05-04 00:00:00,Positive,Positive discussion on long-term goals; client is comfortable with the current strategy.
2272,378,38,Call,2025-12-20 00:00:00,Neutral,Provided account update and answered standard questions on holdings and recent activity.
2273,962,38,Video Conference,2025-04-25 00:00:00,Positive,Client appreciated the portfolio review and agreed with the proposed allocation changes.
2274,365,4,Meeting,2023-01-22 00:00:00,Neutral,General discussion on market conditions; client prefers to maintain the current plan for now.
2275,909,6,Call,2025-09-22 00:00:00,Positive,Client appreciated the portfolio review and agreed with the proposed allocation changes.
2276,351,26,Call,2025-04-29 00:00:00,Negative,Client requested clarification on fees and portfolio positioning after recent market movements.
2277,537,1,Call,2023-03-21 00:00:00,Negative,Client raised concerns about recent volatility and requested a detailed risk review.
2278,236,43,Call,2021-10-22 00:00:00,Neutral,Routine check-in completed; no major changes requested at this time.
2279,365,25,Meeting,2026-01-11 00:00:00,Positive,Constructive conversation with strong engagement; client requested additional retirement scenarios.
2280,930,46,Email,2024-08-10 00:00:00,Neutral,Client reviewed the summary materials and asked for periodic monitoring to continue.
2281,452,35,Call,2022-09-07 00:00:00,Positive,Positive discussion on long-term goals; client is comfortable with the current strategy.
2282,555,19,Meeting,2025-11-25 00:00:00,Neutral,Routine check-in completed; no major changes requested at this time.
2283,909,6,Email,2024-10-23 00:00:00,Positive,Client expressed satisfaction with recent performance and welcomed follow-up next quarter.
2284,984,14,Meeting,2022-01-23 00:00:00,Positive,Client expressed satisfaction with recent performance and welcomed follow-up next quarter.
2285,549,47,Meeting,2026-05-26 00:00:00,Neutral,Interaction focused on regular portfolio maintenance with no urgent actions identified.
2286,581,23,Call,2021-12-10 00:00:00,Positive,Client appreciated the portfolio review and agreed with the proposed allocation changes.
2287,831,47,Video Conference,2021-11-08 00:00:00,Neutral,Routine check-in completed; no major changes requested at this time.
2288,562,11,Email,2025-08-20 00:00:00,Neutral,Routine check-in completed; no major changes requested at this time.
2289,300,12,Call,2021-11-01 00:00:00,Neutral,Routine check-in completed; no major changes requested at this time.
2290,346,29,Email,2023-01-20 00:00:00,Positive,Constructive conversation with strong engagement; client requested additional retirement scenarios.
2291,847,44,Call,2022-01-31 00:00:00,Positive,Client expressed satisfaction with recent performance and welcomed follow-up next quarter.
2292,177,16,Video Conference,2022-11-21 00:00:00,Neutral,Provided account update and answered standard questions on holdings and recent activity.
2293,659,24,Meeting,2024-03-31 00:00:00,Positive,Constructive conversation with strong engagement; client requested additional retirement scenarios.
2294,402,38,Email,2021-07-13 00:00:00,Positive,Meeting went well; client approved the recommended diversification plan.
2295,149,7,Email,2025-03-23 00:00:00,Neutral,Client reviewed the summary materials and asked for periodic monitoring to continue.
2296,890,20,Email,2022-04-02 00:00:00,Neutral,Provided account update and answered standard questions on holdings and recent activity.
2297,621,17,Meeting,2021-06-08 00:00:00,Positive,Constructive conversation with strong engagement; client requested additional retirement scenarios.
2298,613,17,Email,2025-04-22 00:00:00,Neutral,Provided account update and answered standard questions on holdings and recent activity.
2299,599,33,Email,2025-03-31 00:00:00,Positive,Client appreciated the portfolio review and agreed with the proposed allocation changes.
2300,951,40,Email,2025-09-17 00:00:00,Negative,Client raised concerns about recent volatility and requested a detailed risk review.
2301,337,49,Email,2021-06-09 00:00:00,Positive,Client appreciated the portfolio review and agreed with the proposed allocation changes.
2302,469,43,Video Conference,2026-02-11 00:00:00,Positive,Client expressed satisfaction with recent performance and welcomed follow-up next quarter.
2303,642,24,Email,2023-05-06 00:00:00,Positive,Constructive conversation with strong engagement; client requested additional retirement scenarios.
2304,933,11,Meeting,2021-05-24 00:00:00,Negative,Client expressed concern over communication frequency and expects a more proactive update cadence.
2305,149,7,Video Conference,2025-12-01 00:00:00,Positive,Client expressed satisfaction with recent performance and welcomed follow-up next quarter.
2306,815,11,Meeting,2022-01-03 00:00:00,Positive,Constructive conversation with strong engagement; client requested additional retirement scenarios.
2307,810,24,Email,2024-01-04 00:00:00,Neutral,General discussion on market conditions; client prefers to maintain the current plan for now.
2308,180,41,Video Conference,2025-08-02 00:00:00,Neutral,Routine check-in completed; no major changes requested at this time.
2309,988,14,Call,2021-01-03 00:00:00,Positive,Client expressed satisfaction with recent performance and welcomed follow-up next quarter.
2310,237,30,Video Conference,2023-04-02 00:00:00,Neutral,Client reviewed the summary materials and asked for periodic monitoring to continue.
2311,931,23,Email,2021-02-28 00:00:00,Neutral,Client reviewed the summary materials and asked for periodic monitoring to continue.
2312,789,27,Meeting,2021-04-21 00:00:00,Positive,Positive discussion on long-term goals; client is comfortable with the current strategy.
2313,828,43,Meeting,2021-07-15 00:00:00,Neutral,Provided account update and answered standard questions on holdings and recent activity.
2314,385,38,Call,2021-04-23 00:00:00,Positive,Positive discussion on long-term goals; client is comfortable with the current strategy.
2315,925,21,Call,2024-06-28 00:00:00,Positive,Meeting went well; client approved the recommended diversification plan.
2316,513,18,Email,2023-06-20 00:00:00,Negative,Discussion reflected dissatisfaction with short-term performance; follow-up has been scheduled.
2317,202,33,Call,2021-02-10 00:00:00,Positive,Positive discussion on long-term goals; client is comfortable with the current strategy.
2318,255,10,Call,2021-10-16 00:00:00,Negative,Client requested clarification on fees and portfolio positioning after recent market movements.
2319,20,2,Call,2025-08-17 00:00:00,Positive,Positive discussion on long-term goals; client is comfortable with the current strategy.
2320,33,23,Call,2024-01-04 00:00:00,Neutral,Routine check-in completed; no major changes requested at this time.
2321,572,16,Email,2022-01-08 00:00:00,Positive,Client appreciated the portfolio review and agreed with the proposed allocation changes.
2322,157,32,Call,2023-03-02 00:00:00,Negative,Client expressed concern over communication frequency and expects a more proactive update cadence.
2323,498,49,Meeting,2025-10-13 00:00:00,Positive,Positive discussion on long-term goals; client is comfortable with the current strategy.
2324,819,34,Call,2025-04-03 00:00:00,Neutral,Routine check-in completed; no major changes requested at this time.
2325,363,37,Email,2025-09-01 00:00:00,Neutral,Routine check-in completed; no major changes requested at this time.
2326,229,7,Meeting,2024-09-19 00:00:00,Positive,Client expressed satisfaction with recent performance and welcomed follow-up next quarter.
2327,110,47,Call,2026-04-30 00:00:00,Neutral,Provided account update and answered standard questions on holdings and recent activity.
2328,402,14,Video Conference,2024-07-17 00:00:00,Positive,Constructive conversation with strong engagement; client requested additional retirement scenarios.
2329,719,44,Call,2024-12-30 00:00:00,Neutral,Client reviewed the summary materials and asked for periodic monitoring to continue.
2330,770,47,Meeting,2021-07-08 00:00:00,Positive,Positive discussion on long-term goals; client is comfortable with the current strategy.
2331,540,22,Meeting,2022-04-27 00:00:00,Negative,Client raised concerns about recent volatility and requested a detailed risk review.
2332,380,8,Email,2021-06-12 00:00:00,Positive,Client expressed satisfaction with recent performance and welcomed follow-up next quarter.
2333,646,3,Call,2022-09-22 00:00:00,Positive,Constructive conversation with strong engagement; client requested additional retirement scenarios.
2334,637,27,Video Conference,2023-11-10 00:00:00,Neutral,Interaction focused on regular portfolio maintenance with no urgent actions identified.
2335,216,47,Call,2023-06-15 00:00:00,Negative,Discussion reflected dissatisfaction with short-term performance; follow-up has been scheduled.
2336,551,28,Meeting,2025-10-09 00:00:00,Neutral,Client reviewed the summary materials and asked for periodic monitoring to continue.
2337,611,19,Meeting,2021-08-10 00:00:00,Positive,Client expressed satisfaction with recent performance and welcomed follow-up next quarter.
2338,268,49,Call,2026-03-06 00:00:00,Negative,Interaction indicated frustration regarding drawdowns; advisor to prepare mitigation options.
2339,866,39,Call,2026-04-07 00:00:00,Positive,Positive discussion on long-term goals; client is comfortable with the current strategy.
2340,831,47,Email,2021-12-10 00:00:00,Positive,Constructive conversation with strong engagement; client requested additional retirement scenarios.
2341,707,31,Meeting,2023-05-16 00:00:00,Negative,Client requested clarification on fees and portfolio positioning after recent market movements.
2342,32,32,Video Conference,2022-02-24 00:00:00,Positive,Client expressed satisfaction with recent performance and welcomed follow-up next quarter.
2343,104,8,Call,2025-08-20 00:00:00,Neutral,General discussion on market conditions; client prefers to maintain the current plan for now.
2344,447,30,Call,2021-11-26 00:00:00,Positive,Positive discussion on long-term goals; client is comfortable with the current strategy.
2345,470,39,Meeting,2022-11-23 00:00:00,Negative,Client requested clarification on fees and portfolio positioning after recent market movements.
2346,198,26,Video Conference,2025-10-10 00:00:00,Positive,Client appreciated the portfolio review and agreed with the proposed allocation changes.
2347,493,34,Call,2021-09-02 00:00:00,Positive,Meeting went well; client approved the recommended diversification plan.
2348,654,7,Email,2023-02-01 00:00:00,Positive,Client appreciated the portfolio review and agreed with the proposed allocation changes.
2349,197,5,Email,2021-05-14 00:00:00,Neutral,Provided account update and answered standard questions on holdings and recent activity.
2350,107,6,Call,2024-02-27 00:00:00,Positive,Client expressed satisfaction with recent performance and welcomed follow-up next quarter.
2351,24,27,Call,2026-03-17 00:00:00,Neutral,General discussion on market conditions; client prefers to maintain the current plan for now.
2352,589,2,Call,2024-06-10 00:00:00,Neutral,General discussion on market conditions; client prefers to maintain the current plan for now.
2353,286,50,Meeting,2026-01-01 00:00:00,Positive,Positive discussion on long-term goals; client is comfortable with the current strategy.
2354,581,23,Call,2025-08-24 00:00:00,Positive,Client appreciated the portfolio review and agreed with the proposed allocation changes.
2355,840,12,Email,2022-06-05 00:00:00,Positive,Client expressed satisfaction with recent performance and welcomed follow-up next quarter.
2356,27,49,Meeting,2021-03-01 00:00:00,Positive,Client expressed satisfaction with recent performance and welcomed follow-up next quarter.
2357,969,20,Meeting,2022-12-08 00:00:00,Neutral,Client reviewed the summary materials and asked for periodic monitoring to continue.
2358,435,34,Call,2025-08-28 00:00:00,Positive,Positive discussion on long-term goals; client is comfortable with the current strategy.
2359,174,37,Meeting,2026-03-07 00:00:00,Positive,Positive discussion on long-term goals; client is comfortable with the current strategy.
2360,449,8,Email,2022-05-10 00:00:00,Positive,Positive discussion on long-term goals; client is comfortable with the current strategy.
2361,531,44,Meeting,2023-05-28 00:00:00,Neutral,Client reviewed the summary materials and asked for periodic monitoring to continue.
2362,393,32,Meeting,2022-06-21 00:00:00,Negative,Client raised concerns about recent volatility and requested a detailed risk review.
2363,119,39,Email,2025-09-03 00:00:00,Negative,Client expressed concern over communication frequency and expects a more proactive update cadence.
2364,976,35,Meeting,2023-06-10 00:00:00,Neutral,Provided account update and answered standard questions on holdings and recent activity.
2365,592,46,Call,2021-05-08 00:00:00,Negative,Client requested clarification on fees and portfolio positioning after recent market movements.
2366,401,16,Email,2022-09-18 00:00:00,Positive,Client appreciated the portfolio review and agreed with the proposed allocation changes.
2367,398,13,Email,2023-04-07 00:00:00,Neutral,Routine check-in completed; no major changes requested at this time.
2368,857,13,Email,2025-12-31 00:00:00,Positive,Constructive conversation with strong engagement; client requested additional retirement scenarios.
2369,490,40,Call,2026-02-04 00:00:00,Neutral,Client reviewed the summary materials and asked for periodic monitoring to continue.
2370,318,4,Video Conference,2022-02-10 00:00:00,Neutral,Provided account update and answered standard questions on holdings and recent activity.
2371,962,38,Call,2025-06-24 00:00:00,Positive,Meeting went well; client approved the recommended diversification plan.
2372,723,26,Call,2026-02-23 00:00:00,Neutral,Interaction focused on regular portfolio maintenance with no urgent actions identified.
2373,619,45,Video Conference,2025-06-09 00:00:00,Negative,Interaction indicated frustration regarding drawdowns; advisor to prepare mitigation options.
2374,803,24,Call,2025-03-14 00:00:00,Negative,Interaction indicated frustration regarding drawdowns; advisor to prepare mitigation options.
2375,8,18,Email,2025-09-14 00:00:00,Negative,Client expressed concern over communication frequency and expects a more proactive update cadence.
2376,714,22,Meeting,2022-04-09 00:00:00,Negative,Client raised concerns about recent volatility and requested a detailed risk review.
2377,634,42,Meeting,2023-10-22 00:00:00,Negative,Client requested clarification on fees and portfolio positioning after recent market movements.
2378,789,27,Video Conference,2023-01-12 00:00:00,Positive,Positive discussion on long-term goals; client is comfortable with the current strategy.
2379,114,5,Video Conference,2025-06-29 00:00:00,Positive,Client appreciated the portfolio review and agreed with the proposed allocation changes.
2380,659,24,Meeting,2023-04-03 00:00:00,Negative,Client requested clarification on fees and portfolio positioning after recent market movements.
2381,424,4,Meeting,2021-05-24 00:00:00,Positive,Client expressed satisfaction with recent performance and welcomed follow-up next quarter.
2382,775,47,Call,2023-08-17 00:00:00,Neutral,General discussion on market conditions; client prefers to maintain the current plan for now.
2383,166,14,Email,2021-08-26 00:00:00,Negative,Client raised concerns about recent volatility and requested a detailed risk review.
2384,475,31,Email,2025-07-06 00:00:00,Negative,Client requested clarification on fees and portfolio positioning after recent market movements.
2385,831,34,Call,2026-04-01 00:00:00,Positive,Meeting went well; client approved the recommended diversification plan.
2386,206,16,Video Conference,2021-06-27 00:00:00,Positive,Client appreciated the portfolio review and agreed with the proposed allocation changes.
2387,393,32,Email,2022-05-16 00:00:00,Neutral,Client reviewed the summary materials and asked for periodic monitoring to continue.
2388,59,45,Email,2022-11-18 00:00:00,Positive,Meeting went well; client approved the recommended diversification plan.
2389,258,32,Video Conference,2024-07-03 00:00:00,Positive,Constructive conversation with strong engagement; client requested additional retirement scenarios.
2390,362,11,Video Conference,2021-09-01 00:00:00,Positive,Constructive conversation with strong engagement; client requested additional retirement scenarios.
2391,417,44,Meeting,2024-03-22 00:00:00,Neutral,Interaction focused on regular portfolio maintenance with no urgent actions identified.
2392,134,11,Meeting,2023-08-06 00:00:00,Negative,Client raised concerns about recent volatility and requested a detailed risk review.
2393,170,31,Email,2026-05-01 00:00:00,Negative,Client raised concerns about recent volatility and requested a detailed risk review.
2394,518,33,Call,2022-12-07 00:00:00,Positive,Client appreciated the portfolio review and agreed with the proposed allocation changes.
2395,986,19,Call,2021-08-23 00:00:00,Neutral,Interaction focused on regular portfolio maintenance with no urgent actions identified.
2396,607,19,Email,2023-12-29 00:00:00,Positive,Client expressed satisfaction with recent performance and welcomed follow-up next quarter.
2397,334,41,Call,2023-07-22 00:00:00,Positive,Client expressed satisfaction with recent performance and welcomed follow-up next quarter.
2398,869,20,Call,2022-02-23 00:00:00,Positive,Client expressed satisfaction with recent performance and welcomed follow-up next quarter.
2399,437,14,Meeting,2025-05-23 00:00:00,Negative,Client raised concerns about recent volatility and requested a detailed risk review.
2400,265,47,Video Conference,2025-09-26 00:00:00,Positive,Client appreciated the portfolio review and agreed with the proposed allocation changes.
2401,621,17,Call,2022-06-23 00:00:00,Positive,Constructive conversation with strong engagement; client requested additional retirement scenarios.
2402,319,46,Call,2025-01-27 00:00:00,Neutral,General discussion on market conditions; client prefers to maintain the current plan for now.
2403,415,8,Meeting,2022-02-12 00:00:00,Positive,Meeting went well; client approved the recommended diversification plan.
2404,447,47,Call,2021-03-05 00:00:00,Positive,Client appreciated the portfolio review and agreed with the proposed allocation changes.
2405,773,17,Email,2025-06-02 00:00:00,Positive,Constructive conversation with strong engagement; client requested additional retirement scenarios.
2406,737,10,Call,2023-04-24 00:00:00,Negative,Client requested clarification on fees and portfolio positioning after recent market movements.
2407,144,43,Call,2023-07-22 00:00:00,Negative,Discussion reflected dissatisfaction with short-term performance; follow-up has been scheduled.
2408,906,29,Video Conference,2021-03-29 00:00:00,Negative,Discussion reflected dissatisfaction with short-term performance; follow-up has been scheduled.
2409,522,12,Email,2022-05-31 00:00:00,Positive,Positive discussion on long-term goals; client is comfortable with the current strategy.
2410,567,33,Call,2023-02-22 00:00:00,Negative,Client expressed concern over communication frequency and expects a more proactive update cadence.
2411,490,40,Call,2022-08-15 00:00:00,Neutral,General discussion on market conditions; client prefers to maintain the current plan for now.
2412,535,17,Call,2022-06-13 00:00:00,Positive,Positive discussion on long-term goals; client is comfortable with the current strategy.
2413,762,14,Call,2025-01-02 00:00:00,Positive,Client expressed satisfaction with recent performance and welcomed follow-up next quarter.
2414,474,30,Meeting,2021-11-09 00:00:00,Neutral,Interaction focused on regular portfolio maintenance with no urgent actions identified.
2415,302,23,Email,2025-05-22 00:00:00,Positive,Client expressed satisfaction with recent performance and welcomed follow-up next quarter.
2416,26,44,Email,2022-10-14 00:00:00,Positive,Meeting went well; client approved the recommended diversification plan.
2417,584,9,Video Conference,2022-10-18 00:00:00,Neutral,Routine check-in completed; no major changes requested at this time.
2418,290,35,Email,2021-10-10 00:00:00,Neutral,General discussion on market conditions; client prefers to maintain the current plan for now.
2419,498,49,Call,2025-10-18 00:00:00,Negative,Discussion reflected dissatisfaction with short-term performance; follow-up has been scheduled.
2420,976,35,Call,2025-10-06 00:00:00,Positive,Client expressed satisfaction with recent performance and welcomed follow-up next quarter.
2421,559,44,Call,2022-11-15 00:00:00,Positive,Client expressed satisfaction with recent performance and welcomed follow-up next quarter.
2422,543,23,Meeting,2021-09-06 00:00:00,Positive,Meeting went well; client approved the recommended diversification plan.
2423,582,37,Video Conference,2025-12-26 00:00:00,Neutral,Client reviewed the summary materials and asked for periodic monitoring to continue.
2424,686,26,Video Conference,2024-05-11 00:00:00,Negative,Client requested clarification on fees and portfolio positioning after recent market movements.
2425,240,35,Call,2024-12-26 00:00:00,Positive,Meeting went well; client approved the recommended diversification plan.
2426,777,39,Call,2022-02-23 00:00:00,Neutral,Provided account update and answered standard questions on holdings and recent activity.
2427,116,46,Email,2024-01-06 00:00:00,Positive,Client appreciated the portfolio review and agreed with the proposed allocation changes.
2428,126,24,Video Conference,2021-01-03 00:00:00,Positive,Client expressed satisfaction with recent performance and welcomed follow-up next quarter.
2429,236,44,Meeting,2024-08-03 00:00:00,Neutral,Interaction focused on regular portfolio maintenance with no urgent actions identified.
2430,703,27,Call,2024-04-25 00:00:00,Neutral,Interaction focused on regular portfolio maintenance with no urgent actions identified.
2431,760,50,Email,2025-08-06 00:00:00,Positive,Client appreciated the portfolio review and agreed with the proposed allocation changes.
2432,545,49,Email,2023-07-16 00:00:00,Positive,Client expressed satisfaction with recent performance and welcomed follow-up next quarter.
2433,997,46,Email,2024-09-08 00:00:00,Negative,Client requested clarification on fees and portfolio positioning after recent market movements.
2434,821,26,Call,2021-06-19 00:00:00,Neutral,General discussion on market conditions; client prefers to maintain the current plan for now.
2435,939,14,Email,2026-01-06 00:00:00,Neutral,Provided account update and answered standard questions on holdings and recent activity.
2436,907,47,Email,2025-01-31 00:00:00,Positive,Positive discussion on long-term goals; client is comfortable with the current strategy.
2437,627,21,Video Conference,2023-01-08 00:00:00,Positive,Meeting went well; client approved the recommended diversification plan.
2438,671,3,Meeting,2021-03-27 00:00:00,Neutral,Routine check-in completed; no major changes requested at this time.
2439,316,32,Email,2022-06-02 00:00:00,Positive,Meeting went well; client approved the recommended diversification plan.
2440,113,39,Call,2023-08-04 00:00:00,Positive,Positive discussion on long-term goals; client is comfortable with the current strategy.
2441,601,23,Call,2025-05-13 00:00:00,Negative,Client expressed concern over communication frequency and expects a more proactive update cadence.
2442,453,43,Meeting,2025-10-04 00:00:00,Positive,Constructive conversation with strong engagement; client requested additional retirement scenarios.
2443,107,46,Call,2021-06-01 00:00:00,Positive,Client expressed satisfaction with recent performance and welcomed follow-up next quarter.
2444,472,20,Video Conference,2022-02-18 00:00:00,Positive,Client appreciated the portfolio review and agreed with the proposed allocation changes.
2445,619,4,Meeting,2022-01-29 00:00:00,Positive,Client appreciated the portfolio review and agreed with the proposed allocation changes.
2446,211,28,Video Conference,2025-07-06 00:00:00,Positive,Client appreciated the portfolio review and agreed with the proposed allocation changes.
2447,90,31,Meeting,2024-01-01 00:00:00,Neutral,Interaction focused on regular portfolio maintenance with no urgent actions identified.
2448,172,49,Video Conference,2022-08-07 00:00:00,Neutral,Client reviewed the summary materials and asked for periodic monitoring to continue.
2449,742,31,Meeting,2022-03-29 00:00:00,Positive,Meeting went well; client approved the recommended diversification plan.
2450,796,45,Video Conference,2023-03-18 00:00:00,Positive,Constructive conversation with strong engagement; client requested additional retirement scenarios.
2451,876,47,Email,2025-02-04 00:00:00,Positive,Meeting went well; client approved the recommended diversification plan.
2452,39,40,Call,2024-06-30 00:00:00,Negative,Client requested clarification on fees and portfolio positioning after recent market movements.
2453,125,6,Video Conference,2025-08-12 00:00:00,Negative,Client raised concerns about recent volatility and requested a detailed risk review.
2454,345,31,Email,2024-12-07 00:00:00,Negative,Client expressed concern over communication frequency and expects a more proactive update cadence.
2455,526,50,Email,2021-06-21 00:00:00,Positive,Meeting went well; client approved the recommended diversification plan.
2456,125,6,Call,2023-11-22 00:00:00,Negative,Client requested clarification on fees and portfolio positioning after recent market movements.
2457,296,48,Email,2022-07-13 00:00:00,Neutral,Routine check-in completed; no major changes requested at this time.
2458,281,30,Meeting,2026-05-12 00:00:00,Positive,Constructive conversation with strong engagement; client requested additional retirement scenarios.
2459,835,46,Email,2025-01-24 00:00:00,Negative,Client requested clarification on fees and portfolio positioning after recent market movements.
2460,39,35,Meeting,2023-04-21 00:00:00,Positive,Client expressed satisfaction with recent performance and welcomed follow-up next quarter.
2461,895,49,Call,2022-10-04 00:00:00,Neutral,Routine check-in completed; no major changes requested at this time.
2462,447,30,Video Conference,2024-08-22 00:00:00,Negative,Discussion reflected dissatisfaction with short-term performance; follow-up has been scheduled.
2463,59,45,Meeting,2024-12-22 00:00:00,Negative,Discussion reflected dissatisfaction with short-term performance; follow-up has been scheduled.
2464,883,29,Email,2021-01-02 00:00:00,Neutral,Client reviewed the summary materials and asked for periodic monitoring to continue.
2465,204,2,Email,2021-02-27 00:00:00,Neutral,Client reviewed the summary materials and asked for periodic monitoring to continue.
2466,59,45,Meeting,2023-05-09 00:00:00,Neutral,Provided account update and answered standard questions on holdings and recent activity.
2467,429,36,Email,2023-09-13 00:00:00,Positive,Client expressed satisfaction with recent performance and welcomed follow-up next quarter.
2468,614,45,Call,2024-04-26 00:00:00,Negative,Client expressed concern over communication frequency and expects a more proactive update cadence.
2469,59,45,Email,2024-12-06 00:00:00,Neutral,Routine check-in completed; no major changes requested at this time.
2470,66,6,Video Conference,2022-01-09 00:00:00,Positive,Constructive conversation with strong engagement; client requested additional retirement scenarios.
2471,144,19,Email,2024-02-15 00:00:00,Positive,Client appreciated the portfolio review and agreed with the proposed allocation changes.
2472,449,40,Meeting,2024-09-02 00:00:00,Positive,Constructive conversation with strong engagement; client requested additional retirement scenarios.
2473,69,1,Meeting,2025-01-28 00:00:00,Positive,Client appreciated the portfolio review and agreed with the proposed allocation changes.
2474,900,6,Meeting,2025-05-08 00:00:00,Neutral,Provided account update and answered standard questions on holdings and recent activity.
2475,786,39,Email,2025-07-11 00:00:00,Positive,Client appreciated the portfolio review and agreed with the proposed allocation changes.
2476,171,26,Email,2024-12-24 00:00:00,Positive,Meeting went well; client approved the recommended diversification plan.
2477,570,31,Call,2023-06-24 00:00:00,Negative,Client expressed concern over communication frequency and expects a more proactive update cadence.
2478,508,17,Meeting,2025-09-07 00:00:00,Positive,Constructive conversation with strong engagement; client requested additional retirement scenarios.
2479,599,31,Email,2025-05-09 00:00:00,Positive,Client expressed satisfaction with recent performance and welcomed follow-up next quarter.
2480,171,24,Call,2024-09-19 00:00:00,Positive,Constructive conversation with strong engagement; client requested additional retirement scenarios.
2481,18,31,Call,2022-09-20 00:00:00,Positive,Meeting went well; client approved the recommended diversification plan.
2482,52,5,Meeting,2025-10-01 00:00:00,Positive,Client expressed satisfaction with recent performance and welcomed follow-up next quarter.
2483,293,30,Meeting,2023-02-12 00:00:00,Neutral,General discussion on market conditions; client prefers to maintain the current plan for now.
2484,272,18,Video Conference,2022-06-19 00:00:00,Positive,Positive discussion on long-term goals; client is comfortable with the current strategy.
2485,751,50,Email,2023-10-09 00:00:00,Positive,Positive discussion on long-term goals; client is comfortable with the current strategy.
2486,876,47,Call,2021-11-08 00:00:00,Positive,Constructive conversation with strong engagement; client requested additional retirement scenarios.
2487,599,31,Email,2022-04-28 00:00:00,Positive,Client appreciated the portfolio review and agreed with the proposed allocation changes.
2488,905,24,Meeting,2023-09-18 00:00:00,Positive,Client appreciated the portfolio review and agreed with the proposed allocation changes.
2489,897,47,Meeting,2022-09-23 00:00:00,Neutral,Client reviewed the summary materials and asked for periodic monitoring to continue.
2490,684,11,Email,2024-11-12 00:00:00,Positive,Positive discussion on long-term goals; client is comfortable with the current strategy.
2491,417,44,Meeting,2022-03-03 00:00:00,Positive,Constructive conversation with strong engagement; client requested additional retirement scenarios.
2492,342,22,Email,2024-02-22 00:00:00,Positive,Meeting went well; client approved the recommended diversification plan.
2493,14,11,Meeting,2025-02-11 00:00:00,Negative,Client raised concerns about recent volatility and requested a detailed risk review.
2494,137,5,Call,2024-02-21 00:00:00,Positive,Positive discussion on long-term goals; client is comfortable with the current strategy.
2495,464,20,Meeting,2024-06-10 00:00:00,Negative,Client raised concerns about recent volatility and requested a detailed risk review.
2496,690,30,Email,2023-04-16 00:00:00,Positive,Positive discussion on long-term goals; client is comfortable with the current strategy.
2497,196,19,Call,2025-11-12 00:00:00,Negative,Client expressed concern over communication frequency and expects a more proactive update cadence.
2498,289,41,Video Conference,2024-01-16 00:00:00,Positive,Positive discussion on long-term goals; client is comfortable with the current strategy.
2499,593,4,Meeting,2022-11-17 00:00:00,Neutral,Interaction focused on regular portfolio maintenance with no urgent actions identified.
2500,362,11,Call,2024-05-28 00:00:00,Negative,Client raised concerns about recent volatility and requested a detailed risk review.
2501,933,19,Meeting,2023-04-19 00:00:00,Neutral,Client reviewed the summary materials and asked for periodic monitoring to continue.
2502,827,7,Video Conference,2025-06-07 00:00:00,Positive,Meeting went well; client approved the recommended diversification plan.
2503,446,12,Email,2021-09-05 00:00:00,Neutral,General discussion on market conditions; client prefers to maintain the current plan for now.
2504,811,2,Email,2022-06-30 00:00:00,Neutral,Client reviewed the summary materials and asked for periodic monitoring to continue.
2505,183,32,Call,2026-01-04 00:00:00,Positive,Meeting went well; client approved the recommended diversification plan.
2506,20,2,Video Conference,2023-12-21 00:00:00,Positive,Meeting went well; client approved the recommended diversification plan.
2507,171,24,Email,2026-05-07 00:00:00,Positive,Positive discussion on long-term goals; client is comfortable with the current strategy.
2508,840,16,Email,2022-07-01 00:00:00,Neutral,General discussion on market conditions; client prefers to maintain the current plan for now.
2509,851,1,Email,2021-08-13 00:00:00,Positive,Constructive conversation with strong engagement; client requested additional retirement scenarios.
2510,827,4,Meeting,2021-10-28 00:00:00,Positive,Client appreciated the portfolio review and agreed with the proposed allocation changes.
2511,958,27,Video Conference,2022-02-27 00:00:00,Negative,Client expressed concern over communication frequency and expects a more proactive update cadence.
2512,885,24,Meeting,2024-10-24 00:00:00,Positive,Client appreciated the portfolio review and agreed with the proposed allocation changes.
2513,788,20,Email,2022-07-21 00:00:00,Positive,Constructive conversation with strong engagement; client requested additional retirement scenarios.
2514,629,38,Meeting,2023-11-11 00:00:00,Neutral,Client reviewed the summary materials and asked for periodic monitoring to continue.
2515,695,9,Email,2026-04-01 00:00:00,Neutral,Client reviewed the summary materials and asked for periodic monitoring to continue.
2516,941,40,Email,2025-05-14 00:00:00,Positive,Client expressed satisfaction with recent performance and welcomed follow-up next quarter.
2517,88,47,Email,2022-04-05 00:00:00,Negative,Client raised concerns about recent volatility and requested a detailed risk review.
2518,290,23,Meeting,2021-05-26 00:00:00,Neutral,Client reviewed the summary materials and asked for periodic monitoring to continue.
2519,150,8,Video Conference,2021-11-15 00:00:00,Neutral,Client reviewed the summary materials and asked for periodic monitoring to continue.
2520,685,39,Call,2025-04-26 00:00:00,Positive,Constructive conversation with strong engagement; client requested additional retirement scenarios.
2521,466,35,Video Conference,2022-11-06 00:00:00,Positive,Constructive conversation with strong engagement; client requested additional retirement scenarios.
2522,812,46,Call,2021-03-04 00:00:00,Neutral,Interaction focused on regular portfolio maintenance with no urgent actions identified.
2523,771,9,Video Conference,2023-04-20 00:00:00,Positive,Client expressed satisfaction with recent performance and welcomed follow-up next quarter.
2524,579,15,Call,2021-03-16 00:00:00,Positive,Client expressed satisfaction with recent performance and welcomed follow-up next quarter.
2525,475,31,Meeting,2022-07-03 00:00:00,Neutral,Routine check-in completed; no major changes requested at this time.
2526,889,11,Video Conference,2021-12-29 00:00:00,Positive,Client expressed satisfaction with recent performance and welcomed follow-up next quarter.
2527,399,16,Call,2026-04-06 00:00:00,Positive,Meeting went well; client approved the recommended diversification plan.
2528,882,32,Call,2024-05-14 00:00:00,Negative,Discussion reflected dissatisfaction with short-term performance; follow-up has been scheduled.
2529,936,10,Video Conference,2022-12-04 00:00:00,Neutral,Provided account update and answered standard questions on holdings and recent activity.
2530,434,32,Email,2021-03-08 00:00:00,Positive,Constructive conversation with strong engagement; client requested additional retirement scenarios.
2531,955,1,Call,2021-03-23 00:00:00,Positive,Client expressed satisfaction with recent performance and welcomed follow-up next quarter.
2532,773,14,Call,2026-05-06 00:00:00,Positive,Client appreciated the portfolio review and agreed with the proposed allocation changes.
2533,824,20,Meeting,2023-10-27 00:00:00,Neutral,Client reviewed the summary materials and asked for periodic monitoring to continue.
2534,406,26,Meeting,2021-05-07 00:00:00,Positive,Constructive conversation with strong engagement; client requested additional retirement scenarios.
2535,448,42,Video Conference,2025-02-13 00:00:00,Neutral,General discussion on market conditions; client prefers to maintain the current plan for now.
2536,426,26,Meeting,2023-02-26 00:00:00,Positive,Meeting went well; client approved the recommended diversification plan.
2537,856,38,Call,2025-12-04 00:00:00,Neutral,Provided account update and answered standard questions on holdings and recent activity.
2538,653,6,Email,2025-12-24 00:00:00,Negative,Client raised concerns about recent volatility and requested a detailed risk review.
2539,860,49,Email,2025-07-30 00:00:00,Negative,Client requested clarification on fees and portfolio positioning after recent market movements.
2540,115,17,Meeting,2022-01-25 00:00:00,Negative,Client expressed concern over communication frequency and expects a more proactive update cadence.
2541,915,42,Call,2025-02-12 00:00:00,Negative,Client requested clarification on fees and portfolio positioning after recent market movements.
2542,404,27,Meeting,2026-03-25 00:00:00,Neutral,Interaction focused on regular portfolio maintenance with no urgent actions identified.
2543,434,14,Video Conference,2021-09-07 00:00:00,Positive,Constructive conversation with strong engagement; client requested additional retirement scenarios.
2544,38,32,Email,2024-07-31 00:00:00,Negative,Client expressed concern over communication frequency and expects a more proactive update cadence.
2545,193,22,Email,2022-09-27 00:00:00,Negative,Interaction indicated frustration regarding drawdowns; advisor to prepare mitigation options.
2546,988,12,Call,2023-05-31 00:00:00,Neutral,General discussion on market conditions; client prefers to maintain the current plan for now.
2547,205,10,Video Conference,2024-08-09 00:00:00,Positive,Positive discussion on long-term goals; client is comfortable with the current strategy.
2548,543,40,Meeting,2023-02-10 00:00:00,Neutral,Interaction focused on regular portfolio maintenance with no urgent actions identified.
2549,366,36,Email,2025-10-18 00:00:00,Positive,Constructive conversation with strong engagement; client requested additional retirement scenarios.
2550,263,17,Call,2022-11-11 00:00:00,Positive,Positive discussion on long-term goals; client is comfortable with the current strategy.
2551,286,7,Call,2025-03-21 00:00:00,Positive,Constructive conversation with strong engagement; client requested additional retirement scenarios.
2552,137,35,Email,2021-11-19 00:00:00,Positive,Client expressed satisfaction with recent performance and welcomed follow-up next quarter.
2553,815,44,Meeting,2021-10-04 00:00:00,Positive,Positive discussion on long-term goals; client is comfortable with the current strategy.
2554,216,47,Meeting,2022-04-23 00:00:00,Neutral,Client reviewed the summary materials and asked for periodic monitoring to continue.
2555,894,48,Email,2024-10-22 00:00:00,Neutral,General discussion on market conditions; client prefers to maintain the current plan for now.
2556,487,31,Meeting,2024-09-06 00:00:00,Positive,Meeting went well; client approved the recommended diversification plan.
2557,360,50,Video Conference,2023-11-11 00:00:00,Positive,Positive discussion on long-term goals; client is comfortable with the current strategy.
2558,441,46,Call,2024-10-02 00:00:00,Negative,Discussion reflected dissatisfaction with short-term performance; follow-up has been scheduled.
2559,580,26,Email,2023-12-04 00:00:00,Neutral,Interaction focused on regular portfolio maintenance with no urgent actions identified.
2560,129,9,Email,2022-11-27 00:00:00,Positive,Positive discussion on long-term goals; client is comfortable with the current strategy.
2561,697,32,Call,2024-12-07 00:00:00,Positive,Client expressed satisfaction with recent performance and welcomed follow-up next quarter.
2562,404,27,Meeting,2023-06-15 00:00:00,Negative,Client requested clarification on fees and portfolio positioning after recent market movements.
2563,692,24,Email,2021-07-25 00:00:00,Positive,Positive discussion on long-term goals; client is comfortable with the current strategy.
2564,464,20,Email,2024-05-24 00:00:00,Positive,Meeting went well; client approved the recommended diversification plan.
2565,69,11,Email,2021-09-19 00:00:00,Neutral,Routine check-in completed; no major changes requested at this time.
2566,485,8,Email,2023-12-18 00:00:00,Negative,Client expressed concern over communication frequency and expects a more proactive update cadence.
2567,497,45,Meeting,2022-11-27 00:00:00,Positive,Constructive conversation with strong engagement; client requested additional retirement scenarios.
2568,215,24,Meeting,2023-10-23 00:00:00,Positive,Constructive conversation with strong engagement; client requested additional retirement scenarios.
2569,59,23,Meeting,2021-12-20 00:00:00,Positive,Constructive conversation with strong engagement; client requested additional retirement scenarios.
2570,501,41,Meeting,2021-09-13 00:00:00,Neutral,Routine check-in completed; no major changes requested at this time.
2571,242,44,Email,2022-10-22 00:00:00,Negative,Client requested clarification on fees and portfolio positioning after recent market movements.
2572,762,3,Email,2023-11-01 00:00:00,Neutral,Interaction focused on regular portfolio maintenance with no urgent actions identified.
2573,914,23,Video Conference,2022-12-28 00:00:00,Neutral,General discussion on market conditions; client prefers to maintain the current plan for now.
2574,109,25,Meeting,2022-01-19 00:00:00,Positive,Constructive conversation with strong engagement; client requested additional retirement scenarios.
2575,843,13,Email,2024-01-20 00:00:00,Positive,Positive discussion on long-term goals; client is comfortable with the current strategy.
2576,327,41,Call,2025-04-27 00:00:00,Positive,Client appreciated the portfolio review and agreed with the proposed allocation changes.
2577,594,18,Call,2024-02-24 00:00:00,Negative,Client expressed concern over communication frequency and expects a more proactive update cadence.
2578,785,50,Call,2026-03-29 00:00:00,Neutral,General discussion on market conditions; client prefers to maintain the current plan for now.
2579,139,34,Meeting,2021-12-06 00:00:00,Positive,Client expressed satisfaction with recent performance and welcomed follow-up next quarter.
2580,734,25,Meeting,2022-10-29 00:00:00,Neutral,Interaction focused on regular portfolio maintenance with no urgent actions identified.
2581,631,16,Email,2024-08-14 00:00:00,Negative,Client expressed concern over communication frequency and expects a more proactive update cadence.
2582,834,31,Email,2021-01-11 00:00:00,Positive,Client appreciated the portfolio review and agreed with the proposed allocation changes.
2583,69,6,Call,2021-11-08 00:00:00,Positive,Client appreciated the portfolio review and agreed with the proposed allocation changes.
2584,738,22,Email,2026-01-06 00:00:00,Neutral,General discussion on market conditions; client prefers to maintain the current plan for now.
2585,126,24,Meeting,2024-05-29 00:00:00,Neutral,Client reviewed the summary materials and asked for periodic monitoring to continue.
2586,519,22,Call,2025-05-13 00:00:00,Neutral,Interaction focused on regular portfolio maintenance with no urgent actions identified.
2587,383,32,Email,2024-10-18 00:00:00,Neutral,Interaction focused on regular portfolio maintenance with no urgent actions identified.
2588,100,27,Meeting,2025-12-02 00:00:00,Negative,Client requested clarification on fees and portfolio positioning after recent market movements.
2589,559,44,Email,2023-10-28 00:00:00,Positive,Positive discussion on long-term goals; client is comfortable with the current strategy.
2590,319,46,Call,2023-04-18 00:00:00,Neutral,Interaction focused on regular portfolio maintenance with no urgent actions identified.
2591,351,26,Email,2024-10-26 00:00:00,Negative,Client raised concerns about recent volatility and requested a detailed risk review.
2592,628,17,Meeting,2022-10-09 00:00:00,Neutral,Routine check-in completed; no major changes requested at this time.
2593,72,48,Call,2022-10-31 00:00:00,Positive,Meeting went well; client approved the recommended diversification plan.
2594,855,19,Email,2021-08-02 00:00:00,Positive,Meeting went well; client approved the recommended diversification plan.
2595,849,49,Call,2025-07-27 00:00:00,Positive,Positive discussion on long-term goals; client is comfortable with the current strategy.
2596,121,24,Call,2024-10-08 00:00:00,Neutral,General discussion on market conditions; client prefers to maintain the current plan for now.
2597,153,14,Meeting,2022-08-13 00:00:00,Positive,Constructive conversation with strong engagement; client requested additional retirement scenarios.
2598,917,25,Email,2025-02-14 00:00:00,Negative,Client raised concerns about recent volatility and requested a detailed risk review.
2599,138,20,Video Conference,2021-05-10 00:00:00,Positive,Meeting went well; client approved the recommended diversification plan.
2600,72,48,Call,2023-10-06 00:00:00,Positive,Positive discussion on long-term goals; client is comfortable with the current strategy.
2601,435,30,Email,2022-04-16 00:00:00,Positive,Client expressed satisfaction with recent performance and welcomed follow-up next quarter.
2602,548,21,Meeting,2024-04-01 00:00:00,Positive,Positive discussion on long-term goals; client is comfortable with the current strategy.
2603,867,24,Meeting,2021-09-27 00:00:00,Neutral,Interaction focused on regular portfolio maintenance with no urgent actions identified.
2604,431,31,Meeting,2022-03-24 00:00:00,Neutral,Routine check-in completed; no major changes requested at this time.
2605,575,20,Video Conference,2021-05-12 00:00:00,Positive,Constructive conversation with strong engagement; client requested additional retirement scenarios.
2606,479,23,Call,2025-01-17 00:00:00,Negative,Client requested clarification on fees and portfolio positioning after recent market movements.
2607,386,37,Call,2021-09-26 00:00:00,Positive,Client appreciated the portfolio review and agreed with the proposed allocation changes.
2608,601,9,Call,2024-09-28 00:00:00,Negative,Client raised concerns about recent volatility and requested a detailed risk review.
2609,80,23,Meeting,2021-08-21 00:00:00,Positive,Positive discussion on long-term goals; client is comfortable with the current strategy.
2610,135,12,Email,2023-03-17 00:00:00,Neutral,Provided account update and answered standard questions on holdings and recent activity.
2611,165,45,Email,2021-06-06 00:00:00,Positive,Client expressed satisfaction with recent performance and welcomed follow-up next quarter.
2612,175,2,Meeting,2022-05-27 00:00:00,Positive,Positive discussion on long-term goals; client is comfortable with the current strategy.
2613,798,44,Email,2026-01-26 00:00:00,Positive,Client expressed satisfaction with recent performance and welcomed follow-up next quarter.
2614,944,34,Email,2023-01-16 00:00:00,Neutral,Routine check-in completed; no major changes requested at this time.
2615,756,11,Call,2023-02-24 00:00:00,Positive,Client appreciated the portfolio review and agreed with the proposed allocation changes.
2616,609,29,Email,2024-12-15 00:00:00,Positive,Meeting went well; client approved the recommended diversification plan.
2617,736,24,Meeting,2024-04-22 00:00:00,Positive,Client expressed satisfaction with recent performance and welcomed follow-up next quarter.
2618,707,12,Call,2025-06-29 00:00:00,Positive,Constructive conversation with strong engagement; client requested additional retirement scenarios.
2619,365,4,Video Conference,2026-04-05 00:00:00,Neutral,Client reviewed the summary materials and asked for periodic monitoring to continue.
2620,253,14,Meeting,2023-08-29 00:00:00,Positive,Meeting went well; client approved the recommended diversification plan.
2621,676,38,Email,2023-05-11 00:00:00,Neutral,Client reviewed the summary materials and asked for periodic monitoring to continue.
2622,560,26,Email,2022-10-04 00:00:00,Neutral,Provided account update and answered standard questions on holdings and recent activity.
2623,212,4,Call,2023-07-06 00:00:00,Positive,Constructive conversation with strong engagement; client requested additional retirement scenarios.
2624,917,25,Call,2022-08-06 00:00:00,Neutral,Routine check-in completed; no major changes requested at this time.
2625,669,24,Meeting,2023-03-14 00:00:00,Neutral,Routine check-in completed; no major changes requested at this time.
2626,423,44,Email,2022-02-19 00:00:00,Neutral,Provided account update and answered standard questions on holdings and recent activity.
2627,13,42,Meeting,2025-10-21 00:00:00,Negative,Client raised concerns about recent volatility and requested a detailed risk review.
2628,982,24,Call,2023-01-03 00:00:00,Positive,Positive discussion on long-term goals; client is comfortable with the current strategy.
2629,603,14,Email,2024-03-13 00:00:00,Positive,Positive discussion on long-term goals; client is comfortable with the current strategy.
2630,131,7,Meeting,2025-06-19 00:00:00,Positive,Positive discussion on long-term goals; client is comfortable with the current strategy.
2631,991,5,Call,2023-07-04 00:00:00,Positive,Client expressed satisfaction with recent performance and welcomed follow-up next quarter.
2632,745,15,Call,2023-07-03 00:00:00,Positive,Positive discussion on long-term goals; client is comfortable with the current strategy.
2633,399,16,Call,2021-09-25 00:00:00,Positive,Positive discussion on long-term goals; client is comfortable with the current strategy.
2634,123,25,Email,2024-02-07 00:00:00,Negative,Client raised concerns about recent volatility and requested a detailed risk review.
2635,925,21,Call,2026-05-18 00:00:00,Positive,Client appreciated the portfolio review and agreed with the proposed allocation changes.
2636,889,11,Video Conference,2024-11-15 00:00:00,Neutral,General discussion on market conditions; client prefers to maintain the current plan for now.
2637,21,14,Email,2024-12-01 00:00:00,Neutral,Routine check-in completed; no major changes requested at this time.
2638,794,1,Meeting,2021-10-26 00:00:00,Positive,Client expressed satisfaction with recent performance and welcomed follow-up next quarter.
2639,582,25,Email,2025-12-27 00:00:00,Positive,Positive discussion on long-term goals; client is comfortable with the current strategy.
2640,469,43,Call,2024-07-17 00:00:00,Neutral,Provided account update and answered standard questions on holdings and recent activity.
2641,564,13,Meeting,2024-03-08 00:00:00,Positive,Meeting went well; client approved the recommended diversification plan.
2642,906,29,Meeting,2021-01-06 00:00:00,Positive,Client expressed satisfaction with recent performance and welcomed follow-up next quarter.
2643,187,12,Video Conference,2022-07-07 00:00:00,Positive,Client expressed satisfaction with recent performance and welcomed follow-up next quarter.
2644,54,28,Email,2021-05-20 00:00:00,Neutral,Routine check-in completed; no major changes requested at this time.
2645,209,31,Email,2021-10-01 00:00:00,Neutral,Routine check-in completed; no major changes requested at this time.
2646,537,1,Email,2026-04-12 00:00:00,Neutral,Interaction focused on regular portfolio maintenance with no urgent actions identified.
2647,776,43,Meeting,2021-09-23 00:00:00,Positive,Constructive conversation with strong engagement; client requested additional retirement scenarios.
2648,748,10,Email,2024-07-12 00:00:00,Negative,Interaction indicated frustration regarding drawdowns; advisor to prepare mitigation options.
2649,574,22,Video Conference,2023-05-08 00:00:00,Positive,Positive discussion on long-term goals; client is comfortable with the current strategy.
2650,232,50,Email,2022-03-26 00:00:00,Positive,Positive discussion on long-term goals; client is comfortable with the current strategy.
2651,761,45,Meeting,2021-11-24 00:00:00,Neutral,Routine check-in completed; no major changes requested at this time.
2652,417,49,Email,2024-03-23 00:00:00,Positive,Client appreciated the portfolio review and agreed with the proposed allocation changes.
2653,200,1,Email,2024-10-22 00:00:00,Positive,Positive discussion on long-term goals; client is comfortable with the current strategy.
2654,557,49,Call,2025-01-13 00:00:00,Positive,Constructive conversation with strong engagement; client requested additional retirement scenarios.
2655,317,10,Email,2022-02-25 00:00:00,Positive,Positive discussion on long-term goals; client is comfortable with the current strategy.
2656,169,37,Call,2024-03-30 00:00:00,Neutral,General discussion on market conditions; client prefers to maintain the current plan for now.
2657,307,18,Meeting,2026-01-06 00:00:00,Positive,Client expressed satisfaction with recent performance and welcomed follow-up next quarter.
2658,707,31,Meeting,2022-11-15 00:00:00,Positive,Client expressed satisfaction with recent performance and welcomed follow-up next quarter.
2659,575,20,Meeting,2024-03-03 00:00:00,Positive,Meeting went well; client approved the recommended diversification plan.
2660,718,17,Meeting,2023-09-18 00:00:00,Positive,Client appreciated the portfolio review and agreed with the proposed allocation changes.
2661,722,36,Call,2025-04-23 00:00:00,Negative,Discussion reflected dissatisfaction with short-term performance; follow-up has been scheduled.
2662,388,50,Meeting,2021-09-16 00:00:00,Positive,Meeting went well; client approved the recommended diversification plan.
2663,384,42,Call,2023-04-29 00:00:00,Positive,Positive discussion on long-term goals; client is comfortable with the current strategy.
2664,800,43,Call,2023-06-22 00:00:00,Neutral,Interaction focused on regular portfolio maintenance with no urgent actions identified.
2665,390,50,Meeting,2025-05-25 00:00:00,Neutral,General discussion on market conditions; client prefers to maintain the current plan for now.
2666,811,2,Email,2025-01-29 00:00:00,Positive,Meeting went well; client approved the recommended diversification plan.
2667,181,8,Email,2022-08-07 00:00:00,Positive,Meeting went well; client approved the recommended diversification plan.
2668,751,50,Email,2022-11-13 00:00:00,Positive,Positive discussion on long-term goals; client is comfortable with the current strategy.
2669,673,47,Email,2022-05-14 00:00:00,Neutral,Interaction focused on regular portfolio maintenance with no urgent actions identified.
2670,219,24,Email,2026-04-04 00:00:00,Neutral,Client reviewed the summary materials and asked for periodic monitoring to continue.
2671,583,8,Call,2023-07-06 00:00:00,Neutral,Interaction focused on regular portfolio maintenance with no urgent actions identified.
2672,318,3,Call,2025-07-09 00:00:00,Positive,Meeting went well; client approved the recommended diversification plan.
2673,734,25,Call,2025-05-11 00:00:00,Positive,Positive discussion on long-term goals; client is comfortable with the current strategy.
2674,711,2,Email,2023-09-03 00:00:00,Neutral,Routine check-in completed; no major changes requested at this time.
2675,51,20,Meeting,2026-03-31 00:00:00,Neutral,Routine check-in completed; no major changes requested at this time.
2676,811,2,Meeting,2022-10-12 00:00:00,Neutral,Routine check-in completed; no major changes requested at this time.
2677,955,1,Meeting,2022-08-07 00:00:00,Positive,Client expressed satisfaction with recent performance and welcomed follow-up next quarter.
2678,588,45,Email,2021-03-28 00:00:00,Negative,Client requested clarification on fees and portfolio positioning after recent market movements.
2679,936,10,Call,2021-11-23 00:00:00,Positive,Meeting went well; client approved the recommended diversification plan.
2680,958,27,Video Conference,2022-09-30 00:00:00,Positive,Meeting went well; client approved the recommended diversification plan.
2681,725,30,Email,2024-03-10 00:00:00,Positive,Constructive conversation with strong engagement; client requested additional retirement scenarios.
2682,646,8,Email,2025-12-08 00:00:00,Positive,Client appreciated the portfolio review and agreed with the proposed allocation changes.
2683,654,7,Email,2022-08-04 00:00:00,Negative,Interaction indicated frustration regarding drawdowns; advisor to prepare mitigation options.
2684,979,4,Email,2021-12-01 00:00:00,Neutral,Interaction focused on regular portfolio maintenance with no urgent actions identified.
2685,108,20,Video Conference,2025-10-04 00:00:00,Positive,Positive discussion on long-term goals; client is comfortable with the current strategy.
2686,666,16,Call,2023-02-13 00:00:00,Positive,Meeting went well; client approved the recommended diversification plan.
2687,109,25,Email,2022-10-29 00:00:00,Negative,Discussion reflected dissatisfaction with short-term performance; follow-up has been scheduled.
2688,284,21,Call,2026-04-23 00:00:00,Positive,Client appreciated the portfolio review and agreed with the proposed allocation changes.
2689,27,49,Call,2025-11-09 00:00:00,Positive,Positive discussion on long-term goals; client is comfortable with the current strategy.
2690,52,5,Email,2025-04-06 00:00:00,Negative,Client expressed concern over communication frequency and expects a more proactive update cadence.
2691,562,11,Call,2021-12-18 00:00:00,Neutral,Routine check-in completed; no major changes requested at this time.
2692,75,49,Video Conference,2021-07-07 00:00:00,Positive,Positive discussion on long-term goals; client is comfortable with the current strategy.
2693,81,24,Meeting,2021-05-20 00:00:00,Positive,Meeting went well; client approved the recommended diversification plan.
2694,810,24,Email,2023-09-02 00:00:00,Negative,Interaction indicated frustration regarding drawdowns; advisor to prepare mitigation options.
2695,3,25,Call,2023-10-17 00:00:00,Positive,Constructive conversation with strong engagement; client requested additional retirement scenarios.
2696,153,14,Call,2025-03-02 00:00:00,Neutral,General discussion on market conditions; client prefers to maintain the current plan for now.
2697,617,11,Meeting,2024-07-04 00:00:00,Neutral,Provided account update and answered standard questions on holdings and recent activity.
2698,864,24,Meeting,2023-02-25 00:00:00,Positive,Positive discussion on long-term goals; client is comfortable with the current strategy.
2699,296,48,Email,2023-07-15 00:00:00,Neutral,Provided account update and answered standard questions on holdings and recent activity.
2700,743,22,Video Conference,2022-04-02 00:00:00,Neutral,Provided account update and answered standard questions on holdings and recent activity.
2701,277,26,Video Conference,2026-03-30 00:00:00,Neutral,Client reviewed the summary materials and asked for periodic monitoring to continue.
2702,886,31,Call,2021-04-22 00:00:00,Neutral,Provided account update and answered standard questions on holdings and recent activity.
2703,191,21,Call,2025-12-20 00:00:00,Positive,Client appreciated the portfolio review and agreed with the proposed allocation changes.
2704,192,44,Meeting,2021-12-15 00:00:00,Positive,Meeting went well; client approved the recommended diversification plan.
2705,686,26,Email,2022-02-24 00:00:00,Positive,Client appreciated the portfolio review and agreed with the proposed allocation changes.
2706,818,26,Video Conference,2025-01-23 00:00:00,Positive,Meeting went well; client approved the recommended diversification plan.
2707,375,16,Email,2024-06-10 00:00:00,Positive,Meeting went well; client approved the recommended diversification plan.
2708,838,27,Email,2023-06-20 00:00:00,Neutral,Client reviewed the summary materials and asked for periodic monitoring to continue.
2709,44,35,Email,2024-11-11 00:00:00,Positive,Meeting went well; client approved the recommended diversification plan.
2710,370,48,Email,2021-04-27 00:00:00,Neutral,Provided account update and answered standard questions on holdings and recent activity.
2711,126,24,Video Conference,2023-12-13 00:00:00,Positive,Meeting went well; client approved the recommended diversification plan.
2712,92,19,Call,2021-05-25 00:00:00,Neutral,General discussion on market conditions; client prefers to maintain the current plan for now.
2713,475,7,Call,2025-12-31 00:00:00,Positive,Positive discussion on long-term goals; client is comfortable with the current strategy.
2714,959,47,Meeting,2026-02-24 00:00:00,Neutral,General discussion on market conditions; client prefers to maintain the current plan for now.
2715,541,27,Call,2024-08-13 00:00:00,Positive,Positive discussion on long-term goals; client is comfortable with the current strategy.
2716,999,26,Email,2025-07-20 00:00:00,Positive,Constructive conversation with strong engagement; client requested additional retirement scenarios.
2717,144,19,Call,2021-12-21 00:00:00,Neutral,Routine check-in completed; no major changes requested at this time.
2718,569,18,Email,2026-01-05 00:00:00,Neutral,Routine check-in completed; no major changes requested at this time.
2719,363,37,Call,2022-03-12 00:00:00,Neutral,Provided account update and answered standard questions on holdings and recent activity.
2720,648,43,Call,2025-05-04 00:00:00,Positive,Client expressed satisfaction with recent performance and welcomed follow-up next quarter.
2721,272,18,Meeting,2021-09-09 00:00:00,Neutral,Client reviewed the summary materials and asked for periodic monitoring to continue.
2722,980,5,Video Conference,2021-05-31 00:00:00,Neutral,Client reviewed the summary materials and asked for periodic monitoring to continue.
2723,463,42,Meeting,2023-02-24 00:00:00,Positive,Positive discussion on long-term goals; client is comfortable with the current strategy.
2724,41,29,Email,2023-08-01 00:00:00,Positive,Positive discussion on long-term goals; client is comfortable with the current strategy.
2725,116,28,Call,2023-10-30 00:00:00,Positive,Constructive conversation with strong engagement; client requested additional retirement scenarios.
2726,892,37,Call,2022-01-10 00:00:00,Positive,Positive discussion on long-term goals; client is comfortable with the current strategy.
2727,13,42,Meeting,2023-01-08 00:00:00,Neutral,Client reviewed the summary materials and asked for periodic monitoring to continue.
2728,499,9,Call,2025-11-15 00:00:00,Positive,Positive discussion on long-term goals; client is comfortable with the current strategy.
2729,646,6,Meeting,2023-07-05 00:00:00,Positive,Constructive conversation with strong engagement; client requested additional retirement scenarios.
2730,790,44,Email,2024-04-15 00:00:00,Positive,Client appreciated the portfolio review and agreed with the proposed allocation changes.
2731,47,22,Meeting,2023-02-16 00:00:00,Negative,Interaction indicated frustration regarding drawdowns; advisor to prepare mitigation options.
2732,740,24,Email,2024-03-26 00:00:00,Positive,Constructive conversation with strong engagement; client requested additional retirement scenarios.
2733,964,25,Email,2024-11-23 00:00:00,Positive,Constructive conversation with strong engagement; client requested additional retirement scenarios.
2734,995,24,Meeting,2024-07-30 00:00:00,Negative,Interaction indicated frustration regarding drawdowns; advisor to prepare mitigation options.
2735,122,44,Email,2024-08-06 00:00:00,Negative,Client raised concerns about recent volatility and requested a detailed risk review.
2736,86,45,Call,2023-02-21 00:00:00,Positive,Client expressed satisfaction with recent performance and welcomed follow-up next quarter.
2737,655,19,Email,2022-05-24 00:00:00,Negative,Discussion reflected dissatisfaction with short-term performance; follow-up has been scheduled.
2738,508,17,Video Conference,2023-07-20 00:00:00,Positive,Constructive conversation with strong engagement; client requested additional retirement scenarios.
2739,204,2,Video Conference,2021-03-26 00:00:00,Positive,Constructive conversation with strong engagement; client requested additional retirement scenarios.
2740,587,28,Email,2025-11-15 00:00:00,Negative,Discussion reflected dissatisfaction with short-term performance; follow-up has been scheduled.
2741,397,14,Email,2021-07-28 00:00:00,Neutral,Interaction focused on regular portfolio maintenance with no urgent actions identified.
2742,479,23,Email,2024-04-02 00:00:00,Positive,Client expressed satisfaction with recent performance and welcomed follow-up next quarter.
2743,975,31,Email,2024-01-07 00:00:00,Neutral,Interaction focused on regular portfolio maintenance with no urgent actions identified.
2744,135,4,Meeting,2022-12-17 00:00:00,Positive,Meeting went well; client approved the recommended diversification plan.
2745,58,40,Call,2022-01-31 00:00:00,Positive,Positive discussion on long-term goals; client is comfortable with the current strategy.
2746,941,27,Video Conference,2021-07-22 00:00:00,Neutral,Routine check-in completed; no major changes requested at this time.
2747,355,31,Email,2022-08-04 00:00:00,Neutral,Client reviewed the summary materials and asked for periodic monitoring to continue.
2748,276,30,Video Conference,2026-01-22 00:00:00,Positive,Constructive conversation with strong engagement; client requested additional retirement scenarios.
2749,265,47,Meeting,2024-05-24 00:00:00,Neutral,Provided account update and answered standard questions on holdings and recent activity.
2750,442,49,Email,2023-09-09 00:00:00,Positive,Meeting went well; client approved the recommended diversification plan.
2751,296,48,Call,2024-09-03 00:00:00,Positive,Meeting went well; client approved the recommended diversification plan.
2752,11,6,Call,2025-06-13 00:00:00,Positive,Client expressed satisfaction with recent performance and welcomed follow-up next quarter.
2753,890,46,Call,2026-04-08 00:00:00,Positive,Constructive conversation with strong engagement; client requested additional retirement scenarios.
2754,338,6,Call,2024-01-21 00:00:00,Positive,Client appreciated the portfolio review and agreed with the proposed allocation changes.
2755,664,32,Video Conference,2022-09-21 00:00:00,Negative,Interaction indicated frustration regarding drawdowns; advisor to prepare mitigation options.
2756,678,7,Email,2025-04-24 00:00:00,Neutral,Client reviewed the summary materials and asked for periodic monitoring to continue.
2757,400,29,Video Conference,2026-03-13 00:00:00,Neutral,Interaction focused on regular portfolio maintenance with no urgent actions identified.
2758,301,42,Email,2021-11-14 00:00:00,Positive,Client appreciated the portfolio review and agreed with the proposed allocation changes.
2759,901,15,Email,2023-08-18 00:00:00,Negative,Client requested clarification on fees and portfolio positioning after recent market movements.
2760,10,8,Call,2022-02-26 00:00:00,Neutral,Routine check-in completed; no major changes requested at this time.
2761,501,41,Meeting,2025-05-03 00:00:00,Negative,Client requested clarification on fees and portfolio positioning after recent market movements.
2762,248,30,Meeting,2022-05-17 00:00:00,Negative,Client expressed concern over communication frequency and expects a more proactive update cadence.
2763,634,15,Meeting,2024-06-13 00:00:00,Positive,Client appreciated the portfolio review and agreed with the proposed allocation changes.
2764,356,16,Video Conference,2022-04-06 00:00:00,Positive,Client expressed satisfaction with recent performance and welcomed follow-up next quarter.
2765,318,24,Video Conference,2025-03-27 00:00:00,Positive,Client expressed satisfaction with recent performance and welcomed follow-up next quarter.
2766,742,35,Email,2022-12-19 00:00:00,Neutral,Provided account update and answered standard questions on holdings and recent activity.
2767,592,46,Email,2026-03-15 00:00:00,Neutral,Interaction focused on regular portfolio maintenance with no urgent actions identified.
2768,385,37,Call,2021-06-03 00:00:00,Negative,Interaction indicated frustration regarding drawdowns; advisor to prepare mitigation options.
2769,701,3,Video Conference,2024-02-26 00:00:00,Neutral,General discussion on market conditions; client prefers to maintain the current plan for now.
2770,260,49,Call,2023-10-30 00:00:00,Neutral,General discussion on market conditions; client prefers to maintain the current plan for now.
2771,979,4,Meeting,2025-09-02 00:00:00,Neutral,Interaction focused on regular portfolio maintenance with no urgent actions identified.
2772,171,24,Video Conference,2023-04-24 00:00:00,Neutral,Provided account update and answered standard questions on holdings and recent activity.
2773,718,17,Meeting,2024-05-26 00:00:00,Neutral,Client reviewed the summary materials and asked for periodic monitoring to continue.
2774,500,42,Email,2021-11-06 00:00:00,Positive,Constructive conversation with strong engagement; client requested additional retirement scenarios.
2775,975,31,Email,2025-03-19 00:00:00,Positive,Positive discussion on long-term goals; client is comfortable with the current strategy.
2776,359,10,Email,2023-09-26 00:00:00,Positive,Client expressed satisfaction with recent performance and welcomed follow-up next quarter.
2777,25,15,Video Conference,2025-10-11 00:00:00,Positive,Positive discussion on long-term goals; client is comfortable with the current strategy.
2778,472,20,Meeting,2022-03-13 00:00:00,Negative,Client expressed concern over communication frequency and expects a more proactive update cadence.
2779,447,30,Call,2023-04-06 00:00:00,Positive,Meeting went well; client approved the recommended diversification plan.
2780,478,45,Email,2021-07-23 00:00:00,Positive,Meeting went well; client approved the recommended diversification plan.
2781,206,16,Call,2025-10-29 00:00:00,Positive,Client expressed satisfaction with recent performance and welcomed follow-up next quarter.
2782,75,49,Call,2021-06-22 00:00:00,Negative,Client raised concerns about recent volatility and requested a detailed risk review.
2783,25,15,Email,2024-08-19 00:00:00,Positive,Positive discussion on long-term goals; client is comfortable with the current strategy.
2784,153,14,Meeting,2023-07-22 00:00:00,Positive,Client appreciated the portfolio review and agreed with the proposed allocation changes.
2785,970,33,Email,2021-06-23 00:00:00,Positive,Client expressed satisfaction with recent performance and welcomed follow-up next quarter.
2786,374,22,Call,2024-12-28 00:00:00,Positive,Positive discussion on long-term goals; client is comfortable with the current strategy.
2787,731,37,Video Conference,2023-05-11 00:00:00,Neutral,Provided account update and answered standard questions on holdings and recent activity.
2788,319,46,Video Conference,2025-03-02 00:00:00,Neutral,Client reviewed the summary materials and asked for periodic monitoring to continue.
2789,139,34,Video Conference,2022-11-13 00:00:00,Neutral,Client reviewed the summary materials and asked for periodic monitoring to continue.
2790,554,46,Email,2024-03-13 00:00:00,Positive,Client expressed satisfaction with recent performance and welcomed follow-up next quarter.
2791,142,34,Meeting,2025-01-21 00:00:00,Neutral,Routine check-in completed; no major changes requested at this time.
2792,384,30,Meeting,2021-01-21 00:00:00,Neutral,Interaction focused on regular portfolio maintenance with no urgent actions identified.
2793,702,12,Meeting,2024-07-02 00:00:00,Neutral,Client reviewed the summary materials and asked for periodic monitoring to continue.
2794,25,15,Call,2022-01-31 00:00:00,Negative,Client requested clarification on fees and portfolio positioning after recent market movements.
2795,461,16,Meeting,2026-05-25 00:00:00,Positive,Client appreciated the portfolio review and agreed with the proposed allocation changes.
2796,539,2,Call,2023-01-02 00:00:00,Positive,Meeting went well; client approved the recommended diversification plan.
2797,916,46,Email,2021-05-25 00:00:00,Positive,Positive discussion on long-term goals; client is comfortable with the current strategy.
2798,88,47,Meeting,2022-10-28 00:00:00,Positive,Client appreciated the portfolio review and agreed with the proposed allocation changes.
2799,749,43,Email,2023-07-11 00:00:00,Positive,Client expressed satisfaction with recent performance and welcomed follow-up next quarter.
2800,548,21,Meeting,2024-05-16 00:00:00,Neutral,Interaction focused on regular portfolio maintenance with no urgent actions identified.
2801,612,15,Video Conference,2026-01-30 00:00:00,Positive,Constructive conversation with strong engagement; client requested additional retirement scenarios.
2802,143,28,Email,2021-04-07 00:00:00,Neutral,General discussion on market conditions; client prefers to maintain the current plan for now.
2803,27,49,Call,2023-09-08 00:00:00,Positive,Constructive conversation with strong engagement; client requested additional retirement scenarios.
2804,755,21,Email,2026-02-12 00:00:00,Neutral,Interaction focused on regular portfolio maintenance with no urgent actions identified.
2805,620,18,Meeting,2021-11-05 00:00:00,Positive,Meeting went well; client approved the recommended diversification plan.
2806,838,27,Meeting,2026-05-21 00:00:00,Neutral,Routine check-in completed; no major changes requested at this time.
2807,441,46,Email,2021-12-29 00:00:00,Positive,Client appreciated the portfolio review and agreed with the proposed allocation changes.
2808,836,17,Email,2025-04-24 00:00:00,Neutral,General discussion on market conditions; client prefers to maintain the current plan for now.
2809,266,31,Call,2024-05-27 00:00:00,Neutral,Provided account update and answered standard questions on holdings and recent activity.
2810,8,18,Call,2021-08-16 00:00:00,Negative,Discussion reflected dissatisfaction with short-term performance; follow-up has been scheduled.
2811,342,18,Email,2022-07-21 00:00:00,Negative,Client raised concerns about recent volatility and requested a detailed risk review.
2812,502,43,Call,2025-04-28 00:00:00,Positive,Client expressed satisfaction with recent performance and welcomed follow-up next quarter.
2813,623,6,Call,2023-12-17 00:00:00,Negative,Client requested clarification on fees and portfolio positioning after recent market movements.
2814,665,5,Email,2024-12-06 00:00:00,Positive,Positive discussion on long-term goals; client is comfortable with the current strategy.
2815,886,31,Call,2024-10-04 00:00:00,Neutral,Client reviewed the summary materials and asked for periodic monitoring to continue.
2816,145,23,Email,2025-03-18 00:00:00,Positive,Constructive conversation with strong engagement; client requested additional retirement scenarios.
2817,298,26,Email,2025-12-27 00:00:00,Neutral,Routine check-in completed; no major changes requested at this time.
2818,816,17,Email,2025-06-22 00:00:00,Positive,Meeting went well; client approved the recommended diversification plan.
2819,355,31,Call,2023-02-01 00:00:00,Positive,Constructive conversation with strong engagement; client requested additional retirement scenarios.
2820,512,19,Call,2024-08-22 00:00:00,Neutral,Provided account update and answered standard questions on holdings and recent activity.
2821,427,38,Video Conference,2024-08-23 00:00:00,Positive,Client appreciated the portfolio review and agreed with the proposed allocation changes.
2822,687,15,Meeting,2025-06-17 00:00:00,Positive,Client expressed satisfaction with recent performance and welcomed follow-up next quarter.
2823,970,12,Email,2021-12-27 00:00:00,Positive,Meeting went well; client approved the recommended diversification plan.
2824,71,46,Email,2023-07-08 00:00:00,Positive,Constructive conversation with strong engagement; client requested additional retirement scenarios.
2825,335,11,Meeting,2024-11-22 00:00:00,Positive,Client expressed satisfaction with recent performance and welcomed follow-up next quarter.
2826,647,20,Call,2023-05-26 00:00:00,Negative,Interaction indicated frustration regarding drawdowns; advisor to prepare mitigation options.
2827,931,23,Call,2021-01-27 00:00:00,Neutral,Provided account update and answered standard questions on holdings and recent activity.
2828,511,11,Call,2024-05-06 00:00:00,Negative,Discussion reflected dissatisfaction with short-term performance; follow-up has been scheduled.
2829,990,9,Video Conference,2024-08-19 00:00:00,Positive,Client appreciated the portfolio review and agreed with the proposed allocation changes.
2830,654,24,Call,2023-08-19 00:00:00,Positive,Client expressed satisfaction with recent performance and welcomed follow-up next quarter.
2831,464,20,Call,2024-10-05 00:00:00,Positive,Client expressed satisfaction with recent performance and welcomed follow-up next quarter.
2832,1000,38,Meeting,2024-12-05 00:00:00,Positive,Client appreciated the portfolio review and agreed with the proposed allocation changes.
2833,713,6,Call,2025-05-06 00:00:00,Positive,Positive discussion on long-term goals; client is comfortable with the current strategy.
2834,542,18,Call,2026-03-01 00:00:00,Positive,Client appreciated the portfolio review and agreed with the proposed allocation changes.
2835,221,48,Meeting,2022-08-20 00:00:00,Neutral,Interaction focused on regular portfolio maintenance with no urgent actions identified.
2836,416,29,Email,2024-11-29 00:00:00,Positive,Client expressed satisfaction with recent performance and welcomed follow-up next quarter.
2837,523,48,Meeting,2024-12-29 00:00:00,Neutral,Routine check-in completed; no major changes requested at this time.
2838,473,11,Meeting,2022-03-01 00:00:00,Positive,Meeting went well; client approved the recommended diversification plan.
2839,113,39,Email,2021-08-26 00:00:00,Positive,Constructive conversation with strong engagement; client requested additional retirement scenarios.
2840,597,19,Call,2023-04-10 00:00:00,Neutral,Routine check-in completed; no major changes requested at this time.
2841,211,28,Call,2025-08-11 00:00:00,Neutral,Provided account update and answered standard questions on holdings and recent activity.
2842,821,26,Meeting,2026-05-24 00:00:00,Neutral,Provided account update and answered standard questions on holdings and recent activity.
2843,343,48,Call,2024-08-07 00:00:00,Positive,Client appreciated the portfolio review and agreed with the proposed allocation changes.
2844,618,44,Meeting,2021-01-25 00:00:00,Positive,Meeting went well; client approved the recommended diversification plan.
2845,882,32,Call,2021-07-30 00:00:00,Neutral,General discussion on market conditions; client prefers to maintain the current plan for now.
2846,416,29,Call,2022-06-30 00:00:00,Neutral,Client reviewed the summary materials and asked for periodic monitoring to continue.
2847,766,40,Email,2024-09-14 00:00:00,Positive,Meeting went well; client approved the recommended diversification plan.
2848,327,41,Video Conference,2022-01-03 00:00:00,Negative,Interaction indicated frustration regarding drawdowns; advisor to prepare mitigation options.
2849,243,20,Call,2023-10-13 00:00:00,Negative,Discussion reflected dissatisfaction with short-term performance; follow-up has been scheduled.
2850,523,48,Call,2021-05-29 00:00:00,Positive,Constructive conversation with strong engagement; client requested additional retirement scenarios.
2851,705,40,Video Conference,2022-03-13 00:00:00,Negative,Discussion reflected dissatisfaction with short-term performance; follow-up has been scheduled.
2852,119,43,Call,2025-09-24 00:00:00,Positive,Client appreciated the portfolio review and agreed with the proposed allocation changes.
2853,251,6,Video Conference,2021-05-17 00:00:00,Positive,Positive discussion on long-term goals; client is comfortable with the current strategy.
2854,440,15,Video Conference,2024-09-07 00:00:00,Positive,Positive discussion on long-term goals; client is comfortable with the current strategy.
2855,654,7,Email,2021-03-12 00:00:00,Positive,Meeting went well; client approved the recommended diversification plan.
2856,62,10,Call,2022-04-10 00:00:00,Positive,Meeting went well; client approved the recommended diversification plan.
2857,905,12,Video Conference,2022-04-15 00:00:00,Neutral,Interaction focused on regular portfolio maintenance with no urgent actions identified.
2858,888,7,Meeting,2021-07-23 00:00:00,Positive,Meeting went well; client approved the recommended diversification plan.
2859,129,14,Call,2022-11-09 00:00:00,Positive,Constructive conversation with strong engagement; client requested additional retirement scenarios.
2860,790,44,Email,2024-01-06 00:00:00,Negative,Client raised concerns about recent volatility and requested a detailed risk review.
2861,136,14,Email,2021-04-19 00:00:00,Positive,Constructive conversation with strong engagement; client requested additional retirement scenarios.
2862,470,39,Meeting,2021-03-11 00:00:00,Positive,Positive discussion on long-term goals; client is comfortable with the current strategy.
2863,857,13,Call,2021-04-25 00:00:00,Neutral,Routine check-in completed; no major changes requested at this time.
2864,429,18,Call,2022-04-20 00:00:00,Positive,Meeting went well; client approved the recommended diversification plan.
2865,252,16,Call,2023-08-18 00:00:00,Neutral,Interaction focused on regular portfolio maintenance with no urgent actions identified.
2866,413,4,Meeting,2021-03-13 00:00:00,Neutral,Provided account update and answered standard questions on holdings and recent activity.
2867,928,18,Email,2026-02-01 00:00:00,Negative,Client expressed concern over communication frequency and expects a more proactive update cadence.
2868,910,43,Meeting,2024-02-10 00:00:00,Neutral,Client reviewed the summary materials and asked for periodic monitoring to continue.
2869,685,3,Email,2021-02-23 00:00:00,Positive,Meeting went well; client approved the recommended diversification plan.
2870,635,8,Call,2026-05-10 00:00:00,Neutral,Provided account update and answered standard questions on holdings and recent activity.
2871,451,17,Email,2023-08-25 00:00:00,Neutral,Routine check-in completed; no major changes requested at this time.
2872,118,42,Email,2026-03-31 00:00:00,Positive,Positive discussion on long-term goals; client is comfortable with the current strategy.
2873,646,6,Email,2021-03-22 00:00:00,Neutral,Provided account update and answered standard questions on holdings and recent activity.
2874,433,23,Call,2021-01-04 00:00:00,Neutral,Client reviewed the summary materials and asked for periodic monitoring to continue.
2875,110,39,Video Conference,2025-04-11 00:00:00,Positive,Client expressed satisfaction with recent performance and welcomed follow-up next quarter.
2876,990,9,Call,2025-05-07 00:00:00,Positive,Meeting went well; client approved the recommended diversification plan.
2877,152,34,Meeting,2022-11-04 00:00:00,Negative,Client expressed concern over communication frequency and expects a more proactive update cadence.
2878,749,43,Email,2024-01-26 00:00:00,Positive,Meeting went well; client approved the recommended diversification plan.
2879,370,48,Email,2024-02-22 00:00:00,Positive,Meeting went well; client approved the recommended diversification plan.
2880,656,48,Email,2022-05-08 00:00:00,Positive,Positive discussion on long-term goals; client is comfortable with the current strategy.
2881,76,7,Email,2022-09-22 00:00:00,Positive,Positive discussion on long-term goals; client is comfortable with the current strategy.
2882,246,42,Video Conference,2023-09-18 00:00:00,Neutral,Provided account update and answered standard questions on holdings and recent activity.
2883,253,14,Meeting,2022-01-08 00:00:00,Neutral,Client reviewed the summary materials and asked for periodic monitoring to continue.
2884,676,44,Meeting,2025-07-26 00:00:00,Neutral,General discussion on market conditions; client prefers to maintain the current plan for now.
2885,295,42,Video Conference,2025-02-03 00:00:00,Positive,Positive discussion on long-term goals; client is comfortable with the current strategy.
2886,516,42,Video Conference,2023-10-26 00:00:00,Positive,Client expressed satisfaction with recent performance and welcomed follow-up next quarter.
2887,16,13,Meeting,2024-02-08 00:00:00,Negative,Client expressed concern over communication frequency and expects a more proactive update cadence.
2888,591,37,Call,2021-10-14 00:00:00,Positive,Client appreciated the portfolio review and agreed with the proposed allocation changes.
2889,450,41,Meeting,2023-09-11 00:00:00,Positive,Constructive conversation with strong engagement; client requested additional retirement scenarios.
2890,99,18,Meeting,2025-12-07 00:00:00,Positive,Client expressed satisfaction with recent performance and welcomed follow-up next quarter.
2891,432,22,Video Conference,2022-07-03 00:00:00,Positive,Constructive conversation with strong engagement; client requested additional retirement scenarios.
2892,458,10,Call,2025-03-07 00:00:00,Positive,Constructive conversation with strong engagement; client requested additional retirement scenarios.
2893,26,44,Email,2023-06-17 00:00:00,Positive,Client expressed satisfaction with recent performance and welcomed follow-up next quarter.
2894,129,14,Meeting,2025-08-10 00:00:00,Positive,Meeting went well; client approved the recommended diversification plan.
2895,936,10,Meeting,2023-02-12 00:00:00,Positive,Client expressed satisfaction with recent performance and welcomed follow-up next quarter.
2896,426,46,Meeting,2023-06-14 00:00:00,Positive,Meeting went well; client approved the recommended diversification plan.
2897,359,42,Video Conference,2025-06-09 00:00:00,Positive,Positive discussion on long-term goals; client is comfortable with the current strategy.
2898,967,34,Video Conference,2021-04-26 00:00:00,Positive,Client appreciated the portfolio review and agreed with the proposed allocation changes.
2899,105,24,Call,2023-02-26 00:00:00,Neutral,Routine check-in completed; no major changes requested at this time.
2900,13,42,Email,2023-03-23 00:00:00,Positive,Meeting went well; client approved the recommended diversification plan.
2901,630,33,Call,2025-12-17 00:00:00,Positive,Constructive conversation with strong engagement; client requested additional retirement scenarios.
2902,871,8,Meeting,2022-12-18 00:00:00,Neutral,Provided account update and answered standard questions on holdings and recent activity.
2903,593,7,Call,2025-02-01 00:00:00,Positive,Constructive conversation with strong engagement; client requested additional retirement scenarios.
2904,693,44,Call,2023-03-03 00:00:00,Positive,Constructive conversation with strong engagement; client requested additional retirement scenarios.
2905,53,5,Call,2025-03-01 00:00:00,Positive,Meeting went well; client approved the recommended diversification plan.
2906,516,42,Email,2023-06-15 00:00:00,Positive,Positive discussion on long-term goals; client is comfortable with the current strategy.
2907,787,13,Meeting,2022-05-30 00:00:00,Neutral,Routine check-in completed; no major changes requested at this time.
2908,853,41,Call,2026-04-19 00:00:00,Neutral,General discussion on market conditions; client prefers to maintain the current plan for now.
2909,370,48,Call,2025-08-11 00:00:00,Neutral,Provided account update and answered standard questions on holdings and recent activity.
2910,471,34,Email,2022-04-27 00:00:00,Positive,Meeting went well; client approved the recommended diversification plan.
2911,477,25,Call,2022-03-03 00:00:00,Positive,Client appreciated the portfolio review and agreed with the proposed allocation changes.
2912,230,6,Email,2022-09-14 00:00:00,Positive,Meeting went well; client approved the recommended diversification plan.
2913,676,15,Email,2021-02-28 00:00:00,Positive,Client appreciated the portfolio review and agreed with the proposed allocation changes.
2914,475,31,Email,2025-07-10 00:00:00,Positive,Positive discussion on long-term goals; client is comfortable with the current strategy.
2915,406,26,Email,2024-08-22 00:00:00,Positive,Positive discussion on long-term goals; client is comfortable with the current strategy.
2916,704,4,Email,2022-08-21 00:00:00,Neutral,Interaction focused on regular portfolio maintenance with no urgent actions identified.
2917,209,31,Call,2023-07-02 00:00:00,Neutral,Client reviewed the summary materials and asked for periodic monitoring to continue.
2918,139,34,Call,2023-10-06 00:00:00,Positive,Client expressed satisfaction with recent performance and welcomed follow-up next quarter.
2919,184,25,Call,2026-01-04 00:00:00,Neutral,Interaction focused on regular portfolio maintenance with no urgent actions identified.
2920,569,18,Email,2026-03-03 00:00:00,Positive,Client expressed satisfaction with recent performance and welcomed follow-up next quarter.
2921,341,8,Meeting,2025-08-24 00:00:00,Positive,Meeting went well; client approved the recommended diversification plan.
2922,91,17,Meeting,2021-03-16 00:00:00,Positive,Client appreciated the portfolio review and agreed with the proposed allocation changes.
2923,80,23,Meeting,2024-10-17 00:00:00,Neutral,Provided account update and answered standard questions on holdings and recent activity.
2924,132,20,Call,2022-08-18 00:00:00,Neutral,Provided account update and answered standard questions on holdings and recent activity.
2925,336,20,Call,2022-12-15 00:00:00,Positive,Meeting went well; client approved the recommended diversification plan.
2926,265,47,Email,2023-10-18 00:00:00,Neutral,Routine check-in completed; no major changes requested at this time.
2927,605,48,Meeting,2023-03-05 00:00:00,Positive,Client expressed satisfaction with recent performance and welcomed follow-up next quarter.
2928,136,14,Call,2024-04-21 00:00:00,Neutral,Client reviewed the summary materials and asked for periodic monitoring to continue.
2929,656,48,Call,2024-12-27 00:00:00,Neutral,General discussion on market conditions; client prefers to maintain the current plan for now.
2930,75,49,Call,2026-03-23 00:00:00,Positive,Constructive conversation with strong engagement; client requested additional retirement scenarios.
2931,166,14,Video Conference,2025-01-19 00:00:00,Positive,Positive discussion on long-term goals; client is comfortable with the current strategy.
2932,147,5,Email,2026-02-12 00:00:00,Positive,Meeting went well; client approved the recommended diversification plan.
2933,622,32,Video Conference,2021-04-02 00:00:00,Neutral,Routine check-in completed; no major changes requested at this time.
2934,702,12,Call,2023-06-13 00:00:00,Positive,Client appreciated the portfolio review and agreed with the proposed allocation changes.
2935,111,31,Email,2022-09-08 00:00:00,Neutral,Routine check-in completed; no major changes requested at this time.
2936,379,32,Meeting,2025-03-24 00:00:00,Neutral,General discussion on market conditions; client prefers to maintain the current plan for now.
2937,563,20,Video Conference,2026-01-14 00:00:00,Neutral,General discussion on market conditions; client prefers to maintain the current plan for now.
2938,847,1,Meeting,2023-06-01 00:00:00,Positive,Client appreciated the portfolio review and agreed with the proposed allocation changes.
2939,355,31,Email,2022-02-10 00:00:00,Positive,Constructive conversation with strong engagement; client requested additional retirement scenarios.
2940,417,35,Call,2024-02-06 00:00:00,Positive,Constructive conversation with strong engagement; client requested additional retirement scenarios.
2941,310,44,Call,2021-07-01 00:00:00,Neutral,Interaction focused on regular portfolio maintenance with no urgent actions identified.
2942,790,44,Call,2024-07-07 00:00:00,Neutral,Routine check-in completed; no major changes requested at this time.
2943,835,18,Email,2026-05-30 00:00:00,Neutral,Interaction focused on regular portfolio maintenance with no urgent actions identified.
2944,268,9,Meeting,2021-09-27 00:00:00,Positive,Constructive conversation with strong engagement; client requested additional retirement scenarios.
2945,589,18,Call,2025-04-04 00:00:00,Neutral,General discussion on market conditions; client prefers to maintain the current plan for now.
2946,134,11,Video Conference,2026-05-31 00:00:00,Neutral,Client reviewed the summary materials and asked for periodic monitoring to continue.
2947,701,3,Video Conference,2025-12-17 00:00:00,Positive,Constructive conversation with strong engagement; client requested additional retirement scenarios.
2948,521,34,Meeting,2024-05-08 00:00:00,Neutral,Routine check-in completed; no major changes requested at this time.
2949,456,9,Video Conference,2022-08-29 00:00:00,Positive,Positive discussion on long-term goals; client is comfortable with the current strategy.
2950,431,26,Call,2022-07-07 00:00:00,Neutral,General discussion on market conditions; client prefers to maintain the current plan for now.
2951,397,14,Email,2023-11-16 00:00:00,Positive,Client expressed satisfaction with recent performance and welcomed follow-up next quarter.
2952,702,12,Call,2024-11-14 00:00:00,Negative,Interaction indicated frustration regarding drawdowns; advisor to prepare mitigation options.
2953,123,25,Video Conference,2025-03-01 00:00:00,Neutral,General discussion on market conditions; client prefers to maintain the current plan for now.
2954,741,23,Email,2023-09-01 00:00:00,Neutral,Provided account update and answered standard questions on holdings and recent activity.
2955,28,31,Meeting,2025-07-28 00:00:00,Neutral,Client reviewed the summary materials and asked for periodic monitoring to continue.
2956,328,35,Email,2022-04-07 00:00:00,Negative,Client requested clarification on fees and portfolio positioning after recent market movements.
2957,530,20,Meeting,2026-02-05 00:00:00,Negative,Client expressed concern over communication frequency and expects a more proactive update cadence.
2958,228,16,Call,2025-01-25 00:00:00,Positive,Constructive conversation with strong engagement; client requested additional retirement scenarios.
2959,169,37,Call,2022-05-02 00:00:00,Neutral,General discussion on market conditions; client prefers to maintain the current plan for now.
2960,947,49,Video Conference,2021-05-14 00:00:00,Positive,Meeting went well; client approved the recommended diversification plan.
2961,258,11,Email,2021-01-03 00:00:00,Neutral,Client reviewed the summary materials and asked for periodic monitoring to continue.
2962,492,27,Email,2025-08-29 00:00:00,Positive,Client expressed satisfaction with recent performance and welcomed follow-up next quarter.
2963,174,37,Call,2026-03-07 00:00:00,Neutral,Routine check-in completed; no major changes requested at this time.
2964,37,3,Call,2025-02-09 00:00:00,Positive,Meeting went well; client approved the recommended diversification plan.
2965,705,40,Meeting,2024-12-13 00:00:00,Negative,Client expressed concern over communication frequency and expects a more proactive update cadence.
2966,64,5,Meeting,2022-08-25 00:00:00,Negative,Client requested clarification on fees and portfolio positioning after recent market movements.
2967,336,20,Email,2025-05-28 00:00:00,Negative,Client raised concerns about recent volatility and requested a detailed risk review.
2968,654,7,Meeting,2026-04-27 00:00:00,Positive,Positive discussion on long-term goals; client is comfortable with the current strategy.
2969,807,15,Call,2022-06-01 00:00:00,Positive,Positive discussion on long-term goals; client is comfortable with the current strategy.
2970,275,17,Email,2021-01-02 00:00:00,Negative,Interaction indicated frustration regarding drawdowns; advisor to prepare mitigation options.
2971,946,44,Call,2024-12-13 00:00:00,Positive,Client expressed satisfaction with recent performance and welcomed follow-up next quarter.
2972,709,2,Meeting,2022-06-10 00:00:00,Neutral,Interaction focused on regular portfolio maintenance with no urgent actions identified.
2973,649,39,Email,2024-11-06 00:00:00,Positive,Meeting went well; client approved the recommended diversification plan.
2974,120,7,Meeting,2022-11-28 00:00:00,Positive,Client appreciated the portfolio review and agreed with the proposed allocation changes.
2975,533,43,Video Conference,2022-11-25 00:00:00,Neutral,Provided account update and answered standard questions on holdings and recent activity.
2976,911,17,Email,2024-11-29 00:00:00,Positive,Positive discussion on long-term goals; client is comfortable with the current strategy.
2977,34,20,Email,2022-03-14 00:00:00,Positive,Meeting went well; client approved the recommended diversification plan.
2978,93,37,Video Conference,2021-03-06 00:00:00,Positive,Positive discussion on long-term goals; client is comfortable with the current strategy.
2979,758,3,Call,2025-03-25 00:00:00,Positive,Positive discussion on long-term goals; client is comfortable with the current strategy.
2980,31,2,Call,2025-05-03 00:00:00,Positive,Constructive conversation with strong engagement; client requested additional retirement scenarios.
2981,938,38,Email,2025-08-27 00:00:00,Neutral,Routine check-in completed; no major changes requested at this time.
2982,35,1,Call,2022-03-31 00:00:00,Negative,Discussion reflected dissatisfaction with short-term performance; follow-up has been scheduled.
2983,957,35,Video Conference,2023-06-13 00:00:00,Positive,Client appreciated the portfolio review and agreed with the proposed allocation changes.
2984,922,30,Video Conference,2021-08-06 00:00:00,Neutral,Client reviewed the summary materials and asked for periodic monitoring to continue.
2985,34,21,Meeting,2025-05-14 00:00:00,Neutral,Interaction focused on regular portfolio maintenance with no urgent actions identified.
2986,451,17,Call,2021-06-05 00:00:00,Negative,Discussion reflected dissatisfaction with short-term performance; follow-up has been scheduled.
2987,632,27,Meeting,2023-03-18 00:00:00,Neutral,Routine check-in completed; no major changes requested at this time.
2988,415,4,Call,2025-12-26 00:00:00,Negative,Client requested clarification on fees and portfolio positioning after recent market movements.
2989,243,20,Call,2025-08-26 00:00:00,Positive,Positive discussion on long-term goals; client is comfortable with the current strategy.
2990,115,45,Meeting,2023-08-24 00:00:00,Negative,Client expressed concern over communication frequency and expects a more proactive update cadence.
2991,611,19,Video Conference,2022-08-10 00:00:00,Positive,Constructive conversation with strong engagement; client requested additional retirement scenarios.
2992,651,42,Call,2025-08-25 00:00:00,Neutral,Client reviewed the summary materials and asked for periodic monitoring to continue.
2993,201,9,Meeting,2024-05-15 00:00:00,Positive,Constructive conversation with strong engagement; client requested additional retirement scenarios.
2994,440,15,Meeting,2023-01-06 00:00:00,Neutral,Provided account update and answered standard questions on holdings and recent activity.
2995,622,32,Meeting,2021-01-18 00:00:00,Negative,Client raised concerns about recent volatility and requested a detailed risk review.
2996,544,19,Video Conference,2022-04-14 00:00:00,Neutral,General discussion on market conditions; client prefers to maintain the current plan for now.
2997,322,46,Call,2022-04-10 00:00:00,Positive,Client appreciated the portfolio review and agreed with the proposed allocation changes.
2998,523,48,Video Conference,2023-02-19 00:00:00,Neutral,Interaction focused on regular portfolio maintenance with no urgent actions identified.
2999,557,49,Meeting,2025-03-30 00:00:00,Positive,Client expressed satisfaction with recent performance and welcomed follow-up next quarter.
3000,611,19,Video Conference,2021-01-11 00:00:00,Positive,Client expressed satisfaction with recent performance and welcomed follow-up next quarter.
3001,616,46,Email,2024-11-29 00:00:00,Negative,Interaction indicated frustration regarding drawdowns; advisor to prepare mitigation options.
3002,466,17,Email,2021-10-22 00:00:00,Neutral,General discussion on market conditions; client prefers to maintain the current plan for now.
3003,672,48,Call,2022-01-03 00:00:00,Neutral,Routine check-in completed; no major changes requested at this time.
3004,187,35,Call,2025-02-25 00:00:00,Neutral,Interaction focused on regular portfolio maintenance with no urgent actions identified.
3005,842,27,Call,2024-09-02 00:00:00,Positive,Meeting went well; client approved the recommended diversification plan.
3006,75,49,Video Conference,2023-10-26 00:00:00,Positive,Client expressed satisfaction with recent performance and welcomed follow-up next quarter.
3007,451,1,Email,2024-08-05 00:00:00,Positive,Client appreciated the portfolio review and agreed with the proposed allocation changes.
3008,268,9,Email,2024-02-03 00:00:00,Positive,Constructive conversation with strong engagement; client requested additional retirement scenarios.
3009,285,39,Email,2022-02-18 00:00:00,Positive,Meeting went well; client approved the recommended diversification plan.
3010,137,8,Email,2022-08-13 00:00:00,Positive,Meeting went well; client approved the recommended diversification plan.
3011,964,45,Call,2024-03-29 00:00:00,Negative,Discussion reflected dissatisfaction with short-term performance; follow-up has been scheduled.
3012,219,18,Video Conference,2021-02-06 00:00:00,Positive,Meeting went well; client approved the recommended diversification plan.
3013,541,21,Call,2023-09-10 00:00:00,Positive,Meeting went well; client approved the recommended diversification plan.
3014,533,43,Meeting,2025-11-05 00:00:00,Positive,Client appreciated the portfolio review and agreed with the proposed allocation changes.
3015,648,43,Call,2026-03-17 00:00:00,Negative,Client requested clarification on fees and portfolio positioning after recent market movements.
3016,442,9,Video Conference,2023-07-15 00:00:00,Positive,Positive discussion on long-term goals; client is comfortable with the current strategy.
3017,120,7,Meeting,2023-04-03 00:00:00,Neutral,Provided account update and answered standard questions on holdings and recent activity.
3018,941,40,Call,2025-06-04 00:00:00,Positive,Client expressed satisfaction with recent performance and welcomed follow-up next quarter.
3019,645,49,Email,2024-07-26 00:00:00,Neutral,General discussion on market conditions; client prefers to maintain the current plan for now.
3020,166,50,Meeting,2024-01-31 00:00:00,Positive,Constructive conversation with strong engagement; client requested additional retirement scenarios.
3021,437,14,Video Conference,2024-04-06 00:00:00,Neutral,Interaction focused on regular portfolio maintenance with no urgent actions identified.
3022,771,26,Video Conference,2022-03-23 00:00:00,Positive,Meeting went well; client approved the recommended diversification plan.
3023,284,49,Meeting,2021-09-02 00:00:00,Positive,Client expressed satisfaction with recent performance and welcomed follow-up next quarter.
3024,606,4,Video Conference,2022-04-08 00:00:00,Positive,Meeting went well; client approved the recommended diversification plan.
3025,820,1,Email,2024-09-02 00:00:00,Neutral,Routine check-in completed; no major changes requested at this time.
3026,813,17,Call,2021-05-08 00:00:00,Positive,Positive discussion on long-term goals; client is comfortable with the current strategy.
3027,639,23,Call,2024-09-10 00:00:00,Negative,Client expressed concern over communication frequency and expects a more proactive update cadence.
3028,508,17,Email,2025-09-24 00:00:00,Neutral,Provided account update and answered standard questions on holdings and recent activity.
3029,702,12,Video Conference,2024-03-04 00:00:00,Positive,Meeting went well; client approved the recommended diversification plan.
3030,184,25,Video Conference,2026-01-08 00:00:00,Neutral,Interaction focused on regular portfolio maintenance with no urgent actions identified.
3031,147,5,Email,2025-09-18 00:00:00,Negative,Discussion reflected dissatisfaction with short-term performance; follow-up has been scheduled.
3032,629,27,Meeting,2021-08-28 00:00:00,Positive,Client appreciated the portfolio review and agreed with the proposed allocation changes.
3033,518,40,Video Conference,2024-01-04 00:00:00,Positive,Positive discussion on long-term goals; client is comfortable with the current strategy.
3034,812,46,Email,2021-04-16 00:00:00,Neutral,Provided account update and answered standard questions on holdings and recent activity.
3035,688,30,Call,2021-08-23 00:00:00,Positive,Constructive conversation with strong engagement; client requested additional retirement scenarios.
3036,192,41,Call,2022-08-04 00:00:00,Positive,Client appreciated the portfolio review and agreed with the proposed allocation changes.
3037,271,26,Video Conference,2022-07-05 00:00:00,Positive,Meeting went well; client approved the recommended diversification plan.
3038,538,28,Email,2022-07-25 00:00:00,Positive,Meeting went well; client approved the recommended diversification plan.
3039,293,7,Call,2024-02-04 00:00:00,Positive,Meeting went well; client approved the recommended diversification plan.
3040,386,28,Meeting,2025-02-03 00:00:00,Positive,Client appreciated the portfolio review and agreed with the proposed allocation changes.
3041,906,29,Call,2023-08-09 00:00:00,Positive,Client appreciated the portfolio review and agreed with the proposed allocation changes.
3042,113,39,Video Conference,2022-09-04 00:00:00,Neutral,Provided account update and answered standard questions on holdings and recent activity.
3043,197,5,Call,2026-02-05 00:00:00,Neutral,Routine check-in completed; no major changes requested at this time.
3044,736,24,Email,2021-03-29 00:00:00,Positive,Positive discussion on long-term goals; client is comfortable with the current strategy.
3045,183,32,Email,2024-08-09 00:00:00,Neutral,Interaction focused on regular portfolio maintenance with no urgent actions identified.
3046,786,39,Video Conference,2025-03-21 00:00:00,Positive,Meeting went well; client approved the recommended diversification plan.
3047,81,24,Video Conference,2025-07-01 00:00:00,Neutral,Interaction focused on regular portfolio maintenance with no urgent actions identified.
3048,856,7,Meeting,2022-08-28 00:00:00,Neutral,Routine check-in completed; no major changes requested at this time.
3049,452,35,Meeting,2024-02-08 00:00:00,Positive,Client appreciated the portfolio review and agreed with the proposed allocation changes.
3050,660,8,Email,2024-03-11 00:00:00,Negative,Client expressed concern over communication frequency and expects a more proactive update cadence.
3051,828,43,Email,2024-03-09 00:00:00,Positive,Client appreciated the portfolio review and agreed with the proposed allocation changes.
3052,203,31,Email,2023-12-13 00:00:00,Positive,Client appreciated the portfolio review and agreed with the proposed allocation changes.
3053,153,17,Call,2021-12-24 00:00:00,Positive,Positive discussion on long-term goals; client is comfortable with the current strategy.
3054,91,17,Email,2022-02-05 00:00:00,Positive,Meeting went well; client approved the recommended diversification plan.
3055,959,36,Video Conference,2022-02-24 00:00:00,Neutral,Client reviewed the summary materials and asked for periodic monitoring to continue.
3056,289,9,Email,2025-12-03 00:00:00,Neutral,Routine check-in completed; no major changes requested at this time.
3057,111,31,Email,2023-06-12 00:00:00,Positive,Meeting went well; client approved the recommended diversification plan.
3058,943,37,Meeting,2023-03-08 00:00:00,Positive,Constructive conversation with strong engagement; client requested additional retirement scenarios.
3059,999,20,Call,2025-08-05 00:00:00,Neutral,Interaction focused on regular portfolio maintenance with no urgent actions identified.
3060,597,19,Email,2025-01-15 00:00:00,Neutral,Interaction focused on regular portfolio maintenance with no urgent actions identified.
3061,749,43,Call,2022-10-19 00:00:00,Positive,Constructive conversation with strong engagement; client requested additional retirement scenarios.
3062,264,34,Meeting,2025-06-24 00:00:00,Positive,Client expressed satisfaction with recent performance and welcomed follow-up next quarter.
3063,885,24,Meeting,2026-05-03 00:00:00,Negative,Client requested clarification on fees and portfolio positioning after recent market movements.
3064,415,8,Call,2023-06-08 00:00:00,Negative,Client requested clarification on fees and portfolio positioning after recent market movements.
3065,155,2,Email,2025-04-04 00:00:00,Positive,Positive discussion on long-term goals; client is comfortable with the current strategy.
3066,186,29,Call,2024-08-30 00:00:00,Negative,Client expressed concern over communication frequency and expects a more proactive update cadence.
3067,439,41,Call,2024-08-27 00:00:00,Positive,Client expressed satisfaction with recent performance and welcomed follow-up next quarter.
3068,852,9,Call,2023-02-13 00:00:00,Neutral,Provided account update and answered standard questions on holdings and recent activity.
3069,681,11,Call,2025-12-10 00:00:00,Positive,Client expressed satisfaction with recent performance and welcomed follow-up next quarter.
3070,30,12,Email,2021-10-01 00:00:00,Positive,Meeting went well; client approved the recommended diversification plan.
3071,789,13,Call,2024-06-14 00:00:00,Positive,Constructive conversation with strong engagement; client requested additional retirement scenarios.
3072,333,24,Video Conference,2024-07-23 00:00:00,Positive,Client expressed satisfaction with recent performance and welcomed follow-up next quarter.
3073,633,45,Video Conference,2024-05-09 00:00:00,Positive,Client appreciated the portfolio review and agreed with the proposed allocation changes.
3074,43,31,Video Conference,2025-06-17 00:00:00,Neutral,General discussion on market conditions; client prefers to maintain the current plan for now.
3075,235,42,Email,2023-05-09 00:00:00,Neutral,Interaction focused on regular portfolio maintenance with no urgent actions identified.
3076,267,35,Meeting,2023-02-13 00:00:00,Positive,Client expressed satisfaction with recent performance and welcomed follow-up next quarter.
3077,274,49,Meeting,2022-12-17 00:00:00,Neutral,Client reviewed the summary materials and asked for periodic monitoring to continue.
3078,95,8,Call,2024-02-22 00:00:00,Negative,Interaction indicated frustration regarding drawdowns; advisor to prepare mitigation options.
3079,138,20,Meeting,2025-08-19 00:00:00,Neutral,Routine check-in completed; no major changes requested at this time.
3080,297,49,Email,2026-01-21 00:00:00,Positive,Client appreciated the portfolio review and agreed with the proposed allocation changes.
3081,485,39,Video Conference,2024-11-10 00:00:00,Neutral,General discussion on market conditions; client prefers to maintain the current plan for now.
3082,168,29,Call,2025-09-27 00:00:00,Neutral,Interaction focused on regular portfolio maintenance with no urgent actions identified.
3083,379,32,Email,2026-02-13 00:00:00,Positive,Constructive conversation with strong engagement; client requested additional retirement scenarios.
3084,895,49,Video Conference,2022-07-28 00:00:00,Neutral,Provided account update and answered standard questions on holdings and recent activity.
3085,350,38,Meeting,2024-01-23 00:00:00,Positive,Client appreciated the portfolio review and agreed with the proposed allocation changes.
3086,520,46,Call,2021-09-02 00:00:00,Negative,Client requested clarification on fees and portfolio positioning after recent market movements.
3087,172,47,Call,2022-10-02 00:00:00,Negative,Interaction indicated frustration regarding drawdowns; advisor to prepare mitigation options.
3088,244,14,Call,2025-01-30 00:00:00,Positive,Constructive conversation with strong engagement; client requested additional retirement scenarios.
3089,327,41,Video Conference,2021-08-28 00:00:00,Positive,Positive discussion on long-term goals; client is comfortable with the current strategy.
3090,936,10,Video Conference,2023-02-06 00:00:00,Neutral,Routine check-in completed; no major changes requested at this time.
3091,602,17,Call,2022-03-31 00:00:00,Positive,Positive discussion on long-term goals; client is comfortable with the current strategy.
3092,255,32,Meeting,2024-07-22 00:00:00,Positive,Client expressed satisfaction with recent performance and welcomed follow-up next quarter.
3093,953,45,Meeting,2024-04-29 00:00:00,Positive,Client appreciated the portfolio review and agreed with the proposed allocation changes.
3094,512,19,Email,2023-09-03 00:00:00,Positive,Positive discussion on long-term goals; client is comfortable with the current strategy.
3095,514,26,Meeting,2022-04-30 00:00:00,Positive,Positive discussion on long-term goals; client is comfortable with the current strategy.
3096,868,40,Call,2021-03-08 00:00:00,Neutral,Client reviewed the summary materials and asked for periodic monitoring to continue.
3097,500,4,Email,2021-09-20 00:00:00,Positive,Positive discussion on long-term goals; client is comfortable with the current strategy.
3098,250,27,Video Conference,2025-06-17 00:00:00,Neutral,Interaction focused on regular portfolio maintenance with no urgent actions identified.
3099,51,10,Email,2021-02-05 00:00:00,Positive,Constructive conversation with strong engagement; client requested additional retirement scenarios.
3100,457,23,Video Conference,2023-06-03 00:00:00,Positive,Meeting went well; client approved the recommended diversification plan.
3101,595,3,Video Conference,2023-11-29 00:00:00,Positive,Client appreciated the portfolio review and agreed with the proposed allocation changes.
3102,383,32,Email,2021-07-11 00:00:00,Positive,Meeting went well; client approved the recommended diversification plan.
3103,836,17,Call,2021-03-10 00:00:00,Neutral,Client reviewed the summary materials and asked for periodic monitoring to continue.
3104,778,27,Meeting,2025-01-26 00:00:00,Neutral,General discussion on market conditions; client prefers to maintain the current plan for now.
3105,477,28,Email,2022-02-07 00:00:00,Neutral,Routine check-in completed; no major changes requested at this time.
3106,242,13,Email,2023-12-28 00:00:00,Neutral,General discussion on market conditions; client prefers to maintain the current plan for now.
3107,919,16,Meeting,2021-12-25 00:00:00,Positive,Client appreciated the portfolio review and agreed with the proposed allocation changes.
3108,637,27,Email,2023-10-21 00:00:00,Neutral,Routine check-in completed; no major changes requested at this time.
3109,814,7,Meeting,2024-04-01 00:00:00,Positive,Positive discussion on long-term goals; client is comfortable with the current strategy.
3110,887,14,Email,2024-12-15 00:00:00,Neutral,Routine check-in completed; no major changes requested at this time.
3111,696,42,Call,2024-08-26 00:00:00,Negative,Client expressed concern over communication frequency and expects a more proactive update cadence.
3112,961,28,Call,2024-10-22 00:00:00,Positive,Constructive conversation with strong engagement; client requested additional retirement scenarios.
3113,114,2,Call,2025-02-10 00:00:00,Neutral,Provided account update and answered standard questions on holdings and recent activity.
3114,983,39,Email,2024-11-13 00:00:00,Positive,Constructive conversation with strong engagement; client requested additional retirement scenarios.
3115,843,13,Email,2025-10-23 00:00:00,Neutral,Interaction focused on regular portfolio maintenance with no urgent actions identified.
3116,932,31,Email,2025-04-03 00:00:00,Positive,Constructive conversation with strong engagement; client requested additional retirement scenarios.
3117,979,11,Call,2024-06-17 00:00:00,Positive,Client appreciated the portfolio review and agreed with the proposed allocation changes.
3118,100,19,Video Conference,2025-01-05 00:00:00,Positive,Meeting went well; client approved the recommended diversification plan.
3119,743,22,Email,2022-10-14 00:00:00,Positive,Client expressed satisfaction with recent performance and welcomed follow-up next quarter.
3120,34,21,Video Conference,2021-04-30 00:00:00,Positive,Client expressed satisfaction with recent performance and welcomed follow-up next quarter.
3121,426,1,Meeting,2025-03-26 00:00:00,Negative,Interaction indicated frustration regarding drawdowns; advisor to prepare mitigation options.
3122,121,24,Email,2024-04-06 00:00:00,Negative,Interaction indicated frustration regarding drawdowns; advisor to prepare mitigation options.
3123,335,11,Call,2026-03-24 00:00:00,Neutral,General discussion on market conditions; client prefers to maintain the current plan for now.
3124,792,19,Email,2025-08-25 00:00:00,Neutral,Routine check-in completed; no major changes requested at this time.
3125,480,48,Meeting,2022-04-17 00:00:00,Neutral,Routine check-in completed; no major changes requested at this time.
3126,782,3,Video Conference,2021-04-15 00:00:00,Negative,Interaction indicated frustration regarding drawdowns; advisor to prepare mitigation options.
3127,244,14,Email,2025-11-12 00:00:00,Positive,Client appreciated the portfolio review and agreed with the proposed allocation changes.
3128,500,4,Email,2025-01-17 00:00:00,Positive,Positive discussion on long-term goals; client is comfortable with the current strategy.
3129,359,50,Meeting,2024-10-13 00:00:00,Neutral,Routine check-in completed; no major changes requested at this time.
3130,469,36,Email,2024-10-24 00:00:00,Positive,Meeting went well; client approved the recommended diversification plan.
3131,349,25,Email,2021-02-11 00:00:00,Positive,Positive discussion on long-term goals; client is comfortable with the current strategy.
3132,417,44,Video Conference,2022-04-11 00:00:00,Neutral,General discussion on market conditions; client prefers to maintain the current plan for now.
3133,402,14,Meeting,2024-04-23 00:00:00,Positive,Client expressed satisfaction with recent performance and welcomed follow-up next quarter.
3134,768,9,Email,2024-12-13 00:00:00,Neutral,Routine check-in completed; no major changes requested at this time.
3135,87,8,Call,2022-03-17 00:00:00,Positive,Positive discussion on long-term goals; client is comfortable with the current strategy.
3136,843,13,Meeting,2026-01-31 00:00:00,Positive,Client appreciated the portfolio review and agreed with the proposed allocation changes.
3137,592,46,Call,2022-01-30 00:00:00,Neutral,General discussion on market conditions; client prefers to maintain the current plan for now.
3138,564,44,Email,2021-10-22 00:00:00,Positive,Client expressed satisfaction with recent performance and welcomed follow-up next quarter.
3139,82,12,Meeting,2026-03-14 00:00:00,Neutral,Provided account update and answered standard questions on holdings and recent activity.
3140,459,13,Email,2023-09-19 00:00:00,Neutral,Provided account update and answered standard questions on holdings and recent activity.
3141,839,30,Email,2022-02-06 00:00:00,Positive,Constructive conversation with strong engagement; client requested additional retirement scenarios.
3142,848,22,Video Conference,2023-06-16 00:00:00,Neutral,Routine check-in completed; no major changes requested at this time.
3143,376,45,Email,2022-10-13 00:00:00,Neutral,Routine check-in completed; no major changes requested at this time.
3144,207,19,Email,2021-07-18 00:00:00,Positive,Positive discussion on long-term goals; client is comfortable with the current strategy.
3145,905,29,Video Conference,2025-05-12 00:00:00,Positive,Client expressed satisfaction with recent performance and welcomed follow-up next quarter.
3146,145,23,Video Conference,2021-07-20 00:00:00,Positive,Client expressed satisfaction with recent performance and welcomed follow-up next quarter.
3147,856,50,Call,2025-02-12 00:00:00,Positive,Positive discussion on long-term goals; client is comfortable with the current strategy.
3148,742,35,Email,2025-06-21 00:00:00,Neutral,Provided account update and answered standard questions on holdings and recent activity.
3149,662,18,Meeting,2023-03-12 00:00:00,Neutral,Client reviewed the summary materials and asked for periodic monitoring to continue.
3150,208,36,Call,2025-03-05 00:00:00,Positive,Meeting went well; client approved the recommended diversification plan.
3151,474,30,Email,2021-08-05 00:00:00,Neutral,Client reviewed the summary materials and asked for periodic monitoring to continue.
3152,785,46,Meeting,2022-03-22 00:00:00,Positive,Client appreciated the portfolio review and agreed with the proposed allocation changes.
3153,854,48,Video Conference,2025-07-31 00:00:00,Positive,Constructive conversation with strong engagement; client requested additional retirement scenarios.
3154,858,10,Email,2023-04-14 00:00:00,Positive,Positive discussion on long-term goals; client is comfortable with the current strategy.
3155,282,26,Meeting,2021-09-23 00:00:00,Positive,Meeting went well; client approved the recommended diversification plan.
3156,1,32,Email,2025-04-04 00:00:00,Positive,Constructive conversation with strong engagement; client requested additional retirement scenarios.
3157,871,8,Call,2023-06-19 00:00:00,Positive,Client appreciated the portfolio review and agreed with the proposed allocation changes.
3158,951,6,Call,2023-12-29 00:00:00,Positive,Client appreciated the portfolio review and agreed with the proposed allocation changes.
3159,55,45,Meeting,2021-11-25 00:00:00,Neutral,Interaction focused on regular portfolio maintenance with no urgent actions identified.
3160,10,41,Meeting,2023-07-15 00:00:00,Neutral,Routine check-in completed; no major changes requested at this time.
3161,921,2,Meeting,2024-07-23 00:00:00,Negative,Client requested clarification on fees and portfolio positioning after recent market movements.
3162,463,42,Meeting,2024-09-13 00:00:00,Neutral,Interaction focused on regular portfolio maintenance with no urgent actions identified.
3163,31,17,Meeting,2023-10-21 00:00:00,Positive,Constructive conversation with strong engagement; client requested additional retirement scenarios.
3164,658,20,Call,2024-06-19 00:00:00,Positive,Client expressed satisfaction with recent performance and welcomed follow-up next quarter.
3165,805,9,Call,2021-01-20 00:00:00,Positive,Positive discussion on long-term goals; client is comfortable with the current strategy.
3166,226,36,Meeting,2021-01-27 00:00:00,Negative,Client requested clarification on fees and portfolio positioning after recent market movements.
3167,649,39,Email,2021-03-10 00:00:00,Negative,Client expressed concern over communication frequency and expects a more proactive update cadence.
3168,976,35,Email,2025-06-09 00:00:00,Neutral,General discussion on market conditions; client prefers to maintain the current plan for now.
3169,284,38,Email,2023-04-05 00:00:00,Positive,Constructive conversation with strong engagement; client requested additional retirement scenarios.
3170,225,49,Meeting,2022-06-13 00:00:00,Positive,Meeting went well; client approved the recommended diversification plan.
3171,811,40,Email,2025-08-03 00:00:00,Positive,Constructive conversation with strong engagement; client requested additional retirement scenarios.
3172,797,23,Video Conference,2021-02-06 00:00:00,Positive,Meeting went well; client approved the recommended diversification plan.
3173,72,48,Video Conference,2025-11-23 00:00:00,Positive,Constructive conversation with strong engagement; client requested additional retirement scenarios.
3174,29,32,Call,2022-09-23 00:00:00,Positive,Positive discussion on long-term goals; client is comfortable with the current strategy.
3175,28,31,Email,2021-05-17 00:00:00,Neutral,Interaction focused on regular portfolio maintenance with no urgent actions identified.
3176,543,40,Call,2023-04-24 00:00:00,Neutral,Interaction focused on regular portfolio maintenance with no urgent actions identified.
3177,108,2,Video Conference,2022-10-20 00:00:00,Positive,Client appreciated the portfolio review and agreed with the proposed allocation changes.
3178,383,32,Meeting,2024-09-06 00:00:00,Neutral,Routine check-in completed; no major changes requested at this time.
3179,834,31,Meeting,2025-06-05 00:00:00,Positive,Client expressed satisfaction with recent performance and welcomed follow-up next quarter.
3180,885,24,Video Conference,2025-05-30 00:00:00,Neutral,Provided account update and answered standard questions on holdings and recent activity.
3181,809,42,Video Conference,2023-03-22 00:00:00,Negative,Client expressed concern over communication frequency and expects a more proactive update cadence.
3182,135,8,Call,2021-06-17 00:00:00,Neutral,Provided account update and answered standard questions on holdings and recent activity.
3183,386,37,Call,2022-08-27 00:00:00,Positive,Constructive conversation with strong engagement; client requested additional retirement scenarios.
3184,574,22,Meeting,2022-06-01 00:00:00,Positive,Constructive conversation with strong engagement; client requested additional retirement scenarios.
3185,500,4,Email,2025-03-06 00:00:00,Neutral,Client reviewed the summary materials and asked for periodic monitoring to continue.
3186,329,48,Call,2021-03-18 00:00:00,Neutral,Provided account update and answered standard questions on holdings and recent activity.
3187,625,40,Call,2025-09-21 00:00:00,Positive,Constructive conversation with strong engagement; client requested additional retirement scenarios.
3188,910,43,Video Conference,2025-05-20 00:00:00,Positive,Meeting went well; client approved the recommended diversification plan.
3189,197,5,Video Conference,2026-05-29 00:00:00,Neutral,Provided account update and answered standard questions on holdings and recent activity.
3190,263,17,Meeting,2025-01-17 00:00:00,Positive,Meeting went well; client approved the recommended diversification plan.
3191,113,6,Meeting,2025-01-07 00:00:00,Negative,Client raised concerns about recent volatility and requested a detailed risk review.
3192,878,19,Email,2025-09-08 00:00:00,Positive,Constructive conversation with strong engagement; client requested additional retirement scenarios.
3193,630,10,Meeting,2021-03-18 00:00:00,Neutral,General discussion on market conditions; client prefers to maintain the current plan for now.
3194,221,48,Email,2023-12-03 00:00:00,Positive,Client appreciated the portfolio review and agreed with the proposed allocation changes.
3195,974,2,Email,2022-01-07 00:00:00,Positive,Constructive conversation with strong engagement; client requested additional retirement scenarios.
3196,543,40,Email,2025-05-23 00:00:00,Positive,Meeting went well; client approved the recommended diversification plan.
3197,930,46,Meeting,2022-12-14 00:00:00,Neutral,Provided account update and answered standard questions on holdings and recent activity.
3198,23,11,Meeting,2021-11-02 00:00:00,Neutral,Provided account update and answered standard questions on holdings and recent activity.
3199,538,15,Call,2026-01-01 00:00:00,Positive,Client appreciated the portfolio review and agreed with the proposed allocation changes.
3200,764,50,Video Conference,2024-04-02 00:00:00,Neutral,Interaction focused on regular portfolio maintenance with no urgent actions identified.
3201,226,36,Meeting,2025-06-07 00:00:00,Neutral,General discussion on market conditions; client prefers to maintain the current plan for now.
3202,944,5,Email,2022-06-06 00:00:00,Positive,Client expressed satisfaction with recent performance and welcomed follow-up next quarter.
3203,464,46,Call,2021-06-12 00:00:00,Negative,Client requested clarification on fees and portfolio positioning after recent market movements.
3204,802,50,Email,2025-11-12 00:00:00,Positive,Constructive conversation with strong engagement; client requested additional retirement scenarios.
3205,56,13,Call,2023-03-23 00:00:00,Positive,Constructive conversation with strong engagement; client requested additional retirement scenarios.
3206,654,7,Call,2025-02-16 00:00:00,Positive,Constructive conversation with strong engagement; client requested additional retirement scenarios.
3207,453,43,Call,2021-09-12 00:00:00,Positive,Client expressed satisfaction with recent performance and welcomed follow-up next quarter.
3208,289,9,Meeting,2024-04-14 00:00:00,Positive,Positive discussion on long-term goals; client is comfortable with the current strategy.
3209,78,30,Call,2024-11-26 00:00:00,Negative,Client requested clarification on fees and portfolio positioning after recent market movements.
3210,272,31,Meeting,2026-02-03 00:00:00,Neutral,Routine check-in completed; no major changes requested at this time.
3211,981,17,Meeting,2025-05-12 00:00:00,Negative,Interaction indicated frustration regarding drawdowns; advisor to prepare mitigation options.
3212,528,18,Email,2021-05-12 00:00:00,Positive,Constructive conversation with strong engagement; client requested additional retirement scenarios.
3213,46,25,Email,2022-09-07 00:00:00,Positive,Meeting went well; client approved the recommended diversification plan.
3214,612,15,Call,2024-01-13 00:00:00,Positive,Meeting went well; client approved the recommended diversification plan.
3215,218,40,Email,2023-05-10 00:00:00,Neutral,Provided account update and answered standard questions on holdings and recent activity.
3216,88,47,Call,2021-08-03 00:00:00,Positive,Client expressed satisfaction with recent performance and welcomed follow-up next quarter.
3217,422,10,Email,2022-04-08 00:00:00,Neutral,Interaction focused on regular portfolio maintenance with no urgent actions identified.
3218,828,43,Email,2025-12-28 00:00:00,Positive,Client expressed satisfaction with recent performance and welcomed follow-up next quarter.
3219,971,28,Email,2024-08-22 00:00:00,Positive,Constructive conversation with strong engagement; client requested additional retirement scenarios.
3220,160,11,Email,2024-05-02 00:00:00,Neutral,Interaction focused on regular portfolio maintenance with no urgent actions identified.
3221,653,6,Meeting,2023-12-27 00:00:00,Positive,Client expressed satisfaction with recent performance and welcomed follow-up next quarter.
3222,744,9,Video Conference,2021-03-22 00:00:00,Neutral,Interaction focused on regular portfolio maintenance with no urgent actions identified.
3223,29,32,Video Conference,2024-09-02 00:00:00,Positive,Positive discussion on long-term goals; client is comfortable with the current strategy.
3224,165,45,Email,2021-07-30 00:00:00,Positive,Positive discussion on long-term goals; client is comfortable with the current strategy.
3225,29,32,Call,2021-11-12 00:00:00,Positive,Client appreciated the portfolio review and agreed with the proposed allocation changes.
3226,247,45,Video Conference,2023-02-18 00:00:00,Positive,Client appreciated the portfolio review and agreed with the proposed allocation changes.
3227,573,33,Email,2021-03-02 00:00:00,Neutral,Routine check-in completed; no major changes requested at this time.
3228,427,38,Call,2022-10-15 00:00:00,Negative,Client requested clarification on fees and portfolio positioning after recent market movements.
3229,392,28,Call,2022-02-24 00:00:00,Negative,Client requested clarification on fees and portfolio positioning after recent market movements.
3230,964,45,Video Conference,2023-01-19 00:00:00,Positive,Positive discussion on long-term goals; client is comfortable with the current strategy.
3231,777,39,Call,2025-12-31 00:00:00,Positive,Meeting went well; client approved the recommended diversification plan.
3232,204,2,Email,2024-10-27 00:00:00,Positive,Constructive conversation with strong engagement; client requested additional retirement scenarios.
3233,545,11,Email,2025-10-10 00:00:00,Neutral,Interaction focused on regular portfolio maintenance with no urgent actions identified.
3234,789,27,Meeting,2021-12-22 00:00:00,Positive,Client expressed satisfaction with recent performance and welcomed follow-up next quarter.
3235,405,24,Email,2021-03-23 00:00:00,Negative,Discussion reflected dissatisfaction with short-term performance; follow-up has been scheduled.
3236,927,33,Meeting,2021-05-14 00:00:00,Positive,Positive discussion on long-term goals; client is comfortable with the current strategy.
3237,10,41,Email,2024-12-26 00:00:00,Neutral,Interaction focused on regular portfolio maintenance with no urgent actions identified.
3238,601,23,Meeting,2021-04-27 00:00:00,Negative,Interaction indicated frustration regarding drawdowns; advisor to prepare mitigation options.
3239,75,49,Email,2021-11-26 00:00:00,Positive,Constructive conversation with strong engagement; client requested additional retirement scenarios.
3240,395,5,Meeting,2024-08-24 00:00:00,Positive,Client expressed satisfaction with recent performance and welcomed follow-up next quarter.
3241,503,16,Video Conference,2022-05-22 00:00:00,Neutral,General discussion on market conditions; client prefers to maintain the current plan for now.
3242,396,47,Email,2022-08-25 00:00:00,Positive,Positive discussion on long-term goals; client is comfortable with the current strategy.
3243,543,40,Call,2023-06-26 00:00:00,Neutral,Interaction focused on regular portfolio maintenance with no urgent actions identified.
3244,15,22,Call,2021-02-17 00:00:00,Positive,Meeting went well; client approved the recommended diversification plan.
3245,619,4,Call,2023-05-09 00:00:00,Neutral,Routine check-in completed; no major changes requested at this time.
3246,857,31,Call,2024-06-17 00:00:00,Positive,Meeting went well; client approved the recommended diversification plan.
3247,235,42,Email,2021-12-24 00:00:00,Neutral,General discussion on market conditions; client prefers to maintain the current plan for now.
3248,50,9,Email,2021-12-22 00:00:00,Positive,Client appreciated the portfolio review and agreed with the proposed allocation changes.
3249,220,3,Meeting,2024-08-02 00:00:00,Positive,Client appreciated the portfolio review and agreed with the proposed allocation changes.
3250,610,39,Call,2022-03-27 00:00:00,Positive,Constructive conversation with strong engagement; client requested additional retirement scenarios.
3251,814,7,Meeting,2022-09-30 00:00:00,Neutral,Provided account update and answered standard questions on holdings and recent activity.
3252,251,10,Email,2021-06-08 00:00:00,Positive,Client expressed satisfaction with recent performance and welcomed follow-up next quarter.
3253,116,46,Call,2021-12-27 00:00:00,Positive,Client appreciated the portfolio review and agreed with the proposed allocation changes.
3254,421,25,Email,2025-08-30 00:00:00,Positive,Constructive conversation with strong engagement; client requested additional retirement scenarios.
3255,526,16,Call,2021-07-02 00:00:00,Positive,Constructive conversation with strong engagement; client requested additional retirement scenarios.
3256,24,13,Email,2023-08-16 00:00:00,Neutral,Client reviewed the summary materials and asked for periodic monitoring to continue.
3257,364,8,Video Conference,2025-03-24 00:00:00,Neutral,Routine check-in completed; no major changes requested at this time.
3258,549,22,Video Conference,2024-06-02 00:00:00,Negative,Interaction indicated frustration regarding drawdowns; advisor to prepare mitigation options.
3259,162,3,Call,2022-05-07 00:00:00,Positive,Positive discussion on long-term goals; client is comfortable with the current strategy.
3260,292,23,Call,2023-01-05 00:00:00,Positive,Client expressed satisfaction with recent performance and welcomed follow-up next quarter.
3261,62,16,Meeting,2025-12-22 00:00:00,Positive,Positive discussion on long-term goals; client is comfortable with the current strategy.
3262,437,14,Email,2023-01-04 00:00:00,Neutral,Client reviewed the summary materials and asked for periodic monitoring to continue.
3263,318,41,Email,2024-04-03 00:00:00,Neutral,Interaction focused on regular portfolio maintenance with no urgent actions identified.
3264,402,49,Call,2024-07-02 00:00:00,Neutral,Client reviewed the summary materials and asked for periodic monitoring to continue.
3265,996,42,Meeting,2022-03-16 00:00:00,Neutral,Interaction focused on regular portfolio maintenance with no urgent actions identified.
3266,163,46,Video Conference,2021-11-06 00:00:00,Neutral,Provided account update and answered standard questions on holdings and recent activity.
3267,590,6,Email,2022-12-13 00:00:00,Positive,Meeting went well; client approved the recommended diversification plan.
3268,700,15,Meeting,2025-01-23 00:00:00,Positive,Positive discussion on long-term goals; client is comfortable with the current strategy.
3269,149,7,Email,2022-02-23 00:00:00,Neutral,Client reviewed the summary materials and asked for periodic monitoring to continue.
3270,502,43,Call,2025-10-27 00:00:00,Positive,Meeting went well; client approved the recommended diversification plan.
3271,513,50,Email,2022-10-23 00:00:00,Positive,Meeting went well; client approved the recommended diversification plan.
3272,770,22,Call,2024-07-28 00:00:00,Positive,Constructive conversation with strong engagement; client requested additional retirement scenarios.
3273,379,38,Meeting,2022-11-16 00:00:00,Positive,Constructive conversation with strong engagement; client requested additional retirement scenarios.
3274,223,3,Email,2022-09-06 00:00:00,Positive,Positive discussion on long-term goals; client is comfortable with the current strategy.
3275,53,10,Meeting,2025-07-21 00:00:00,Positive,Positive discussion on long-term goals; client is comfortable with the current strategy.
3276,433,44,Meeting,2023-04-11 00:00:00,Positive,Client appreciated the portfolio review and agreed with the proposed allocation changes.
3277,166,14,Email,2024-06-06 00:00:00,Neutral,Provided account update and answered standard questions on holdings and recent activity.
3278,733,11,Email,2022-08-26 00:00:00,Positive,Constructive conversation with strong engagement; client requested additional retirement scenarios.
3279,541,27,Email,2023-05-01 00:00:00,Positive,Constructive conversation with strong engagement; client requested additional retirement scenarios.
3280,107,6,Email,2023-11-10 00:00:00,Positive,Client appreciated the portfolio review and agreed with the proposed allocation changes.
3281,612,15,Meeting,2025-11-27 00:00:00,Positive,Client appreciated the portfolio review and agreed with the proposed allocation changes.
3282,355,31,Call,2024-02-25 00:00:00,Positive,Constructive conversation with strong engagement; client requested additional retirement scenarios.
3283,571,35,Call,2022-04-18 00:00:00,Positive,Constructive conversation with strong engagement; client requested additional retirement scenarios.
3284,828,43,Call,2024-11-29 00:00:00,Positive,Client appreciated the portfolio review and agreed with the proposed allocation changes.
3285,624,33,Call,2023-03-26 00:00:00,Neutral,Provided account update and answered standard questions on holdings and recent activity.
3286,140,17,Meeting,2023-02-13 00:00:00,Negative,Client requested clarification on fees and portfolio positioning after recent market movements.
3287,389,26,Meeting,2026-05-10 00:00:00,Positive,Meeting went well; client approved the recommended diversification plan.
3288,291,11,Email,2025-07-02 00:00:00,Negative,Client expressed concern over communication frequency and expects a more proactive update cadence.
3289,716,34,Email,2026-03-06 00:00:00,Neutral,Routine check-in completed; no major changes requested at this time.
3290,331,35,Email,2021-06-16 00:00:00,Neutral,Interaction focused on regular portfolio maintenance with no urgent actions identified.
3291,908,34,Video Conference,2025-11-03 00:00:00,Positive,Client expressed satisfaction with recent performance and welcomed follow-up next quarter.
3292,916,19,Email,2024-10-15 00:00:00,Neutral,Client reviewed the summary materials and asked for periodic monitoring to continue.
3293,187,12,Video Conference,2023-01-15 00:00:00,Positive,Positive discussion on long-term goals; client is comfortable with the current strategy.
3294,307,18,Call,2024-11-20 00:00:00,Positive,Client appreciated the portfolio review and agreed with the proposed allocation changes.
3295,360,50,Call,2021-07-11 00:00:00,Neutral,Provided account update and answered standard questions on holdings and recent activity.
3296,792,19,Email,2021-11-04 00:00:00,Neutral,Provided account update and answered standard questions on holdings and recent activity.
3297,921,18,Email,2024-11-03 00:00:00,Neutral,Routine check-in completed; no major changes requested at this time.
3298,87,8,Call,2021-12-02 00:00:00,Positive,Meeting went well; client approved the recommended diversification plan.
3299,321,40,Video Conference,2022-12-01 00:00:00,Positive,Meeting went well; client approved the recommended diversification plan.
3300,467,14,Meeting,2024-06-24 00:00:00,Positive,Constructive conversation with strong engagement; client requested additional retirement scenarios.
3301,266,31,Email,2025-02-19 00:00:00,Positive,Client appreciated the portfolio review and agreed with the proposed allocation changes.
3302,367,5,Meeting,2022-05-10 00:00:00,Positive,Meeting went well; client approved the recommended diversification plan.
3303,81,24,Email,2023-12-08 00:00:00,Positive,Client appreciated the portfolio review and agreed with the proposed allocation changes.
3304,984,48,Video Conference,2025-07-23 00:00:00,Positive,Positive discussion on long-term goals; client is comfortable with the current strategy.
3305,371,7,Email,2021-02-23 00:00:00,Positive,Positive discussion on long-term goals; client is comfortable with the current strategy.
3306,133,48,Video Conference,2025-05-04 00:00:00,Positive,Client appreciated the portfolio review and agreed with the proposed allocation changes.
3307,149,7,Call,2023-12-27 00:00:00,Positive,Client appreciated the portfolio review and agreed with the proposed allocation changes.
3308,590,6,Video Conference,2021-04-27 00:00:00,Negative,Client raised concerns about recent volatility and requested a detailed risk review.
3309,887,29,Meeting,2026-02-25 00:00:00,Positive,Meeting went well; client approved the recommended diversification plan.
3310,777,39,Video Conference,2022-10-11 00:00:00,Neutral,Provided account update and answered standard questions on holdings and recent activity.
3311,322,46,Call,2023-10-13 00:00:00,Positive,Positive discussion on long-term goals; client is comfortable with the current strategy.
3312,823,20,Meeting,2026-05-11 00:00:00,Neutral,Interaction focused on regular portfolio maintenance with no urgent actions identified.
3313,893,9,Email,2024-04-13 00:00:00,Neutral,General discussion on market conditions; client prefers to maintain the current plan for now.
3314,725,30,Email,2021-09-27 00:00:00,Neutral,Client reviewed the summary materials and asked for periodic monitoring to continue.
3315,173,32,Video Conference,2022-02-24 00:00:00,Positive,Client appreciated the portfolio review and agreed with the proposed allocation changes.
3316,209,31,Call,2024-10-11 00:00:00,Positive,Client expressed satisfaction with recent performance and welcomed follow-up next quarter.
3317,502,11,Video Conference,2022-05-06 00:00:00,Neutral,General discussion on market conditions; client prefers to maintain the current plan for now.
3318,41,29,Meeting,2022-07-15 00:00:00,Neutral,Interaction focused on regular portfolio maintenance with no urgent actions identified.
3319,254,26,Meeting,2022-04-03 00:00:00,Neutral,Client reviewed the summary materials and asked for periodic monitoring to continue.
3320,657,26,Email,2025-05-02 00:00:00,Neutral,Provided account update and answered standard questions on holdings and recent activity.
3321,602,40,Video Conference,2023-12-13 00:00:00,Positive,Meeting went well; client approved the recommended diversification plan.
3322,693,39,Email,2022-08-21 00:00:00,Neutral,Client reviewed the summary materials and asked for periodic monitoring to continue.
3323,788,15,Email,2023-01-20 00:00:00,Positive,Constructive conversation with strong engagement; client requested additional retirement scenarios.
3324,548,21,Email,2021-09-01 00:00:00,Neutral,General discussion on market conditions; client prefers to maintain the current plan for now.
3325,255,8,Call,2025-11-20 00:00:00,Positive,Positive discussion on long-term goals; client is comfortable with the current strategy.
3326,892,37,Meeting,2025-07-29 00:00:00,Negative,Client raised concerns about recent volatility and requested a detailed risk review.
3327,859,11,Video Conference,2021-03-07 00:00:00,Neutral,Provided account update and answered standard questions on holdings and recent activity.
3328,167,13,Email,2024-09-09 00:00:00,Positive,Constructive conversation with strong engagement; client requested additional retirement scenarios.
3329,245,39,Meeting,2021-01-16 00:00:00,Negative,Client expressed concern over communication frequency and expects a more proactive update cadence.
3330,28,31,Meeting,2024-08-29 00:00:00,Neutral,Provided account update and answered standard questions on holdings and recent activity.
3331,915,12,Call,2022-04-24 00:00:00,Negative,Interaction indicated frustration regarding drawdowns; advisor to prepare mitigation options.
3332,427,38,Meeting,2026-04-01 00:00:00,Positive,Client appreciated the portfolio review and agreed with the proposed allocation changes.
3333,804,12,Call,2025-03-23 00:00:00,Neutral,Client reviewed the summary materials and asked for periodic monitoring to continue.
3334,965,39,Email,2023-02-07 00:00:00,Neutral,General discussion on market conditions; client prefers to maintain the current plan for now.
3335,56,8,Call,2023-08-17 00:00:00,Positive,Client appreciated the portfolio review and agreed with the proposed allocation changes.
3336,702,12,Call,2022-07-30 00:00:00,Positive,Positive discussion on long-term goals; client is comfortable with the current strategy.
3337,610,7,Video Conference,2025-10-14 00:00:00,Positive,Positive discussion on long-term goals; client is comfortable with the current strategy.
3338,448,42,Meeting,2021-10-27 00:00:00,Positive,Client expressed satisfaction with recent performance and welcomed follow-up next quarter.
3339,716,6,Video Conference,2025-09-22 00:00:00,Positive,Client appreciated the portfolio review and agreed with the proposed allocation changes.
3340,588,2,Meeting,2023-01-18 00:00:00,Neutral,General discussion on market conditions; client prefers to maintain the current plan for now.
3341,927,33,Call,2021-02-26 00:00:00,Positive,Client appreciated the portfolio review and agreed with the proposed allocation changes.
3342,917,36,Email,2024-10-29 00:00:00,Positive,Constructive conversation with strong engagement; client requested additional retirement scenarios.
3343,55,45,Call,2026-02-19 00:00:00,Positive,Constructive conversation with strong engagement; client requested additional retirement scenarios.
3344,866,39,Meeting,2021-09-27 00:00:00,Neutral,General discussion on market conditions; client prefers to maintain the current plan for now.
3345,772,14,Call,2025-12-08 00:00:00,Positive,Meeting went well; client approved the recommended diversification plan.
3346,88,47,Call,2021-12-29 00:00:00,Neutral,Provided account update and answered standard questions on holdings and recent activity.
3347,191,8,Email,2021-06-08 00:00:00,Positive,Meeting went well; client approved the recommended diversification plan.
3348,421,25,Email,2024-05-30 00:00:00,Positive,Positive discussion on long-term goals; client is comfortable with the current strategy.
3349,164,36,Email,2026-05-21 00:00:00,Positive,Client appreciated the portfolio review and agreed with the proposed allocation changes.
3350,943,37,Call,2023-01-03 00:00:00,Negative,Client expressed concern over communication frequency and expects a more proactive update cadence.
3351,947,49,Call,2026-03-15 00:00:00,Neutral,Provided account update and answered standard questions on holdings and recent activity.
3352,47,22,Meeting,2021-11-03 00:00:00,Negative,Client expressed concern over communication frequency and expects a more proactive update cadence.
3353,196,19,Email,2024-12-04 00:00:00,Neutral,General discussion on market conditions; client prefers to maintain the current plan for now.
3354,505,27,Call,2022-05-26 00:00:00,Positive,Meeting went well; client approved the recommended diversification plan.
3355,579,22,Email,2024-01-31 00:00:00,Positive,Constructive conversation with strong engagement; client requested additional retirement scenarios.
3356,954,9,Meeting,2023-03-23 00:00:00,Negative,Interaction indicated frustration regarding drawdowns; advisor to prepare mitigation options.
3357,260,49,Email,2021-11-17 00:00:00,Positive,Meeting went well; client approved the recommended diversification plan.
3358,891,6,Call,2022-03-18 00:00:00,Positive,Positive discussion on long-term goals; client is comfortable with the current strategy.
3359,186,33,Call,2024-11-28 00:00:00,Positive,Client appreciated the portfolio review and agreed with the proposed allocation changes.
3360,109,20,Call,2021-02-23 00:00:00,Positive,Positive discussion on long-term goals; client is comfortable with the current strategy.
3361,681,3,Meeting,2021-01-27 00:00:00,Positive,Meeting went well; client approved the recommended diversification plan.
3362,416,29,Call,2025-11-20 00:00:00,Positive,Client appreciated the portfolio review and agreed with the proposed allocation changes.
3363,606,4,Call,2021-05-01 00:00:00,Neutral,General discussion on market conditions; client prefers to maintain the current plan for now.
3364,935,2,Call,2025-09-07 00:00:00,Neutral,Client reviewed the summary materials and asked for periodic monitoring to continue.
3365,639,23,Call,2022-07-10 00:00:00,Negative,Discussion reflected dissatisfaction with short-term performance; follow-up has been scheduled.
3366,769,4,Meeting,2021-06-08 00:00:00,Negative,Interaction indicated frustration regarding drawdowns; advisor to prepare mitigation options.
3367,368,19,Video Conference,2022-10-01 00:00:00,Neutral,Interaction focused on regular portfolio maintenance with no urgent actions identified.
3368,623,6,Email,2022-05-07 00:00:00,Positive,Constructive conversation with strong engagement; client requested additional retirement scenarios.
3369,671,3,Video Conference,2024-11-17 00:00:00,Positive,Constructive conversation with strong engagement; client requested additional retirement scenarios.
3370,983,10,Email,2025-09-13 00:00:00,Positive,Positive discussion on long-term goals; client is comfortable with the current strategy.
3371,30,29,Meeting,2021-10-02 00:00:00,Negative,Client raised concerns about recent volatility and requested a detailed risk review.
3372,271,26,Video Conference,2026-03-13 00:00:00,Neutral,Provided account update and answered standard questions on holdings and recent activity.
3373,126,24,Email,2023-05-31 00:00:00,Neutral,Interaction focused on regular portfolio maintenance with no urgent actions identified.
3374,382,27,Call,2021-03-19 00:00:00,Neutral,Routine check-in completed; no major changes requested at this time.
3375,461,15,Meeting,2025-09-23 00:00:00,Positive,Client expressed satisfaction with recent performance and welcomed follow-up next quarter.
3376,368,24,Call,2021-08-07 00:00:00,Neutral,General discussion on market conditions; client prefers to maintain the current plan for now.
3377,539,2,Call,2022-11-07 00:00:00,Positive,Positive discussion on long-term goals; client is comfortable with the current strategy.
3378,371,13,Email,2022-10-21 00:00:00,Positive,Client expressed satisfaction with recent performance and welcomed follow-up next quarter.
3379,116,46,Call,2025-09-26 00:00:00,Positive,Constructive conversation with strong engagement; client requested additional retirement scenarios.
3380,187,12,Video Conference,2022-01-05 00:00:00,Positive,Client appreciated the portfolio review and agreed with the proposed allocation changes.
3381,330,11,Meeting,2025-11-12 00:00:00,Positive,Positive discussion on long-term goals; client is comfortable with the current strategy.
3382,24,39,Email,2023-06-22 00:00:00,Positive,Client appreciated the portfolio review and agreed with the proposed allocation changes.
3383,319,44,Email,2022-07-16 00:00:00,Negative,Client expressed concern over communication frequency and expects a more proactive update cadence.
3384,388,50,Video Conference,2023-09-28 00:00:00,Neutral,Provided account update and answered standard questions on holdings and recent activity.
3385,555,19,Email,2024-09-12 00:00:00,Positive,Client expressed satisfaction with recent performance and welcomed follow-up next quarter.
3386,1000,20,Meeting,2024-10-31 00:00:00,Positive,Positive discussion on long-term goals; client is comfortable with the current strategy.
3387,674,13,Email,2021-12-25 00:00:00,Positive,Constructive conversation with strong engagement; client requested additional retirement scenarios.
3388,412,22,Email,2023-10-26 00:00:00,Positive,Meeting went well; client approved the recommended diversification plan.
3389,830,18,Email,2026-03-15 00:00:00,Positive,Meeting went well; client approved the recommended diversification plan.
3390,55,45,Video Conference,2021-04-02 00:00:00,Positive,Constructive conversation with strong engagement; client requested additional retirement scenarios.
3391,705,40,Email,2022-09-24 00:00:00,Positive,Constructive conversation with strong engagement; client requested additional retirement scenarios.
3392,454,2,Call,2021-04-30 00:00:00,Neutral,Interaction focused on regular portfolio maintenance with no urgent actions identified.
3393,434,6,Email,2023-04-10 00:00:00,Negative,Discussion reflected dissatisfaction with short-term performance; follow-up has been scheduled.
3394,412,37,Meeting,2026-04-22 00:00:00,Positive,Constructive conversation with strong engagement; client requested additional retirement scenarios.
3395,168,19,Email,2023-04-10 00:00:00,Neutral,General discussion on market conditions; client prefers to maintain the current plan for now.
3396,840,12,Email,2024-08-02 00:00:00,Positive,Positive discussion on long-term goals; client is comfortable with the current strategy.
3397,72,21,Video Conference,2021-06-18 00:00:00,Neutral,Routine check-in completed; no major changes requested at this time.
3398,48,21,Email,2025-09-06 00:00:00,Neutral,Client reviewed the summary materials and asked for periodic monitoring to continue.
3399,5,2,Meeting,2023-08-17 00:00:00,Positive,Constructive conversation with strong engagement; client requested additional retirement scenarios.
3400,851,1,Email,2021-07-31 00:00:00,Positive,Client expressed satisfaction with recent performance and welcomed follow-up next quarter.
3401,867,36,Video Conference,2025-08-14 00:00:00,Neutral,Provided account update and answered standard questions on holdings and recent activity.
3402,2,37,Call,2026-01-22 00:00:00,Positive,Constructive conversation with strong engagement; client requested additional retirement scenarios.
3403,811,2,Email,2023-11-30 00:00:00,Positive,Client appreciated the portfolio review and agreed with the proposed allocation changes.
3404,696,9,Email,2022-11-15 00:00:00,Positive,Client expressed satisfaction with recent performance and welcomed follow-up next quarter.
3405,507,19,Email,2024-09-18 00:00:00,Positive,Constructive conversation with strong engagement; client requested additional retirement scenarios.
3406,795,7,Meeting,2021-11-08 00:00:00,Neutral,Client reviewed the summary materials and asked for periodic monitoring to continue.
3407,534,12,Email,2025-02-06 00:00:00,Neutral,Interaction focused on regular portfolio maintenance with no urgent actions identified.
3408,32,32,Call,2024-06-30 00:00:00,Neutral,Provided account update and answered standard questions on holdings and recent activity.
3409,475,30,Video Conference,2022-07-21 00:00:00,Negative,Client requested clarification on fees and portfolio positioning after recent market movements.
3410,417,44,Call,2023-02-26 00:00:00,Positive,Meeting went well; client approved the recommended diversification plan.
3411,358,2,Meeting,2024-06-30 00:00:00,Positive,Positive discussion on long-term goals; client is comfortable with the current strategy.
3412,643,18,Meeting,2023-09-20 00:00:00,Positive,Client appreciated the portfolio review and agreed with the proposed allocation changes.
3413,187,19,Meeting,2025-02-25 00:00:00,Positive,Constructive conversation with strong engagement; client requested additional retirement scenarios.
3414,436,49,Call,2024-11-23 00:00:00,Neutral,Provided account update and answered standard questions on holdings and recent activity.
3415,690,30,Call,2022-05-05 00:00:00,Negative,Client raised concerns about recent volatility and requested a detailed risk review.
3416,596,3,Meeting,2026-04-04 00:00:00,Negative,Client requested clarification on fees and portfolio positioning after recent market movements.
3417,85,7,Email,2022-07-15 00:00:00,Positive,Client appreciated the portfolio review and agreed with the proposed allocation changes.
3418,848,17,Email,2025-05-18 00:00:00,Neutral,Client reviewed the summary materials and asked for periodic monitoring to continue.
3419,433,25,Video Conference,2022-07-31 00:00:00,Neutral,General discussion on market conditions; client prefers to maintain the current plan for now.
3420,604,30,Email,2022-10-11 00:00:00,Negative,Interaction indicated frustration regarding drawdowns; advisor to prepare mitigation options.
3421,873,31,Video Conference,2021-05-28 00:00:00,Neutral,Interaction focused on regular portfolio maintenance with no urgent actions identified.
3422,465,31,Email,2026-04-04 00:00:00,Positive,Positive discussion on long-term goals; client is comfortable with the current strategy.
3423,282,26,Email,2025-01-18 00:00:00,Positive,Positive discussion on long-term goals; client is comfortable with the current strategy.
3424,283,47,Call,2024-11-15 00:00:00,Neutral,Provided account update and answered standard questions on holdings and recent activity.
3425,585,15,Call,2023-11-07 00:00:00,Positive,Meeting went well; client approved the recommended diversification plan.
3426,940,1,Email,2023-04-06 00:00:00,Neutral,Provided account update and answered standard questions on holdings and recent activity.
3427,342,18,Video Conference,2024-12-02 00:00:00,Neutral,Provided account update and answered standard questions on holdings and recent activity.
3428,367,5,Call,2022-03-21 00:00:00,Neutral,Routine check-in completed; no major changes requested at this time.
3429,193,12,Video Conference,2025-06-01 00:00:00,Positive,Constructive conversation with strong engagement; client requested additional retirement scenarios.
3430,374,22,Call,2022-06-13 00:00:00,Neutral,Routine check-in completed; no major changes requested at this time.
3431,972,20,Call,2025-08-17 00:00:00,Positive,Client expressed satisfaction with recent performance and welcomed follow-up next quarter.
3432,351,26,Email,2022-06-19 00:00:00,Positive,Constructive conversation with strong engagement; client requested additional retirement scenarios.
3433,396,14,Call,2024-07-20 00:00:00,Positive,Positive discussion on long-term goals; client is comfortable with the current strategy.
3434,70,5,Meeting,2021-05-27 00:00:00,Negative,Client requested clarification on fees and portfolio positioning after recent market movements.
3435,285,47,Meeting,2024-09-30 00:00:00,Positive,Client expressed satisfaction with recent performance and welcomed follow-up next quarter.
3436,968,7,Call,2025-08-22 00:00:00,Neutral,Provided account update and answered standard questions on holdings and recent activity.
3437,232,4,Email,2024-05-22 00:00:00,Neutral,Client reviewed the summary materials and asked for periodic monitoring to continue.
3438,148,31,Email,2021-10-14 00:00:00,Negative,Client expressed concern over communication frequency and expects a more proactive update cadence.
3439,726,14,Email,2023-04-30 00:00:00,Negative,Discussion reflected dissatisfaction with short-term performance; follow-up has been scheduled.
3440,436,49,Meeting,2022-01-03 00:00:00,Negative,Client raised concerns about recent volatility and requested a detailed risk review.
3441,806,33,Call,2026-02-19 00:00:00,Positive,Constructive conversation with strong engagement; client requested additional retirement scenarios.
3442,326,4,Meeting,2024-01-02 00:00:00,Positive,Client expressed satisfaction with recent performance and welcomed follow-up next quarter.
3443,910,43,Meeting,2022-12-09 00:00:00,Neutral,Provided account update and answered standard questions on holdings and recent activity.
3444,731,9,Video Conference,2024-01-08 00:00:00,Positive,Client appreciated the portfolio review and agreed with the proposed allocation changes.
3445,592,23,Meeting,2022-08-05 00:00:00,Positive,Client appreciated the portfolio review and agreed with the proposed allocation changes.
3446,472,20,Call,2025-04-15 00:00:00,Positive,Constructive conversation with strong engagement; client requested additional retirement scenarios.
3447,1000,38,Call,2023-10-15 00:00:00,Neutral,General discussion on market conditions; client prefers to maintain the current plan for now.
3448,956,23,Meeting,2021-02-16 00:00:00,Positive,Constructive conversation with strong engagement; client requested additional retirement scenarios.
3449,313,40,Call,2021-06-03 00:00:00,Negative,Interaction indicated frustration regarding drawdowns; advisor to prepare mitigation options.
3450,246,42,Video Conference,2023-09-19 00:00:00,Positive,Client appreciated the portfolio review and agreed with the proposed allocation changes.
3451,555,19,Call,2021-02-12 00:00:00,Positive,Constructive conversation with strong engagement; client requested additional retirement scenarios.
3452,101,33,Meeting,2025-10-15 00:00:00,Negative,Client raised concerns about recent volatility and requested a detailed risk review.
3453,256,37,Email,2022-09-17 00:00:00,Neutral,General discussion on market conditions; client prefers to maintain the current plan for now.
3454,458,26,Video Conference,2021-06-28 00:00:00,Negative,Client raised concerns about recent volatility and requested a detailed risk review.
3455,439,22,Meeting,2021-11-23 00:00:00,Positive,Client appreciated the portfolio review and agreed with the proposed allocation changes.
3456,439,22,Call,2026-01-27 00:00:00,Positive,Client expressed satisfaction with recent performance and welcomed follow-up next quarter.
3457,394,35,Video Conference,2022-10-27 00:00:00,Positive,Positive discussion on long-term goals; client is comfortable with the current strategy.
3458,262,32,Email,2021-01-03 00:00:00,Positive,Constructive conversation with strong engagement; client requested additional retirement scenarios.
3459,70,5,Call,2025-05-31 00:00:00,Positive,Client appreciated the portfolio review and agreed with the proposed allocation changes.
3460,31,2,Video Conference,2022-10-27 00:00:00,Positive,Client appreciated the portfolio review and agreed with the proposed allocation changes.
3461,315,6,Video Conference,2021-04-04 00:00:00,Positive,Constructive conversation with strong engagement; client requested additional retirement scenarios.
3462,151,5,Email,2022-06-27 00:00:00,Positive,Client expressed satisfaction with recent performance and welcomed follow-up next quarter.
3463,719,50,Meeting,2026-05-31 00:00:00,Negative,Discussion reflected dissatisfaction with short-term performance; follow-up has been scheduled.
3464,337,49,Video Conference,2022-08-07 00:00:00,Neutral,Interaction focused on regular portfolio maintenance with no urgent actions identified.
3465,357,33,Video Conference,2023-03-18 00:00:00,Positive,Positive discussion on long-term goals; client is comfortable with the current strategy.
3466,734,25,Video Conference,2023-07-18 00:00:00,Neutral,Routine check-in completed; no major changes requested at this time.
3467,728,12,Call,2022-03-22 00:00:00,Neutral,General discussion on market conditions; client prefers to maintain the current plan for now.
3468,554,46,Email,2024-03-07 00:00:00,Neutral,Provided account update and answered standard questions on holdings and recent activity.
3469,683,3,Meeting,2026-02-06 00:00:00,Neutral,Provided account update and answered standard questions on holdings and recent activity.
3470,890,22,Email,2024-03-24 00:00:00,Positive,Client expressed satisfaction with recent performance and welcomed follow-up next quarter.
3471,295,5,Video Conference,2022-08-27 00:00:00,Positive,Client expressed satisfaction with recent performance and welcomed follow-up next quarter.
3472,348,3,Call,2025-11-05 00:00:00,Positive,Client appreciated the portfolio review and agreed with the proposed allocation changes.
3473,256,37,Meeting,2023-11-03 00:00:00,Positive,Client expressed satisfaction with recent performance and welcomed follow-up next quarter.
3474,321,40,Call,2023-12-21 00:00:00,Neutral,Provided account update and answered standard questions on holdings and recent activity.
3475,28,31,Video Conference,2024-11-10 00:00:00,Positive,Constructive conversation with strong engagement; client requested additional retirement scenarios.
3476,541,10,Video Conference,2025-04-15 00:00:00,Neutral,Client reviewed the summary materials and asked for periodic monitoring to continue.
3477,353,17,Video Conference,2023-02-01 00:00:00,Positive,Meeting went well; client approved the recommended diversification plan.
3478,374,45,Call,2022-02-27 00:00:00,Positive,Client expressed satisfaction with recent performance and welcomed follow-up next quarter.
3479,977,24,Meeting,2023-11-04 00:00:00,Neutral,Interaction focused on regular portfolio maintenance with no urgent actions identified.
3480,841,9,Video Conference,2023-03-11 00:00:00,Positive,Client appreciated the portfolio review and agreed with the proposed allocation changes.
3481,390,43,Meeting,2024-07-25 00:00:00,Neutral,Provided account update and answered standard questions on holdings and recent activity.
3482,839,30,Call,2024-04-17 00:00:00,Positive,Client expressed satisfaction with recent performance and welcomed follow-up next quarter.
3483,954,18,Email,2021-04-28 00:00:00,Positive,Meeting went well; client approved the recommended diversification plan.
3484,23,11,Meeting,2023-04-26 00:00:00,Neutral,Routine check-in completed; no major changes requested at this time.
3485,932,42,Meeting,2025-02-07 00:00:00,Neutral,Client reviewed the summary materials and asked for periodic monitoring to continue.
3486,217,2,Meeting,2021-12-08 00:00:00,Neutral,General discussion on market conditions; client prefers to maintain the current plan for now.
3487,421,25,Video Conference,2024-09-29 00:00:00,Neutral,General discussion on market conditions; client prefers to maintain the current plan for now.
3488,140,48,Call,2023-09-22 00:00:00,Positive,Client expressed satisfaction with recent performance and welcomed follow-up next quarter.
3489,660,12,Email,2022-10-08 00:00:00,Neutral,Provided account update and answered standard questions on holdings and recent activity.
3490,694,8,Call,2026-02-12 00:00:00,Positive,Client appreciated the portfolio review and agreed with the proposed allocation changes.
3491,920,16,Email,2025-04-18 00:00:00,Neutral,General discussion on market conditions; client prefers to maintain the current plan for now.
3492,619,4,Meeting,2022-12-05 00:00:00,Positive,Meeting went well; client approved the recommended diversification plan.
3493,529,8,Meeting,2022-09-07 00:00:00,Negative,Client requested clarification on fees and portfolio positioning after recent market movements.
3494,614,45,Call,2021-02-20 00:00:00,Neutral,Interaction focused on regular portfolio maintenance with no urgent actions identified.
3495,209,31,Call,2024-11-10 00:00:00,Positive,Client expressed satisfaction with recent performance and welcomed follow-up next quarter.
3496,54,28,Call,2023-03-10 00:00:00,Negative,Discussion reflected dissatisfaction with short-term performance; follow-up has been scheduled.
3497,521,11,Meeting,2023-03-25 00:00:00,Positive,Meeting went well; client approved the recommended diversification plan.
3498,138,20,Meeting,2023-07-25 00:00:00,Neutral,General discussion on market conditions; client prefers to maintain the current plan for now.
3499,837,50,Call,2021-09-01 00:00:00,Negative,Client requested clarification on fees and portfolio positioning after recent market movements.
3500,62,3,Video Conference,2022-03-06 00:00:00,Positive,Positive discussion on long-term goals; client is comfortable with the current strategy.
3501,372,15,Meeting,2025-01-24 00:00:00,Positive,Client expressed satisfaction with recent performance and welcomed follow-up next quarter.
3502,611,42,Meeting,2022-12-23 00:00:00,Negative,Interaction indicated frustration regarding drawdowns; advisor to prepare mitigation options.
3503,71,48,Call,2025-07-17 00:00:00,Positive,Client appreciated the portfolio review and agreed with the proposed allocation changes.
3504,38,35,Video Conference,2021-12-12 00:00:00,Positive,Client expressed satisfaction with recent performance and welcomed follow-up next quarter.
3505,19,2,Email,2023-03-27 00:00:00,Neutral,Client reviewed the summary materials and asked for periodic monitoring to continue.
3506,825,2,Call,2022-03-10 00:00:00,Neutral,Provided account update and answered standard questions on holdings and recent activity.
3507,741,23,Email,2025-12-05 00:00:00,Positive,Constructive conversation with strong engagement; client requested additional retirement scenarios.
3508,224,2,Meeting,2025-12-03 00:00:00,Positive,Client appreciated the portfolio review and agreed with the proposed allocation changes.
3509,866,39,Meeting,2024-09-12 00:00:00,Positive,Constructive conversation with strong engagement; client requested additional retirement scenarios.
3510,253,35,Email,2022-10-02 00:00:00,Negative,Discussion reflected dissatisfaction with short-term performance; follow-up has been scheduled.
3511,824,16,Email,2025-07-31 00:00:00,Negative,Client expressed concern over communication frequency and expects a more proactive update cadence.
3512,240,45,Email,2026-05-09 00:00:00,Negative,Discussion reflected dissatisfaction with short-term performance; follow-up has been scheduled.
3513,759,23,Email,2025-05-21 00:00:00,Neutral,Provided account update and answered standard questions on holdings and recent activity.
3514,494,35,Meeting,2021-10-04 00:00:00,Positive,Client expressed satisfaction with recent performance and welcomed follow-up next quarter.
3515,764,27,Meeting,2025-01-11 00:00:00,Positive,Client expressed satisfaction with recent performance and welcomed follow-up next quarter.
3516,563,20,Call,2023-12-05 00:00:00,Negative,Discussion reflected dissatisfaction with short-term performance; follow-up has been scheduled.
3517,135,6,Call,2022-08-19 00:00:00,Positive,Client appreciated the portfolio review and agreed with the proposed allocation changes.
3518,816,17,Email,2025-02-02 00:00:00,Neutral,Interaction focused on regular portfolio maintenance with no urgent actions identified.
3519,571,35,Meeting,2024-06-28 00:00:00,Neutral,Provided account update and answered standard questions on holdings and recent activity.
3520,419,44,Meeting,2021-08-26 00:00:00,Positive,Client appreciated the portfolio review and agreed with the proposed allocation changes.
3521,308,25,Video Conference,2025-01-23 00:00:00,Negative,Discussion reflected dissatisfaction with short-term performance; follow-up has been scheduled.
3522,128,35,Meeting,2024-05-17 00:00:00,Positive,Positive discussion on long-term goals; client is comfortable with the current strategy.
3523,224,2,Call,2021-01-16 00:00:00,Negative,Client expressed concern over communication frequency and expects a more proactive update cadence.
3524,177,16,Meeting,2024-04-13 00:00:00,Positive,Positive discussion on long-term goals; client is comfortable with the current strategy.
3525,316,42,Video Conference,2022-12-07 00:00:00,Positive,Constructive conversation with strong engagement; client requested additional retirement scenarios.
3526,367,5,Meeting,2023-02-01 00:00:00,Neutral,Provided account update and answered standard questions on holdings and recent activity.
3527,509,47,Video Conference,2025-07-13 00:00:00,Positive,Constructive conversation with strong engagement; client requested additional retirement scenarios.
3528,1,32,Meeting,2025-10-24 00:00:00,Neutral,Interaction focused on regular portfolio maintenance with no urgent actions identified.
3529,521,7,Email,2022-12-08 00:00:00,Neutral,Client reviewed the summary materials and asked for periodic monitoring to continue.
3530,838,3,Call,2023-01-31 00:00:00,Neutral,Provided account update and answered standard questions on holdings and recent activity.
3531,176,27,Call,2025-05-15 00:00:00,Neutral,General discussion on market conditions; client prefers to maintain the current plan for now.
3532,256,37,Call,2023-05-07 00:00:00,Positive,Client expressed satisfaction with recent performance and welcomed follow-up next quarter.
3533,376,32,Meeting,2023-07-22 00:00:00,Neutral,Interaction focused on regular portfolio maintenance with no urgent actions identified.
3534,904,45,Email,2025-09-17 00:00:00,Positive,Positive discussion on long-term goals; client is comfortable with the current strategy.
3535,529,8,Call,2024-02-13 00:00:00,Positive,Client expressed satisfaction with recent performance and welcomed follow-up next quarter.
3536,199,36,Call,2022-06-02 00:00:00,Positive,Positive discussion on long-term goals; client is comfortable with the current strategy.
3537,370,48,Email,2024-01-18 00:00:00,Positive,Positive discussion on long-term goals; client is comfortable with the current strategy.
3538,933,11,Meeting,2026-02-22 00:00:00,Neutral,General discussion on market conditions; client prefers to maintain the current plan for now.
3539,310,44,Call,2024-12-30 00:00:00,Neutral,General discussion on market conditions; client prefers to maintain the current plan for now.
3540,970,33,Call,2024-05-28 00:00:00,Positive,Client expressed satisfaction with recent performance and welcomed follow-up next quarter.
3541,543,40,Call,2021-01-17 00:00:00,Neutral,Interaction focused on regular portfolio maintenance with no urgent actions identified.
3542,778,39,Email,2021-08-09 00:00:00,Positive,Positive discussion on long-term goals; client is comfortable with the current strategy.
3543,208,15,Email,2023-11-22 00:00:00,Positive,Meeting went well; client approved the recommended diversification plan.
3544,361,11,Email,2022-04-20 00:00:00,Neutral,Provided account update and answered standard questions on holdings and recent activity.
3545,131,7,Video Conference,2023-11-07 00:00:00,Neutral,Provided account update and answered standard questions on holdings and recent activity.
3546,779,25,Email,2025-08-30 00:00:00,Positive,Client appreciated the portfolio review and agreed with the proposed allocation changes.
3547,564,13,Call,2023-05-06 00:00:00,Negative,Discussion reflected dissatisfaction with short-term performance; follow-up has been scheduled.
3548,300,38,Email,2021-01-19 00:00:00,Positive,Meeting went well; client approved the recommended diversification plan.
3549,520,46,Email,2023-12-30 00:00:00,Neutral,Routine check-in completed; no major changes requested at this time.
3550,203,31,Meeting,2023-02-13 00:00:00,Positive,Meeting went well; client approved the recommended diversification plan.
3551,479,23,Meeting,2022-05-31 00:00:00,Positive,Meeting went well; client approved the recommended diversification plan.
3552,573,33,Meeting,2026-03-18 00:00:00,Positive,Client expressed satisfaction with recent performance and welcomed follow-up next quarter.
3553,726,14,Call,2024-07-03 00:00:00,Negative,Client requested clarification on fees and portfolio positioning after recent market movements.
3554,208,15,Call,2025-06-30 00:00:00,Positive,Client expressed satisfaction with recent performance and welcomed follow-up next quarter.
3555,145,44,Call,2026-02-02 00:00:00,Positive,Positive discussion on long-term goals; client is comfortable with the current strategy.
3556,434,6,Email,2025-03-11 00:00:00,Neutral,Provided account update and answered standard questions on holdings and recent activity.
3557,838,27,Meeting,2023-10-31 00:00:00,Negative,Client requested clarification on fees and portfolio positioning after recent market movements.
3558,704,4,Video Conference,2023-12-30 00:00:00,Positive,Client appreciated the portfolio review and agreed with the proposed allocation changes.
3559,179,33,Call,2023-01-15 00:00:00,Positive,Client expressed satisfaction with recent performance and welcomed follow-up next quarter.
3560,903,34,Call,2021-08-30 00:00:00,Positive,Client expressed satisfaction with recent performance and welcomed follow-up next quarter.
3561,19,2,Video Conference,2021-09-02 00:00:00,Positive,Client expressed satisfaction with recent performance and welcomed follow-up next quarter.
3562,341,25,Meeting,2021-02-08 00:00:00,Positive,Positive discussion on long-term goals; client is comfortable with the current strategy.
3563,343,50,Meeting,2022-01-05 00:00:00,Neutral,Routine check-in completed; no major changes requested at this time.
3564,765,23,Meeting,2021-07-10 00:00:00,Positive,Client appreciated the portfolio review and agreed with the proposed allocation changes.
3565,696,9,Call,2021-03-19 00:00:00,Positive,Meeting went well; client approved the recommended diversification plan.
3566,713,6,Meeting,2022-12-26 00:00:00,Positive,Client expressed satisfaction with recent performance and welcomed follow-up next quarter.
3567,563,22,Email,2025-07-05 00:00:00,Neutral,Routine check-in completed; no major changes requested at this time.
3568,129,14,Video Conference,2023-07-16 00:00:00,Positive,Client appreciated the portfolio review and agreed with the proposed allocation changes.
3569,253,13,Video Conference,2022-04-06 00:00:00,Positive,Meeting went well; client approved the recommended diversification plan.
3570,88,47,Call,2023-07-28 00:00:00,Positive,Constructive conversation with strong engagement; client requested additional retirement scenarios.
3571,9,22,Video Conference,2025-01-17 00:00:00,Positive,Constructive conversation with strong engagement; client requested additional retirement scenarios.
3572,285,47,Call,2023-06-27 00:00:00,Neutral,General discussion on market conditions; client prefers to maintain the current plan for now.
3573,823,42,Meeting,2026-05-31 00:00:00,Neutral,General discussion on market conditions; client prefers to maintain the current plan for now.
3574,4,8,Email,2021-11-11 00:00:00,Positive,Constructive conversation with strong engagement; client requested additional retirement scenarios.
3575,948,2,Email,2023-06-06 00:00:00,Negative,Client expressed concern over communication frequency and expects a more proactive update cadence.
3576,402,14,Call,2021-03-15 00:00:00,Neutral,Client reviewed the summary materials and asked for periodic monitoring to continue.
3577,837,50,Meeting,2025-08-31 00:00:00,Negative,Discussion reflected dissatisfaction with short-term performance; follow-up has been scheduled.
3578,112,22,Call,2025-03-30 00:00:00,Positive,Meeting went well; client approved the recommended diversification plan.
3579,108,20,Email,2026-05-12 00:00:00,Negative,Interaction indicated frustration regarding drawdowns; advisor to prepare mitigation options.
3580,230,24,Call,2021-09-15 00:00:00,Negative,Interaction indicated frustration regarding drawdowns; advisor to prepare mitigation options.
3581,897,12,Video Conference,2021-05-03 00:00:00,Positive,Positive discussion on long-term goals; client is comfortable with the current strategy.
3582,148,31,Email,2024-05-29 00:00:00,Positive,Client appreciated the portfolio review and agreed with the proposed allocation changes.
3583,593,7,Email,2022-10-10 00:00:00,Neutral,Provided account update and answered standard questions on holdings and recent activity.
3584,589,42,Call,2022-04-12 00:00:00,Positive,Positive discussion on long-term goals; client is comfortable with the current strategy.
3585,659,25,Call,2021-01-02 00:00:00,Neutral,Interaction focused on regular portfolio maintenance with no urgent actions identified.
3586,410,11,Email,2026-05-12 00:00:00,Negative,Discussion reflected dissatisfaction with short-term performance; follow-up has been scheduled.
3587,788,12,Call,2021-11-16 00:00:00,Neutral,General discussion on market conditions; client prefers to maintain the current plan for now.
3588,165,27,Call,2023-12-27 00:00:00,Neutral,Routine check-in completed; no major changes requested at this time.
3589,651,42,Meeting,2025-01-25 00:00:00,Neutral,General discussion on market conditions; client prefers to maintain the current plan for now.
3590,428,30,Video Conference,2022-06-28 00:00:00,Positive,Positive discussion on long-term goals; client is comfortable with the current strategy.
3591,712,13,Meeting,2021-07-29 00:00:00,Positive,Positive discussion on long-term goals; client is comfortable with the current strategy.
3592,441,23,Email,2026-05-02 00:00:00,Positive,Client expressed satisfaction with recent performance and welcomed follow-up next quarter.
3593,868,40,Video Conference,2023-03-15 00:00:00,Positive,Client appreciated the portfolio review and agreed with the proposed allocation changes.
3594,938,6,Call,2025-10-16 00:00:00,Neutral,General discussion on market conditions; client prefers to maintain the current plan for now.
3595,750,48,Call,2023-06-30 00:00:00,Negative,Interaction indicated frustration regarding drawdowns; advisor to prepare mitigation options.
3596,415,8,Email,2022-11-12 00:00:00,Negative,Client expressed concern over communication frequency and expects a more proactive update cadence.
3597,47,22,Meeting,2022-05-17 00:00:00,Neutral,General discussion on market conditions; client prefers to maintain the current plan for now.
3598,665,5,Email,2022-11-29 00:00:00,Neutral,Provided account update and answered standard questions on holdings and recent activity.
3599,170,5,Call,2025-08-12 00:00:00,Negative,Discussion reflected dissatisfaction with short-term performance; follow-up has been scheduled.
3600,676,15,Meeting,2022-12-29 00:00:00,Neutral,Routine check-in completed; no major changes requested at this time.
3601,195,23,Meeting,2021-10-20 00:00:00,Negative,Client raised concerns about recent volatility and requested a detailed risk review.
3602,532,31,Email,2021-10-22 00:00:00,Positive,Positive discussion on long-term goals; client is comfortable with the current strategy.
3603,21,14,Email,2023-03-31 00:00:00,Neutral,Interaction focused on regular portfolio maintenance with no urgent actions identified.
3604,709,7,Call,2023-12-19 00:00:00,Positive,Constructive conversation with strong engagement; client requested additional retirement scenarios.
3605,631,16,Meeting,2022-11-01 00:00:00,Positive,Constructive conversation with strong engagement; client requested additional retirement scenarios.
3606,228,37,Email,2022-02-16 00:00:00,Positive,Constructive conversation with strong engagement; client requested additional retirement scenarios.
3607,530,43,Call,2024-02-01 00:00:00,Neutral,Client reviewed the summary materials and asked for periodic monitoring to continue.
3608,661,32,Call,2025-08-30 00:00:00,Positive,Meeting went well; client approved the recommended diversification plan.
3609,410,11,Meeting,2021-05-28 00:00:00,Neutral,Client reviewed the summary materials and asked for periodic monitoring to continue.
3610,51,20,Meeting,2023-10-16 00:00:00,Negative,Client raised concerns about recent volatility and requested a detailed risk review.
3611,78,18,Email,2022-09-28 00:00:00,Positive,Constructive conversation with strong engagement; client requested additional retirement scenarios.
3612,419,44,Meeting,2026-01-01 00:00:00,Neutral,Client reviewed the summary materials and asked for periodic monitoring to continue.
3613,278,10,Email,2025-11-06 00:00:00,Positive,Client expressed satisfaction with recent performance and welcomed follow-up next quarter.
3614,393,14,Email,2022-01-25 00:00:00,Positive,Client appreciated the portfolio review and agreed with the proposed allocation changes.
3615,939,2,Call,2021-11-04 00:00:00,Positive,Constructive conversation with strong engagement; client requested additional retirement scenarios.
3616,544,19,Email,2024-05-07 00:00:00,Positive,Client appreciated the portfolio review and agreed with the proposed allocation changes.
3617,864,24,Email,2026-05-18 00:00:00,Neutral,Client reviewed the summary materials and asked for periodic monitoring to continue.
3618,198,26,Meeting,2024-06-30 00:00:00,Negative,Discussion reflected dissatisfaction with short-term performance; follow-up has been scheduled.
3619,451,17,Call,2023-04-26 00:00:00,Neutral,Provided account update and answered standard questions on holdings and recent activity.
3620,658,20,Email,2022-09-26 00:00:00,Negative,Client expressed concern over communication frequency and expects a more proactive update cadence.
3621,595,39,Email,2023-12-17 00:00:00,Neutral,Provided account update and answered standard questions on holdings and recent activity.
3622,840,12,Meeting,2022-08-21 00:00:00,Negative,Discussion reflected dissatisfaction with short-term performance; follow-up has been scheduled.
3623,829,46,Video Conference,2025-11-20 00:00:00,Neutral,Routine check-in completed; no major changes requested at this time.
3624,878,19,Call,2024-10-01 00:00:00,Positive,Positive discussion on long-term goals; client is comfortable with the current strategy.
3625,995,12,Call,2023-05-19 00:00:00,Neutral,General discussion on market conditions; client prefers to maintain the current plan for now.
3626,681,11,Call,2021-01-21 00:00:00,Positive,Client expressed satisfaction with recent performance and welcomed follow-up next quarter.
3627,742,35,Call,2024-07-24 00:00:00,Neutral,General discussion on market conditions; client prefers to maintain the current plan for now.
3628,524,32,Meeting,2021-10-21 00:00:00,Neutral,Client reviewed the summary materials and asked for periodic monitoring to continue.
3629,222,9,Email,2022-01-04 00:00:00,Positive,Client appreciated the portfolio review and agreed with the proposed allocation changes.
3630,962,38,Meeting,2023-01-15 00:00:00,Negative,Client expressed concern over communication frequency and expects a more proactive update cadence.
3631,603,20,Video Conference,2024-03-06 00:00:00,Neutral,Provided account update and answered standard questions on holdings and recent activity.
3632,232,4,Email,2026-03-30 00:00:00,Neutral,Interaction focused on regular portfolio maintenance with no urgent actions identified.
3633,389,26,Video Conference,2023-03-05 00:00:00,Neutral,Interaction focused on regular portfolio maintenance with no urgent actions identified.
3634,71,48,Meeting,2021-01-21 00:00:00,Neutral,Interaction focused on regular portfolio maintenance with no urgent actions identified.
3635,112,22,Email,2025-12-14 00:00:00,Neutral,Client reviewed the summary materials and asked for periodic monitoring to continue.
3636,105,24,Email,2023-07-15 00:00:00,Negative,Discussion reflected dissatisfaction with short-term performance; follow-up has been scheduled.
3637,143,39,Email,2025-05-08 00:00:00,Neutral,Interaction focused on regular portfolio maintenance with no urgent actions identified.
3638,515,33,Email,2023-04-28 00:00:00,Positive,Client appreciated the portfolio review and agreed with the proposed allocation changes.
3639,8,18,Call,2023-01-25 00:00:00,Positive,Client expressed satisfaction with recent performance and welcomed follow-up next quarter.
3640,797,37,Email,2024-04-06 00:00:00,Negative,Interaction indicated frustration regarding drawdowns; advisor to prepare mitigation options.
3641,164,9,Meeting,2022-02-28 00:00:00,Positive,Client appreciated the portfolio review and agreed with the proposed allocation changes.
3642,253,14,Call,2022-04-11 00:00:00,Positive,Client appreciated the portfolio review and agreed with the proposed allocation changes.
3643,964,39,Video Conference,2023-08-24 00:00:00,Positive,Meeting went well; client approved the recommended diversification plan.
3644,105,24,Meeting,2023-07-18 00:00:00,Positive,Client expressed satisfaction with recent performance and welcomed follow-up next quarter.
3645,313,40,Email,2025-12-16 00:00:00,Neutral,Routine check-in completed; no major changes requested at this time.
3646,715,32,Video Conference,2025-06-02 00:00:00,Negative,Discussion reflected dissatisfaction with short-term performance; follow-up has been scheduled.
3647,338,4,Call,2021-11-10 00:00:00,Negative,Client requested clarification on fees and portfolio positioning after recent market movements.
3648,646,6,Call,2025-11-30 00:00:00,Positive,Client expressed satisfaction with recent performance and welcomed follow-up next quarter.
3649,392,28,Email,2021-03-19 00:00:00,Positive,Positive discussion on long-term goals; client is comfortable with the current strategy.
3650,648,43,Email,2021-01-04 00:00:00,Positive,Client appreciated the portfolio review and agreed with the proposed allocation changes.
3651,419,44,Meeting,2024-12-17 00:00:00,Positive,Client appreciated the portfolio review and agreed with the proposed allocation changes.
3652,423,27,Meeting,2023-10-29 00:00:00,Negative,Interaction indicated frustration regarding drawdowns; advisor to prepare mitigation options.
3653,834,31,Meeting,2023-02-15 00:00:00,Positive,Constructive conversation with strong engagement; client requested additional retirement scenarios.
3654,351,38,Video Conference,2021-11-20 00:00:00,Positive,Meeting went well; client approved the recommended diversification plan.
3655,638,23,Email,2023-10-17 00:00:00,Neutral,Provided account update and answered standard questions on holdings and recent activity.
3656,919,16,Email,2024-07-13 00:00:00,Positive,Client expressed satisfaction with recent performance and welcomed follow-up next quarter.
3657,774,14,Email,2021-05-30 00:00:00,Positive,Constructive conversation with strong engagement; client requested additional retirement scenarios.
3658,399,38,Video Conference,2026-05-01 00:00:00,Positive,Constructive conversation with strong engagement; client requested additional retirement scenarios.
3659,764,27,Video Conference,2021-10-17 00:00:00,Neutral,General discussion on market conditions; client prefers to maintain the current plan for now.
3660,568,5,Email,2021-02-15 00:00:00,Neutral,Interaction focused on regular portfolio maintenance with no urgent actions identified.
3661,778,27,Meeting,2025-06-19 00:00:00,Positive,Positive discussion on long-term goals; client is comfortable with the current strategy.
3662,74,32,Meeting,2021-11-11 00:00:00,Positive,Client expressed satisfaction with recent performance and welcomed follow-up next quarter.
3663,736,24,Email,2021-01-10 00:00:00,Positive,Client expressed satisfaction with recent performance and welcomed follow-up next quarter.
3664,409,12,Call,2022-02-26 00:00:00,Neutral,General discussion on market conditions; client prefers to maintain the current plan for now.
3665,406,26,Meeting,2023-01-15 00:00:00,Positive,Constructive conversation with strong engagement; client requested additional retirement scenarios.
3666,474,30,Meeting,2022-04-01 00:00:00,Negative,Client raised concerns about recent volatility and requested a detailed risk review.
3667,35,1,Meeting,2023-05-05 00:00:00,Positive,Client appreciated the portfolio review and agreed with the proposed allocation changes.
3668,560,32,Email,2023-10-29 00:00:00,Negative,Client expressed concern over communication frequency and expects a more proactive update cadence.
3669,30,12,Video Conference,2021-02-10 00:00:00,Negative,Interaction indicated frustration regarding drawdowns; advisor to prepare mitigation options.
3670,748,10,Video Conference,2022-03-13 00:00:00,Positive,Meeting went well; client approved the recommended diversification plan.
3671,246,42,Email,2025-04-11 00:00:00,Neutral,Client reviewed the summary materials and asked for periodic monitoring to continue.
3672,876,47,Email,2022-11-18 00:00:00,Neutral,Interaction focused on regular portfolio maintenance with no urgent actions identified.
3673,923,38,Call,2025-08-25 00:00:00,Positive,Constructive conversation with strong engagement; client requested additional retirement scenarios.
3674,716,34,Email,2024-05-17 00:00:00,Neutral,Routine check-in completed; no major changes requested at this time.
3675,313,29,Meeting,2026-02-13 00:00:00,Positive,Constructive conversation with strong engagement; client requested additional retirement scenarios.
3676,555,19,Call,2026-05-04 00:00:00,Neutral,Routine check-in completed; no major changes requested at this time.
3677,740,24,Call,2024-06-14 00:00:00,Neutral,Provided account update and answered standard questions on holdings and recent activity.
3678,850,11,Call,2025-09-06 00:00:00,Positive,Meeting went well; client approved the recommended diversification plan.
3679,665,5,Call,2025-04-30 00:00:00,Positive,Client appreciated the portfolio review and agreed with the proposed allocation changes.
3680,571,38,Email,2026-02-19 00:00:00,Negative,Client expressed concern over communication frequency and expects a more proactive update cadence.
3681,956,23,Meeting,2023-05-01 00:00:00,Neutral,Routine check-in completed; no major changes requested at this time.
3682,148,31,Call,2024-12-13 00:00:00,Positive,Client expressed satisfaction with recent performance and welcomed follow-up next quarter.
3683,711,19,Video Conference,2026-05-12 00:00:00,Positive,Client appreciated the portfolio review and agreed with the proposed allocation changes.
3684,167,13,Meeting,2022-09-17 00:00:00,Neutral,Provided account update and answered standard questions on holdings and recent activity.
3685,947,49,Email,2022-11-10 00:00:00,Positive,Client appreciated the portfolio review and agreed with the proposed allocation changes.
3686,398,13,Call,2021-05-02 00:00:00,Positive,Client appreciated the portfolio review and agreed with the proposed allocation changes.
3687,253,14,Call,2021-11-26 00:00:00,Positive,Positive discussion on long-term goals; client is comfortable with the current strategy.
3688,41,29,Video Conference,2021-03-02 00:00:00,Positive,Positive discussion on long-term goals; client is comfortable with the current strategy.
3689,738,21,Meeting,2022-09-03 00:00:00,Positive,Constructive conversation with strong engagement; client requested additional retirement scenarios.
3690,934,38,Call,2025-06-24 00:00:00,Neutral,General discussion on market conditions; client prefers to maintain the current plan for now.
3691,121,19,Email,2021-05-07 00:00:00,Positive,Positive discussion on long-term goals; client is comfortable with the current strategy.
3692,560,26,Call,2023-11-18 00:00:00,Positive,Positive discussion on long-term goals; client is comfortable with the current strategy.
3693,229,7,Email,2026-03-12 00:00:00,Positive,Client appreciated the portfolio review and agreed with the proposed allocation changes.
3694,847,1,Call,2021-04-10 00:00:00,Positive,Client expressed satisfaction with recent performance and welcomed follow-up next quarter.
3695,264,32,Meeting,2023-01-01 00:00:00,Neutral,Interaction focused on regular portfolio maintenance with no urgent actions identified.
3696,412,25,Email,2023-02-15 00:00:00,Positive,Meeting went well; client approved the recommended diversification plan.
3697,699,49,Meeting,2025-02-01 00:00:00,Neutral,Client reviewed the summary materials and asked for periodic monitoring to continue.
3698,66,6,Email,2023-11-14 00:00:00,Negative,Client raised concerns about recent volatility and requested a detailed risk review.
3699,207,15,Video Conference,2022-12-09 00:00:00,Neutral,Interaction focused on regular portfolio maintenance with no urgent actions identified.
3700,497,45,Call,2022-09-13 00:00:00,Neutral,General discussion on market conditions; client prefers to maintain the current plan for now.
3701,829,47,Meeting,2024-07-23 00:00:00,Negative,Client raised concerns about recent volatility and requested a detailed risk review.
3702,579,15,Email,2021-11-05 00:00:00,Positive,Client expressed satisfaction with recent performance and welcomed follow-up next quarter.
3703,613,17,Email,2021-02-14 00:00:00,Neutral,Routine check-in completed; no major changes requested at this time.
3704,12,4,Call,2024-05-15 00:00:00,Negative,Client expressed concern over communication frequency and expects a more proactive update cadence.
3705,663,23,Video Conference,2022-03-16 00:00:00,Neutral,Provided account update and answered standard questions on holdings and recent activity.
3706,831,2,Call,2025-06-04 00:00:00,Neutral,Interaction focused on regular portfolio maintenance with no urgent actions identified.
3707,686,26,Email,2025-05-19 00:00:00,Positive,Positive discussion on long-term goals; client is comfortable with the current strategy.
3708,55,36,Video Conference,2022-12-20 00:00:00,Positive,Constructive conversation with strong engagement; client requested additional retirement scenarios.
3709,143,28,Video Conference,2025-09-08 00:00:00,Positive,Client appreciated the portfolio review and agreed with the proposed allocation changes.
3710,250,1,Video Conference,2022-11-24 00:00:00,Positive,Meeting went well; client approved the recommended diversification plan.
3711,53,10,Meeting,2023-05-09 00:00:00,Positive,Client appreciated the portfolio review and agreed with the proposed allocation changes.
3712,229,7,Email,2022-09-10 00:00:00,Positive,Positive discussion on long-term goals; client is comfortable with the current strategy.
3713,694,8,Meeting,2021-12-27 00:00:00,Negative,Client expressed concern over communication frequency and expects a more proactive update cadence.
3714,758,41,Call,2023-06-15 00:00:00,Negative,Client raised concerns about recent volatility and requested a detailed risk review.
3715,181,8,Call,2025-03-18 00:00:00,Neutral,Interaction focused on regular portfolio maintenance with no urgent actions identified.
3716,399,31,Meeting,2024-04-02 00:00:00,Positive,Client expressed satisfaction with recent performance and welcomed follow-up next quarter.
3717,696,23,Call,2021-09-19 00:00:00,Negative,Client raised concerns about recent volatility and requested a detailed risk review.
3718,956,20,Email,2024-09-12 00:00:00,Positive,Constructive conversation with strong engagement; client requested additional retirement scenarios.
3719,324,2,Video Conference,2026-05-18 00:00:00,Neutral,Provided account update and answered standard questions on holdings and recent activity.
3720,138,20,Video Conference,2026-01-21 00:00:00,Neutral,Interaction focused on regular portfolio maintenance with no urgent actions identified.
3721,908,34,Call,2026-03-17 00:00:00,Neutral,Routine check-in completed; no major changes requested at this time.
3722,286,50,Call,2022-09-07 00:00:00,Neutral,Interaction focused on regular portfolio maintenance with no urgent actions identified.
3723,899,43,Call,2021-12-09 00:00:00,Positive,Client expressed satisfaction with recent performance and welcomed follow-up next quarter.
3724,830,11,Email,2025-05-07 00:00:00,Positive,Client appreciated the portfolio review and agreed with the proposed allocation changes.
3725,678,38,Email,2022-02-14 00:00:00,Neutral,Provided account update and answered standard questions on holdings and recent activity.
3726,816,17,Email,2026-01-31 00:00:00,Positive,Client expressed satisfaction with recent performance and welcomed follow-up next quarter.
3727,978,49,Video Conference,2021-07-20 00:00:00,Neutral,Routine check-in completed; no major changes requested at this time.
3728,681,3,Meeting,2025-08-22 00:00:00,Positive,Meeting went well; client approved the recommended diversification plan.
3729,181,9,Video Conference,2022-08-05 00:00:00,Neutral,Client reviewed the summary materials and asked for periodic monitoring to continue.
3730,67,30,Email,2026-03-25 00:00:00,Positive,Meeting went well; client approved the recommended diversification plan.
3731,795,7,Video Conference,2025-09-14 00:00:00,Positive,Client expressed satisfaction with recent performance and welcomed follow-up next quarter.
3732,295,42,Call,2024-02-25 00:00:00,Positive,Positive discussion on long-term goals; client is comfortable with the current strategy.
3733,356,16,Email,2022-08-24 00:00:00,Neutral,Routine check-in completed; no major changes requested at this time.
3734,889,11,Email,2022-01-22 00:00:00,Neutral,Provided account update and answered standard questions on holdings and recent activity.
3735,978,49,Meeting,2023-08-17 00:00:00,Neutral,Provided account update and answered standard questions on holdings and recent activity.
3736,644,18,Meeting,2022-09-29 00:00:00,Positive,Client expressed satisfaction with recent performance and welcomed follow-up next quarter.
3737,454,30,Meeting,2024-01-15 00:00:00,Positive,Positive discussion on long-term goals; client is comfortable with the current strategy.
3738,284,38,Call,2025-08-05 00:00:00,Positive,Constructive conversation with strong engagement; client requested additional retirement scenarios.
3739,168,44,Meeting,2025-10-06 00:00:00,Negative,Interaction indicated frustration regarding drawdowns; advisor to prepare mitigation options.
3740,913,32,Video Conference,2025-08-12 00:00:00,Positive,Meeting went well; client approved the recommended diversification plan.
3741,291,11,Email,2025-10-31 00:00:00,Positive,Positive discussion on long-term goals; client is comfortable with the current strategy.
3742,709,14,Meeting,2023-02-28 00:00:00,Negative,Client expressed concern over communication frequency and expects a more proactive update cadence.
3743,441,45,Email,2022-01-14 00:00:00,Positive,Positive discussion on long-term goals; client is comfortable with the current strategy.
3744,350,38,Call,2023-08-16 00:00:00,Positive,Positive discussion on long-term goals; client is comfortable with the current strategy.
3745,832,45,Call,2023-03-17 00:00:00,Positive,Client appreciated the portfolio review and agreed with the proposed allocation changes.
3746,986,19,Call,2022-09-30 00:00:00,Neutral,Provided account update and answered standard questions on holdings and recent activity.
3747,244,14,Email,2025-01-03 00:00:00,Positive,Constructive conversation with strong engagement; client requested additional retirement scenarios.
3748,648,3,Meeting,2024-01-06 00:00:00,Positive,Meeting went well; client approved the recommended diversification plan.
3749,659,24,Call,2022-01-27 00:00:00,Neutral,Client reviewed the summary materials and asked for periodic monitoring to continue.
3750,440,49,Meeting,2022-05-25 00:00:00,Negative,Client requested clarification on fees and portfolio positioning after recent market movements.
3751,476,50,Meeting,2021-01-26 00:00:00,Negative,Interaction indicated frustration regarding drawdowns; advisor to prepare mitigation options.
3752,63,18,Meeting,2023-02-13 00:00:00,Neutral,Interaction focused on regular portfolio maintenance with no urgent actions identified.
3753,419,44,Call,2021-11-28 00:00:00,Neutral,Routine check-in completed; no major changes requested at this time.
3754,424,6,Meeting,2023-11-26 00:00:00,Positive,Client expressed satisfaction with recent performance and welcomed follow-up next quarter.
3755,139,34,Email,2024-09-17 00:00:00,Positive,Client expressed satisfaction with recent performance and welcomed follow-up next quarter.
3756,398,13,Call,2023-04-07 00:00:00,Positive,Positive discussion on long-term goals; client is comfortable with the current strategy.
3757,728,18,Meeting,2025-11-26 00:00:00,Neutral,Interaction focused on regular portfolio maintenance with no urgent actions identified.
3758,791,34,Email,2022-01-02 00:00:00,Neutral,General discussion on market conditions; client prefers to maintain the current plan for now.
3759,252,33,Call,2022-07-05 00:00:00,Positive,Client appreciated the portfolio review and agreed with the proposed allocation changes.
3760,919,16,Call,2024-03-09 00:00:00,Positive,Meeting went well; client approved the recommended diversification plan.
3761,286,50,Call,2025-06-09 00:00:00,Neutral,General discussion on market conditions; client prefers to maintain the current plan for now.
3762,793,2,Email,2025-10-28 00:00:00,Positive,Client appreciated the portfolio review and agreed with the proposed allocation changes.
3763,164,12,Call,2021-09-15 00:00:00,Neutral,Provided account update and answered standard questions on holdings and recent activity.
3764,950,43,Video Conference,2023-12-07 00:00:00,Positive,Meeting went well; client approved the recommended diversification plan.
3765,591,37,Email,2021-07-02 00:00:00,Positive,Positive discussion on long-term goals; client is comfortable with the current strategy.
3766,603,14,Call,2022-07-15 00:00:00,Positive,Meeting went well; client approved the recommended diversification plan.
3767,878,19,Video Conference,2023-11-04 00:00:00,Positive,Meeting went well; client approved the recommended diversification plan.
3768,130,33,Meeting,2023-09-13 00:00:00,Neutral,General discussion on market conditions; client prefers to maintain the current plan for now.
3769,447,30,Email,2022-12-05 00:00:00,Negative,Client requested clarification on fees and portfolio positioning after recent market movements.
3770,843,13,Call,2024-07-19 00:00:00,Positive,Client appreciated the portfolio review and agreed with the proposed allocation changes.
3771,897,38,Email,2025-08-31 00:00:00,Neutral,Client reviewed the summary materials and asked for periodic monitoring to continue.
3772,634,15,Video Conference,2024-08-08 00:00:00,Neutral,General discussion on market conditions; client prefers to maintain the current plan for now.
3773,82,43,Call,2025-08-07 00:00:00,Neutral,Interaction focused on regular portfolio maintenance with no urgent actions identified.
3774,270,10,Call,2024-06-05 00:00:00,Positive,Meeting went well; client approved the recommended diversification plan.
3775,96,49,Video Conference,2023-10-28 00:00:00,Positive,Constructive conversation with strong engagement; client requested additional retirement scenarios.
3776,68,5,Meeting,2026-01-19 00:00:00,Neutral,General discussion on market conditions; client prefers to maintain the current plan for now.
3777,879,4,Meeting,2022-12-27 00:00:00,Neutral,Client reviewed the summary materials and asked for periodic monitoring to continue.
3778,107,6,Email,2022-05-12 00:00:00,Neutral,General discussion on market conditions; client prefers to maintain the current plan for now.
3779,590,6,Video Conference,2024-10-17 00:00:00,Positive,Client expressed satisfaction with recent performance and welcomed follow-up next quarter.
3780,11,42,Video Conference,2022-12-11 00:00:00,Neutral,Provided account update and answered standard questions on holdings and recent activity.
3781,765,23,Email,2024-02-17 00:00:00,Positive,Client expressed satisfaction with recent performance and welcomed follow-up next quarter.
3782,132,20,Meeting,2021-09-23 00:00:00,Neutral,Routine check-in completed; no major changes requested at this time.
3783,463,37,Call,2021-03-07 00:00:00,Neutral,Client reviewed the summary materials and asked for periodic monitoring to continue.
3784,728,18,Email,2023-09-10 00:00:00,Positive,Positive discussion on long-term goals; client is comfortable with the current strategy.
3785,114,5,Email,2023-12-11 00:00:00,Neutral,Interaction focused on regular portfolio maintenance with no urgent actions identified.
3786,310,44,Email,2025-08-08 00:00:00,Positive,Client expressed satisfaction with recent performance and welcomed follow-up next quarter.
3787,44,35,Call,2025-12-31 00:00:00,Neutral,Routine check-in completed; no major changes requested at this time.
3788,700,15,Email,2022-12-28 00:00:00,Positive,Client appreciated the portfolio review and agreed with the proposed allocation changes.
3789,954,9,Meeting,2021-10-22 00:00:00,Neutral,General discussion on market conditions; client prefers to maintain the current plan for now.
3790,982,24,Meeting,2026-01-27 00:00:00,Neutral,Provided account update and answered standard questions on holdings and recent activity.
3791,937,49,Email,2026-04-23 00:00:00,Positive,Constructive conversation with strong engagement; client requested additional retirement scenarios.
3792,267,35,Call,2023-02-24 00:00:00,Neutral,Interaction focused on regular portfolio maintenance with no urgent actions identified.
3793,811,2,Meeting,2023-04-19 00:00:00,Positive,Constructive conversation with strong engagement; client requested additional retirement scenarios.
3794,205,15,Meeting,2024-09-16 00:00:00,Positive,Constructive conversation with strong engagement; client requested additional retirement scenarios.
3795,952,49,Call,2023-06-24 00:00:00,Neutral,Provided account update and answered standard questions on holdings and recent activity.
3796,757,40,Video Conference,2022-04-05 00:00:00,Positive,Constructive conversation with strong engagement; client requested additional retirement scenarios.
3797,469,43,Call,2021-01-23 00:00:00,Positive,Meeting went well; client approved the recommended diversification plan.
3798,285,47,Email,2025-10-29 00:00:00,Negative,Client expressed concern over communication frequency and expects a more proactive update cadence.
3799,182,4,Email,2024-06-13 00:00:00,Neutral,Provided account update and answered standard questions on holdings and recent activity.
3800,626,5,Call,2022-01-31 00:00:00,Neutral,Provided account update and answered standard questions on holdings and recent activity.
3801,413,4,Email,2022-06-09 00:00:00,Neutral,General discussion on market conditions; client prefers to maintain the current plan for now.
3802,527,45,Call,2026-03-17 00:00:00,Positive,Positive discussion on long-term goals; client is comfortable with the current strategy.
3803,831,47,Email,2025-07-29 00:00:00,Positive,Client appreciated the portfolio review and agreed with the proposed allocation changes.
3804,209,31,Video Conference,2021-06-07 00:00:00,Positive,Positive discussion on long-term goals; client is comfortable with the current strategy.
3805,692,24,Email,2025-09-20 00:00:00,Positive,Positive discussion on long-term goals; client is comfortable with the current strategy.
3806,139,34,Call,2024-02-08 00:00:00,Neutral,Provided account update and answered standard questions on holdings and recent activity.
3807,587,28,Call,2026-01-12 00:00:00,Positive,Positive discussion on long-term goals; client is comfortable with the current strategy.
3808,376,27,Email,2022-08-10 00:00:00,Positive,Positive discussion on long-term goals; client is comfortable with the current strategy.
3809,593,13,Email,2021-01-15 00:00:00,Positive,Positive discussion on long-term goals; client is comfortable with the current strategy.
3810,582,37,Meeting,2025-09-02 00:00:00,Neutral,Routine check-in completed; no major changes requested at this time.
3811,470,39,Video Conference,2021-10-11 00:00:00,Positive,Client expressed satisfaction with recent performance and welcomed follow-up next quarter.
3812,864,24,Email,2024-05-18 00:00:00,Neutral,General discussion on market conditions; client prefers to maintain the current plan for now.
3813,501,25,Email,2023-09-28 00:00:00,Positive,Client appreciated the portfolio review and agreed with the proposed allocation changes.
3814,855,21,Email,2024-11-27 00:00:00,Positive,Client appreciated the portfolio review and agreed with the proposed allocation changes.
3815,584,9,Call,2022-02-04 00:00:00,Neutral,General discussion on market conditions; client prefers to maintain the current plan for now.
3816,403,40,Call,2026-03-20 00:00:00,Positive,Constructive conversation with strong engagement; client requested additional retirement scenarios.
3817,287,31,Video Conference,2024-09-24 00:00:00,Negative,Client requested clarification on fees and portfolio positioning after recent market movements.
3818,953,23,Video Conference,2021-12-09 00:00:00,Positive,Positive discussion on long-term goals; client is comfortable with the current strategy.
3819,332,6,Email,2021-11-05 00:00:00,Neutral,General discussion on market conditions; client prefers to maintain the current plan for now.
3820,831,19,Video Conference,2021-11-13 00:00:00,Positive,Client expressed satisfaction with recent performance and welcomed follow-up next quarter.
3821,420,41,Call,2022-10-12 00:00:00,Neutral,Client reviewed the summary materials and asked for periodic monitoring to continue.
3822,738,39,Meeting,2021-05-31 00:00:00,Positive,Meeting went well; client approved the recommended diversification plan.
3823,558,11,Call,2025-08-02 00:00:00,Neutral,Routine check-in completed; no major changes requested at this time.
3824,304,47,Call,2022-01-24 00:00:00,Positive,Client appreciated the portfolio review and agreed with the proposed allocation changes.
3825,526,15,Video Conference,2021-02-06 00:00:00,Positive,Constructive conversation with strong engagement; client requested additional retirement scenarios.
3826,84,22,Email,2022-10-30 00:00:00,Positive,Constructive conversation with strong engagement; client requested additional retirement scenarios.
3827,432,22,Meeting,2021-04-25 00:00:00,Neutral,Client reviewed the summary materials and asked for periodic monitoring to continue.
3828,256,37,Meeting,2021-08-18 00:00:00,Positive,Positive discussion on long-term goals; client is comfortable with the current strategy.
3829,626,5,Call,2025-01-25 00:00:00,Negative,Client expressed concern over communication frequency and expects a more proactive update cadence.
3830,636,7,Video Conference,2022-12-10 00:00:00,Positive,Client expressed satisfaction with recent performance and welcomed follow-up next quarter.
3831,595,39,Call,2021-08-28 00:00:00,Positive,Client appreciated the portfolio review and agreed with the proposed allocation changes.
3832,534,12,Email,2024-08-06 00:00:00,Positive,Client appreciated the portfolio review and agreed with the proposed allocation changes.
3833,690,1,Email,2022-04-15 00:00:00,Positive,Meeting went well; client approved the recommended diversification plan.
3834,430,44,Email,2024-03-13 00:00:00,Positive,Positive discussion on long-term goals; client is comfortable with the current strategy.
3835,886,31,Call,2021-01-31 00:00:00,Positive,Positive discussion on long-term goals; client is comfortable with the current strategy.
3836,856,50,Meeting,2023-11-17 00:00:00,Positive,Positive discussion on long-term goals; client is comfortable with the current strategy.
3837,321,41,Email,2021-02-08 00:00:00,Neutral,Provided account update and answered standard questions on holdings and recent activity.
3838,948,8,Video Conference,2021-09-09 00:00:00,Neutral,Client reviewed the summary materials and asked for periodic monitoring to continue.
3839,712,8,Email,2024-02-29 00:00:00,Neutral,General discussion on market conditions; client prefers to maintain the current plan for now.
3840,853,40,Call,2024-11-11 00:00:00,Positive,Client appreciated the portfolio review and agreed with the proposed allocation changes.
3841,561,36,Meeting,2025-10-28 00:00:00,Neutral,Interaction focused on regular portfolio maintenance with no urgent actions identified.
3842,231,15,Call,2023-04-06 00:00:00,Positive,Client expressed satisfaction with recent performance and welcomed follow-up next quarter.
3843,278,12,Meeting,2021-08-20 00:00:00,Neutral,Interaction focused on regular portfolio maintenance with no urgent actions identified.
3844,459,13,Call,2022-05-02 00:00:00,Positive,Positive discussion on long-term goals; client is comfortable with the current strategy.
3845,805,38,Call,2025-07-08 00:00:00,Neutral,Interaction focused on regular portfolio maintenance with no urgent actions identified.
3846,231,23,Meeting,2025-09-05 00:00:00,Positive,Constructive conversation with strong engagement; client requested additional retirement scenarios.
3847,600,9,Call,2025-05-09 00:00:00,Neutral,Provided account update and answered standard questions on holdings and recent activity.
3848,806,33,Call,2025-03-11 00:00:00,Positive,Client appreciated the portfolio review and agreed with the proposed allocation changes.
3849,342,18,Email,2025-06-10 00:00:00,Positive,Client appreciated the portfolio review and agreed with the proposed allocation changes.
3850,999,20,Email,2023-02-22 00:00:00,Neutral,General discussion on market conditions; client prefers to maintain the current plan for now.
3851,742,35,Email,2022-12-19 00:00:00,Neutral,General discussion on market conditions; client prefers to maintain the current plan for now.
3852,347,36,Email,2026-05-31 00:00:00,Negative,Client raised concerns about recent volatility and requested a detailed risk review.
3853,447,30,Email,2023-04-03 00:00:00,Positive,Positive discussion on long-term goals; client is comfortable with the current strategy.
3854,201,9,Email,2022-01-07 00:00:00,Neutral,Client reviewed the summary materials and asked for periodic monitoring to continue.
3855,451,17,Video Conference,2024-03-06 00:00:00,Positive,Constructive conversation with strong engagement; client requested additional retirement scenarios.
3856,830,18,Video Conference,2025-02-22 00:00:00,Neutral,Routine check-in completed; no major changes requested at this time.
3857,845,6,Meeting,2021-07-16 00:00:00,Positive,Client expressed satisfaction with recent performance and welcomed follow-up next quarter.
3858,381,37,Email,2024-12-24 00:00:00,Neutral,Client reviewed the summary materials and asked for periodic monitoring to continue.
3859,722,36,Meeting,2021-07-02 00:00:00,Positive,Meeting went well; client approved the recommended diversification plan.
3860,418,43,Email,2025-11-07 00:00:00,Negative,Client requested clarification on fees and portfolio positioning after recent market movements.
3861,939,2,Video Conference,2023-10-11 00:00:00,Positive,Client expressed satisfaction with recent performance and welcomed follow-up next quarter.
3862,608,19,Email,2021-05-31 00:00:00,Positive,Client expressed satisfaction with recent performance and welcomed follow-up next quarter.
3863,661,44,Video Conference,2021-11-11 00:00:00,Neutral,Provided account update and answered standard questions on holdings and recent activity.
3864,202,33,Video Conference,2021-12-31 00:00:00,Positive,Meeting went well; client approved the recommended diversification plan.
3865,645,49,Call,2022-04-17 00:00:00,Positive,Meeting went well; client approved the recommended diversification plan.
3866,364,8,Email,2021-12-18 00:00:00,Negative,Client raised concerns about recent volatility and requested a detailed risk review.
3867,22,5,Meeting,2022-08-25 00:00:00,Neutral,Interaction focused on regular portfolio maintenance with no urgent actions identified.
3868,214,17,Video Conference,2022-05-08 00:00:00,Positive,Client expressed satisfaction with recent performance and welcomed follow-up next quarter.
3869,223,3,Email,2021-03-29 00:00:00,Positive,Meeting went well; client approved the recommended diversification plan.
3870,290,35,Email,2025-09-21 00:00:00,Positive,Client expressed satisfaction with recent performance and welcomed follow-up next quarter.
3871,796,45,Email,2024-02-01 00:00:00,Neutral,Routine check-in completed; no major changes requested at this time.
3872,800,31,Call,2024-12-11 00:00:00,Neutral,Provided account update and answered standard questions on holdings and recent activity.
3873,25,15,Call,2024-05-31 00:00:00,Neutral,Client reviewed the summary materials and asked for periodic monitoring to continue.
3874,224,2,Email,2022-08-06 00:00:00,Negative,Interaction indicated frustration regarding drawdowns; advisor to prepare mitigation options.
3875,919,16,Meeting,2025-10-30 00:00:00,Negative,Client raised concerns about recent volatility and requested a detailed risk review.
3876,523,7,Video Conference,2026-02-12 00:00:00,Neutral,Client reviewed the summary materials and asked for periodic monitoring to continue.
3877,224,2,Call,2024-08-03 00:00:00,Negative,Client expressed concern over communication frequency and expects a more proactive update cadence.
3878,218,40,Meeting,2023-05-20 00:00:00,Positive,Meeting went well; client approved the recommended diversification plan.
3879,164,12,Call,2021-01-06 00:00:00,Positive,Meeting went well; client approved the recommended diversification plan.
3880,866,43,Call,2025-12-08 00:00:00,Positive,Meeting went well; client approved the recommended diversification plan.
3881,282,26,Meeting,2024-04-03 00:00:00,Neutral,Client reviewed the summary materials and asked for periodic monitoring to continue.
3882,580,26,Email,2024-12-20 00:00:00,Negative,Client expressed concern over communication frequency and expects a more proactive update cadence.
3883,366,34,Video Conference,2024-06-22 00:00:00,Neutral,Interaction focused on regular portfolio maintenance with no urgent actions identified.
3884,824,20,Call,2023-04-07 00:00:00,Neutral,Provided account update and answered standard questions on holdings and recent activity.
3885,423,21,Video Conference,2024-08-22 00:00:00,Positive,Positive discussion on long-term goals; client is comfortable with the current strategy.
3886,777,50,Meeting,2023-08-08 00:00:00,Positive,Client appreciated the portfolio review and agreed with the proposed allocation changes.
3887,599,31,Call,2026-03-04 00:00:00,Positive,Client expressed satisfaction with recent performance and welcomed follow-up next quarter.
3888,218,40,Call,2025-02-20 00:00:00,Positive,Meeting went well; client approved the recommended diversification plan.
3889,783,8,Call,2024-11-04 00:00:00,Positive,Positive discussion on long-term goals; client is comfortable with the current strategy.
3890,63,2,Email,2025-03-10 00:00:00,Positive,Constructive conversation with strong engagement; client requested additional retirement scenarios.
3891,989,13,Video Conference,2024-02-28 00:00:00,Neutral,Interaction focused on regular portfolio maintenance with no urgent actions identified.
3892,837,50,Video Conference,2026-05-24 00:00:00,Negative,Interaction indicated frustration regarding drawdowns; advisor to prepare mitigation options.
3893,256,37,Email,2025-06-03 00:00:00,Positive,Client expressed satisfaction with recent performance and welcomed follow-up next quarter.
3894,269,2,Email,2022-07-07 00:00:00,Neutral,Client reviewed the summary materials and asked for periodic monitoring to continue.
3895,189,44,Call,2025-03-08 00:00:00,Neutral,Routine check-in completed; no major changes requested at this time.
3896,800,31,Email,2022-06-13 00:00:00,Neutral,Interaction focused on regular portfolio maintenance with no urgent actions identified.
3897,743,22,Meeting,2021-09-21 00:00:00,Neutral,Provided account update and answered standard questions on holdings and recent activity.
3898,629,37,Email,2024-12-23 00:00:00,Neutral,Routine check-in completed; no major changes requested at this time.
3899,55,45,Call,2025-06-13 00:00:00,Negative,Client requested clarification on fees and portfolio positioning after recent market movements.
3900,93,48,Email,2022-09-02 00:00:00,Negative,Interaction indicated frustration regarding drawdowns; advisor to prepare mitigation options.
3901,218,40,Video Conference,2024-11-10 00:00:00,Neutral,General discussion on market conditions; client prefers to maintain the current plan for now.
3902,870,31,Call,2021-08-15 00:00:00,Positive,Positive discussion on long-term goals; client is comfortable with the current strategy.
3903,557,49,Email,2025-11-11 00:00:00,Neutral,General discussion on market conditions; client prefers to maintain the current plan for now.
3904,402,14,Email,2022-07-15 00:00:00,Neutral,Routine check-in completed; no major changes requested at this time.
3905,914,32,Video Conference,2021-06-29 00:00:00,Negative,Interaction indicated frustration regarding drawdowns; advisor to prepare mitigation options.
3906,75,49,Email,2025-01-20 00:00:00,Neutral,Routine check-in completed; no major changes requested at this time.
3907,393,32,Email,2025-12-27 00:00:00,Negative,Client requested clarification on fees and portfolio positioning after recent market movements.
3908,628,12,Video Conference,2026-02-25 00:00:00,Negative,Client raised concerns about recent volatility and requested a detailed risk review.
3909,948,2,Email,2026-05-11 00:00:00,Negative,Client requested clarification on fees and portfolio positioning after recent market movements.
3910,61,23,Meeting,2024-03-17 00:00:00,Positive,Meeting went well; client approved the recommended diversification plan.
3911,282,26,Meeting,2022-09-18 00:00:00,Positive,Constructive conversation with strong engagement; client requested additional retirement scenarios.
3912,400,38,Call,2025-10-13 00:00:00,Negative,Client raised concerns about recent volatility and requested a detailed risk review.
3913,563,20,Call,2025-02-10 00:00:00,Positive,Constructive conversation with strong engagement; client requested additional retirement scenarios.
3914,138,20,Call,2024-12-22 00:00:00,Negative,Discussion reflected dissatisfaction with short-term performance; follow-up has been scheduled.
3915,246,42,Meeting,2024-01-07 00:00:00,Neutral,Provided account update and answered standard questions on holdings and recent activity.
3916,367,5,Call,2025-06-10 00:00:00,Positive,Meeting went well; client approved the recommended diversification plan.
3917,1000,38,Meeting,2021-11-09 00:00:00,Neutral,General discussion on market conditions; client prefers to maintain the current plan for now.
3918,705,40,Email,2022-04-13 00:00:00,Positive,Meeting went well; client approved the recommended diversification plan.
3919,900,6,Meeting,2023-12-07 00:00:00,Positive,Client expressed satisfaction with recent performance and welcomed follow-up next quarter.
3920,317,10,Email,2021-06-13 00:00:00,Neutral,Routine check-in completed; no major changes requested at this time.
3921,369,14,Meeting,2022-07-27 00:00:00,Positive,Positive discussion on long-term goals; client is comfortable with the current strategy.
3922,912,41,Email,2022-11-24 00:00:00,Negative,Interaction indicated frustration regarding drawdowns; advisor to prepare mitigation options.
3923,290,35,Email,2024-04-06 00:00:00,Neutral,General discussion on market conditions; client prefers to maintain the current plan for now.
3924,667,45,Email,2025-06-11 00:00:00,Positive,Meeting went well; client approved the recommended diversification plan.
3925,343,48,Email,2023-05-22 00:00:00,Positive,Meeting went well; client approved the recommended diversification plan.
3926,901,15,Call,2024-04-19 00:00:00,Negative,Interaction indicated frustration regarding drawdowns; advisor to prepare mitigation options.
3927,176,46,Meeting,2023-02-09 00:00:00,Positive,Client expressed satisfaction with recent performance and welcomed follow-up next quarter.
3928,649,39,Call,2021-09-08 00:00:00,Positive,Client appreciated the portfolio review and agreed with the proposed allocation changes.
3929,661,32,Email,2022-01-06 00:00:00,Neutral,General discussion on market conditions; client prefers to maintain the current plan for now.
3930,312,50,Email,2021-03-30 00:00:00,Neutral,Routine check-in completed; no major changes requested at this time.
3931,595,10,Email,2024-04-25 00:00:00,Negative,Interaction indicated frustration regarding drawdowns; advisor to prepare mitigation options.
3932,566,16,Email,2021-11-10 00:00:00,Positive,Client appreciated the portfolio review and agreed with the proposed allocation changes.
3933,869,20,Email,2024-12-19 00:00:00,Neutral,Interaction focused on regular portfolio maintenance with no urgent actions identified.
3934,605,48,Meeting,2025-10-28 00:00:00,Neutral,Routine check-in completed; no major changes requested at this time.
3935,10,10,Call,2025-01-02 00:00:00,Positive,Positive discussion on long-term goals; client is comfortable with the current strategy.
3936,528,5,Call,2025-10-14 00:00:00,Neutral,Interaction focused on regular portfolio maintenance with no urgent actions identified.
3937,687,15,Call,2022-06-01 00:00:00,Negative,Client raised concerns about recent volatility and requested a detailed risk review.
3938,987,25,Email,2025-11-14 00:00:00,Positive,Meeting went well; client approved the recommended diversification plan.
3939,910,43,Call,2026-02-24 00:00:00,Negative,Client raised concerns about recent volatility and requested a detailed risk review.
3940,660,27,Call,2021-07-28 00:00:00,Neutral,Interaction focused on regular portfolio maintenance with no urgent actions identified.
3941,312,50,Email,2023-03-13 00:00:00,Positive,Constructive conversation with strong engagement; client requested additional retirement scenarios.
3942,639,23,Video Conference,2025-09-17 00:00:00,Negative,Client requested clarification on fees and portfolio positioning after recent market movements.
3943,209,31,Meeting,2025-04-05 00:00:00,Positive,Meeting went well; client approved the recommended diversification plan.
3944,922,30,Meeting,2023-04-19 00:00:00,Neutral,Client reviewed the summary materials and asked for periodic monitoring to continue.
3945,261,9,Video Conference,2025-03-20 00:00:00,Negative,Discussion reflected dissatisfaction with short-term performance; follow-up has been scheduled.
3946,941,40,Meeting,2023-04-25 00:00:00,Positive,Client expressed satisfaction with recent performance and welcomed follow-up next quarter.
3947,845,6,Email,2025-08-13 00:00:00,Positive,Constructive conversation with strong engagement; client requested additional retirement scenarios.
3948,880,20,Call,2024-03-17 00:00:00,Positive,Constructive conversation with strong engagement; client requested additional retirement scenarios.
3949,408,24,Call,2026-05-09 00:00:00,Negative,Client raised concerns about recent volatility and requested a detailed risk review.
3950,375,13,Call,2024-06-25 00:00:00,Neutral,Client reviewed the summary materials and asked for periodic monitoring to continue.
3951,42,10,Email,2025-12-30 00:00:00,Positive,Constructive conversation with strong engagement; client requested additional retirement scenarios.
3952,92,19,Email,2025-07-17 00:00:00,Positive,Client expressed satisfaction with recent performance and welcomed follow-up next quarter.
3953,142,34,Call,2021-12-14 00:00:00,Positive,Client expressed satisfaction with recent performance and welcomed follow-up next quarter.
3954,301,42,Email,2021-01-26 00:00:00,Positive,Constructive conversation with strong engagement; client requested additional retirement scenarios.
3955,909,6,Meeting,2021-05-25 00:00:00,Positive,Positive discussion on long-term goals; client is comfortable with the current strategy.
3956,326,36,Email,2023-03-27 00:00:00,Neutral,Routine check-in completed; no major changes requested at this time.
3957,78,18,Video Conference,2021-09-13 00:00:00,Neutral,Provided account update and answered standard questions on holdings and recent activity.
3958,622,32,Video Conference,2024-01-06 00:00:00,Neutral,General discussion on market conditions; client prefers to maintain the current plan for now.
3959,127,20,Email,2021-08-26 00:00:00,Neutral,Client reviewed the summary materials and asked for periodic monitoring to continue.
3960,830,18,Email,2023-06-25 00:00:00,Neutral,Routine check-in completed; no major changes requested at this time.
3961,208,28,Email,2022-05-05 00:00:00,Neutral,General discussion on market conditions; client prefers to maintain the current plan for now.
3962,860,49,Call,2022-11-07 00:00:00,Neutral,Client reviewed the summary materials and asked for periodic monitoring to continue.
3963,32,26,Email,2026-05-18 00:00:00,Negative,Client requested clarification on fees and portfolio positioning after recent market movements.
3964,250,5,Email,2023-11-22 00:00:00,Positive,Positive discussion on long-term goals; client is comfortable with the current strategy.
3965,773,14,Video Conference,2024-03-10 00:00:00,Negative,Client expressed concern over communication frequency and expects a more proactive update cadence.
3966,715,32,Video Conference,2021-05-14 00:00:00,Positive,Client appreciated the portfolio review and agreed with the proposed allocation changes.
3967,337,49,Meeting,2021-06-18 00:00:00,Neutral,Client reviewed the summary materials and asked for periodic monitoring to continue.
3968,666,14,Video Conference,2022-09-18 00:00:00,Positive,Client expressed satisfaction with recent performance and welcomed follow-up next quarter.
3969,641,21,Video Conference,2025-07-31 00:00:00,Positive,Client expressed satisfaction with recent performance and welcomed follow-up next quarter.
3970,868,43,Meeting,2021-11-02 00:00:00,Positive,Meeting went well; client approved the recommended diversification plan.
3971,833,2,Email,2024-02-08 00:00:00,Positive,Client expressed satisfaction with recent performance and welcomed follow-up next quarter.
3972,280,36,Call,2025-12-10 00:00:00,Positive,Client expressed satisfaction with recent performance and welcomed follow-up next quarter.
3973,581,23,Meeting,2024-12-26 00:00:00,Positive,Client expressed satisfaction with recent performance and welcomed follow-up next quarter.
3974,908,34,Call,2026-02-07 00:00:00,Positive,Client expressed satisfaction with recent performance and welcomed follow-up next quarter.
3975,987,44,Meeting,2023-02-07 00:00:00,Positive,Client expressed satisfaction with recent performance and welcomed follow-up next quarter.
3976,373,50,Call,2024-07-15 00:00:00,Neutral,Interaction focused on regular portfolio maintenance with no urgent actions identified.
3977,100,27,Meeting,2022-01-14 00:00:00,Neutral,General discussion on market conditions; client prefers to maintain the current plan for now.
3978,112,4,Call,2026-03-11 00:00:00,Positive,Positive discussion on long-term goals; client is comfortable with the current strategy.
3979,877,12,Meeting,2022-02-24 00:00:00,Positive,Client expressed satisfaction with recent performance and welcomed follow-up next quarter.
3980,695,41,Meeting,2023-10-12 00:00:00,Negative,Interaction indicated frustration regarding drawdowns; advisor to prepare mitigation options.
3981,868,40,Meeting,2025-08-28 00:00:00,Neutral,Interaction focused on regular portfolio maintenance with no urgent actions identified.
3982,830,18,Call,2022-02-03 00:00:00,Negative,Interaction indicated frustration regarding drawdowns; advisor to prepare mitigation options.
3983,36,33,Call,2024-02-16 00:00:00,Negative,Interaction indicated frustration regarding drawdowns; advisor to prepare mitigation options.
3984,437,14,Call,2022-10-14 00:00:00,Neutral,Routine check-in completed; no major changes requested at this time.
3985,672,48,Call,2024-08-01 00:00:00,Positive,Client appreciated the portfolio review and agreed with the proposed allocation changes.
3986,112,22,Call,2023-10-26 00:00:00,Negative,Interaction indicated frustration regarding drawdowns; advisor to prepare mitigation options.
3987,926,32,Call,2021-09-01 00:00:00,Neutral,Provided account update and answered standard questions on holdings and recent activity.
3988,95,8,Call,2021-08-13 00:00:00,Negative,Client expressed concern over communication frequency and expects a more proactive update cadence.
3989,491,50,Call,2024-05-21 00:00:00,Positive,Positive discussion on long-term goals; client is comfortable with the current strategy.
3990,650,8,Meeting,2021-10-15 00:00:00,Negative,Interaction indicated frustration regarding drawdowns; advisor to prepare mitigation options.
3991,371,2,Call,2021-10-02 00:00:00,Positive,Constructive conversation with strong engagement; client requested additional retirement scenarios.
3992,660,8,Call,2023-03-13 00:00:00,Positive,Constructive conversation with strong engagement; client requested additional retirement scenarios.
3993,196,19,Video Conference,2021-07-13 00:00:00,Positive,Client expressed satisfaction with recent performance and welcomed follow-up next quarter.
3994,876,47,Meeting,2021-12-06 00:00:00,Positive,Client expressed satisfaction with recent performance and welcomed follow-up next quarter.
3995,182,1,Call,2025-03-16 00:00:00,Neutral,Interaction focused on regular portfolio maintenance with no urgent actions identified.
3996,1,27,Call,2025-04-19 00:00:00,Negative,Client raised concerns about recent volatility and requested a detailed risk review.
3997,680,15,Call,2026-01-01 00:00:00,Positive,Client appreciated the portfolio review and agreed with the proposed allocation changes.
3998,661,32,Video Conference,2021-11-19 00:00:00,Positive,Constructive conversation with strong engagement; client requested additional retirement scenarios.
3999,498,49,Meeting,2022-05-30 00:00:00,Positive,Client appreciated the portfolio review and agreed with the proposed allocation changes.
4000,738,44,Email,2022-10-04 00:00:00,Neutral,Interaction focused on regular portfolio maintenance with no urgent actions identified.
4001,172,35,Video Conference,2025-05-19 00:00:00,Positive,Meeting went well; client approved the recommended diversification plan.
4002,625,40,Video Conference,2022-04-16 00:00:00,Neutral,General discussion on market conditions; client prefers to maintain the current plan for now.
4003,336,20,Call,2023-04-25 00:00:00,Neutral,Routine check-in completed; no major changes requested at this time.
4004,19,2,Email,2024-07-02 00:00:00,Positive,Meeting went well; client approved the recommended diversification plan.
4005,248,12,Meeting,2021-12-08 00:00:00,Positive,Constructive conversation with strong engagement; client requested additional retirement scenarios.
4006,177,22,Call,2024-05-17 00:00:00,Positive,Client expressed satisfaction with recent performance and welcomed follow-up next quarter.
4007,333,3,Call,2024-03-28 00:00:00,Positive,Constructive conversation with strong engagement; client requested additional retirement scenarios.
4008,425,29,Email,2024-02-25 00:00:00,Positive,Meeting went well; client approved the recommended diversification plan.
4009,269,2,Call,2023-02-18 00:00:00,Neutral,Provided account update and answered standard questions on holdings and recent activity.
4010,509,23,Call,2025-05-07 00:00:00,Negative,Client raised concerns about recent volatility and requested a detailed risk review.
4011,607,19,Call,2023-10-03 00:00:00,Positive,Meeting went well; client approved the recommended diversification plan.
4012,94,44,Meeting,2024-12-24 00:00:00,Neutral,Provided account update and answered standard questions on holdings and recent activity.
4013,660,8,Video Conference,2023-03-05 00:00:00,Positive,Client expressed satisfaction with recent performance and welcomed follow-up next quarter.
4014,535,17,Call,2021-07-10 00:00:00,Positive,Constructive conversation with strong engagement; client requested additional retirement scenarios.
4015,391,40,Email,2025-08-20 00:00:00,Positive,Positive discussion on long-term goals; client is comfortable with the current strategy.
4016,731,37,Call,2021-12-13 00:00:00,Negative,Client raised concerns about recent volatility and requested a detailed risk review.
4017,859,44,Meeting,2021-08-14 00:00:00,Positive,Meeting went well; client approved the recommended diversification plan.
4018,957,42,Video Conference,2021-01-08 00:00:00,Positive,Client appreciated the portfolio review and agreed with the proposed allocation changes.
4019,372,15,Email,2022-10-22 00:00:00,Neutral,Interaction focused on regular portfolio maintenance with no urgent actions identified.
4020,281,30,Call,2025-10-24 00:00:00,Neutral,General discussion on market conditions; client prefers to maintain the current plan for now.
4021,652,6,Call,2023-10-12 00:00:00,Negative,Client requested clarification on fees and portfolio positioning after recent market movements.
4022,547,7,Meeting,2022-11-26 00:00:00,Positive,Client appreciated the portfolio review and agreed with the proposed allocation changes.
4023,86,45,Call,2023-11-18 00:00:00,Positive,Constructive conversation with strong engagement; client requested additional retirement scenarios.
4024,303,33,Video Conference,2022-02-26 00:00:00,Positive,Client appreciated the portfolio review and agreed with the proposed allocation changes.
4025,527,48,Call,2021-12-11 00:00:00,Neutral,Client reviewed the summary materials and asked for periodic monitoring to continue.
4026,521,34,Meeting,2022-03-28 00:00:00,Positive,Constructive conversation with strong engagement; client requested additional retirement scenarios.
4027,491,50,Email,2025-10-26 00:00:00,Positive,Constructive conversation with strong engagement; client requested additional retirement scenarios.
4028,546,24,Email,2022-01-06 00:00:00,Positive,Positive discussion on long-term goals; client is comfortable with the current strategy.
4029,619,4,Meeting,2023-03-11 00:00:00,Positive,Client expressed satisfaction with recent performance and welcomed follow-up next quarter.
4030,223,37,Email,2023-06-11 00:00:00,Neutral,Routine check-in completed; no major changes requested at this time.
4031,985,17,Video Conference,2024-06-29 00:00:00,Neutral,Routine check-in completed; no major changes requested at this time.
4032,489,15,Call,2022-01-06 00:00:00,Negative,Client requested clarification on fees and portfolio positioning after recent market movements.
4033,509,2,Email,2022-07-18 00:00:00,Positive,Client expressed satisfaction with recent performance and welcomed follow-up next quarter.
4034,654,36,Email,2025-05-12 00:00:00,Positive,Meeting went well; client approved the recommended diversification plan.
4035,278,15,Call,2025-01-22 00:00:00,Negative,Client expressed concern over communication frequency and expects a more proactive update cadence.
4036,560,4,Email,2023-11-25 00:00:00,Positive,Positive discussion on long-term goals; client is comfortable with the current strategy.
4037,160,50,Call,2023-09-09 00:00:00,Neutral,Client reviewed the summary materials and asked for periodic monitoring to continue.
4038,836,17,Video Conference,2021-06-25 00:00:00,Positive,Client appreciated the portfolio review and agreed with the proposed allocation changes.
4039,706,37,Meeting,2021-10-17 00:00:00,Negative,Interaction indicated frustration regarding drawdowns; advisor to prepare mitigation options.
4040,677,33,Call,2023-12-19 00:00:00,Positive,Positive discussion on long-term goals; client is comfortable with the current strategy.
4041,326,4,Video Conference,2023-09-09 00:00:00,Positive,Constructive conversation with strong engagement; client requested additional retirement scenarios.
4042,200,1,Email,2023-01-05 00:00:00,Neutral,Routine check-in completed; no major changes requested at this time.
4043,836,35,Email,2023-02-18 00:00:00,Positive,Meeting went well; client approved the recommended diversification plan.
4044,862,15,Email,2024-06-14 00:00:00,Positive,Constructive conversation with strong engagement; client requested additional retirement scenarios.
4045,561,15,Call,2021-12-17 00:00:00,Positive,Constructive conversation with strong engagement; client requested additional retirement scenarios.
4046,621,17,Email,2021-03-27 00:00:00,Negative,Client raised concerns about recent volatility and requested a detailed risk review.
4047,849,49,Video Conference,2025-10-25 00:00:00,Positive,Meeting went well; client approved the recommended diversification plan.
4048,895,49,Email,2021-06-18 00:00:00,Negative,Discussion reflected dissatisfaction with short-term performance; follow-up has been scheduled.
4049,809,42,Email,2021-10-21 00:00:00,Neutral,Interaction focused on regular portfolio maintenance with no urgent actions identified.
4050,278,7,Email,2025-07-04 00:00:00,Neutral,Client reviewed the summary materials and asked for periodic monitoring to continue.
4051,264,15,Meeting,2022-10-17 00:00:00,Negative,Client raised concerns about recent volatility and requested a detailed risk review.
4052,951,6,Meeting,2025-05-27 00:00:00,Positive,Client expressed satisfaction with recent performance and welcomed follow-up next quarter.
4053,559,44,Call,2023-07-08 00:00:00,Positive,Constructive conversation with strong engagement; client requested additional retirement scenarios.
4054,601,23,Call,2022-10-17 00:00:00,Neutral,Interaction focused on regular portfolio maintenance with no urgent actions identified.
4055,442,47,Video Conference,2025-03-04 00:00:00,Neutral,Provided account update and answered standard questions on holdings and recent activity.
4056,47,22,Meeting,2021-11-03 00:00:00,Positive,Constructive conversation with strong engagement; client requested additional retirement scenarios.
4057,272,18,Call,2025-10-22 00:00:00,Positive,Client expressed satisfaction with recent performance and welcomed follow-up next quarter.
4058,486,44,Call,2025-10-21 00:00:00,Positive,Constructive conversation with strong engagement; client requested additional retirement scenarios.
4059,627,20,Meeting,2025-03-10 00:00:00,Negative,Client expressed concern over communication frequency and expects a more proactive update cadence.
4060,293,30,Meeting,2026-01-10 00:00:00,Positive,Client appreciated the portfolio review and agreed with the proposed allocation changes.
4061,214,17,Video Conference,2026-04-29 00:00:00,Negative,Client raised concerns about recent volatility and requested a detailed risk review.
4062,648,43,Email,2025-10-01 00:00:00,Neutral,Provided account update and answered standard questions on holdings and recent activity.
4063,822,23,Video Conference,2022-01-02 00:00:00,Neutral,Client reviewed the summary materials and asked for periodic monitoring to continue.
4064,215,24,Call,2024-07-31 00:00:00,Positive,Client appreciated the portfolio review and agreed with the proposed allocation changes.
4065,813,16,Meeting,2021-08-24 00:00:00,Neutral,General discussion on market conditions; client prefers to maintain the current plan for now.
4066,190,40,Email,2024-03-09 00:00:00,Neutral,Provided account update and answered standard questions on holdings and recent activity.
4067,493,34,Meeting,2021-06-05 00:00:00,Positive,Constructive conversation with strong engagement; client requested additional retirement scenarios.
4068,396,7,Email,2024-07-14 00:00:00,Negative,Client requested clarification on fees and portfolio positioning after recent market movements.
4069,978,49,Email,2021-04-02 00:00:00,Positive,Positive discussion on long-term goals; client is comfortable with the current strategy.
4070,26,44,Call,2021-09-04 00:00:00,Positive,Meeting went well; client approved the recommended diversification plan.
4071,679,43,Meeting,2025-05-14 00:00:00,Negative,Discussion reflected dissatisfaction with short-term performance; follow-up has been scheduled.
4072,956,23,Video Conference,2023-03-15 00:00:00,Positive,Constructive conversation with strong engagement; client requested additional retirement scenarios.
4073,688,35,Email,2023-02-21 00:00:00,Negative,Client requested clarification on fees and portfolio positioning after recent market movements.
4074,853,29,Meeting,2024-11-12 00:00:00,Positive,Meeting went well; client approved the recommended diversification plan.
4075,860,36,Call,2025-08-12 00:00:00,Neutral,Provided account update and answered standard questions on holdings and recent activity.
4076,204,2,Meeting,2021-06-18 00:00:00,Positive,Client expressed satisfaction with recent performance and welcomed follow-up next quarter.
4077,301,42,Email,2025-07-07 00:00:00,Positive,Client expressed satisfaction with recent performance and welcomed follow-up next quarter.
4078,673,42,Email,2021-04-12 00:00:00,Positive,Client expressed satisfaction with recent performance and welcomed follow-up next quarter.
4079,146,36,Video Conference,2022-06-08 00:00:00,Positive,Client expressed satisfaction with recent performance and welcomed follow-up next quarter.
4080,948,2,Call,2023-03-11 00:00:00,Positive,Client appreciated the portfolio review and agreed with the proposed allocation changes.
4081,315,6,Email,2022-03-17 00:00:00,Neutral,Interaction focused on regular portfolio maintenance with no urgent actions identified.
4082,462,22,Meeting,2022-08-12 00:00:00,Positive,Client expressed satisfaction with recent performance and welcomed follow-up next quarter.
4083,286,50,Video Conference,2026-03-27 00:00:00,Positive,Positive discussion on long-term goals; client is comfortable with the current strategy.
4084,77,23,Email,2022-06-26 00:00:00,Positive,Positive discussion on long-term goals; client is comfortable with the current strategy.
4085,64,45,Call,2021-02-26 00:00:00,Positive,Constructive conversation with strong engagement; client requested additional retirement scenarios.
4086,10,41,Email,2023-03-28 00:00:00,Positive,Meeting went well; client approved the recommended diversification plan.
4087,693,11,Meeting,2023-09-20 00:00:00,Positive,Positive discussion on long-term goals; client is comfortable with the current strategy.
4088,657,30,Video Conference,2021-09-30 00:00:00,Neutral,Provided account update and answered standard questions on holdings and recent activity.
4089,103,5,Meeting,2021-04-01 00:00:00,Positive,Constructive conversation with strong engagement; client requested additional retirement scenarios.
4090,273,42,Meeting,2021-02-09 00:00:00,Negative,Discussion reflected dissatisfaction with short-term performance; follow-up has been scheduled.
4091,553,31,Video Conference,2025-03-12 00:00:00,Neutral,Client reviewed the summary materials and asked for periodic monitoring to continue.
4092,283,47,Video Conference,2021-11-03 00:00:00,Positive,Meeting went well; client approved the recommended diversification plan.
4093,295,42,Email,2024-09-15 00:00:00,Positive,Client appreciated the portfolio review and agreed with the proposed allocation changes.
4094,510,19,Call,2024-06-23 00:00:00,Positive,Client appreciated the portfolio review and agreed with the proposed allocation changes.
4095,641,38,Call,2025-03-07 00:00:00,Positive,Client appreciated the portfolio review and agreed with the proposed allocation changes.
4096,667,45,Video Conference,2026-01-14 00:00:00,Neutral,Client reviewed the summary materials and asked for periodic monitoring to continue.
4097,253,14,Email,2025-03-09 00:00:00,Neutral,Routine check-in completed; no major changes requested at this time.
4098,626,5,Meeting,2026-04-22 00:00:00,Positive,Client appreciated the portfolio review and agreed with the proposed allocation changes.
4099,29,32,Video Conference,2024-07-20 00:00:00,Neutral,Routine check-in completed; no major changes requested at this time.
4100,527,48,Call,2022-04-29 00:00:00,Negative,Discussion reflected dissatisfaction with short-term performance; follow-up has been scheduled.
4101,334,41,Video Conference,2023-05-10 00:00:00,Positive,Constructive conversation with strong engagement; client requested additional retirement scenarios.
4102,893,9,Video Conference,2024-01-08 00:00:00,Neutral,Client reviewed the summary materials and asked for periodic monitoring to continue.
4103,975,47,Call,2021-12-23 00:00:00,Negative,Client raised concerns about recent volatility and requested a detailed risk review.
4104,144,19,Meeting,2025-06-14 00:00:00,Neutral,General discussion on market conditions; client prefers to maintain the current plan for now.
4105,182,4,Meeting,2025-12-05 00:00:00,Positive,Client appreciated the portfolio review and agreed with the proposed allocation changes.
4106,363,37,Email,2022-03-10 00:00:00,Neutral,Provided account update and answered standard questions on holdings and recent activity.
4107,183,14,Email,2023-11-28 00:00:00,Positive,Client appreciated the portfolio review and agreed with the proposed allocation changes.
4108,973,37,Call,2022-04-04 00:00:00,Neutral,Routine check-in completed; no major changes requested at this time.
4109,513,48,Email,2021-02-28 00:00:00,Positive,Meeting went well; client approved the recommended diversification plan.
4110,519,22,Call,2024-04-16 00:00:00,Positive,Client expressed satisfaction with recent performance and welcomed follow-up next quarter.
4111,390,50,Email,2021-10-03 00:00:00,Neutral,Interaction focused on regular portfolio maintenance with no urgent actions identified.
4112,245,45,Email,2024-10-01 00:00:00,Negative,Client raised concerns about recent volatility and requested a detailed risk review.
4113,603,14,Call,2024-03-23 00:00:00,Neutral,Interaction focused on regular portfolio maintenance with no urgent actions identified.
4114,361,16,Call,2021-03-17 00:00:00,Neutral,Client reviewed the summary materials and asked for periodic monitoring to continue.
4115,489,15,Call,2023-11-26 00:00:00,Positive,Meeting went well; client approved the recommended diversification plan.
4116,553,35,Video Conference,2021-11-02 00:00:00,Positive,Positive discussion on long-term goals; client is comfortable with the current strategy.
4117,660,38,Meeting,2025-04-26 00:00:00,Positive,Client expressed satisfaction with recent performance and welcomed follow-up next quarter.
4118,962,38,Email,2021-08-19 00:00:00,Positive,Constructive conversation with strong engagement; client requested additional retirement scenarios.
4119,813,16,Call,2023-07-18 00:00:00,Positive,Constructive conversation with strong engagement; client requested additional retirement scenarios.
4120,787,13,Meeting,2023-10-02 00:00:00,Negative,Client raised concerns about recent volatility and requested a detailed risk review.
4121,203,33,Meeting,2021-06-12 00:00:00,Positive,Constructive conversation with strong engagement; client requested additional retirement scenarios.
4122,469,43,Meeting,2022-06-19 00:00:00,Neutral,Provided account update and answered standard questions on holdings and recent activity.
4123,774,14,Email,2025-08-01 00:00:00,Positive,Client expressed satisfaction with recent performance and welcomed follow-up next quarter.
4124,513,50,Call,2022-07-15 00:00:00,Neutral,Interaction focused on regular portfolio maintenance with no urgent actions identified.
4125,985,17,Email,2024-07-20 00:00:00,Neutral,Client reviewed the summary materials and asked for periodic monitoring to continue.
4126,424,4,Call,2025-04-16 00:00:00,Neutral,Interaction focused on regular portfolio maintenance with no urgent actions identified.
4127,453,5,Email,2023-12-30 00:00:00,Neutral,Provided account update and answered standard questions on holdings and recent activity.
4128,97,35,Call,2023-09-09 00:00:00,Positive,Positive discussion on long-term goals; client is comfortable with the current strategy.
4129,154,30,Email,2022-02-10 00:00:00,Positive,Meeting went well; client approved the recommended diversification plan.
4130,854,20,Video Conference,2022-11-08 00:00:00,Positive,Meeting went well; client approved the recommended diversification plan.
4131,1000,10,Call,2023-03-19 00:00:00,Positive,Positive discussion on long-term goals; client is comfortable with the current strategy.
4132,659,24,Call,2022-01-28 00:00:00,Neutral,Routine check-in completed; no major changes requested at this time.
4133,765,23,Meeting,2023-04-07 00:00:00,Positive,Meeting went well; client approved the recommended diversification plan.
4134,337,49,Email,2024-05-25 00:00:00,Neutral,Interaction focused on regular portfolio maintenance with no urgent actions identified.
4135,483,22,Meeting,2025-11-28 00:00:00,Positive,Client expressed satisfaction with recent performance and welcomed follow-up next quarter.
4136,947,49,Call,2021-05-25 00:00:00,Positive,Constructive conversation with strong engagement; client requested additional retirement scenarios.
4137,534,46,Email,2022-01-22 00:00:00,Positive,Constructive conversation with strong engagement; client requested additional retirement scenarios.
4138,178,32,Meeting,2024-10-05 00:00:00,Positive,Client appreciated the portfolio review and agreed with the proposed allocation changes.
4139,228,37,Call,2024-10-13 00:00:00,Negative,Discussion reflected dissatisfaction with short-term performance; follow-up has been scheduled.
4140,194,37,Meeting,2022-12-11 00:00:00,Positive,Meeting went well; client approved the recommended diversification plan.
4141,202,33,Email,2023-09-20 00:00:00,Neutral,Client reviewed the summary materials and asked for periodic monitoring to continue.
4142,310,44,Call,2026-04-01 00:00:00,Positive,Constructive conversation with strong engagement; client requested additional retirement scenarios.
4143,171,24,Email,2025-02-13 00:00:00,Positive,Positive discussion on long-term goals; client is comfortable with the current strategy.
4144,652,6,Video Conference,2021-10-24 00:00:00,Positive,Client expressed satisfaction with recent performance and welcomed follow-up next quarter.
4145,742,35,Call,2022-02-11 00:00:00,Positive,Client expressed satisfaction with recent performance and welcomed follow-up next quarter.
4146,949,26,Email,2022-04-12 00:00:00,Positive,Constructive conversation with strong engagement; client requested additional retirement scenarios.
4147,591,37,Call,2024-03-01 00:00:00,Negative,Client requested clarification on fees and portfolio positioning after recent market movements.
4148,906,29,Video Conference,2024-04-09 00:00:00,Positive,Client appreciated the portfolio review and agreed with the proposed allocation changes.
4149,917,25,Meeting,2021-03-26 00:00:00,Neutral,Routine check-in completed; no major changes requested at this time.
4150,954,15,Call,2025-03-20 00:00:00,Negative,Discussion reflected dissatisfaction with short-term performance; follow-up has been scheduled.
4151,9,31,Video Conference,2022-12-09 00:00:00,Positive,Meeting went well; client approved the recommended diversification plan.
4152,391,29,Call,2023-02-27 00:00:00,Neutral,Client reviewed the summary materials and asked for periodic monitoring to continue.
4153,587,25,Call,2022-09-20 00:00:00,Neutral,Routine check-in completed; no major changes requested at this time.
4154,47,22,Email,2023-09-19 00:00:00,Neutral,Interaction focused on regular portfolio maintenance with no urgent actions identified.
4155,351,26,Email,2024-09-13 00:00:00,Neutral,Provided account update and answered standard questions on holdings and recent activity.
4156,804,14,Meeting,2024-09-20 00:00:00,Positive,Meeting went well; client approved the recommended diversification plan.
4157,491,50,Call,2023-05-13 00:00:00,Negative,Client requested clarification on fees and portfolio positioning after recent market movements.
4158,91,17,Email,2023-08-16 00:00:00,Neutral,Client reviewed the summary materials and asked for periodic monitoring to continue.
4159,956,23,Call,2023-08-06 00:00:00,Positive,Positive discussion on long-term goals; client is comfortable with the current strategy.
4160,210,46,Video Conference,2024-01-11 00:00:00,Neutral,Routine check-in completed; no major changes requested at this time.
4161,133,17,Video Conference,2022-11-18 00:00:00,Positive,Meeting went well; client approved the recommended diversification plan.
4162,26,8,Call,2025-04-18 00:00:00,Neutral,Client reviewed the summary materials and asked for periodic monitoring to continue.
4163,963,14,Email,2025-05-28 00:00:00,Positive,Client expressed satisfaction with recent performance and welcomed follow-up next quarter.
4164,925,21,Email,2024-06-20 00:00:00,Negative,Client raised concerns about recent volatility and requested a detailed risk review.
4165,245,6,Call,2021-03-31 00:00:00,Positive,Client expressed satisfaction with recent performance and welcomed follow-up next quarter.
4166,53,10,Meeting,2022-09-25 00:00:00,Positive,Positive discussion on long-term goals; client is comfortable with the current strategy.
4167,5,2,Email,2026-02-19 00:00:00,Neutral,Interaction focused on regular portfolio maintenance with no urgent actions identified.
4168,250,39,Email,2025-09-01 00:00:00,Positive,Constructive conversation with strong engagement; client requested additional retirement scenarios.
4169,903,34,Call,2023-10-29 00:00:00,Positive,Meeting went well; client approved the recommended diversification plan.
4170,629,27,Meeting,2024-01-25 00:00:00,Neutral,Client reviewed the summary materials and asked for periodic monitoring to continue.
4171,688,30,Call,2023-05-27 00:00:00,Positive,Positive discussion on long-term goals; client is comfortable with the current strategy.
4172,548,21,Call,2023-03-14 00:00:00,Positive,Client expressed satisfaction with recent performance and welcomed follow-up next quarter.
4173,155,46,Call,2022-10-21 00:00:00,Positive,Constructive conversation with strong engagement; client requested additional retirement scenarios.
4174,198,26,Email,2022-07-23 00:00:00,Neutral,Provided account update and answered standard questions on holdings and recent activity.
4175,216,47,Email,2022-07-01 00:00:00,Positive,Constructive conversation with strong engagement; client requested additional retirement scenarios.
4176,544,19,Meeting,2022-09-12 00:00:00,Negative,Client requested clarification on fees and portfolio positioning after recent market movements.
4177,61,23,Call,2021-06-04 00:00:00,Neutral,Provided account update and answered standard questions on holdings and recent activity.
4178,572,16,Meeting,2025-10-06 00:00:00,Positive,Client appreciated the portfolio review and agreed with the proposed allocation changes.
4179,901,15,Email,2023-04-02 00:00:00,Negative,Discussion reflected dissatisfaction with short-term performance; follow-up has been scheduled.
4180,405,24,Email,2025-06-05 00:00:00,Neutral,Routine check-in completed; no major changes requested at this time.
4181,602,17,Email,2022-10-04 00:00:00,Positive,Client expressed satisfaction with recent performance and welcomed follow-up next quarter.
4182,544,19,Meeting,2023-11-12 00:00:00,Neutral,Routine check-in completed; no major changes requested at this time.
4183,897,47,Call,2021-12-27 00:00:00,Positive,Constructive conversation with strong engagement; client requested additional retirement scenarios.
4184,155,46,Call,2023-08-19 00:00:00,Positive,Positive discussion on long-term goals; client is comfortable with the current strategy.
4185,572,16,Video Conference,2022-04-14 00:00:00,Negative,Client expressed concern over communication frequency and expects a more proactive update cadence.
4186,348,3,Call,2026-04-14 00:00:00,Positive,Client appreciated the portfolio review and agreed with the proposed allocation changes.
4187,723,26,Call,2023-05-17 00:00:00,Neutral,General discussion on market conditions; client prefers to maintain the current plan for now.
4188,10,41,Video Conference,2024-09-01 00:00:00,Positive,Positive discussion on long-term goals; client is comfortable with the current strategy.
4189,584,37,Email,2023-03-31 00:00:00,Positive,Positive discussion on long-term goals; client is comfortable with the current strategy.
4190,743,22,Email,2024-10-14 00:00:00,Neutral,Interaction focused on regular portfolio maintenance with no urgent actions identified.
4191,547,7,Meeting,2025-05-02 00:00:00,Positive,Positive discussion on long-term goals; client is comfortable with the current strategy.
4192,528,5,Call,2022-04-29 00:00:00,Negative,Client expressed concern over communication frequency and expects a more proactive update cadence.
4193,545,49,Meeting,2024-08-08 00:00:00,Neutral,Client reviewed the summary materials and asked for periodic monitoring to continue.
4194,264,5,Meeting,2023-08-02 00:00:00,Neutral,General discussion on market conditions; client prefers to maintain the current plan for now.
4195,854,20,Email,2024-01-10 00:00:00,Positive,Meeting went well; client approved the recommended diversification plan.
4196,636,49,Call,2025-02-15 00:00:00,Positive,Meeting went well; client approved the recommended diversification plan.
4197,447,30,Video Conference,2022-07-29 00:00:00,Neutral,Interaction focused on regular portfolio maintenance with no urgent actions identified.
4198,33,23,Call,2023-04-22 00:00:00,Negative,Client requested clarification on fees and portfolio positioning after recent market movements.
4199,945,8,Call,2025-08-23 00:00:00,Positive,Client appreciated the portfolio review and agreed with the proposed allocation changes.
4200,394,42,Email,2026-05-04 00:00:00,Neutral,General discussion on market conditions; client prefers to maintain the current plan for now.
4201,173,32,Call,2025-09-21 00:00:00,Negative,Client raised concerns about recent volatility and requested a detailed risk review.
4202,941,18,Call,2023-05-21 00:00:00,Positive,Constructive conversation with strong engagement; client requested additional retirement scenarios.
4203,418,47,Meeting,2021-07-27 00:00:00,Positive,Constructive conversation with strong engagement; client requested additional retirement scenarios.
4204,329,14,Meeting,2023-07-18 00:00:00,Negative,Client expressed concern over communication frequency and expects a more proactive update cadence.
4205,43,31,Video Conference,2022-12-21 00:00:00,Positive,Client expressed satisfaction with recent performance and welcomed follow-up next quarter.
4206,553,35,Call,2021-01-29 00:00:00,Neutral,Client reviewed the summary materials and asked for periodic monitoring to continue.
4207,144,19,Video Conference,2021-09-20 00:00:00,Positive,Client appreciated the portfolio review and agreed with the proposed allocation changes.
4208,969,23,Meeting,2023-08-06 00:00:00,Negative,Client expressed concern over communication frequency and expects a more proactive update cadence.
4209,104,31,Call,2024-07-22 00:00:00,Positive,Meeting went well; client approved the recommended diversification plan.
4210,875,29,Email,2024-03-17 00:00:00,Neutral,Provided account update and answered standard questions on holdings and recent activity.
4211,602,17,Call,2023-11-29 00:00:00,Neutral,Provided account update and answered standard questions on holdings and recent activity.
4212,322,46,Video Conference,2021-07-20 00:00:00,Neutral,Provided account update and answered standard questions on holdings and recent activity.
4213,6,22,Email,2025-12-08 00:00:00,Negative,Client expressed concern over communication frequency and expects a more proactive update cadence.
4214,769,4,Video Conference,2022-11-02 00:00:00,Positive,Client expressed satisfaction with recent performance and welcomed follow-up next quarter.
4215,849,49,Email,2025-12-26 00:00:00,Neutral,General discussion on market conditions; client prefers to maintain the current plan for now.
4216,833,2,Meeting,2025-10-01 00:00:00,Neutral,Client reviewed the summary materials and asked for periodic monitoring to continue.
4217,649,39,Email,2026-02-13 00:00:00,Neutral,General discussion on market conditions; client prefers to maintain the current plan for now.
4218,739,50,Email,2023-09-18 00:00:00,Positive,Meeting went well; client approved the recommended diversification plan.
4219,554,46,Meeting,2024-05-23 00:00:00,Neutral,Client reviewed the summary materials and asked for periodic monitoring to continue.
4220,423,15,Call,2025-12-23 00:00:00,Negative,Discussion reflected dissatisfaction with short-term performance; follow-up has been scheduled.
4221,294,37,Meeting,2024-02-21 00:00:00,Positive,Meeting went well; client approved the recommended diversification plan.
4222,815,44,Email,2025-12-17 00:00:00,Neutral,Routine check-in completed; no major changes requested at this time.
4223,742,38,Meeting,2024-08-31 00:00:00,Positive,Client appreciated the portfolio review and agreed with the proposed allocation changes.
4224,405,16,Video Conference,2025-05-31 00:00:00,Positive,Positive discussion on long-term goals; client is comfortable with the current strategy.
4225,335,39,Video Conference,2022-05-28 00:00:00,Negative,Client expressed concern over communication frequency and expects a more proactive update cadence.
4226,63,31,Call,2024-08-20 00:00:00,Neutral,General discussion on market conditions; client prefers to maintain the current plan for now.
4227,841,9,Call,2025-07-28 00:00:00,Positive,Client expressed satisfaction with recent performance and welcomed follow-up next quarter.
4228,352,6,Email,2021-01-27 00:00:00,Positive,Positive discussion on long-term goals; client is comfortable with the current strategy.
4229,365,15,Video Conference,2024-08-31 00:00:00,Positive,Client appreciated the portfolio review and agreed with the proposed allocation changes.
4230,756,25,Call,2024-07-13 00:00:00,Positive,Client expressed satisfaction with recent performance and welcomed follow-up next quarter.
4231,288,43,Video Conference,2021-03-28 00:00:00,Positive,Client expressed satisfaction with recent performance and welcomed follow-up next quarter.
4232,252,31,Call,2023-07-29 00:00:00,Neutral,Provided account update and answered standard questions on holdings and recent activity.
4233,838,27,Email,2025-12-05 00:00:00,Neutral,Routine check-in completed; no major changes requested at this time.
4234,851,4,Video Conference,2024-11-12 00:00:00,Positive,Client appreciated the portfolio review and agreed with the proposed allocation changes.
4235,383,37,Email,2026-02-16 00:00:00,Negative,Interaction indicated frustration regarding drawdowns; advisor to prepare mitigation options.
4236,309,33,Call,2025-04-18 00:00:00,Positive,Constructive conversation with strong engagement; client requested additional retirement scenarios.
4237,631,16,Call,2021-08-15 00:00:00,Positive,Positive discussion on long-term goals; client is comfortable with the current strategy.
4238,440,15,Meeting,2022-11-26 00:00:00,Positive,Client appreciated the portfolio review and agreed with the proposed allocation changes.
4239,240,35,Call,2023-09-22 00:00:00,Neutral,General discussion on market conditions; client prefers to maintain the current plan for now.
4240,503,16,Call,2022-05-08 00:00:00,Positive,Client appreciated the portfolio review and agreed with the proposed allocation changes.
4241,785,50,Meeting,2021-03-28 00:00:00,Positive,Constructive conversation with strong engagement; client requested additional retirement scenarios.
4242,538,15,Call,2025-10-01 00:00:00,Positive,Meeting went well; client approved the recommended diversification plan.
4243,470,39,Call,2023-08-26 00:00:00,Neutral,Interaction focused on regular portfolio maintenance with no urgent actions identified.
4244,182,4,Email,2026-02-26 00:00:00,Positive,Constructive conversation with strong engagement; client requested additional retirement scenarios.
4245,154,16,Meeting,2021-04-12 00:00:00,Neutral,Routine check-in completed; no major changes requested at this time.
4246,191,24,Meeting,2025-12-12 00:00:00,Negative,Interaction indicated frustration regarding drawdowns; advisor to prepare mitigation options.
4247,7,29,Email,2021-12-31 00:00:00,Neutral,General discussion on market conditions; client prefers to maintain the current plan for now.
4248,741,23,Call,2021-01-26 00:00:00,Neutral,Interaction focused on regular portfolio maintenance with no urgent actions identified.
4249,660,8,Meeting,2024-08-08 00:00:00,Negative,Discussion reflected dissatisfaction with short-term performance; follow-up has been scheduled.
4250,391,40,Email,2024-12-18 00:00:00,Positive,Meeting went well; client approved the recommended diversification plan.
4251,45,22,Meeting,2025-12-14 00:00:00,Positive,Client expressed satisfaction with recent performance and welcomed follow-up next quarter.
4252,825,24,Meeting,2024-04-04 00:00:00,Neutral,General discussion on market conditions; client prefers to maintain the current plan for now.
4253,271,26,Meeting,2021-04-23 00:00:00,Negative,Client requested clarification on fees and portfolio positioning after recent market movements.
4254,843,13,Email,2024-11-10 00:00:00,Neutral,Interaction focused on regular portfolio maintenance with no urgent actions identified.
4255,458,10,Call,2025-01-28 00:00:00,Positive,Constructive conversation with strong engagement; client requested additional retirement scenarios.
4256,906,23,Meeting,2026-03-05 00:00:00,Positive,Meeting went well; client approved the recommended diversification plan.
4257,584,9,Call,2024-07-20 00:00:00,Neutral,Routine check-in completed; no major changes requested at this time.
4258,244,14,Call,2022-08-15 00:00:00,Positive,Client appreciated the portfolio review and agreed with the proposed allocation changes.
4259,722,36,Video Conference,2022-06-10 00:00:00,Neutral,Routine check-in completed; no major changes requested at this time.
4260,980,5,Meeting,2023-04-03 00:00:00,Positive,Client appreciated the portfolio review and agreed with the proposed allocation changes.
4261,468,12,Call,2022-08-14 00:00:00,Positive,Constructive conversation with strong engagement; client requested additional retirement scenarios.
4262,717,50,Call,2024-07-26 00:00:00,Positive,Constructive conversation with strong engagement; client requested additional retirement scenarios.
4263,888,23,Video Conference,2022-11-20 00:00:00,Negative,Client expressed concern over communication frequency and expects a more proactive update cadence.
4264,960,34,Meeting,2024-01-04 00:00:00,Neutral,General discussion on market conditions; client prefers to maintain the current plan for now.
4265,460,4,Call,2025-09-03 00:00:00,Neutral,Interaction focused on regular portfolio maintenance with no urgent actions identified.
4266,877,12,Email,2025-04-01 00:00:00,Neutral,Provided account update and answered standard questions on holdings and recent activity.
4267,565,11,Meeting,2021-03-31 00:00:00,Positive,Client appreciated the portfolio review and agreed with the proposed allocation changes.
4268,91,17,Email,2025-08-26 00:00:00,Positive,Constructive conversation with strong engagement; client requested additional retirement scenarios.
4269,225,49,Video Conference,2025-10-11 00:00:00,Positive,Meeting went well; client approved the recommended diversification plan.
4270,678,7,Meeting,2023-07-13 00:00:00,Positive,Positive discussion on long-term goals; client is comfortable with the current strategy.
4271,17,25,Meeting,2022-12-10 00:00:00,Neutral,Client reviewed the summary materials and asked for periodic monitoring to continue.
4272,602,17,Email,2022-03-20 00:00:00,Negative,Client requested clarification on fees and portfolio positioning after recent market movements.
4273,933,11,Email,2023-03-19 00:00:00,Neutral,Routine check-in completed; no major changes requested at this time.
4274,818,30,Email,2023-03-25 00:00:00,Neutral,General discussion on market conditions; client prefers to maintain the current plan for now.
4275,830,4,Call,2022-07-24 00:00:00,Positive,Meeting went well; client approved the recommended diversification plan.
4276,499,2,Video Conference,2022-04-16 00:00:00,Neutral,Provided account update and answered standard questions on holdings and recent activity.
4277,840,47,Email,2022-07-06 00:00:00,Negative,Client raised concerns about recent volatility and requested a detailed risk review.
4278,214,41,Meeting,2021-08-27 00:00:00,Positive,Client expressed satisfaction with recent performance and welcomed follow-up next quarter.
4279,13,42,Call,2021-02-18 00:00:00,Positive,Client expressed satisfaction with recent performance and welcomed follow-up next quarter.
4280,92,19,Email,2023-04-18 00:00:00,Neutral,Provided account update and answered standard questions on holdings and recent activity.
4281,452,35,Email,2024-02-23 00:00:00,Negative,Client raised concerns about recent volatility and requested a detailed risk review.
4282,992,42,Video Conference,2025-10-04 00:00:00,Positive,Client appreciated the portfolio review and agreed with the proposed allocation changes.
4283,677,33,Video Conference,2021-05-10 00:00:00,Negative,Client raised concerns about recent volatility and requested a detailed risk review.
4284,671,3,Meeting,2024-12-29 00:00:00,Negative,Client expressed concern over communication frequency and expects a more proactive update cadence.
4285,43,31,Meeting,2024-03-30 00:00:00,Negative,Client expressed concern over communication frequency and expects a more proactive update cadence.
4286,634,15,Call,2024-09-28 00:00:00,Positive,Meeting went well; client approved the recommended diversification plan.
4287,479,23,Video Conference,2022-03-14 00:00:00,Negative,Client expressed concern over communication frequency and expects a more proactive update cadence.
4288,709,7,Meeting,2021-07-25 00:00:00,Negative,Interaction indicated frustration regarding drawdowns; advisor to prepare mitigation options.
4289,856,50,Email,2022-12-01 00:00:00,Neutral,Client reviewed the summary materials and asked for periodic monitoring to continue.
4290,149,7,Meeting,2023-04-14 00:00:00,Negative,Client expressed concern over communication frequency and expects a more proactive update cadence.
4291,301,21,Meeting,2025-07-28 00:00:00,Neutral,Routine check-in completed; no major changes requested at this time.
4292,187,12,Call,2026-03-30 00:00:00,Positive,Client appreciated the portfolio review and agreed with the proposed allocation changes.
4293,315,6,Video Conference,2021-10-08 00:00:00,Neutral,Routine check-in completed; no major changes requested at this time.
4294,365,4,Video Conference,2023-09-21 00:00:00,Neutral,Client reviewed the summary materials and asked for periodic monitoring to continue.
4295,393,42,Call,2023-06-29 00:00:00,Positive,Constructive conversation with strong engagement; client requested additional retirement scenarios.
4296,454,2,Video Conference,2023-01-15 00:00:00,Positive,Client appreciated the portfolio review and agreed with the proposed allocation changes.
4297,782,2,Email,2021-11-27 00:00:00,Negative,Client raised concerns about recent volatility and requested a detailed risk review.
4298,286,48,Call,2023-12-30 00:00:00,Negative,Client expressed concern over communication frequency and expects a more proactive update cadence.
4299,488,28,Email,2022-03-19 00:00:00,Neutral,Provided account update and answered standard questions on holdings and recent activity.
4300,989,13,Meeting,2023-08-31 00:00:00,Positive,Meeting went well; client approved the recommended diversification plan.
4301,300,12,Email,2021-05-03 00:00:00,Positive,Client appreciated the portfolio review and agreed with the proposed allocation changes.
4302,143,28,Meeting,2025-11-14 00:00:00,Negative,Client expressed concern over communication frequency and expects a more proactive update cadence.
4303,287,9,Email,2024-02-04 00:00:00,Positive,Client expressed satisfaction with recent performance and welcomed follow-up next quarter.
4304,850,11,Email,2024-05-26 00:00:00,Negative,Interaction indicated frustration regarding drawdowns; advisor to prepare mitigation options.
4305,869,20,Meeting,2021-09-28 00:00:00,Positive,Meeting went well; client approved the recommended diversification plan.
4306,794,1,Video Conference,2021-01-18 00:00:00,Neutral,Routine check-in completed; no major changes requested at this time.
4307,802,50,Call,2025-08-25 00:00:00,Positive,Meeting went well; client approved the recommended diversification plan.
4308,590,6,Meeting,2021-10-22 00:00:00,Positive,Constructive conversation with strong engagement; client requested additional retirement scenarios.
4309,581,23,Call,2025-07-19 00:00:00,Negative,Client requested clarification on fees and portfolio positioning after recent market movements.
4310,535,17,Email,2025-08-21 00:00:00,Positive,Constructive conversation with strong engagement; client requested additional retirement scenarios.
4311,852,50,Email,2026-05-09 00:00:00,Positive,Positive discussion on long-term goals; client is comfortable with the current strategy.
4312,243,20,Meeting,2026-05-27 00:00:00,Positive,Client appreciated the portfolio review and agreed with the proposed allocation changes.
4313,118,39,Video Conference,2021-03-31 00:00:00,Positive,Constructive conversation with strong engagement; client requested additional retirement scenarios.
4314,745,4,Meeting,2022-06-28 00:00:00,Positive,Client expressed satisfaction with recent performance and welcomed follow-up next quarter.
4315,11,42,Call,2026-01-10 00:00:00,Positive,Meeting went well; client approved the recommended diversification plan.
4316,711,46,Call,2022-02-19 00:00:00,Neutral,Routine check-in completed; no major changes requested at this time.
4317,123,21,Video Conference,2022-01-24 00:00:00,Neutral,Interaction focused on regular portfolio maintenance with no urgent actions identified.
4318,842,12,Email,2022-05-23 00:00:00,Neutral,General discussion on market conditions; client prefers to maintain the current plan for now.
4319,586,14,Email,2021-10-07 00:00:00,Positive,Client expressed satisfaction with recent performance and welcomed follow-up next quarter.
4320,622,32,Meeting,2021-05-20 00:00:00,Neutral,Provided account update and answered standard questions on holdings and recent activity.
4321,375,16,Email,2022-01-28 00:00:00,Neutral,Provided account update and answered standard questions on holdings and recent activity.
4322,481,49,Call,2024-09-12 00:00:00,Neutral,Interaction focused on regular portfolio maintenance with no urgent actions identified.
4323,3,25,Call,2026-02-27 00:00:00,Negative,Interaction indicated frustration regarding drawdowns; advisor to prepare mitigation options.
4324,584,5,Email,2025-11-15 00:00:00,Neutral,Provided account update and answered standard questions on holdings and recent activity.
4325,507,19,Video Conference,2023-09-11 00:00:00,Positive,Positive discussion on long-term goals; client is comfortable with the current strategy.
4326,895,49,Meeting,2024-05-07 00:00:00,Positive,Positive discussion on long-term goals; client is comfortable with the current strategy.
4327,303,33,Meeting,2025-03-30 00:00:00,Negative,Client expressed concern over communication frequency and expects a more proactive update cadence.
4328,199,36,Call,2023-11-10 00:00:00,Positive,Positive discussion on long-term goals; client is comfortable with the current strategy.
4329,532,1,Meeting,2026-01-16 00:00:00,Positive,Constructive conversation with strong engagement; client requested additional retirement scenarios.
4330,313,40,Meeting,2024-06-16 00:00:00,Neutral,Provided account update and answered standard questions on holdings and recent activity.
4331,423,22,Email,2023-08-01 00:00:00,Positive,Client appreciated the portfolio review and agreed with the proposed allocation changes.
4332,545,42,Email,2023-02-24 00:00:00,Positive,Meeting went well; client approved the recommended diversification plan.
4333,756,11,Call,2021-04-16 00:00:00,Neutral,Provided account update and answered standard questions on holdings and recent activity.
4334,518,17,Email,2025-08-10 00:00:00,Positive,Constructive conversation with strong engagement; client requested additional retirement scenarios.
4335,112,11,Video Conference,2021-10-27 00:00:00,Positive,Positive discussion on long-term goals; client is comfortable with the current strategy.
4336,192,35,Video Conference,2021-03-26 00:00:00,Neutral,Client reviewed the summary materials and asked for periodic monitoring to continue.
4337,749,43,Call,2025-04-02 00:00:00,Positive,Client appreciated the portfolio review and agreed with the proposed allocation changes.
4338,447,30,Meeting,2021-09-05 00:00:00,Negative,Discussion reflected dissatisfaction with short-term performance; follow-up has been scheduled.
4339,346,29,Email,2022-04-07 00:00:00,Positive,Client appreciated the portfolio review and agreed with the proposed allocation changes.
4340,868,40,Call,2024-10-27 00:00:00,Positive,Positive discussion on long-term goals; client is comfortable with the current strategy.
4341,201,9,Email,2024-07-26 00:00:00,Positive,Client expressed satisfaction with recent performance and welcomed follow-up next quarter.
4342,814,7,Email,2024-08-11 00:00:00,Positive,Client expressed satisfaction with recent performance and welcomed follow-up next quarter.
4343,889,11,Meeting,2025-11-01 00:00:00,Positive,Meeting went well; client approved the recommended diversification plan.
4344,447,30,Call,2022-10-07 00:00:00,Positive,Constructive conversation with strong engagement; client requested additional retirement scenarios.
4345,723,26,Call,2021-08-29 00:00:00,Positive,Constructive conversation with strong engagement; client requested additional retirement scenarios.
4346,291,11,Video Conference,2022-11-04 00:00:00,Positive,Client expressed satisfaction with recent performance and welcomed follow-up next quarter.
4347,873,10,Email,2021-08-07 00:00:00,Positive,Positive discussion on long-term goals; client is comfortable with the current strategy.
4348,617,16,Meeting,2024-08-10 00:00:00,Negative,Interaction indicated frustration regarding drawdowns; advisor to prepare mitigation options.
4349,888,7,Email,2023-11-13 00:00:00,Neutral,Provided account update and answered standard questions on holdings and recent activity.
4350,946,6,Meeting,2025-10-11 00:00:00,Positive,Client appreciated the portfolio review and agreed with the proposed allocation changes.
4351,753,10,Call,2024-09-25 00:00:00,Neutral,Provided account update and answered standard questions on holdings and recent activity.
4352,877,27,Email,2025-11-14 00:00:00,Positive,Meeting went well; client approved the recommended diversification plan.
4353,454,2,Email,2023-01-26 00:00:00,Negative,Interaction indicated frustration regarding drawdowns; advisor to prepare mitigation options.
4354,371,7,Email,2022-02-16 00:00:00,Positive,Positive discussion on long-term goals; client is comfortable with the current strategy.
4355,652,10,Call,2022-02-14 00:00:00,Positive,Constructive conversation with strong engagement; client requested additional retirement scenarios.
4356,114,5,Meeting,2022-03-27 00:00:00,Neutral,Provided account update and answered standard questions on holdings and recent activity.
4357,210,19,Video Conference,2023-08-11 00:00:00,Neutral,Provided account update and answered standard questions on holdings and recent activity.
4358,13,42,Call,2022-06-18 00:00:00,Neutral,Routine check-in completed; no major changes requested at this time.
4359,490,40,Call,2023-07-30 00:00:00,Positive,Client expressed satisfaction with recent performance and welcomed follow-up next quarter.
4360,684,37,Call,2022-04-18 00:00:00,Positive,Constructive conversation with strong engagement; client requested additional retirement scenarios.
4361,387,3,Meeting,2022-01-28 00:00:00,Neutral,General discussion on market conditions; client prefers to maintain the current plan for now.
4362,917,25,Meeting,2022-06-21 00:00:00,Neutral,General discussion on market conditions; client prefers to maintain the current plan for now.
4363,781,1,Meeting,2025-10-09 00:00:00,Neutral,Client reviewed the summary materials and asked for periodic monitoring to continue.
4364,234,2,Call,2021-02-28 00:00:00,Negative,Client requested clarification on fees and portfolio positioning after recent market movements.
4365,553,35,Call,2026-04-25 00:00:00,Positive,Client expressed satisfaction with recent performance and welcomed follow-up next quarter.
4366,615,16,Call,2022-08-19 00:00:00,Neutral,Provided account update and answered standard questions on holdings and recent activity.
4367,883,29,Email,2024-06-28 00:00:00,Positive,Constructive conversation with strong engagement; client requested additional retirement scenarios.
4368,489,15,Meeting,2024-07-12 00:00:00,Positive,Client expressed satisfaction with recent performance and welcomed follow-up next quarter.
4369,892,37,Call,2026-05-07 00:00:00,Positive,Constructive conversation with strong engagement; client requested additional retirement scenarios.
4370,209,31,Video Conference,2023-09-26 00:00:00,Neutral,Provided account update and answered standard questions on holdings and recent activity.
4371,526,15,Call,2025-09-23 00:00:00,Positive,Client expressed satisfaction with recent performance and welcomed follow-up next quarter.
4372,953,23,Call,2023-09-16 00:00:00,Negative,Client raised concerns about recent volatility and requested a detailed risk review.
4373,138,20,Call,2023-03-23 00:00:00,Neutral,Interaction focused on regular portfolio maintenance with no urgent actions identified.
4374,40,27,Meeting,2022-11-24 00:00:00,Positive,Positive discussion on long-term goals; client is comfortable with the current strategy.
4375,851,41,Meeting,2024-05-26 00:00:00,Positive,Constructive conversation with strong engagement; client requested additional retirement scenarios.
4376,176,46,Meeting,2022-10-26 00:00:00,Positive,Constructive conversation with strong engagement; client requested additional retirement scenarios.
4377,912,41,Meeting,2021-08-29 00:00:00,Neutral,General discussion on market conditions; client prefers to maintain the current plan for now.
4378,490,40,Email,2024-11-09 00:00:00,Positive,Constructive conversation with strong engagement; client requested additional retirement scenarios.
4379,106,11,Meeting,2024-04-28 00:00:00,Neutral,Routine check-in completed; no major changes requested at this time.
4380,780,31,Email,2021-11-26 00:00:00,Positive,Meeting went well; client approved the recommended diversification plan.
4381,292,2,Call,2026-04-27 00:00:00,Positive,Client appreciated the portfolio review and agreed with the proposed allocation changes.
4382,436,49,Call,2024-03-18 00:00:00,Negative,Discussion reflected dissatisfaction with short-term performance; follow-up has been scheduled.
4383,431,26,Email,2025-08-27 00:00:00,Positive,Positive discussion on long-term goals; client is comfortable with the current strategy.
4384,527,48,Call,2023-12-21 00:00:00,Neutral,Client reviewed the summary materials and asked for periodic monitoring to continue.
4385,847,1,Call,2021-11-09 00:00:00,Positive,Client appreciated the portfolio review and agreed with the proposed allocation changes.
4386,972,40,Call,2022-02-15 00:00:00,Neutral,General discussion on market conditions; client prefers to maintain the current plan for now.
4387,798,1,Video Conference,2024-11-21 00:00:00,Positive,Meeting went well; client approved the recommended diversification plan.
4388,372,15,Email,2023-04-22 00:00:00,Positive,Client appreciated the portfolio review and agreed with the proposed allocation changes.
4389,694,8,Email,2021-09-02 00:00:00,Positive,Constructive conversation with strong engagement; client requested additional retirement scenarios.
4390,9,31,Call,2022-05-11 00:00:00,Neutral,Provided account update and answered standard questions on holdings and recent activity.
4391,472,6,Meeting,2024-01-27 00:00:00,Positive,Client expressed satisfaction with recent performance and welcomed follow-up next quarter.
4392,762,50,Call,2023-07-21 00:00:00,Positive,Constructive conversation with strong engagement; client requested additional retirement scenarios.
4393,312,50,Call,2024-09-15 00:00:00,Neutral,Provided account update and answered standard questions on holdings and recent activity.
4394,819,34,Meeting,2025-10-30 00:00:00,Neutral,Provided account update and answered standard questions on holdings and recent activity.
4395,636,37,Call,2021-07-13 00:00:00,Neutral,General discussion on market conditions; client prefers to maintain the current plan for now.
4396,306,34,Meeting,2024-11-21 00:00:00,Neutral,General discussion on market conditions; client prefers to maintain the current plan for now.
4397,122,50,Email,2022-09-22 00:00:00,Positive,Client expressed satisfaction with recent performance and welcomed follow-up next quarter.
4398,693,11,Email,2021-07-26 00:00:00,Positive,Client expressed satisfaction with recent performance and welcomed follow-up next quarter.
4399,36,44,Call,2023-05-07 00:00:00,Positive,Positive discussion on long-term goals; client is comfortable with the current strategy.
4400,178,11,Meeting,2021-05-21 00:00:00,Positive,Client appreciated the portfolio review and agreed with the proposed allocation changes.
4401,701,3,Email,2024-03-19 00:00:00,Positive,Constructive conversation with strong engagement; client requested additional retirement scenarios.
4402,244,7,Meeting,2026-05-05 00:00:00,Positive,Meeting went well; client approved the recommended diversification plan.
4403,125,6,Meeting,2023-03-24 00:00:00,Positive,Client expressed satisfaction with recent performance and welcomed follow-up next quarter.
4404,401,38,Call,2025-07-17 00:00:00,Negative,Client requested clarification on fees and portfolio positioning after recent market movements.
4405,394,42,Video Conference,2024-01-20 00:00:00,Positive,Meeting went well; client approved the recommended diversification plan.
4406,853,16,Call,2022-08-12 00:00:00,Negative,Discussion reflected dissatisfaction with short-term performance; follow-up has been scheduled.
4407,988,4,Video Conference,2021-03-16 00:00:00,Positive,Client appreciated the portfolio review and agreed with the proposed allocation changes.
4408,989,13,Video Conference,2024-05-10 00:00:00,Positive,Positive discussion on long-term goals; client is comfortable with the current strategy.
4409,697,32,Call,2025-07-23 00:00:00,Positive,Client appreciated the portfolio review and agreed with the proposed allocation changes.
4410,480,48,Video Conference,2021-09-09 00:00:00,Positive,Positive discussion on long-term goals; client is comfortable with the current strategy.
4411,651,42,Meeting,2024-11-14 00:00:00,Positive,Client appreciated the portfolio review and agreed with the proposed allocation changes.
4412,98,47,Meeting,2023-06-18 00:00:00,Neutral,Client reviewed the summary materials and asked for periodic monitoring to continue.
4413,448,42,Email,2021-04-08 00:00:00,Neutral,Provided account update and answered standard questions on holdings and recent activity.
4414,59,42,Email,2024-10-29 00:00:00,Neutral,General discussion on market conditions; client prefers to maintain the current plan for now.
4415,764,27,Email,2021-06-16 00:00:00,Positive,Client appreciated the portfolio review and agreed with the proposed allocation changes.
4416,569,18,Call,2022-10-21 00:00:00,Positive,Client appreciated the portfolio review and agreed with the proposed allocation changes.
4417,304,24,Video Conference,2023-03-31 00:00:00,Neutral,Provided account update and answered standard questions on holdings and recent activity.
4418,773,14,Video Conference,2023-12-24 00:00:00,Neutral,General discussion on market conditions; client prefers to maintain the current plan for now.
4419,688,30,Video Conference,2024-10-03 00:00:00,Positive,Client expressed satisfaction with recent performance and welcomed follow-up next quarter.
4420,775,46,Call,2024-04-17 00:00:00,Positive,Constructive conversation with strong engagement; client requested additional retirement scenarios.
4421,751,50,Email,2025-06-08 00:00:00,Positive,Constructive conversation with strong engagement; client requested additional retirement scenarios.
4422,936,10,Call,2023-06-14 00:00:00,Positive,Client expressed satisfaction with recent performance and welcomed follow-up next quarter.
4423,757,42,Call,2025-11-14 00:00:00,Neutral,Client reviewed the summary materials and asked for periodic monitoring to continue.
4424,193,22,Video Conference,2023-05-13 00:00:00,Neutral,Provided account update and answered standard questions on holdings and recent activity.
4425,801,24,Call,2024-07-03 00:00:00,Negative,Client requested clarification on fees and portfolio positioning after recent market movements.
4426,577,21,Meeting,2025-12-30 00:00:00,Neutral,Interaction focused on regular portfolio maintenance with no urgent actions identified.
4427,546,12,Call,2025-09-17 00:00:00,Positive,Positive discussion on long-term goals; client is comfortable with the current strategy.
4428,942,46,Meeting,2023-08-26 00:00:00,Neutral,Routine check-in completed; no major changes requested at this time.
4429,988,43,Call,2022-03-25 00:00:00,Neutral,Routine check-in completed; no major changes requested at this time.
4430,85,7,Email,2021-01-06 00:00:00,Positive,Positive discussion on long-term goals; client is comfortable with the current strategy.
4431,341,25,Video Conference,2021-03-05 00:00:00,Neutral,Provided account update and answered standard questions on holdings and recent activity.
4432,637,23,Meeting,2021-03-05 00:00:00,Positive,Client appreciated the portfolio review and agreed with the proposed allocation changes.
4433,395,5,Meeting,2025-12-19 00:00:00,Neutral,Routine check-in completed; no major changes requested at this time.
4434,947,49,Meeting,2024-01-23 00:00:00,Positive,Client appreciated the portfolio review and agreed with the proposed allocation changes.
4435,979,4,Call,2021-05-28 00:00:00,Positive,Client expressed satisfaction with recent performance and welcomed follow-up next quarter.
4436,431,35,Email,2024-11-06 00:00:00,Negative,Discussion reflected dissatisfaction with short-term performance; follow-up has been scheduled.
4437,90,10,Call,2024-06-14 00:00:00,Neutral,General discussion on market conditions; client prefers to maintain the current plan for now.
4438,162,3,Call,2025-08-28 00:00:00,Positive,Positive discussion on long-term goals; client is comfortable with the current strategy.
4439,846,22,Email,2021-01-19 00:00:00,Positive,Client appreciated the portfolio review and agreed with the proposed allocation changes.
4440,721,10,Call,2023-04-09 00:00:00,Positive,Client expressed satisfaction with recent performance and welcomed follow-up next quarter.
4441,212,4,Meeting,2021-10-09 00:00:00,Positive,Client appreciated the portfolio review and agreed with the proposed allocation changes.
4442,523,48,Email,2024-10-08 00:00:00,Positive,Positive discussion on long-term goals; client is comfortable with the current strategy.
4443,384,16,Meeting,2022-06-08 00:00:00,Negative,Discussion reflected dissatisfaction with short-term performance; follow-up has been scheduled.
4444,654,41,Email,2022-09-29 00:00:00,Positive,Constructive conversation with strong engagement; client requested additional retirement scenarios.
4445,545,49,Call,2021-03-22 00:00:00,Positive,Client expressed satisfaction with recent performance and welcomed follow-up next quarter.
4446,699,49,Call,2024-12-20 00:00:00,Positive,Meeting went well; client approved the recommended diversification plan.
4447,15,41,Video Conference,2022-08-14 00:00:00,Positive,Client appreciated the portfolio review and agreed with the proposed allocation changes.
4448,912,41,Email,2022-01-07 00:00:00,Positive,Constructive conversation with strong engagement; client requested additional retirement scenarios.
4449,446,47,Video Conference,2021-07-03 00:00:00,Positive,Client expressed satisfaction with recent performance and welcomed follow-up next quarter.
4450,604,30,Meeting,2023-12-02 00:00:00,Neutral,Client reviewed the summary materials and asked for periodic monitoring to continue.
4451,43,31,Video Conference,2022-01-21 00:00:00,Positive,Meeting went well; client approved the recommended diversification plan.
4452,384,19,Call,2024-03-11 00:00:00,Negative,Client requested clarification on fees and portfolio positioning after recent market movements.
4453,524,32,Video Conference,2021-07-26 00:00:00,Positive,Meeting went well; client approved the recommended diversification plan.
4454,172,47,Video Conference,2025-03-16 00:00:00,Positive,Client expressed satisfaction with recent performance and welcomed follow-up next quarter.
4455,412,25,Email,2021-10-29 00:00:00,Neutral,Client reviewed the summary materials and asked for periodic monitoring to continue.
4456,472,20,Meeting,2022-06-09 00:00:00,Neutral,General discussion on market conditions; client prefers to maintain the current plan for now.
4457,212,4,Email,2024-09-20 00:00:00,Positive,Meeting went well; client approved the recommended diversification plan.
4458,574,22,Call,2024-08-09 00:00:00,Neutral,Interaction focused on regular portfolio maintenance with no urgent actions identified.
4459,586,21,Call,2025-11-09 00:00:00,Positive,Positive discussion on long-term goals; client is comfortable with the current strategy.
4460,774,14,Meeting,2024-09-16 00:00:00,Neutral,Client reviewed the summary materials and asked for periodic monitoring to continue.
4461,965,49,Video Conference,2022-06-10 00:00:00,Positive,Client expressed satisfaction with recent performance and welcomed follow-up next quarter.
4462,165,45,Meeting,2021-09-28 00:00:00,Positive,Constructive conversation with strong engagement; client requested additional retirement scenarios.
4463,942,46,Email,2021-03-20 00:00:00,Negative,Client expressed concern over communication frequency and expects a more proactive update cadence.
4464,764,23,Meeting,2024-07-14 00:00:00,Neutral,Routine check-in completed; no major changes requested at this time.
4465,201,9,Video Conference,2021-02-27 00:00:00,Neutral,Provided account update and answered standard questions on holdings and recent activity.
4466,228,37,Email,2024-03-21 00:00:00,Positive,Client appreciated the portfolio review and agreed with the proposed allocation changes.
4467,238,22,Meeting,2022-05-02 00:00:00,Positive,Positive discussion on long-term goals; client is comfortable with the current strategy.
4468,603,14,Email,2022-04-14 00:00:00,Positive,Client appreciated the portfolio review and agreed with the proposed allocation changes.
4469,829,21,Meeting,2024-06-10 00:00:00,Negative,Client requested clarification on fees and portfolio positioning after recent market movements.
4470,547,29,Video Conference,2023-01-07 00:00:00,Positive,Meeting went well; client approved the recommended diversification plan.
4471,629,27,Email,2025-12-29 00:00:00,Negative,Interaction indicated frustration regarding drawdowns; advisor to prepare mitigation options.
4472,357,5,Email,2022-03-26 00:00:00,Positive,Client expressed satisfaction with recent performance and welcomed follow-up next quarter.
4473,643,18,Call,2021-08-12 00:00:00,Negative,Interaction indicated frustration regarding drawdowns; advisor to prepare mitigation options.
4474,511,50,Email,2024-10-14 00:00:00,Negative,Interaction indicated frustration regarding drawdowns; advisor to prepare mitigation options.
4475,268,9,Meeting,2024-09-03 00:00:00,Positive,Constructive conversation with strong engagement; client requested additional retirement scenarios.
4476,873,31,Email,2025-01-07 00:00:00,Positive,Constructive conversation with strong engagement; client requested additional retirement scenarios.
4477,509,47,Video Conference,2022-06-15 00:00:00,Neutral,Routine check-in completed; no major changes requested at this time.
4478,954,9,Call,2021-04-04 00:00:00,Positive,Client appreciated the portfolio review and agreed with the proposed allocation changes.
4479,30,12,Email,2022-12-29 00:00:00,Positive,Meeting went well; client approved the recommended diversification plan.
4480,13,42,Video Conference,2026-02-07 00:00:00,Positive,Client appreciated the portfolio review and agreed with the proposed allocation changes.
4481,22,5,Call,2024-05-31 00:00:00,Neutral,Routine check-in completed; no major changes requested at this time.
4482,559,44,Meeting,2023-02-20 00:00:00,Positive,Constructive conversation with strong engagement; client requested additional retirement scenarios.
4483,982,24,Call,2021-09-10 00:00:00,Neutral,Routine check-in completed; no major changes requested at this time.
4484,172,47,Meeting,2021-05-02 00:00:00,Positive,Meeting went well; client approved the recommended diversification plan.
4485,255,5,Meeting,2024-12-31 00:00:00,Positive,Client expressed satisfaction with recent performance and welcomed follow-up next quarter.
4486,730,35,Call,2025-05-14 00:00:00,Positive,Positive discussion on long-term goals; client is comfortable with the current strategy.
4487,285,47,Video Conference,2026-01-04 00:00:00,Negative,Client requested clarification on fees and portfolio positioning after recent market movements.
4488,911,17,Video Conference,2024-04-05 00:00:00,Positive,Client expressed satisfaction with recent performance and welcomed follow-up next quarter.
4489,838,50,Call,2022-04-25 00:00:00,Positive,Positive discussion on long-term goals; client is comfortable with the current strategy.
4490,248,30,Meeting,2024-11-02 00:00:00,Positive,Positive discussion on long-term goals; client is comfortable with the current strategy.
4491,987,25,Meeting,2026-04-19 00:00:00,Neutral,Client reviewed the summary materials and asked for periodic monitoring to continue.
4492,608,19,Call,2023-05-27 00:00:00,Neutral,Interaction focused on regular portfolio maintenance with no urgent actions identified.
4493,446,47,Meeting,2023-11-09 00:00:00,Positive,Client appreciated the portfolio review and agreed with the proposed allocation changes.
4494,621,17,Call,2022-12-14 00:00:00,Neutral,Routine check-in completed; no major changes requested at this time.
4495,885,24,Call,2021-12-21 00:00:00,Neutral,Provided account update and answered standard questions on holdings and recent activity.
4496,941,40,Email,2024-02-21 00:00:00,Positive,Client appreciated the portfolio review and agreed with the proposed allocation changes.
4497,936,10,Call,2025-05-28 00:00:00,Positive,Constructive conversation with strong engagement; client requested additional retirement scenarios.
4498,693,11,Call,2024-03-26 00:00:00,Positive,Client expressed satisfaction with recent performance and welcomed follow-up next quarter.
4499,152,34,Call,2021-10-05 00:00:00,Positive,Meeting went well; client approved the recommended diversification plan.
4500,64,23,Meeting,2021-08-03 00:00:00,Neutral,Client reviewed the summary materials and asked for periodic monitoring to continue.
4501,886,31,Email,2024-10-27 00:00:00,Negative,Client expressed concern over communication frequency and expects a more proactive update cadence.
4502,604,30,Call,2024-05-28 00:00:00,Positive,Client expressed satisfaction with recent performance and welcomed follow-up next quarter.
4503,761,8,Email,2024-08-30 00:00:00,Neutral,Routine check-in completed; no major changes requested at this time.
4504,286,1,Meeting,2024-02-25 00:00:00,Neutral,General discussion on market conditions; client prefers to maintain the current plan for now.
4505,907,31,Call,2025-07-08 00:00:00,Neutral,Client reviewed the summary materials and asked for periodic monitoring to continue.
4506,197,5,Email,2021-10-27 00:00:00,Neutral,General discussion on market conditions; client prefers to maintain the current plan for now.
4507,276,31,Email,2024-08-04 00:00:00,Positive,Client appreciated the portfolio review and agreed with the proposed allocation changes.
4508,391,40,Meeting,2025-01-07 00:00:00,Positive,Positive discussion on long-term goals; client is comfortable with the current strategy.
4509,426,46,Call,2023-11-24 00:00:00,Positive,Positive discussion on long-term goals; client is comfortable with the current strategy.
4510,466,28,Meeting,2025-03-07 00:00:00,Positive,Client appreciated the portfolio review and agreed with the proposed allocation changes.
4511,298,26,Meeting,2024-04-08 00:00:00,Positive,Constructive conversation with strong engagement; client requested additional retirement scenarios.
4512,980,5,Email,2024-09-13 00:00:00,Negative,Interaction indicated frustration regarding drawdowns; advisor to prepare mitigation options.
4513,270,10,Video Conference,2026-05-28 00:00:00,Negative,Discussion reflected dissatisfaction with short-term performance; follow-up has been scheduled.
4514,259,21,Email,2022-08-28 00:00:00,Negative,Client raised concerns about recent volatility and requested a detailed risk review.
4515,304,47,Meeting,2023-10-24 00:00:00,Positive,Client appreciated the portfolio review and agreed with the proposed allocation changes.
4516,162,3,Meeting,2023-11-21 00:00:00,Positive,Positive discussion on long-term goals; client is comfortable with the current strategy.
4517,352,6,Call,2024-11-17 00:00:00,Neutral,Provided account update and answered standard questions on holdings and recent activity.
4518,904,45,Video Conference,2026-03-05 00:00:00,Neutral,Provided account update and answered standard questions on holdings and recent activity.
4519,658,20,Meeting,2024-10-04 00:00:00,Positive,Client expressed satisfaction with recent performance and welcomed follow-up next quarter.
4520,523,48,Email,2023-12-27 00:00:00,Neutral,Interaction focused on regular portfolio maintenance with no urgent actions identified.
4521,791,11,Video Conference,2023-10-11 00:00:00,Positive,Client expressed satisfaction with recent performance and welcomed follow-up next quarter.
4522,920,16,Meeting,2025-12-10 00:00:00,Neutral,Routine check-in completed; no major changes requested at this time.
4523,761,45,Call,2024-10-29 00:00:00,Positive,Client appreciated the portfolio review and agreed with the proposed allocation changes.
4524,732,7,Email,2021-12-21 00:00:00,Positive,Client expressed satisfaction with recent performance and welcomed follow-up next quarter.
4525,156,10,Email,2021-01-08 00:00:00,Positive,Positive discussion on long-term goals; client is comfortable with the current strategy.
4526,20,2,Email,2023-01-11 00:00:00,Positive,Positive discussion on long-term goals; client is comfortable with the current strategy.
4527,347,6,Email,2026-02-07 00:00:00,Positive,Client appreciated the portfolio review and agreed with the proposed allocation changes.
4528,148,42,Call,2022-09-14 00:00:00,Positive,Client expressed satisfaction with recent performance and welcomed follow-up next quarter.
4529,365,4,Call,2024-07-16 00:00:00,Negative,Client raised concerns about recent volatility and requested a detailed risk review.
4530,962,6,Email,2025-01-30 00:00:00,Neutral,Routine check-in completed; no major changes requested at this time.
4531,814,7,Email,2021-03-04 00:00:00,Positive,Meeting went well; client approved the recommended diversification plan.
4532,390,50,Meeting,2025-10-18 00:00:00,Positive,Client appreciated the portfolio review and agreed with the proposed allocation changes.
4533,22,5,Call,2024-06-04 00:00:00,Neutral,Routine check-in completed; no major changes requested at this time.
4534,508,17,Video Conference,2023-01-12 00:00:00,Negative,Client requested clarification on fees and portfolio positioning after recent market movements.
4535,643,18,Video Conference,2022-03-15 00:00:00,Positive,Positive discussion on long-term goals; client is comfortable with the current strategy.
4536,867,24,Email,2023-04-25 00:00:00,Positive,Client expressed satisfaction with recent performance and welcomed follow-up next quarter.
4537,124,19,Meeting,2023-02-19 00:00:00,Positive,Positive discussion on long-term goals; client is comfortable with the current strategy.
4538,544,19,Call,2021-08-19 00:00:00,Negative,Client expressed concern over communication frequency and expects a more proactive update cadence.
4539,934,38,Email,2023-12-24 00:00:00,Neutral,Client reviewed the summary materials and asked for periodic monitoring to continue.
4540,506,11,Video Conference,2021-04-06 00:00:00,Positive,Positive discussion on long-term goals; client is comfortable with the current strategy.
4541,514,12,Email,2023-09-20 00:00:00,Neutral,Provided account update and answered standard questions on holdings and recent activity.
4542,286,19,Call,2023-11-19 00:00:00,Neutral,Routine check-in completed; no major changes requested at this time.
4543,938,29,Call,2021-09-16 00:00:00,Neutral,Routine check-in completed; no major changes requested at this time.
4544,963,14,Call,2024-07-20 00:00:00,Neutral,Client reviewed the summary materials and asked for periodic monitoring to continue.
4545,584,9,Call,2021-02-07 00:00:00,Neutral,Routine check-in completed; no major changes requested at this time.
4546,590,6,Video Conference,2022-03-04 00:00:00,Negative,Discussion reflected dissatisfaction with short-term performance; follow-up has been scheduled.
4547,331,35,Meeting,2023-02-04 00:00:00,Neutral,Client reviewed the summary materials and asked for periodic monitoring to continue.
4548,245,6,Call,2023-07-15 00:00:00,Positive,Meeting went well; client approved the recommended diversification plan.
4549,559,44,Email,2025-12-25 00:00:00,Positive,Client expressed satisfaction with recent performance and welcomed follow-up next quarter.
4550,257,4,Email,2021-02-03 00:00:00,Neutral,Routine check-in completed; no major changes requested at this time.
4551,605,48,Video Conference,2023-10-04 00:00:00,Negative,Interaction indicated frustration regarding drawdowns; advisor to prepare mitigation options.
4552,289,9,Email,2021-09-01 00:00:00,Neutral,General discussion on market conditions; client prefers to maintain the current plan for now.
4553,998,21,Meeting,2021-04-05 00:00:00,Neutral,General discussion on market conditions; client prefers to maintain the current plan for now.
4554,697,32,Meeting,2024-06-17 00:00:00,Negative,Client expressed concern over communication frequency and expects a more proactive update cadence.
4555,453,43,Email,2026-01-23 00:00:00,Positive,Client expressed satisfaction with recent performance and welcomed follow-up next quarter.
4556,875,49,Call,2025-06-05 00:00:00,Positive,Meeting went well; client approved the recommended diversification plan.
4557,404,27,Email,2023-02-13 00:00:00,Neutral,Interaction focused on regular portfolio maintenance with no urgent actions identified.
4558,413,6,Meeting,2024-01-10 00:00:00,Neutral,Client reviewed the summary materials and asked for periodic monitoring to continue.
4559,94,44,Meeting,2026-05-17 00:00:00,Positive,Positive discussion on long-term goals; client is comfortable with the current strategy.
4560,445,16,Call,2025-04-14 00:00:00,Positive,Client expressed satisfaction with recent performance and welcomed follow-up next quarter.
4561,905,10,Email,2021-02-03 00:00:00,Positive,Constructive conversation with strong engagement; client requested additional retirement scenarios.
4562,885,24,Meeting,2024-12-17 00:00:00,Positive,Positive discussion on long-term goals; client is comfortable with the current strategy.
4563,712,13,Email,2025-03-20 00:00:00,Negative,Client requested clarification on fees and portfolio positioning after recent market movements.
4564,498,49,Video Conference,2022-01-14 00:00:00,Negative,Client raised concerns about recent volatility and requested a detailed risk review.
4565,565,30,Email,2024-03-30 00:00:00,Neutral,Provided account update and answered standard questions on holdings and recent activity.
4566,54,28,Video Conference,2021-04-29 00:00:00,Neutral,Client reviewed the summary materials and asked for periodic monitoring to continue.
4567,872,24,Meeting,2021-09-10 00:00:00,Positive,Client appreciated the portfolio review and agreed with the proposed allocation changes.
4568,612,50,Call,2023-06-04 00:00:00,Positive,Client expressed satisfaction with recent performance and welcomed follow-up next quarter.
4569,929,35,Email,2025-12-28 00:00:00,Neutral,General discussion on market conditions; client prefers to maintain the current plan for now.
4570,104,31,Meeting,2021-03-23 00:00:00,Positive,Client expressed satisfaction with recent performance and welcomed follow-up next quarter.
4571,104,31,Call,2023-10-10 00:00:00,Neutral,Client reviewed the summary materials and asked for periodic monitoring to continue.
4572,25,15,Meeting,2022-10-19 00:00:00,Neutral,Interaction focused on regular portfolio maintenance with no urgent actions identified.
4573,881,17,Call,2023-07-17 00:00:00,Negative,Client raised concerns about recent volatility and requested a detailed risk review.
4574,593,15,Email,2021-10-09 00:00:00,Neutral,Provided account update and answered standard questions on holdings and recent activity.
4575,782,2,Call,2022-03-16 00:00:00,Positive,Client expressed satisfaction with recent performance and welcomed follow-up next quarter.
4576,424,4,Video Conference,2025-12-21 00:00:00,Neutral,Interaction focused on regular portfolio maintenance with no urgent actions identified.
4577,568,18,Video Conference,2023-10-15 00:00:00,Positive,Constructive conversation with strong engagement; client requested additional retirement scenarios.
4578,927,33,Email,2023-09-26 00:00:00,Positive,Constructive conversation with strong engagement; client requested additional retirement scenarios.
4579,50,4,Email,2024-09-27 00:00:00,Neutral,Provided account update and answered standard questions on holdings and recent activity.
4580,624,5,Email,2025-09-04 00:00:00,Positive,Client appreciated the portfolio review and agreed with the proposed allocation changes.
4581,304,35,Email,2023-11-04 00:00:00,Positive,Meeting went well; client approved the recommended diversification plan.
4582,799,21,Email,2023-07-02 00:00:00,Positive,Constructive conversation with strong engagement; client requested additional retirement scenarios.
4583,588,2,Video Conference,2022-05-19 00:00:00,Negative,Discussion reflected dissatisfaction with short-term performance; follow-up has been scheduled.
4584,911,47,Video Conference,2025-03-13 00:00:00,Positive,Meeting went well; client approved the recommended diversification plan.
4585,557,12,Email,2021-05-12 00:00:00,Negative,Client expressed concern over communication frequency and expects a more proactive update cadence.
4586,927,33,Email,2021-06-29 00:00:00,Positive,Client expressed satisfaction with recent performance and welcomed follow-up next quarter.
4587,583,8,Meeting,2025-07-28 00:00:00,Positive,Client expressed satisfaction with recent performance and welcomed follow-up next quarter.
4588,204,2,Email,2025-10-21 00:00:00,Positive,Positive discussion on long-term goals; client is comfortable with the current strategy.
4589,529,4,Call,2021-06-13 00:00:00,Positive,Client expressed satisfaction with recent performance and welcomed follow-up next quarter.
4590,285,20,Call,2024-12-27 00:00:00,Neutral,Provided account update and answered standard questions on holdings and recent activity.
4591,599,31,Email,2021-03-04 00:00:00,Neutral,Client reviewed the summary materials and asked for periodic monitoring to continue.
4592,768,9,Email,2021-06-15 00:00:00,Positive,Client appreciated the portfolio review and agreed with the proposed allocation changes.
4593,247,20,Meeting,2023-08-28 00:00:00,Neutral,Routine check-in completed; no major changes requested at this time.
4594,660,8,Meeting,2025-06-05 00:00:00,Positive,Constructive conversation with strong engagement; client requested additional retirement scenarios.
4595,459,13,Video Conference,2024-06-09 00:00:00,Positive,Positive discussion on long-term goals; client is comfortable with the current strategy.
4596,86,45,Call,2024-02-05 00:00:00,Positive,Meeting went well; client approved the recommended diversification plan.
4597,92,19,Meeting,2025-12-16 00:00:00,Positive,Constructive conversation with strong engagement; client requested additional retirement scenarios.
4598,834,31,Email,2026-03-23 00:00:00,Neutral,Routine check-in completed; no major changes requested at this time.
4599,737,42,Call,2024-08-09 00:00:00,Positive,Client appreciated the portfolio review and agreed with the proposed allocation changes.
4600,579,15,Call,2022-05-22 00:00:00,Positive,Positive discussion on long-term goals; client is comfortable with the current strategy.
4601,884,13,Call,2024-03-24 00:00:00,Negative,Client requested clarification on fees and portfolio positioning after recent market movements.
4602,15,41,Call,2023-05-06 00:00:00,Neutral,Client reviewed the summary materials and asked for periodic monitoring to continue.
4603,317,10,Email,2024-07-25 00:00:00,Positive,Meeting went well; client approved the recommended diversification plan.
4604,243,20,Email,2024-03-05 00:00:00,Positive,Meeting went well; client approved the recommended diversification plan.
4605,569,40,Call,2026-05-15 00:00:00,Positive,Positive discussion on long-term goals; client is comfortable with the current strategy.
4606,943,37,Email,2021-01-16 00:00:00,Neutral,Interaction focused on regular portfolio maintenance with no urgent actions identified.
4607,343,48,Meeting,2025-11-27 00:00:00,Neutral,Provided account update and answered standard questions on holdings and recent activity.
4608,636,20,Email,2025-03-16 00:00:00,Positive,Client expressed satisfaction with recent performance and welcomed follow-up next quarter.
4609,41,29,Call,2024-03-08 00:00:00,Positive,Client expressed satisfaction with recent performance and welcomed follow-up next quarter.
4610,653,6,Meeting,2021-01-27 00:00:00,Positive,Client expressed satisfaction with recent performance and welcomed follow-up next quarter.
4611,676,15,Email,2024-05-12 00:00:00,Neutral,Provided account update and answered standard questions on holdings and recent activity.
4612,96,28,Email,2021-02-03 00:00:00,Neutral,Routine check-in completed; no major changes requested at this time.
4613,141,18,Video Conference,2024-11-19 00:00:00,Positive,Positive discussion on long-term goals; client is comfortable with the current strategy.
4614,357,3,Meeting,2022-06-26 00:00:00,Negative,Interaction indicated frustration regarding drawdowns; advisor to prepare mitigation options.
4615,727,11,Meeting,2025-03-11 00:00:00,Neutral,Interaction focused on regular portfolio maintenance with no urgent actions identified.
4616,976,35,Call,2021-08-30 00:00:00,Neutral,Routine check-in completed; no major changes requested at this time.
4617,251,21,Email,2025-07-15 00:00:00,Neutral,Client reviewed the summary materials and asked for periodic monitoring to continue.
4618,233,37,Meeting,2023-07-06 00:00:00,Positive,Client expressed satisfaction with recent performance and welcomed follow-up next quarter.
4619,293,30,Email,2022-02-05 00:00:00,Neutral,Client reviewed the summary materials and asked for periodic monitoring to continue.
4620,178,32,Meeting,2025-03-23 00:00:00,Positive,Client expressed satisfaction with recent performance and welcomed follow-up next quarter.
4621,438,43,Call,2023-02-12 00:00:00,Positive,Client expressed satisfaction with recent performance and welcomed follow-up next quarter.
4622,404,27,Video Conference,2022-12-14 00:00:00,Positive,Constructive conversation with strong engagement; client requested additional retirement scenarios.
4623,309,2,Call,2022-04-03 00:00:00,Positive,Constructive conversation with strong engagement; client requested additional retirement scenarios.
4624,332,6,Video Conference,2025-11-06 00:00:00,Positive,Client appreciated the portfolio review and agreed with the proposed allocation changes.
4625,611,19,Video Conference,2023-07-11 00:00:00,Neutral,General discussion on market conditions; client prefers to maintain the current plan for now.
4626,785,50,Call,2022-06-01 00:00:00,Neutral,Client reviewed the summary materials and asked for periodic monitoring to continue.
4627,434,12,Video Conference,2026-04-07 00:00:00,Positive,Constructive conversation with strong engagement; client requested additional retirement scenarios.
4628,659,24,Email,2024-06-10 00:00:00,Negative,Client raised concerns about recent volatility and requested a detailed risk review.
4629,662,9,Call,2023-10-31 00:00:00,Positive,Positive discussion on long-term goals; client is comfortable with the current strategy.
4630,202,33,Video Conference,2025-01-05 00:00:00,Positive,Client appreciated the portfolio review and agreed with the proposed allocation changes.
4631,283,47,Meeting,2021-06-02 00:00:00,Negative,Client requested clarification on fees and portfolio positioning after recent market movements.
4632,15,43,Meeting,2025-08-20 00:00:00,Negative,Interaction indicated frustration regarding drawdowns; advisor to prepare mitigation options.
4633,335,11,Call,2022-03-22 00:00:00,Positive,Client expressed satisfaction with recent performance and welcomed follow-up next quarter.
4634,221,33,Meeting,2022-04-30 00:00:00,Neutral,Routine check-in completed; no major changes requested at this time.
4635,786,39,Email,2023-05-24 00:00:00,Positive,Meeting went well; client approved the recommended diversification plan.
4636,340,1,Meeting,2021-10-24 00:00:00,Positive,Client appreciated the portfolio review and agreed with the proposed allocation changes.
4637,44,35,Meeting,2025-06-06 00:00:00,Neutral,Routine check-in completed; no major changes requested at this time.
4638,390,50,Call,2023-08-16 00:00:00,Positive,Meeting went well; client approved the recommended diversification plan.
4639,362,10,Email,2021-04-29 00:00:00,Negative,Client expressed concern over communication frequency and expects a more proactive update cadence.
4640,548,21,Call,2021-04-25 00:00:00,Positive,Meeting went well; client approved the recommended diversification plan.
4641,182,4,Call,2022-06-09 00:00:00,Positive,Client appreciated the portfolio review and agreed with the proposed allocation changes.
4642,791,11,Call,2026-03-01 00:00:00,Positive,Constructive conversation with strong engagement; client requested additional retirement scenarios.
4643,573,33,Email,2024-11-23 00:00:00,Neutral,Routine check-in completed; no major changes requested at this time.
4644,9,31,Call,2021-03-06 00:00:00,Neutral,General discussion on market conditions; client prefers to maintain the current plan for now.
4645,288,32,Call,2024-02-17 00:00:00,Neutral,Routine check-in completed; no major changes requested at this time.
4646,8,18,Email,2026-03-13 00:00:00,Negative,Client expressed concern over communication frequency and expects a more proactive update cadence.
4647,881,22,Call,2021-08-18 00:00:00,Neutral,Provided account update and answered standard questions on holdings and recent activity.
4648,948,2,Email,2023-01-29 00:00:00,Positive,Constructive conversation with strong engagement; client requested additional retirement scenarios.
4649,723,26,Meeting,2023-01-09 00:00:00,Positive,Positive discussion on long-term goals; client is comfortable with the current strategy.
4650,58,40,Email,2021-06-23 00:00:00,Neutral,Provided account update and answered standard questions on holdings and recent activity.
4651,43,31,Call,2021-09-23 00:00:00,Negative,Client expressed concern over communication frequency and expects a more proactive update cadence.
4652,839,30,Call,2024-04-10 00:00:00,Negative,Discussion reflected dissatisfaction with short-term performance; follow-up has been scheduled.
4653,790,44,Call,2026-04-22 00:00:00,Neutral,Interaction focused on regular portfolio maintenance with no urgent actions identified.
4654,32,32,Meeting,2022-07-09 00:00:00,Positive,Positive discussion on long-term goals; client is comfortable with the current strategy.
4655,574,22,Email,2024-11-02 00:00:00,Positive,Meeting went well; client approved the recommended diversification plan.
4656,955,1,Meeting,2024-03-21 00:00:00,Negative,Interaction indicated frustration regarding drawdowns; advisor to prepare mitigation options.
4657,778,21,Email,2021-09-22 00:00:00,Positive,Meeting went well; client approved the recommended diversification plan.
4658,767,27,Meeting,2021-01-09 00:00:00,Positive,Constructive conversation with strong engagement; client requested additional retirement scenarios.
4659,68,5,Email,2025-07-18 00:00:00,Positive,Meeting went well; client approved the recommended diversification plan.
4660,171,24,Video Conference,2024-03-20 00:00:00,Neutral,General discussion on market conditions; client prefers to maintain the current plan for now.
4661,10,41,Meeting,2023-05-09 00:00:00,Neutral,General discussion on market conditions; client prefers to maintain the current plan for now.
4662,404,27,Email,2026-01-22 00:00:00,Neutral,Routine check-in completed; no major changes requested at this time.
4663,580,26,Call,2023-01-19 00:00:00,Negative,Client requested clarification on fees and portfolio positioning after recent market movements.
4664,247,20,Call,2025-05-04 00:00:00,Neutral,Routine check-in completed; no major changes requested at this time.
4665,224,42,Email,2025-05-24 00:00:00,Neutral,Provided account update and answered standard questions on holdings and recent activity.
4666,701,3,Meeting,2025-09-17 00:00:00,Positive,Client expressed satisfaction with recent performance and welcomed follow-up next quarter.
4667,718,17,Meeting,2021-05-12 00:00:00,Positive,Constructive conversation with strong engagement; client requested additional retirement scenarios.
4668,100,18,Video Conference,2022-05-30 00:00:00,Positive,Positive discussion on long-term goals; client is comfortable with the current strategy.
4669,251,12,Call,2024-12-13 00:00:00,Positive,Client appreciated the portfolio review and agreed with the proposed allocation changes.
4670,127,17,Email,2026-03-14 00:00:00,Neutral,Interaction focused on regular portfolio maintenance with no urgent actions identified.
4671,535,17,Email,2022-04-29 00:00:00,Positive,Constructive conversation with strong engagement; client requested additional retirement scenarios.
4672,497,45,Call,2021-01-04 00:00:00,Negative,Interaction indicated frustration regarding drawdowns; advisor to prepare mitigation options.
4673,870,44,Email,2023-10-23 00:00:00,Neutral,General discussion on market conditions; client prefers to maintain the current plan for now.
4674,4,8,Meeting,2021-06-11 00:00:00,Neutral,Provided account update and answered standard questions on holdings and recent activity.
4675,933,13,Email,2021-12-26 00:00:00,Positive,Constructive conversation with strong engagement; client requested additional retirement scenarios.
4676,974,16,Meeting,2022-12-09 00:00:00,Neutral,Interaction focused on regular portfolio maintenance with no urgent actions identified.
4677,495,48,Call,2024-07-20 00:00:00,Positive,Client appreciated the portfolio review and agreed with the proposed allocation changes.
4678,724,26,Meeting,2025-09-21 00:00:00,Neutral,General discussion on market conditions; client prefers to maintain the current plan for now.
4679,178,32,Call,2026-01-16 00:00:00,Positive,Client appreciated the portfolio review and agreed with the proposed allocation changes.
4680,61,23,Call,2021-02-24 00:00:00,Positive,Client appreciated the portfolio review and agreed with the proposed allocation changes.
4681,401,29,Call,2024-07-18 00:00:00,Positive,Client appreciated the portfolio review and agreed with the proposed allocation changes.
4682,860,11,Call,2023-09-25 00:00:00,Neutral,Client reviewed the summary materials and asked for periodic monitoring to continue.
4683,277,26,Meeting,2026-01-08 00:00:00,Positive,Constructive conversation with strong engagement; client requested additional retirement scenarios.
4684,904,45,Email,2024-09-10 00:00:00,Neutral,Routine check-in completed; no major changes requested at this time.
4685,66,6,Email,2022-07-13 00:00:00,Positive,Meeting went well; client approved the recommended diversification plan.
4686,640,9,Email,2023-12-31 00:00:00,Neutral,Client reviewed the summary materials and asked for periodic monitoring to continue.
4687,78,49,Video Conference,2022-10-30 00:00:00,Positive,Meeting went well; client approved the recommended diversification plan.
4688,835,18,Meeting,2021-02-21 00:00:00,Neutral,Client reviewed the summary materials and asked for periodic monitoring to continue.
4689,102,43,Video Conference,2025-07-03 00:00:00,Positive,Client expressed satisfaction with recent performance and welcomed follow-up next quarter.
4690,446,47,Call,2021-04-24 00:00:00,Positive,Client appreciated the portfolio review and agreed with the proposed allocation changes.
4691,352,6,Email,2024-02-09 00:00:00,Positive,Meeting went well; client approved the recommended diversification plan.
4692,960,3,Meeting,2023-07-25 00:00:00,Neutral,Client reviewed the summary materials and asked for periodic monitoring to continue.
4693,582,37,Meeting,2024-01-18 00:00:00,Positive,Client expressed satisfaction with recent performance and welcomed follow-up next quarter.
4694,421,25,Call,2022-12-16 00:00:00,Neutral,Client reviewed the summary materials and asked for periodic monitoring to continue.
4695,761,45,Email,2024-04-28 00:00:00,Neutral,Routine check-in completed; no major changes requested at this time.
4696,456,9,Meeting,2023-04-14 00:00:00,Neutral,General discussion on market conditions; client prefers to maintain the current plan for now.
4697,847,1,Call,2021-09-22 00:00:00,Neutral,Client reviewed the summary materials and asked for periodic monitoring to continue.
4698,256,37,Call,2026-01-09 00:00:00,Positive,Client appreciated the portfolio review and agreed with the proposed allocation changes.
4699,356,16,Email,2021-08-29 00:00:00,Positive,Constructive conversation with strong engagement; client requested additional retirement scenarios.
4700,637,27,Email,2024-02-22 00:00:00,Neutral,Interaction focused on regular portfolio maintenance with no urgent actions identified.
4701,281,30,Meeting,2022-01-25 00:00:00,Neutral,Provided account update and answered standard questions on holdings and recent activity.
4702,454,2,Call,2021-04-10 00:00:00,Neutral,Provided account update and answered standard questions on holdings and recent activity.
4703,787,13,Email,2025-05-01 00:00:00,Positive,Client expressed satisfaction with recent performance and welcomed follow-up next quarter.
4704,292,2,Email,2023-11-09 00:00:00,Positive,Meeting went well; client approved the recommended diversification plan.
4705,323,1,Meeting,2024-08-10 00:00:00,Positive,Positive discussion on long-term goals; client is comfortable with the current strategy.
4706,577,10,Meeting,2025-03-24 00:00:00,Neutral,General discussion on market conditions; client prefers to maintain the current plan for now.
4707,472,20,Call,2021-06-27 00:00:00,Neutral,Routine check-in completed; no major changes requested at this time.
4708,88,10,Meeting,2024-06-01 00:00:00,Positive,Positive discussion on long-term goals; client is comfortable with the current strategy.
4709,113,28,Meeting,2024-06-02 00:00:00,Positive,Positive discussion on long-term goals; client is comfortable with the current strategy.
4710,912,41,Call,2023-01-02 00:00:00,Positive,Positive discussion on long-term goals; client is comfortable with the current strategy.
4711,882,32,Meeting,2023-10-11 00:00:00,Neutral,General discussion on market conditions; client prefers to maintain the current plan for now.
4712,543,40,Email,2023-01-06 00:00:00,Positive,Client expressed satisfaction with recent performance and welcomed follow-up next quarter.
4713,473,11,Email,2026-03-18 00:00:00,Neutral,Interaction focused on regular portfolio maintenance with no urgent actions identified.
4714,862,50,Video Conference,2024-11-26 00:00:00,Positive,Positive discussion on long-term goals; client is comfortable with the current strategy.
4715,609,42,Call,2025-10-11 00:00:00,Negative,Client requested clarification on fees and portfolio positioning after recent market movements.
4716,598,49,Email,2024-07-26 00:00:00,Negative,Discussion reflected dissatisfaction with short-term performance; follow-up has been scheduled.
4717,560,36,Call,2022-08-28 00:00:00,Neutral,Client reviewed the summary materials and asked for periodic monitoring to continue.
4718,143,28,Call,2023-04-03 00:00:00,Positive,Client appreciated the portfolio review and agreed with the proposed allocation changes.
4719,603,14,Video Conference,2024-08-31 00:00:00,Positive,Positive discussion on long-term goals; client is comfortable with the current strategy.
4720,660,8,Call,2021-09-09 00:00:00,Negative,Client raised concerns about recent volatility and requested a detailed risk review.
4721,359,10,Meeting,2022-12-20 00:00:00,Positive,Client expressed satisfaction with recent performance and welcomed follow-up next quarter.
4722,759,25,Video Conference,2023-01-08 00:00:00,Positive,Positive discussion on long-term goals; client is comfortable with the current strategy.
4723,911,38,Call,2024-06-23 00:00:00,Neutral,Client reviewed the summary materials and asked for periodic monitoring to continue.
4724,861,8,Email,2023-01-20 00:00:00,Positive,Client appreciated the portfolio review and agreed with the proposed allocation changes.
4725,260,49,Video Conference,2022-02-01 00:00:00,Positive,Positive discussion on long-term goals; client is comfortable with the current strategy.
4726,227,21,Call,2022-01-08 00:00:00,Positive,Meeting went well; client approved the recommended diversification plan.
4727,595,39,Email,2023-03-22 00:00:00,Negative,Client raised concerns about recent volatility and requested a detailed risk review.
4728,467,28,Video Conference,2024-02-02 00:00:00,Positive,Constructive conversation with strong engagement; client requested additional retirement scenarios.
4729,150,8,Meeting,2021-12-24 00:00:00,Neutral,Interaction focused on regular portfolio maintenance with no urgent actions identified.
4730,966,23,Email,2021-05-14 00:00:00,Positive,Meeting went well; client approved the recommended diversification plan.
4731,917,25,Meeting,2021-08-05 00:00:00,Positive,Constructive conversation with strong engagement; client requested additional retirement scenarios.
4732,801,24,Email,2026-03-22 00:00:00,Negative,Client requested clarification on fees and portfolio positioning after recent market movements.
4733,157,32,Meeting,2023-03-31 00:00:00,Positive,Client appreciated the portfolio review and agreed with the proposed allocation changes.
4734,957,35,Call,2021-08-28 00:00:00,Positive,Meeting went well; client approved the recommended diversification plan.
4735,125,21,Email,2024-11-17 00:00:00,Negative,Interaction indicated frustration regarding drawdowns; advisor to prepare mitigation options.
4736,51,20,Call,2021-03-22 00:00:00,Neutral,Provided account update and answered standard questions on holdings and recent activity.
4737,33,24,Meeting,2023-09-24 00:00:00,Positive,Meeting went well; client approved the recommended diversification plan.
4738,32,32,Call,2021-10-19 00:00:00,Positive,Positive discussion on long-term goals; client is comfortable with the current strategy.
4739,156,10,Meeting,2025-10-08 00:00:00,Positive,Positive discussion on long-term goals; client is comfortable with the current strategy.
4740,604,35,Call,2022-01-06 00:00:00,Positive,Client expressed satisfaction with recent performance and welcomed follow-up next quarter.
4741,125,30,Video Conference,2021-03-14 00:00:00,Positive,Constructive conversation with strong engagement; client requested additional retirement scenarios.
4742,460,34,Video Conference,2021-02-07 00:00:00,Negative,Client expressed concern over communication frequency and expects a more proactive update cadence.
4743,206,16,Email,2023-05-28 00:00:00,Neutral,General discussion on market conditions; client prefers to maintain the current plan for now.
4744,436,49,Email,2023-12-18 00:00:00,Positive,Client appreciated the portfolio review and agreed with the proposed allocation changes.
4745,285,47,Email,2022-06-08 00:00:00,Positive,Client appreciated the portfolio review and agreed with the proposed allocation changes.
4746,10,41,Call,2021-06-02 00:00:00,Positive,Client expressed satisfaction with recent performance and welcomed follow-up next quarter.
4747,173,32,Meeting,2025-09-06 00:00:00,Positive,Client appreciated the portfolio review and agreed with the proposed allocation changes.
4748,2,39,Email,2022-12-16 00:00:00,Positive,Constructive conversation with strong engagement; client requested additional retirement scenarios.
4749,34,21,Call,2024-05-19 00:00:00,Positive,Client appreciated the portfolio review and agreed with the proposed allocation changes.
4750,249,18,Call,2023-02-09 00:00:00,Neutral,Provided account update and answered standard questions on holdings and recent activity.
4751,448,42,Call,2024-06-25 00:00:00,Neutral,Routine check-in completed; no major changes requested at this time.
4752,824,20,Call,2021-09-28 00:00:00,Positive,Constructive conversation with strong engagement; client requested additional retirement scenarios.
4753,516,42,Call,2022-09-07 00:00:00,Positive,Constructive conversation with strong engagement; client requested additional retirement scenarios.
4754,577,46,Meeting,2021-02-04 00:00:00,Neutral,General discussion on market conditions; client prefers to maintain the current plan for now.
4755,653,6,Call,2024-11-29 00:00:00,Neutral,Client reviewed the summary materials and asked for periodic monitoring to continue.
4756,658,20,Video Conference,2022-07-31 00:00:00,Positive,Positive discussion on long-term goals; client is comfortable with the current strategy.
4757,278,9,Call,2022-10-30 00:00:00,Positive,Client appreciated the portfolio review and agreed with the proposed allocation changes.
4758,242,13,Meeting,2026-05-13 00:00:00,Negative,Discussion reflected dissatisfaction with short-term performance; follow-up has been scheduled.
4759,609,5,Video Conference,2023-06-05 00:00:00,Neutral,Client reviewed the summary materials and asked for periodic monitoring to continue.
4760,921,16,Email,2021-03-10 00:00:00,Positive,Client appreciated the portfolio review and agreed with the proposed allocation changes.
4761,626,5,Call,2026-05-08 00:00:00,Positive,Client expressed satisfaction with recent performance and welcomed follow-up next quarter.
4762,505,27,Video Conference,2021-10-10 00:00:00,Negative,Interaction indicated frustration regarding drawdowns; advisor to prepare mitigation options.
4763,64,23,Email,2025-12-09 00:00:00,Negative,Client raised concerns about recent volatility and requested a detailed risk review.
4764,989,13,Email,2024-12-25 00:00:00,Positive,Client appreciated the portfolio review and agreed with the proposed allocation changes.
4765,548,21,Email,2024-12-14 00:00:00,Positive,Client appreciated the portfolio review and agreed with the proposed allocation changes.
4766,133,17,Email,2021-10-06 00:00:00,Positive,Client appreciated the portfolio review and agreed with the proposed allocation changes.
4767,209,23,Email,2021-10-28 00:00:00,Negative,Discussion reflected dissatisfaction with short-term performance; follow-up has been scheduled.
4768,14,11,Meeting,2024-04-07 00:00:00,Positive,Positive discussion on long-term goals; client is comfortable with the current strategy.
4769,350,38,Email,2023-07-20 00:00:00,Positive,Meeting went well; client approved the recommended diversification plan.
4770,299,41,Call,2022-12-08 00:00:00,Neutral,Interaction focused on regular portfolio maintenance with no urgent actions identified.
4771,775,46,Email,2022-08-11 00:00:00,Neutral,Interaction focused on regular portfolio maintenance with no urgent actions identified.
4772,515,33,Meeting,2025-05-24 00:00:00,Positive,Client expressed satisfaction with recent performance and welcomed follow-up next quarter.
4773,389,26,Video Conference,2023-10-18 00:00:00,Positive,Positive discussion on long-term goals; client is comfortable with the current strategy.
4774,442,49,Meeting,2023-07-29 00:00:00,Positive,Client expressed satisfaction with recent performance and welcomed follow-up next quarter.
4775,27,49,Email,2022-12-01 00:00:00,Neutral,Provided account update and answered standard questions on holdings and recent activity.
4776,41,29,Meeting,2022-01-20 00:00:00,Negative,Interaction indicated frustration regarding drawdowns; advisor to prepare mitigation options.
4777,927,33,Call,2021-03-12 00:00:00,Neutral,Routine check-in completed; no major changes requested at this time.
4778,476,31,Email,2022-07-29 00:00:00,Neutral,Provided account update and answered standard questions on holdings and recent activity.
4779,649,39,Call,2025-08-13 00:00:00,Neutral,Provided account update and answered standard questions on holdings and recent activity.
4780,350,38,Call,2023-05-09 00:00:00,Positive,Client appreciated the portfolio review and agreed with the proposed allocation changes.
4781,511,11,Call,2025-10-30 00:00:00,Positive,Client appreciated the portfolio review and agreed with the proposed allocation changes.
4782,321,40,Video Conference,2022-04-18 00:00:00,Positive,Positive discussion on long-term goals; client is comfortable with the current strategy.
4783,636,7,Call,2022-03-30 00:00:00,Positive,Client appreciated the portfolio review and agreed with the proposed allocation changes.
4784,553,24,Meeting,2021-02-09 00:00:00,Positive,Meeting went well; client approved the recommended diversification plan.
4785,961,28,Call,2021-01-01 00:00:00,Neutral,Provided account update and answered standard questions on holdings and recent activity.
4786,193,22,Call,2026-04-18 00:00:00,Neutral,Routine check-in completed; no major changes requested at this time.
4787,333,3,Meeting,2024-07-05 00:00:00,Positive,Constructive conversation with strong engagement; client requested additional retirement scenarios.
4788,198,26,Video Conference,2022-02-07 00:00:00,Neutral,General discussion on market conditions; client prefers to maintain the current plan for now.
4789,187,12,Call,2022-09-08 00:00:00,Positive,Positive discussion on long-term goals; client is comfortable with the current strategy.
4790,311,30,Video Conference,2025-04-16 00:00:00,Negative,Client expressed concern over communication frequency and expects a more proactive update cadence.
4791,21,35,Email,2022-09-15 00:00:00,Positive,Constructive conversation with strong engagement; client requested additional retirement scenarios.
4792,249,18,Email,2023-08-20 00:00:00,Positive,Client expressed satisfaction with recent performance and welcomed follow-up next quarter.
4793,641,21,Call,2023-01-17 00:00:00,Positive,Client expressed satisfaction with recent performance and welcomed follow-up next quarter.
4794,716,34,Meeting,2023-01-10 00:00:00,Positive,Client appreciated the portfolio review and agreed with the proposed allocation changes.
4795,369,14,Email,2025-04-14 00:00:00,Positive,Client appreciated the portfolio review and agreed with the proposed allocation changes.
4796,428,41,Video Conference,2025-08-25 00:00:00,Negative,Client expressed concern over communication frequency and expects a more proactive update cadence.
4797,248,30,Video Conference,2022-04-09 00:00:00,Neutral,Provided account update and answered standard questions on holdings and recent activity.
4798,867,24,Email,2022-05-30 00:00:00,Positive,Client appreciated the portfolio review and agreed with the proposed allocation changes.
4799,12,4,Call,2021-03-11 00:00:00,Negative,Discussion reflected dissatisfaction with short-term performance; follow-up has been scheduled.
4800,683,3,Meeting,2022-03-04 00:00:00,Neutral,Client reviewed the summary materials and asked for periodic monitoring to continue.
4801,14,30,Call,2024-02-27 00:00:00,Negative,Discussion reflected dissatisfaction with short-term performance; follow-up has been scheduled.
4802,10,41,Video Conference,2025-11-02 00:00:00,Positive,Constructive conversation with strong engagement; client requested additional retirement scenarios.
4803,125,6,Meeting,2025-10-24 00:00:00,Positive,Client expressed satisfaction with recent performance and welcomed follow-up next quarter.
4804,267,7,Email,2023-06-27 00:00:00,Positive,Constructive conversation with strong engagement; client requested additional retirement scenarios.
4805,977,24,Meeting,2024-05-07 00:00:00,Positive,Constructive conversation with strong engagement; client requested additional retirement scenarios.
4806,932,7,Call,2022-08-20 00:00:00,Negative,Client requested clarification on fees and portfolio positioning after recent market movements.
4807,434,6,Call,2024-03-10 00:00:00,Positive,Client appreciated the portfolio review and agreed with the proposed allocation changes.
4808,451,6,Call,2021-01-31 00:00:00,Positive,Meeting went well; client approved the recommended diversification plan.
4809,983,10,Email,2023-02-14 00:00:00,Positive,Client appreciated the portfolio review and agreed with the proposed allocation changes.
4810,854,20,Video Conference,2024-05-28 00:00:00,Positive,Client expressed satisfaction with recent performance and welcomed follow-up next quarter.
4811,808,13,Call,2024-01-20 00:00:00,Neutral,Provided account update and answered standard questions on holdings and recent activity.
4812,297,49,Email,2026-01-18 00:00:00,Negative,Interaction indicated frustration regarding drawdowns; advisor to prepare mitigation options.
4813,747,8,Call,2023-02-24 00:00:00,Neutral,Client reviewed the summary materials and asked for periodic monitoring to continue.
4814,387,3,Meeting,2022-07-06 00:00:00,Positive,Constructive conversation with strong engagement; client requested additional retirement scenarios.
4815,887,29,Video Conference,2025-03-19 00:00:00,Positive,Meeting went well; client approved the recommended diversification plan.
4816,755,21,Meeting,2025-12-08 00:00:00,Neutral,Provided account update and answered standard questions on holdings and recent activity.
4817,603,14,Call,2024-10-30 00:00:00,Positive,Client expressed satisfaction with recent performance and welcomed follow-up next quarter.
4818,254,26,Email,2025-10-16 00:00:00,Positive,Positive discussion on long-term goals; client is comfortable with the current strategy.
4819,22,21,Email,2024-02-29 00:00:00,Negative,Client expressed concern over communication frequency and expects a more proactive update cadence.
4820,794,1,Meeting,2023-01-29 00:00:00,Neutral,Provided account update and answered standard questions on holdings and recent activity.
4821,711,19,Email,2024-06-22 00:00:00,Negative,Client expressed concern over communication frequency and expects a more proactive update cadence.
4822,967,14,Meeting,2022-04-17 00:00:00,Positive,Constructive conversation with strong engagement; client requested additional retirement scenarios.
4823,282,39,Call,2025-07-14 00:00:00,Positive,Client expressed satisfaction with recent performance and welcomed follow-up next quarter.
4824,322,46,Meeting,2022-12-31 00:00:00,Positive,Client appreciated the portfolio review and agreed with the proposed allocation changes.
4825,948,6,Meeting,2023-02-07 00:00:00,Neutral,Provided account update and answered standard questions on holdings and recent activity.
4826,509,47,Video Conference,2022-03-26 00:00:00,Negative,Client requested clarification on fees and portfolio positioning after recent market movements.
4827,153,48,Meeting,2021-11-27 00:00:00,Positive,Positive discussion on long-term goals; client is comfortable with the current strategy.
4828,361,11,Call,2025-10-11 00:00:00,Positive,Client expressed satisfaction with recent performance and welcomed follow-up next quarter.
4829,190,36,Meeting,2024-03-27 00:00:00,Negative,Interaction indicated frustration regarding drawdowns; advisor to prepare mitigation options.
4830,810,24,Meeting,2021-03-30 00:00:00,Neutral,Interaction focused on regular portfolio maintenance with no urgent actions identified.
4831,306,1,Email,2024-10-02 00:00:00,Positive,Client expressed satisfaction with recent performance and welcomed follow-up next quarter.
4832,401,16,Call,2023-11-05 00:00:00,Positive,Meeting went well; client approved the recommended diversification plan.
4833,256,37,Meeting,2021-04-06 00:00:00,Positive,Meeting went well; client approved the recommended diversification plan.
4834,494,45,Video Conference,2023-01-23 00:00:00,Negative,Client expressed concern over communication frequency and expects a more proactive update cadence.
4835,846,22,Meeting,2022-03-24 00:00:00,Positive,Client appreciated the portfolio review and agreed with the proposed allocation changes.
4836,359,10,Meeting,2023-10-03 00:00:00,Neutral,General discussion on market conditions; client prefers to maintain the current plan for now.
4837,62,17,Meeting,2021-02-24 00:00:00,Positive,Client expressed satisfaction with recent performance and welcomed follow-up next quarter.
4838,979,4,Call,2025-08-14 00:00:00,Neutral,Client reviewed the summary materials and asked for periodic monitoring to continue.
4839,16,13,Call,2022-06-01 00:00:00,Positive,Meeting went well; client approved the recommended diversification plan.
4840,116,46,Email,2024-07-27 00:00:00,Neutral,Routine check-in completed; no major changes requested at this time.
4841,370,48,Meeting,2021-09-06 00:00:00,Positive,Client expressed satisfaction with recent performance and welcomed follow-up next quarter.
4842,206,16,Email,2024-11-24 00:00:00,Neutral,General discussion on market conditions; client prefers to maintain the current plan for now.
4843,228,37,Email,2025-05-18 00:00:00,Neutral,Routine check-in completed; no major changes requested at this time.
4844,116,46,Email,2021-08-23 00:00:00,Neutral,General discussion on market conditions; client prefers to maintain the current plan for now.
4845,596,3,Meeting,2021-02-13 00:00:00,Neutral,Interaction focused on regular portfolio maintenance with no urgent actions identified.
4846,648,43,Email,2023-05-28 00:00:00,Neutral,Routine check-in completed; no major changes requested at this time.
4847,874,12,Email,2023-03-03 00:00:00,Neutral,Routine check-in completed; no major changes requested at this time.
4848,596,3,Meeting,2023-05-22 00:00:00,Negative,Client raised concerns about recent volatility and requested a detailed risk review.
4849,486,44,Meeting,2025-09-10 00:00:00,Neutral,Routine check-in completed; no major changes requested at this time.
4850,623,6,Email,2022-08-08 00:00:00,Neutral,Client reviewed the summary materials and asked for periodic monitoring to continue.
4851,799,18,Meeting,2025-09-17 00:00:00,Positive,Client appreciated the portfolio review and agreed with the proposed allocation changes.
4852,380,8,Meeting,2024-12-15 00:00:00,Neutral,Routine check-in completed; no major changes requested at this time.
4853,937,49,Video Conference,2022-07-28 00:00:00,Positive,Client appreciated the portfolio review and agreed with the proposed allocation changes.
4854,616,46,Call,2024-08-11 00:00:00,Neutral,Provided account update and answered standard questions on holdings and recent activity.
4855,937,49,Email,2021-02-03 00:00:00,Positive,Client expressed satisfaction with recent performance and welcomed follow-up next quarter.
4856,524,32,Video Conference,2021-05-13 00:00:00,Positive,Client expressed satisfaction with recent performance and welcomed follow-up next quarter.
4857,994,3,Meeting,2026-02-04 00:00:00,Positive,Client appreciated the portfolio review and agreed with the proposed allocation changes.
4858,546,24,Video Conference,2021-03-17 00:00:00,Positive,Client appreciated the portfolio review and agreed with the proposed allocation changes.
4859,583,8,Email,2021-03-14 00:00:00,Neutral,Routine check-in completed; no major changes requested at this time.
4860,927,33,Meeting,2024-02-01 00:00:00,Positive,Constructive conversation with strong engagement; client requested additional retirement scenarios.
4861,319,46,Video Conference,2023-02-04 00:00:00,Positive,Client appreciated the portfolio review and agreed with the proposed allocation changes.
4862,909,39,Call,2023-06-16 00:00:00,Positive,Client appreciated the portfolio review and agreed with the proposed allocation changes.
4863,777,21,Email,2025-06-06 00:00:00,Neutral,Client reviewed the summary materials and asked for periodic monitoring to continue.
4864,981,26,Call,2023-10-10 00:00:00,Neutral,Provided account update and answered standard questions on holdings and recent activity.
4865,492,27,Email,2026-04-04 00:00:00,Positive,Meeting went well; client approved the recommended diversification plan.
4866,841,9,Call,2024-10-22 00:00:00,Neutral,General discussion on market conditions; client prefers to maintain the current plan for now.
4867,687,15,Email,2021-01-27 00:00:00,Positive,Client appreciated the portfolio review and agreed with the proposed allocation changes.
4868,165,45,Email,2025-05-24 00:00:00,Positive,Positive discussion on long-term goals; client is comfortable with the current strategy.
4869,55,45,Meeting,2022-03-27 00:00:00,Negative,Client raised concerns about recent volatility and requested a detailed risk review.
4870,905,24,Email,2025-05-17 00:00:00,Negative,Discussion reflected dissatisfaction with short-term performance; follow-up has been scheduled.
4871,701,3,Email,2021-03-08 00:00:00,Negative,Discussion reflected dissatisfaction with short-term performance; follow-up has been scheduled.
4872,560,26,Call,2025-07-05 00:00:00,Positive,Client expressed satisfaction with recent performance and welcomed follow-up next quarter.
4873,630,33,Meeting,2023-02-19 00:00:00,Positive,Positive discussion on long-term goals; client is comfortable with the current strategy.
4874,968,7,Email,2021-01-09 00:00:00,Positive,Client expressed satisfaction with recent performance and welcomed follow-up next quarter.
4875,159,10,Call,2023-03-12 00:00:00,Negative,Interaction indicated frustration regarding drawdowns; advisor to prepare mitigation options.
4876,640,9,Meeting,2022-10-10 00:00:00,Neutral,Client reviewed the summary materials and asked for periodic monitoring to continue.
4877,914,32,Meeting,2023-07-30 00:00:00,Negative,Client requested clarification on fees and portfolio positioning after recent market movements.
4878,785,50,Email,2022-02-15 00:00:00,Positive,Meeting went well; client approved the recommended diversification plan.
4879,621,12,Call,2023-12-22 00:00:00,Neutral,General discussion on market conditions; client prefers to maintain the current plan for now.
4880,132,20,Email,2023-02-14 00:00:00,Negative,Client raised concerns about recent volatility and requested a detailed risk review.
4881,539,2,Email,2024-06-09 00:00:00,Neutral,Routine check-in completed; no major changes requested at this time.
4882,853,41,Email,2025-11-21 00:00:00,Positive,Client expressed satisfaction with recent performance and welcomed follow-up next quarter.
4883,110,47,Call,2023-02-11 00:00:00,Positive,Meeting went well; client approved the recommended diversification plan.
4884,489,15,Email,2023-05-16 00:00:00,Positive,Constructive conversation with strong engagement; client requested additional retirement scenarios.
4885,846,44,Email,2021-01-07 00:00:00,Positive,Constructive conversation with strong engagement; client requested additional retirement scenarios.
4886,495,48,Email,2022-01-14 00:00:00,Neutral,Routine check-in completed; no major changes requested at this time.
4887,333,3,Email,2024-08-23 00:00:00,Neutral,Client reviewed the summary materials and asked for periodic monitoring to continue.
4888,283,47,Video Conference,2023-12-25 00:00:00,Positive,Client expressed satisfaction with recent performance and welcomed follow-up next quarter.
4889,190,9,Call,2021-02-11 00:00:00,Positive,Constructive conversation with strong engagement; client requested additional retirement scenarios.
4890,158,3,Email,2023-05-24 00:00:00,Neutral,Provided account update and answered standard questions on holdings and recent activity.
4891,329,48,Meeting,2021-10-22 00:00:00,Negative,Discussion reflected dissatisfaction with short-term performance; follow-up has been scheduled.
4892,845,6,Meeting,2024-10-01 00:00:00,Positive,Positive discussion on long-term goals; client is comfortable with the current strategy.
4893,561,4,Meeting,2021-10-24 00:00:00,Positive,Positive discussion on long-term goals; client is comfortable with the current strategy.
4894,892,37,Meeting,2025-01-17 00:00:00,Positive,Positive discussion on long-term goals; client is comfortable with the current strategy.
4895,629,27,Email,2024-10-26 00:00:00,Positive,Meeting went well; client approved the recommended diversification plan.
4896,270,39,Email,2023-08-03 00:00:00,Positive,Client expressed satisfaction with recent performance and welcomed follow-up next quarter.
4897,189,44,Meeting,2024-07-18 00:00:00,Positive,Meeting went well; client approved the recommended diversification plan.
4898,344,20,Meeting,2022-09-01 00:00:00,Positive,Client expressed satisfaction with recent performance and welcomed follow-up next quarter.
4899,392,28,Meeting,2024-12-12 00:00:00,Negative,Client requested clarification on fees and portfolio positioning after recent market movements.
4900,17,25,Call,2025-01-19 00:00:00,Positive,Client expressed satisfaction with recent performance and welcomed follow-up next quarter.
4901,882,32,Email,2021-03-06 00:00:00,Neutral,Routine check-in completed; no major changes requested at this time.
4902,219,41,Video Conference,2024-09-12 00:00:00,Positive,Client appreciated the portfolio review and agreed with the proposed allocation changes.
4903,36,29,Call,2026-01-03 00:00:00,Neutral,General discussion on market conditions; client prefers to maintain the current plan for now.
4904,465,19,Video Conference,2023-06-23 00:00:00,Positive,Positive discussion on long-term goals; client is comfortable with the current strategy.
4905,825,24,Call,2025-04-07 00:00:00,Neutral,General discussion on market conditions; client prefers to maintain the current plan for now.
4906,717,26,Meeting,2022-10-25 00:00:00,Positive,Positive discussion on long-term goals; client is comfortable with the current strategy.
4907,557,49,Video Conference,2023-12-24 00:00:00,Positive,Client expressed satisfaction with recent performance and welcomed follow-up next quarter.
4908,546,8,Email,2023-04-11 00:00:00,Negative,Client requested clarification on fees and portfolio positioning after recent market movements.
4909,805,38,Call,2022-01-29 00:00:00,Negative,Interaction indicated frustration regarding drawdowns; advisor to prepare mitigation options.
4910,384,30,Meeting,2022-11-11 00:00:00,Positive,Client expressed satisfaction with recent performance and welcomed follow-up next quarter.
4911,401,16,Video Conference,2021-08-24 00:00:00,Positive,Client appreciated the portfolio review and agreed with the proposed allocation changes.
4912,380,8,Video Conference,2024-06-01 00:00:00,Neutral,Interaction focused on regular portfolio maintenance with no urgent actions identified.
4913,484,19,Video Conference,2026-03-25 00:00:00,Positive,Constructive conversation with strong engagement; client requested additional retirement scenarios.
4914,971,16,Call,2021-12-25 00:00:00,Positive,Client appreciated the portfolio review and agreed with the proposed allocation changes.
4915,997,46,Meeting,2025-05-07 00:00:00,Neutral,General discussion on market conditions; client prefers to maintain the current plan for now.
4916,366,34,Call,2025-07-16 00:00:00,Positive,Meeting went well; client approved the recommended diversification plan.
4917,700,8,Meeting,2023-10-05 00:00:00,Neutral,General discussion on market conditions; client prefers to maintain the current plan for now.
4918,619,4,Meeting,2025-10-10 00:00:00,Negative,Discussion reflected dissatisfaction with short-term performance; follow-up has been scheduled.
4919,385,38,Email,2024-02-20 00:00:00,Neutral,Provided account update and answered standard questions on holdings and recent activity.
4920,825,24,Meeting,2022-09-28 00:00:00,Neutral,Interaction focused on regular portfolio maintenance with no urgent actions identified.
4921,528,5,Video Conference,2021-05-25 00:00:00,Positive,Meeting went well; client approved the recommended diversification plan.
4922,760,50,Email,2023-07-09 00:00:00,Negative,Client expressed concern over communication frequency and expects a more proactive update cadence.
4923,381,37,Email,2023-06-08 00:00:00,Neutral,Provided account update and answered standard questions on holdings and recent activity.
4924,949,50,Meeting,2025-08-16 00:00:00,Negative,Discussion reflected dissatisfaction with short-term performance; follow-up has been scheduled.
4925,60,19,Call,2021-05-13 00:00:00,Neutral,Provided account update and answered standard questions on holdings and recent activity.
4926,589,42,Meeting,2021-03-14 00:00:00,Neutral,General discussion on market conditions; client prefers to maintain the current plan for now.
4927,540,22,Call,2026-02-27 00:00:00,Negative,Client raised concerns about recent volatility and requested a detailed risk review.
4928,125,34,Call,2021-08-12 00:00:00,Neutral,Routine check-in completed; no major changes requested at this time.
4929,535,22,Call,2021-01-30 00:00:00,Neutral,Provided account update and answered standard questions on holdings and recent activity.
4930,580,26,Meeting,2024-05-27 00:00:00,Positive,Client appreciated the portfolio review and agreed with the proposed allocation changes.
4931,778,27,Call,2021-09-26 00:00:00,Positive,Positive discussion on long-term goals; client is comfortable with the current strategy.
4932,507,19,Email,2024-10-24 00:00:00,Positive,Client expressed satisfaction with recent performance and welcomed follow-up next quarter.
4933,286,50,Meeting,2022-04-11 00:00:00,Positive,Positive discussion on long-term goals; client is comfortable with the current strategy.
4934,547,7,Meeting,2023-09-12 00:00:00,Positive,Constructive conversation with strong engagement; client requested additional retirement scenarios.
4935,521,34,Meeting,2026-03-31 00:00:00,Neutral,Interaction focused on regular portfolio maintenance with no urgent actions identified.
4936,442,49,Email,2021-05-05 00:00:00,Positive,Constructive conversation with strong engagement; client requested additional retirement scenarios.
4937,143,49,Call,2024-11-26 00:00:00,Negative,Client expressed concern over communication frequency and expects a more proactive update cadence.
4938,762,50,Call,2021-08-24 00:00:00,Positive,Constructive conversation with strong engagement; client requested additional retirement scenarios.
4939,461,28,Email,2025-11-08 00:00:00,Positive,Client expressed satisfaction with recent performance and welcomed follow-up next quarter.
4940,647,20,Call,2021-06-25 00:00:00,Positive,Client appreciated the portfolio review and agreed with the proposed allocation changes.
4941,123,25,Email,2022-08-02 00:00:00,Positive,Client expressed satisfaction with recent performance and welcomed follow-up next quarter.
4942,696,9,Email,2025-08-16 00:00:00,Neutral,General discussion on market conditions; client prefers to maintain the current plan for now.
4943,939,2,Meeting,2021-08-12 00:00:00,Positive,Client appreciated the portfolio review and agreed with the proposed allocation changes.
4944,911,17,Video Conference,2023-06-13 00:00:00,Neutral,General discussion on market conditions; client prefers to maintain the current plan for now.
4945,15,41,Email,2022-03-10 00:00:00,Positive,Positive discussion on long-term goals; client is comfortable with the current strategy.
4946,79,10,Video Conference,2024-03-06 00:00:00,Negative,Client raised concerns about recent volatility and requested a detailed risk review.
4947,443,35,Meeting,2025-03-29 00:00:00,Neutral,Provided account update and answered standard questions on holdings and recent activity.
4948,29,32,Meeting,2023-03-02 00:00:00,Positive,Constructive conversation with strong engagement; client requested additional retirement scenarios.
4949,201,9,Call,2021-05-28 00:00:00,Positive,Client appreciated the portfolio review and agreed with the proposed allocation changes.
4950,93,31,Video Conference,2024-07-22 00:00:00,Positive,Constructive conversation with strong engagement; client requested additional retirement scenarios.
4951,46,25,Meeting,2023-08-20 00:00:00,Neutral,Client reviewed the summary materials and asked for periodic monitoring to continue.
4952,100,33,Email,2025-07-16 00:00:00,Positive,Positive discussion on long-term goals; client is comfortable with the current strategy.
4953,633,10,Email,2025-11-28 00:00:00,Positive,Meeting went well; client approved the recommended diversification plan.
4954,781,46,Call,2024-09-10 00:00:00,Positive,Client expressed satisfaction with recent performance and welcomed follow-up next quarter.
4955,718,17,Email,2024-01-05 00:00:00,Negative,Client raised concerns about recent volatility and requested a detailed risk review.
4956,182,11,Video Conference,2022-11-03 00:00:00,Negative,Client requested clarification on fees and portfolio positioning after recent market movements.
4957,555,19,Email,2023-06-17 00:00:00,Neutral,General discussion on market conditions; client prefers to maintain the current plan for now.
4958,686,26,Email,2021-05-12 00:00:00,Positive,Meeting went well; client approved the recommended diversification plan.
4959,718,17,Video Conference,2025-04-22 00:00:00,Negative,Client requested clarification on fees and portfolio positioning after recent market movements.
4960,555,19,Email,2025-08-01 00:00:00,Positive,Client appreciated the portfolio review and agreed with the proposed allocation changes.
4961,235,42,Video Conference,2025-10-23 00:00:00,Neutral,General discussion on market conditions; client prefers to maintain the current plan for now.
4962,219,18,Call,2021-06-26 00:00:00,Positive,Meeting went well; client approved the recommended diversification plan.
4963,535,17,Video Conference,2025-05-17 00:00:00,Neutral,Interaction focused on regular portfolio maintenance with no urgent actions identified.
4964,451,17,Meeting,2022-12-10 00:00:00,Neutral,Provided account update and answered standard questions on holdings and recent activity.
4965,30,11,Video Conference,2021-03-27 00:00:00,Neutral,General discussion on market conditions; client prefers to maintain the current plan for now.
4966,692,24,Email,2021-01-20 00:00:00,Neutral,Interaction focused on regular portfolio maintenance with no urgent actions identified.
4967,48,21,Call,2025-05-07 00:00:00,Positive,Client appreciated the portfolio review and agreed with the proposed allocation changes.
4968,709,7,Email,2023-10-03 00:00:00,Positive,Client appreciated the portfolio review and agreed with the proposed allocation changes.
4969,835,18,Email,2025-01-21 00:00:00,Negative,Client expressed concern over communication frequency and expects a more proactive update cadence.
4970,813,16,Call,2022-09-28 00:00:00,Positive,Client expressed satisfaction with recent performance and welcomed follow-up next quarter.
4971,815,44,Email,2024-10-09 00:00:00,Positive,Client appreciated the portfolio review and agreed with the proposed allocation changes.
4972,413,4,Call,2022-08-31 00:00:00,Positive,Client appreciated the portfolio review and agreed with the proposed allocation changes.
4973,457,22,Call,2025-09-12 00:00:00,Positive,Positive discussion on long-term goals; client is comfortable with the current strategy.
4974,714,1,Meeting,2021-04-12 00:00:00,Positive,Positive discussion on long-term goals; client is comfortable with the current strategy.
4975,435,30,Call,2023-09-17 00:00:00,Positive,Client expressed satisfaction with recent performance and welcomed follow-up next quarter.
4976,947,49,Meeting,2021-03-09 00:00:00,Neutral,General discussion on market conditions; client prefers to maintain the current plan for now.
4977,799,21,Call,2024-06-25 00:00:00,Neutral,Provided account update and answered standard questions on holdings and recent activity.
4978,883,29,Call,2021-08-11 00:00:00,Negative,Interaction indicated frustration regarding drawdowns; advisor to prepare mitigation options.
4979,740,24,Email,2022-12-20 00:00:00,Positive,Constructive conversation with strong engagement; client requested additional retirement scenarios.
4980,688,30,Email,2022-07-15 00:00:00,Neutral,Provided account update and answered standard questions on holdings and recent activity.
4981,980,5,Meeting,2025-09-28 00:00:00,Neutral,Client reviewed the summary materials and asked for periodic monitoring to continue.
4982,230,49,Video Conference,2023-04-08 00:00:00,Positive,Client appreciated the portfolio review and agreed with the proposed allocation changes.
4983,741,2,Meeting,2023-02-28 00:00:00,Positive,Positive discussion on long-term goals; client is comfortable with the current strategy.
4984,652,6,Call,2026-03-15 00:00:00,Neutral,Provided account update and answered standard questions on holdings and recent activity.
4985,180,41,Email,2024-01-22 00:00:00,Neutral,Interaction focused on regular portfolio maintenance with no urgent actions identified.
4986,627,47,Meeting,2024-12-29 00:00:00,Neutral,Interaction focused on regular portfolio maintenance with no urgent actions identified.
4987,956,23,Video Conference,2025-10-25 00:00:00,Positive,Constructive conversation with strong engagement; client requested additional retirement scenarios.
4988,572,16,Call,2025-08-24 00:00:00,Positive,Constructive conversation with strong engagement; client requested additional retirement scenarios.
4989,826,18,Meeting,2021-09-11 00:00:00,Positive,Constructive conversation with strong engagement; client requested additional retirement scenarios.
4990,364,6,Video Conference,2021-10-21 00:00:00,Negative,Discussion reflected dissatisfaction with short-term performance; follow-up has been scheduled.
4991,83,43,Call,2023-03-06 00:00:00,Positive,Constructive conversation with strong engagement; client requested additional retirement scenarios.
4992,903,34,Email,2022-09-25 00:00:00,Positive,Constructive conversation with strong engagement; client requested additional retirement scenarios.
4993,606,6,Video Conference,2025-09-29 00:00:00,Positive,Client expressed satisfaction with recent performance and welcomed follow-up next quarter.
4994,906,28,Meeting,2023-04-27 00:00:00,Neutral,Routine check-in completed; no major changes requested at this time.
4995,395,5,Call,2023-06-29 00:00:00,Neutral,Routine check-in completed; no major changes requested at this time.
4996,865,33,Email,2021-12-24 00:00:00,Neutral,Interaction focused on regular portfolio maintenance with no urgent actions identified.
4997,172,18,Meeting,2021-02-16 00:00:00,Neutral,Routine check-in completed; no major changes requested at this time.
4998,614,45,Call,2025-12-11 00:00:00,Neutral,Interaction focused on regular portfolio maintenance with no urgent actions identified.
4999,138,20,Email,2025-06-10 00:00:00,Positive,Client expressed satisfaction with recent performance and welcomed follow-up next quarter.
5000,68,11,Email,2024-10-03 00:00:00,Neutral,Provided account update and answered standard questions on holdings and recent activity.
5001,947,49,Email,2025-01-26 00:00:00,Positive,Client expressed satisfaction with recent performance and welcomed follow-up next quarter.
5002,267,35,Email,2026-01-21 00:00:00,Neutral,General discussion on market conditions; client prefers to maintain the current plan for now.
5003,953,39,Call,2022-03-02 00:00:00,Negative,Interaction indicated frustration regarding drawdowns; advisor to prepare mitigation options.
5004,996,42,Call,2025-09-09 00:00:00,Neutral,Client reviewed the summary materials and asked for periodic monitoring to continue.
5005,868,40,Video Conference,2021-09-06 00:00:00,Neutral,Interaction focused on regular portfolio maintenance with no urgent actions identified.
5006,36,44,Email,2022-06-08 00:00:00,Negative,Client raised concerns about recent volatility and requested a detailed risk review.
5007,641,29,Meeting,2021-09-26 00:00:00,Neutral,Client reviewed the summary materials and asked for periodic monitoring to continue.
5008,891,6,Email,2022-02-06 00:00:00,Neutral,Provided account update and answered standard questions on holdings and recent activity.
5009,302,3,Email,2022-04-17 00:00:00,Negative,Discussion reflected dissatisfaction with short-term performance; follow-up has been scheduled.
5010,44,20,Call,2023-12-19 00:00:00,Positive,Meeting went well; client approved the recommended diversification plan.
5011,163,46,Call,2024-03-03 00:00:00,Neutral,Interaction focused on regular portfolio maintenance with no urgent actions identified.
5012,202,33,Call,2022-10-28 00:00:00,Positive,Client expressed satisfaction with recent performance and welcomed follow-up next quarter.
5013,359,10,Email,2025-01-05 00:00:00,Negative,Interaction indicated frustration regarding drawdowns; advisor to prepare mitigation options.
5014,729,22,Meeting,2025-09-04 00:00:00,Positive,Client appreciated the portfolio review and agreed with the proposed allocation changes.
5015,380,8,Meeting,2022-12-27 00:00:00,Neutral,General discussion on market conditions; client prefers to maintain the current plan for now.
5016,953,23,Email,2022-07-19 00:00:00,Positive,Constructive conversation with strong engagement; client requested additional retirement scenarios.
5017,608,19,Call,2022-04-06 00:00:00,Positive,Positive discussion on long-term goals; client is comfortable with the current strategy.
5018,748,5,Video Conference,2023-04-02 00:00:00,Neutral,General discussion on market conditions; client prefers to maintain the current plan for now.
5019,288,43,Meeting,2021-07-22 00:00:00,Positive,Client appreciated the portfolio review and agreed with the proposed allocation changes.
5020,704,22,Email,2023-09-27 00:00:00,Positive,Meeting went well; client approved the recommended diversification plan.
5021,180,44,Meeting,2022-12-03 00:00:00,Neutral,Interaction focused on regular portfolio maintenance with no urgent actions identified.
5022,343,48,Call,2026-04-13 00:00:00,Negative,Interaction indicated frustration regarding drawdowns; advisor to prepare mitigation options.
5023,791,11,Video Conference,2026-03-06 00:00:00,Negative,Discussion reflected dissatisfaction with short-term performance; follow-up has been scheduled.
5024,64,23,Email,2021-08-09 00:00:00,Neutral,Provided account update and answered standard questions on holdings and recent activity.
5025,257,28,Email,2024-01-21 00:00:00,Neutral,Client reviewed the summary materials and asked for periodic monitoring to continue.
5026,106,28,Video Conference,2024-06-07 00:00:00,Positive,Client appreciated the portfolio review and agreed with the proposed allocation changes.
5027,85,46,Call,2021-12-15 00:00:00,Neutral,Routine check-in completed; no major changes requested at this time.
5028,123,25,Meeting,2023-07-02 00:00:00,Neutral,Provided account update and answered standard questions on holdings and recent activity.
5029,321,40,Email,2021-01-06 00:00:00,Positive,Meeting went well; client approved the recommended diversification plan.
5030,598,49,Email,2026-03-03 00:00:00,Positive,Constructive conversation with strong engagement; client requested additional retirement scenarios.
5031,993,17,Email,2025-01-22 00:00:00,Positive,Constructive conversation with strong engagement; client requested additional retirement scenarios.
5032,921,43,Video Conference,2022-09-22 00:00:00,Positive,Meeting went well; client approved the recommended diversification plan.
5033,815,31,Email,2022-12-21 00:00:00,Neutral,Routine check-in completed; no major changes requested at this time.
5034,718,17,Video Conference,2026-02-10 00:00:00,Positive,Constructive conversation with strong engagement; client requested additional retirement scenarios.
5035,245,32,Meeting,2024-10-18 00:00:00,Positive,Meeting went well; client approved the recommended diversification plan.
5036,173,10,Call,2021-01-25 00:00:00,Neutral,Routine check-in completed; no major changes requested at this time.
5037,9,31,Meeting,2026-04-14 00:00:00,Neutral,Client reviewed the summary materials and asked for periodic monitoring to continue.
5038,479,24,Call,2024-07-04 00:00:00,Neutral,Routine check-in completed; no major changes requested at this time.
5039,974,2,Call,2022-01-10 00:00:00,Neutral,General discussion on market conditions; client prefers to maintain the current plan for now.
5040,933,11,Email,2022-03-17 00:00:00,Negative,Discussion reflected dissatisfaction with short-term performance; follow-up has been scheduled.
5041,934,38,Email,2025-01-15 00:00:00,Neutral,Client reviewed the summary materials and asked for periodic monitoring to continue.
5042,432,22,Meeting,2023-01-03 00:00:00,Positive,Client expressed satisfaction with recent performance and welcomed follow-up next quarter.
5043,746,40,Email,2024-08-13 00:00:00,Positive,Constructive conversation with strong engagement; client requested additional retirement scenarios.
5044,932,2,Meeting,2022-06-10 00:00:00,Positive,Positive discussion on long-term goals; client is comfortable with the current strategy.
5045,803,17,Call,2023-03-13 00:00:00,Neutral,Interaction focused on regular portfolio maintenance with no urgent actions identified.
5046,265,43,Email,2022-03-14 00:00:00,Positive,Client appreciated the portfolio review and agreed with the proposed allocation changes.
5047,8,18,Call,2025-04-06 00:00:00,Neutral,Routine check-in completed; no major changes requested at this time.
5048,379,32,Video Conference,2021-08-08 00:00:00,Neutral,General discussion on market conditions; client prefers to maintain the current plan for now.
5049,885,24,Email,2023-12-11 00:00:00,Positive,Client expressed satisfaction with recent performance and welcomed follow-up next quarter.
5050,653,6,Email,2021-11-13 00:00:00,Positive,Client appreciated the portfolio review and agreed with the proposed allocation changes.
5051,84,35,Email,2022-11-22 00:00:00,Neutral,Interaction focused on regular portfolio maintenance with no urgent actions identified.
5052,123,27,Call,2024-07-28 00:00:00,Neutral,Routine check-in completed; no major changes requested at this time.
5053,983,10,Call,2023-12-15 00:00:00,Neutral,Routine check-in completed; no major changes requested at this time.
5054,215,24,Email,2025-04-29 00:00:00,Positive,Client expressed satisfaction with recent performance and welcomed follow-up next quarter.
5055,918,49,Email,2022-01-09 00:00:00,Negative,Client expressed concern over communication frequency and expects a more proactive update cadence.
5056,330,11,Meeting,2025-12-04 00:00:00,Negative,Client requested clarification on fees and portfolio positioning after recent market movements.
5057,95,20,Email,2022-03-07 00:00:00,Neutral,Interaction focused on regular portfolio maintenance with no urgent actions identified.
5058,230,24,Video Conference,2022-08-22 00:00:00,Negative,Client requested clarification on fees and portfolio positioning after recent market movements.
5059,831,47,Email,2021-09-25 00:00:00,Neutral,Client reviewed the summary materials and asked for periodic monitoring to continue.
5060,192,21,Call,2022-06-21 00:00:00,Positive,Client appreciated the portfolio review and agreed with the proposed allocation changes.
5061,563,20,Email,2025-12-24 00:00:00,Positive,Client appreciated the portfolio review and agreed with the proposed allocation changes.
5062,435,34,Meeting,2022-08-26 00:00:00,Neutral,General discussion on market conditions; client prefers to maintain the current plan for now.
5063,38,35,Email,2022-05-09 00:00:00,Positive,Constructive conversation with strong engagement; client requested additional retirement scenarios.
5064,218,40,Call,2021-03-19 00:00:00,Negative,Client raised concerns about recent volatility and requested a detailed risk review.
5065,842,48,Meeting,2021-12-13 00:00:00,Neutral,General discussion on market conditions; client prefers to maintain the current plan for now.
5066,695,41,Call,2022-07-03 00:00:00,Negative,Client raised concerns about recent volatility and requested a detailed risk review.
5067,400,36,Email,2025-12-19 00:00:00,Positive,Positive discussion on long-term goals; client is comfortable with the current strategy.
5068,20,2,Call,2021-10-18 00:00:00,Neutral,Routine check-in completed; no major changes requested at this time.
5069,929,35,Email,2021-11-05 00:00:00,Neutral,Provided account update and answered standard questions on holdings and recent activity.
5070,228,37,Meeting,2022-12-22 00:00:00,Neutral,Interaction focused on regular portfolio maintenance with no urgent actions identified.
5071,454,2,Email,2022-05-07 00:00:00,Neutral,Client reviewed the summary materials and asked for periodic monitoring to continue.
5072,318,3,Call,2025-02-11 00:00:00,Negative,Client expressed concern over communication frequency and expects a more proactive update cadence.
5073,264,37,Video Conference,2025-10-26 00:00:00,Positive,Client appreciated the portfolio review and agreed with the proposed allocation changes.
5074,163,46,Email,2025-11-15 00:00:00,Neutral,Client reviewed the summary materials and asked for periodic monitoring to continue.
5075,241,42,Email,2026-01-15 00:00:00,Positive,Client appreciated the portfolio review and agreed with the proposed allocation changes.
5076,281,30,Meeting,2024-06-20 00:00:00,Positive,Client appreciated the portfolio review and agreed with the proposed allocation changes.
5077,265,47,Call,2025-12-21 00:00:00,Positive,Client appreciated the portfolio review and agreed with the proposed allocation changes.
5078,853,41,Call,2022-11-29 00:00:00,Neutral,Routine check-in completed; no major changes requested at this time.
5079,883,28,Meeting,2023-08-11 00:00:00,Neutral,Interaction focused on regular portfolio maintenance with no urgent actions identified.
5080,32,32,Email,2025-06-15 00:00:00,Positive,Client expressed satisfaction with recent performance and welcomed follow-up next quarter.
5081,544,19,Email,2025-06-08 00:00:00,Positive,Constructive conversation with strong engagement; client requested additional retirement scenarios.
5082,954,9,Email,2025-03-17 00:00:00,Negative,Discussion reflected dissatisfaction with short-term performance; follow-up has been scheduled.
5083,693,11,Email,2023-03-29 00:00:00,Positive,Constructive conversation with strong engagement; client requested additional retirement scenarios.
5084,311,30,Email,2025-05-01 00:00:00,Neutral,Routine check-in completed; no major changes requested at this time.
5085,262,32,Email,2025-11-18 00:00:00,Positive,Meeting went well; client approved the recommended diversification plan.
5086,164,12,Email,2026-04-24 00:00:00,Positive,Constructive conversation with strong engagement; client requested additional retirement scenarios.
5087,43,31,Email,2022-06-17 00:00:00,Positive,Meeting went well; client approved the recommended diversification plan.
5088,3,25,Meeting,2025-01-20 00:00:00,Positive,Client appreciated the portfolio review and agreed with the proposed allocation changes.
5089,32,41,Call,2025-07-26 00:00:00,Positive,Meeting went well; client approved the recommended diversification plan.
5090,41,29,Video Conference,2021-03-16 00:00:00,Neutral,General discussion on market conditions; client prefers to maintain the current plan for now.
5091,36,37,Email,2024-09-11 00:00:00,Positive,Client expressed satisfaction with recent performance and welcomed follow-up next quarter.
5092,283,47,Call,2021-06-18 00:00:00,Positive,Meeting went well; client approved the recommended diversification plan.
5093,173,32,Email,2022-10-26 00:00:00,Neutral,Routine check-in completed; no major changes requested at this time.
5094,433,44,Call,2022-01-06 00:00:00,Neutral,General discussion on market conditions; client prefers to maintain the current plan for now.
5095,879,40,Call,2024-05-12 00:00:00,Neutral,Provided account update and answered standard questions on holdings and recent activity.
5096,78,18,Call,2025-02-05 00:00:00,Neutral,Client reviewed the summary materials and asked for periodic monitoring to continue.
5097,988,43,Call,2023-02-19 00:00:00,Neutral,Interaction focused on regular portfolio maintenance with no urgent actions identified.
5098,823,42,Meeting,2022-03-07 00:00:00,Neutral,Client reviewed the summary materials and asked for periodic monitoring to continue.
5099,69,39,Call,2023-09-24 00:00:00,Neutral,Provided account update and answered standard questions on holdings and recent activity.
5100,398,13,Video Conference,2024-05-10 00:00:00,Positive,Constructive conversation with strong engagement; client requested additional retirement scenarios.
5101,710,42,Call,2026-05-27 00:00:00,Positive,Positive discussion on long-term goals; client is comfortable with the current strategy.
5102,963,14,Video Conference,2023-05-04 00:00:00,Positive,Client expressed satisfaction with recent performance and welcomed follow-up next quarter.
5103,708,37,Call,2025-05-30 00:00:00,Positive,Constructive conversation with strong engagement; client requested additional retirement scenarios.
5104,529,8,Call,2022-08-15 00:00:00,Positive,Client expressed satisfaction with recent performance and welcomed follow-up next quarter.
5105,778,27,Call,2026-03-04 00:00:00,Positive,Meeting went well; client approved the recommended diversification plan.
5106,91,42,Email,2022-08-13 00:00:00,Positive,Constructive conversation with strong engagement; client requested additional retirement scenarios.
5107,530,43,Meeting,2025-02-07 00:00:00,Negative,Client raised concerns about recent volatility and requested a detailed risk review.
5108,917,25,Meeting,2024-01-04 00:00:00,Positive,Positive discussion on long-term goals; client is comfortable with the current strategy.
5109,692,24,Meeting,2025-04-07 00:00:00,Neutral,General discussion on market conditions; client prefers to maintain the current plan for now.
5110,238,22,Meeting,2021-02-14 00:00:00,Positive,Positive discussion on long-term goals; client is comfortable with the current strategy.
5111,886,31,Email,2022-06-05 00:00:00,Neutral,Client reviewed the summary materials and asked for periodic monitoring to continue.
5112,576,41,Email,2025-09-20 00:00:00,Positive,Meeting went well; client approved the recommended diversification plan.
5113,555,19,Call,2021-01-17 00:00:00,Positive,Positive discussion on long-term goals; client is comfortable with the current strategy.
5114,214,19,Call,2022-09-19 00:00:00,Positive,Client expressed satisfaction with recent performance and welcomed follow-up next quarter.
5115,988,43,Video Conference,2026-03-24 00:00:00,Positive,Meeting went well; client approved the recommended diversification plan.
5116,823,42,Call,2021-05-12 00:00:00,Positive,Positive discussion on long-term goals; client is comfortable with the current strategy.
5117,300,12,Video Conference,2025-06-25 00:00:00,Positive,Client appreciated the portfolio review and agreed with the proposed allocation changes.
5118,859,44,Email,2025-07-23 00:00:00,Positive,Meeting went well; client approved the recommended diversification plan.
5119,134,30,Call,2025-05-07 00:00:00,Neutral,Routine check-in completed; no major changes requested at this time.
5120,638,44,Call,2021-02-22 00:00:00,Positive,Constructive conversation with strong engagement; client requested additional retirement scenarios.
5121,82,43,Call,2025-09-03 00:00:00,Neutral,Client reviewed the summary materials and asked for periodic monitoring to continue.
5122,379,32,Call,2022-05-02 00:00:00,Negative,Client requested clarification on fees and portfolio positioning after recent market movements.
5123,883,29,Call,2022-03-04 00:00:00,Negative,Discussion reflected dissatisfaction with short-term performance; follow-up has been scheduled.
5124,517,33,Email,2021-06-04 00:00:00,Positive,Positive discussion on long-term goals; client is comfortable with the current strategy.
5125,317,39,Meeting,2022-03-20 00:00:00,Neutral,Interaction focused on regular portfolio maintenance with no urgent actions identified.
5126,511,11,Email,2025-04-26 00:00:00,Positive,Constructive conversation with strong engagement; client requested additional retirement scenarios.
5127,808,13,Meeting,2022-09-27 00:00:00,Negative,Client requested clarification on fees and portfolio positioning after recent market movements.
5128,576,41,Email,2022-01-14 00:00:00,Neutral,Client reviewed the summary materials and asked for periodic monitoring to continue.
5129,280,9,Call,2022-01-31 00:00:00,Neutral,Provided account update and answered standard questions on holdings and recent activity.
5130,565,30,Call,2023-06-21 00:00:00,Positive,Positive discussion on long-term goals; client is comfortable with the current strategy.
5131,767,43,Meeting,2024-05-26 00:00:00,Positive,Client expressed satisfaction with recent performance and welcomed follow-up next quarter.
5132,904,28,Call,2023-10-13 00:00:00,Negative,Interaction indicated frustration regarding drawdowns; advisor to prepare mitigation options.
5133,251,10,Email,2024-03-16 00:00:00,Positive,Client expressed satisfaction with recent performance and welcomed follow-up next quarter.
5134,296,48,Email,2025-04-24 00:00:00,Positive,Client appreciated the portfolio review and agreed with the proposed allocation changes.
5135,460,34,Email,2021-06-08 00:00:00,Neutral,General discussion on market conditions; client prefers to maintain the current plan for now.
5136,797,22,Email,2024-08-16 00:00:00,Positive,Client expressed satisfaction with recent performance and welcomed follow-up next quarter.
5137,632,27,Call,2022-07-26 00:00:00,Positive,Meeting went well; client approved the recommended diversification plan.
5138,306,38,Video Conference,2023-10-26 00:00:00,Neutral,General discussion on market conditions; client prefers to maintain the current plan for now.
5139,629,27,Meeting,2025-09-25 00:00:00,Neutral,Provided account update and answered standard questions on holdings and recent activity.
5140,204,39,Meeting,2024-01-19 00:00:00,Neutral,Provided account update and answered standard questions on holdings and recent activity.
5141,515,18,Video Conference,2026-03-23 00:00:00,Positive,Client expressed satisfaction with recent performance and welcomed follow-up next quarter.
5142,988,43,Call,2022-10-29 00:00:00,Positive,Constructive conversation with strong engagement; client requested additional retirement scenarios.
5143,346,29,Meeting,2023-02-01 00:00:00,Positive,Client appreciated the portfolio review and agreed with the proposed allocation changes.
5144,965,49,Email,2022-03-28 00:00:00,Negative,Discussion reflected dissatisfaction with short-term performance; follow-up has been scheduled.
5145,285,47,Meeting,2021-11-08 00:00:00,Neutral,Provided account update and answered standard questions on holdings and recent activity.
5146,958,35,Meeting,2022-09-27 00:00:00,Positive,Positive discussion on long-term goals; client is comfortable with the current strategy.
5147,164,4,Video Conference,2021-10-29 00:00:00,Negative,Client raised concerns about recent volatility and requested a detailed risk review.
5148,716,34,Meeting,2022-03-21 00:00:00,Positive,Positive discussion on long-term goals; client is comfortable with the current strategy.
5149,796,45,Email,2022-10-13 00:00:00,Positive,Constructive conversation with strong engagement; client requested additional retirement scenarios.
5150,866,39,Call,2025-10-07 00:00:00,Neutral,Routine check-in completed; no major changes requested at this time.
5151,500,4,Email,2026-02-04 00:00:00,Positive,Client appreciated the portfolio review and agreed with the proposed allocation changes.
5152,591,37,Call,2021-08-02 00:00:00,Neutral,Provided account update and answered standard questions on holdings and recent activity.
5153,241,42,Meeting,2021-09-18 00:00:00,Positive,Client appreciated the portfolio review and agreed with the proposed allocation changes.
5154,663,23,Video Conference,2026-03-05 00:00:00,Positive,Client expressed satisfaction with recent performance and welcomed follow-up next quarter.
5155,87,8,Video Conference,2024-10-18 00:00:00,Positive,Client expressed satisfaction with recent performance and welcomed follow-up next quarter.
5156,524,32,Call,2021-11-03 00:00:00,Positive,Client expressed satisfaction with recent performance and welcomed follow-up next quarter.
5157,127,22,Video Conference,2021-06-01 00:00:00,Positive,Constructive conversation with strong engagement; client requested additional retirement scenarios.
5158,128,40,Video Conference,2024-10-18 00:00:00,Neutral,General discussion on market conditions; client prefers to maintain the current plan for now.
5159,508,39,Email,2021-10-04 00:00:00,Positive,Client expressed satisfaction with recent performance and welcomed follow-up next quarter.
5160,668,50,Email,2025-09-04 00:00:00,Positive,Client expressed satisfaction with recent performance and welcomed follow-up next quarter.
5161,432,22,Call,2026-04-24 00:00:00,Positive,Meeting went well; client approved the recommended diversification plan.
5162,940,46,Call,2025-11-06 00:00:00,Neutral,Interaction focused on regular portfolio maintenance with no urgent actions identified.
5163,26,22,Meeting,2021-10-22 00:00:00,Negative,Client expressed concern over communication frequency and expects a more proactive update cadence.
5164,124,19,Meeting,2022-09-12 00:00:00,Positive,Client appreciated the portfolio review and agreed with the proposed allocation changes.
5165,74,32,Video Conference,2023-07-02 00:00:00,Positive,Client expressed satisfaction with recent performance and welcomed follow-up next quarter.
5166,311,19,Email,2021-09-30 00:00:00,Positive,Meeting went well; client approved the recommended diversification plan.
5167,557,49,Meeting,2023-06-30 00:00:00,Positive,Positive discussion on long-term goals; client is comfortable with the current strategy.
5168,549,47,Video Conference,2024-10-17 00:00:00,Positive,Positive discussion on long-term goals; client is comfortable with the current strategy.
5169,173,32,Call,2024-02-29 00:00:00,Neutral,Provided account update and answered standard questions on holdings and recent activity.
5170,651,42,Video Conference,2025-03-07 00:00:00,Positive,Positive discussion on long-term goals; client is comfortable with the current strategy.
5171,3,19,Meeting,2024-09-23 00:00:00,Negative,Client expressed concern over communication frequency and expects a more proactive update cadence.
5172,76,7,Email,2022-11-15 00:00:00,Neutral,Routine check-in completed; no major changes requested at this time.
5173,622,32,Email,2025-03-01 00:00:00,Negative,Client requested clarification on fees and portfolio positioning after recent market movements.
5174,470,39,Video Conference,2023-12-20 00:00:00,Neutral,General discussion on market conditions; client prefers to maintain the current plan for now.
5175,453,43,Email,2025-05-31 00:00:00,Positive,Client expressed satisfaction with recent performance and welcomed follow-up next quarter.
5176,979,4,Email,2021-02-17 00:00:00,Positive,Client expressed satisfaction with recent performance and welcomed follow-up next quarter.
5177,774,14,Email,2022-04-18 00:00:00,Positive,Meeting went well; client approved the recommended diversification plan.
5178,32,32,Email,2021-05-05 00:00:00,Neutral,Client reviewed the summary materials and asked for periodic monitoring to continue.
5179,376,32,Call,2022-06-08 00:00:00,Neutral,Client reviewed the summary materials and asked for periodic monitoring to continue.
5180,705,40,Video Conference,2021-02-09 00:00:00,Positive,Client expressed satisfaction with recent performance and welcomed follow-up next quarter.
5181,843,13,Email,2024-01-27 00:00:00,Positive,Constructive conversation with strong engagement; client requested additional retirement scenarios.
5182,410,11,Meeting,2025-04-17 00:00:00,Positive,Client appreciated the portfolio review and agreed with the proposed allocation changes.
5183,413,4,Call,2021-09-24 00:00:00,Neutral,Routine check-in completed; no major changes requested at this time.
5184,115,18,Meeting,2025-10-11 00:00:00,Neutral,Provided account update and answered standard questions on holdings and recent activity.
5185,414,13,Call,2022-02-03 00:00:00,Neutral,Client reviewed the summary materials and asked for periodic monitoring to continue.
5186,196,2,Meeting,2024-09-23 00:00:00,Positive,Positive discussion on long-term goals; client is comfortable with the current strategy.
5187,524,13,Email,2024-12-25 00:00:00,Positive,Constructive conversation with strong engagement; client requested additional retirement scenarios.
5188,296,48,Meeting,2022-10-29 00:00:00,Neutral,General discussion on market conditions; client prefers to maintain the current plan for now.
5189,881,22,Video Conference,2025-04-23 00:00:00,Positive,Client appreciated the portfolio review and agreed with the proposed allocation changes.
5190,826,18,Meeting,2024-06-15 00:00:00,Neutral,Routine check-in completed; no major changes requested at this time.
5191,815,44,Meeting,2025-03-05 00:00:00,Positive,Constructive conversation with strong engagement; client requested additional retirement scenarios.
5192,324,26,Meeting,2022-07-08 00:00:00,Neutral,General discussion on market conditions; client prefers to maintain the current plan for now.
5193,729,26,Call,2023-08-07 00:00:00,Neutral,Provided account update and answered standard questions on holdings and recent activity.
5194,763,23,Call,2026-02-18 00:00:00,Positive,Positive discussion on long-term goals; client is comfortable with the current strategy.
5195,416,29,Meeting,2023-10-16 00:00:00,Negative,Client raised concerns about recent volatility and requested a detailed risk review.
5196,628,12,Email,2024-06-26 00:00:00,Positive,Constructive conversation with strong engagement; client requested additional retirement scenarios.
5197,714,14,Video Conference,2022-12-26 00:00:00,Positive,Constructive conversation with strong engagement; client requested additional retirement scenarios.
5198,772,9,Video Conference,2025-12-25 00:00:00,Neutral,Routine check-in completed; no major changes requested at this time.
5199,27,49,Call,2026-02-28 00:00:00,Neutral,Interaction focused on regular portfolio maintenance with no urgent actions identified.
5200,321,40,Call,2025-02-06 00:00:00,Neutral,Client reviewed the summary materials and asked for periodic monitoring to continue.
5201,853,14,Email,2024-12-13 00:00:00,Negative,Client raised concerns about recent volatility and requested a detailed risk review.
5202,522,16,Call,2021-09-30 00:00:00,Neutral,Routine check-in completed; no major changes requested at this time.
5203,914,20,Call,2022-09-29 00:00:00,Positive,Constructive conversation with strong engagement; client requested additional retirement scenarios.
5204,907,47,Meeting,2025-10-16 00:00:00,Positive,Positive discussion on long-term goals; client is comfortable with the current strategy.
5205,601,23,Call,2023-01-30 00:00:00,Positive,Positive discussion on long-term goals; client is comfortable with the current strategy.
5206,75,38,Email,2021-10-24 00:00:00,Positive,Constructive conversation with strong engagement; client requested additional retirement scenarios.
5207,295,2,Video Conference,2024-02-10 00:00:00,Positive,Client appreciated the portfolio review and agreed with the proposed allocation changes.
5208,902,46,Meeting,2024-01-01 00:00:00,Neutral,Client reviewed the summary materials and asked for periodic monitoring to continue.
5209,10,41,Call,2025-08-29 00:00:00,Negative,Discussion reflected dissatisfaction with short-term performance; follow-up has been scheduled.
5210,485,8,Email,2025-12-12 00:00:00,Positive,Client appreciated the portfolio review and agreed with the proposed allocation changes.
5211,43,31,Call,2025-07-24 00:00:00,Positive,Meeting went well; client approved the recommended diversification plan.
5212,795,7,Video Conference,2023-05-08 00:00:00,Positive,Client appreciated the portfolio review and agreed with the proposed allocation changes.
5213,341,25,Call,2024-04-21 00:00:00,Neutral,Routine check-in completed; no major changes requested at this time.
5214,59,45,Meeting,2023-12-09 00:00:00,Neutral,Client reviewed the summary materials and asked for periodic monitoring to continue.
5215,682,31,Call,2024-03-04 00:00:00,Negative,Client expressed concern over communication frequency and expects a more proactive update cadence.
5216,600,9,Call,2022-01-26 00:00:00,Neutral,Provided account update and answered standard questions on holdings and recent activity.
5217,423,22,Meeting,2023-06-02 00:00:00,Positive,Client appreciated the portfolio review and agreed with the proposed allocation changes.
5218,96,28,Email,2025-10-24 00:00:00,Negative,Interaction indicated frustration regarding drawdowns; advisor to prepare mitigation options.
5219,386,37,Meeting,2022-09-17 00:00:00,Neutral,Client reviewed the summary materials and asked for periodic monitoring to continue.
5220,368,46,Email,2024-11-22 00:00:00,Positive,Client appreciated the portfolio review and agreed with the proposed allocation changes.
5221,286,50,Call,2024-08-26 00:00:00,Positive,Client appreciated the portfolio review and agreed with the proposed allocation changes.
5222,36,44,Email,2026-02-14 00:00:00,Neutral,General discussion on market conditions; client prefers to maintain the current plan for now.
5223,69,11,Email,2025-12-16 00:00:00,Positive,Meeting went well; client approved the recommended diversification plan.
5224,409,12,Meeting,2023-11-18 00:00:00,Positive,Meeting went well; client approved the recommended diversification plan.
5225,921,16,Email,2023-07-22 00:00:00,Positive,Client expressed satisfaction with recent performance and welcomed follow-up next quarter.
5226,693,21,Email,2022-03-15 00:00:00,Positive,Meeting went well; client approved the recommended diversification plan.
5227,519,22,Call,2024-01-03 00:00:00,Negative,Interaction indicated frustration regarding drawdowns; advisor to prepare mitigation options.
5228,967,34,Meeting,2024-05-29 00:00:00,Neutral,Provided account update and answered standard questions on holdings and recent activity.
5229,28,31,Email,2022-03-12 00:00:00,Neutral,General discussion on market conditions; client prefers to maintain the current plan for now.
5230,534,12,Meeting,2022-07-28 00:00:00,Positive,Constructive conversation with strong engagement; client requested additional retirement scenarios.
5231,686,26,Call,2024-08-26 00:00:00,Positive,Client expressed satisfaction with recent performance and welcomed follow-up next quarter.
5232,860,49,Email,2024-02-29 00:00:00,Positive,Positive discussion on long-term goals; client is comfortable with the current strategy.
5233,680,15,Email,2025-07-19 00:00:00,Negative,Client raised concerns about recent volatility and requested a detailed risk review.
5234,284,38,Email,2023-12-27 00:00:00,Positive,Client expressed satisfaction with recent performance and welcomed follow-up next quarter.
5235,746,40,Meeting,2021-06-03 00:00:00,Positive,Meeting went well; client approved the recommended diversification plan.
5236,631,16,Meeting,2024-03-01 00:00:00,Positive,Client expressed satisfaction with recent performance and welcomed follow-up next quarter.
5237,605,25,Call,2021-03-04 00:00:00,Positive,Positive discussion on long-term goals; client is comfortable with the current strategy.
5238,211,28,Call,2023-01-21 00:00:00,Positive,Client appreciated the portfolio review and agreed with the proposed allocation changes.
5239,353,17,Call,2021-09-09 00:00:00,Positive,Client appreciated the portfolio review and agreed with the proposed allocation changes.
5240,217,19,Call,2024-09-30 00:00:00,Neutral,Client reviewed the summary materials and asked for periodic monitoring to continue.
5241,628,12,Meeting,2025-08-19 00:00:00,Positive,Client expressed satisfaction with recent performance and welcomed follow-up next quarter.
5242,216,44,Email,2023-07-03 00:00:00,Positive,Positive discussion on long-term goals; client is comfortable with the current strategy.
5243,42,30,Video Conference,2023-02-01 00:00:00,Neutral,Client reviewed the summary materials and asked for periodic monitoring to continue.
5244,890,22,Video Conference,2025-11-19 00:00:00,Neutral,Provided account update and answered standard questions on holdings and recent activity.
5245,791,11,Video Conference,2021-07-29 00:00:00,Positive,Client appreciated the portfolio review and agreed with the proposed allocation changes.
5246,890,22,Meeting,2023-12-13 00:00:00,Positive,Meeting went well; client approved the recommended diversification plan.
5247,991,5,Video Conference,2025-05-20 00:00:00,Positive,Constructive conversation with strong engagement; client requested additional retirement scenarios.
5248,735,39,Video Conference,2026-02-22 00:00:00,Neutral,Provided account update and answered standard questions on holdings and recent activity.
5249,244,14,Call,2022-12-17 00:00:00,Positive,Constructive conversation with strong engagement; client requested additional retirement scenarios.
5250,47,22,Meeting,2023-07-01 00:00:00,Negative,Interaction indicated frustration regarding drawdowns; advisor to prepare mitigation options.
5251,396,7,Meeting,2021-10-21 00:00:00,Positive,Meeting went well; client approved the recommended diversification plan.
5252,647,17,Call,2022-09-06 00:00:00,Negative,Client requested clarification on fees and portfolio positioning after recent market movements.
5253,645,49,Meeting,2023-11-16 00:00:00,Positive,Client appreciated the portfolio review and agreed with the proposed allocation changes.
5254,50,9,Video Conference,2021-07-04 00:00:00,Positive,Meeting went well; client approved the recommended diversification plan.
5255,212,3,Meeting,2022-08-02 00:00:00,Positive,Positive discussion on long-term goals; client is comfortable with the current strategy.
5256,467,14,Call,2022-11-05 00:00:00,Positive,Positive discussion on long-term goals; client is comfortable with the current strategy.
5257,999,20,Email,2023-01-21 00:00:00,Neutral,Client reviewed the summary materials and asked for periodic monitoring to continue.
5258,189,1,Meeting,2025-12-05 00:00:00,Positive,Positive discussion on long-term goals; client is comfortable with the current strategy.
5259,42,10,Call,2023-05-17 00:00:00,Positive,Meeting went well; client approved the recommended diversification plan.
5260,441,46,Email,2021-09-06 00:00:00,Neutral,Client reviewed the summary materials and asked for periodic monitoring to continue.
5261,565,30,Call,2023-06-20 00:00:00,Neutral,Provided account update and answered standard questions on holdings and recent activity.
5262,284,38,Call,2024-08-05 00:00:00,Neutral,General discussion on market conditions; client prefers to maintain the current plan for now.
5263,754,35,Meeting,2026-02-08 00:00:00,Positive,Positive discussion on long-term goals; client is comfortable with the current strategy.
5264,722,26,Meeting,2024-08-07 00:00:00,Positive,Meeting went well; client approved the recommended diversification plan.
5265,722,36,Call,2024-08-26 00:00:00,Neutral,Provided account update and answered standard questions on holdings and recent activity.
5266,763,39,Email,2021-03-31 00:00:00,Neutral,General discussion on market conditions; client prefers to maintain the current plan for now.
5267,571,35,Meeting,2023-03-31 00:00:00,Positive,Client appreciated the portfolio review and agreed with the proposed allocation changes.
5268,133,13,Call,2021-04-24 00:00:00,Positive,Meeting went well; client approved the recommended diversification plan.
5269,270,10,Meeting,2024-11-04 00:00:00,Positive,Positive discussion on long-term goals; client is comfortable with the current strategy.
5270,506,11,Meeting,2022-10-07 00:00:00,Positive,Positive discussion on long-term goals; client is comfortable with the current strategy.
5271,929,13,Call,2022-03-22 00:00:00,Positive,Constructive conversation with strong engagement; client requested additional retirement scenarios.
5272,685,3,Video Conference,2022-01-02 00:00:00,Neutral,Routine check-in completed; no major changes requested at this time.
5273,332,18,Video Conference,2025-07-22 00:00:00,Neutral,Client reviewed the summary materials and asked for periodic monitoring to continue.
5274,941,40,Email,2026-05-03 00:00:00,Positive,Constructive conversation with strong engagement; client requested additional retirement scenarios.
5275,745,15,Video Conference,2022-08-12 00:00:00,Negative,Client expressed concern over communication frequency and expects a more proactive update cadence.
5276,539,5,Meeting,2023-10-17 00:00:00,Neutral,Interaction focused on regular portfolio maintenance with no urgent actions identified.
5277,128,40,Meeting,2021-04-25 00:00:00,Neutral,Routine check-in completed; no major changes requested at this time.
5278,620,18,Call,2025-07-24 00:00:00,Neutral,Routine check-in completed; no major changes requested at this time.
5279,947,49,Call,2023-05-27 00:00:00,Neutral,Routine check-in completed; no major changes requested at this time.
5280,915,43,Email,2021-01-05 00:00:00,Positive,Positive discussion on long-term goals; client is comfortable with the current strategy.
5281,772,9,Meeting,2025-06-11 00:00:00,Positive,Client expressed satisfaction with recent performance and welcomed follow-up next quarter.
5282,293,30,Call,2025-01-27 00:00:00,Positive,Client expressed satisfaction with recent performance and welcomed follow-up next quarter.
5283,162,3,Meeting,2026-05-19 00:00:00,Positive,Meeting went well; client approved the recommended diversification plan.
5284,501,41,Call,2026-03-24 00:00:00,Neutral,Interaction focused on regular portfolio maintenance with no urgent actions identified.
5285,473,11,Call,2021-02-09 00:00:00,Neutral,General discussion on market conditions; client prefers to maintain the current plan for now.
5286,334,41,Email,2023-09-19 00:00:00,Positive,Positive discussion on long-term goals; client is comfortable with the current strategy.
5287,402,14,Call,2026-03-03 00:00:00,Positive,Client appreciated the portfolio review and agreed with the proposed allocation changes.
5288,252,33,Email,2025-06-17 00:00:00,Negative,Interaction indicated frustration regarding drawdowns; advisor to prepare mitigation options.
5289,990,9,Call,2023-07-10 00:00:00,Neutral,Interaction focused on regular portfolio maintenance with no urgent actions identified.
5290,862,50,Email,2021-02-05 00:00:00,Neutral,General discussion on market conditions; client prefers to maintain the current plan for now.
5291,709,7,Meeting,2024-12-29 00:00:00,Negative,Discussion reflected dissatisfaction with short-term performance; follow-up has been scheduled.
5292,290,35,Meeting,2022-03-11 00:00:00,Neutral,Client reviewed the summary materials and asked for periodic monitoring to continue.
5293,248,30,Email,2023-10-26 00:00:00,Positive,Meeting went well; client approved the recommended diversification plan.
5294,902,46,Video Conference,2022-10-22 00:00:00,Positive,Positive discussion on long-term goals; client is comfortable with the current strategy.
5295,181,8,Meeting,2022-04-06 00:00:00,Neutral,Provided account update and answered standard questions on holdings and recent activity.
5296,899,43,Call,2026-05-22 00:00:00,Positive,Positive discussion on long-term goals; client is comfortable with the current strategy.
5297,664,13,Call,2023-02-26 00:00:00,Positive,Positive discussion on long-term goals; client is comfortable with the current strategy.
5298,370,48,Call,2023-06-05 00:00:00,Negative,Client expressed concern over communication frequency and expects a more proactive update cadence.
5299,578,45,Call,2021-08-05 00:00:00,Neutral,Client reviewed the summary materials and asked for periodic monitoring to continue.
5300,315,24,Email,2022-05-23 00:00:00,Positive,Constructive conversation with strong engagement; client requested additional retirement scenarios.
5301,932,42,Meeting,2024-12-05 00:00:00,Neutral,Routine check-in completed; no major changes requested at this time.
5302,27,21,Video Conference,2025-09-25 00:00:00,Negative,Client raised concerns about recent volatility and requested a detailed risk review.
5303,764,27,Meeting,2022-07-21 00:00:00,Negative,Client raised concerns about recent volatility and requested a detailed risk review.
5304,356,16,Video Conference,2022-09-18 00:00:00,Positive,Client appreciated the portfolio review and agreed with the proposed allocation changes.
5305,490,40,Email,2023-06-05 00:00:00,Positive,Constructive conversation with strong engagement; client requested additional retirement scenarios.
5306,204,2,Email,2021-01-10 00:00:00,Positive,Client expressed satisfaction with recent performance and welcomed follow-up next quarter.
5307,149,7,Meeting,2021-08-16 00:00:00,Neutral,Interaction focused on regular portfolio maintenance with no urgent actions identified.
5308,448,43,Email,2022-04-21 00:00:00,Neutral,Provided account update and answered standard questions on holdings and recent activity.
5309,464,20,Meeting,2021-11-15 00:00:00,Neutral,Interaction focused on regular portfolio maintenance with no urgent actions identified.
5310,921,39,Email,2025-05-30 00:00:00,Positive,Meeting went well; client approved the recommended diversification plan.
5311,112,22,Meeting,2022-05-07 00:00:00,Positive,Client expressed satisfaction with recent performance and welcomed follow-up next quarter.
5312,264,34,Meeting,2026-03-15 00:00:00,Positive,Client appreciated the portfolio review and agreed with the proposed allocation changes.
5313,338,6,Email,2022-01-04 00:00:00,Positive,Client appreciated the portfolio review and agreed with the proposed allocation changes.
5314,739,17,Video Conference,2024-01-01 00:00:00,Positive,Positive discussion on long-term goals; client is comfortable with the current strategy.
5315,591,35,Meeting,2022-01-13 00:00:00,Positive,Client appreciated the portfolio review and agreed with the proposed allocation changes.
5316,603,14,Meeting,2023-01-16 00:00:00,Positive,Meeting went well; client approved the recommended diversification plan.
5317,904,45,Email,2025-01-16 00:00:00,Neutral,Routine check-in completed; no major changes requested at this time.
5318,292,22,Meeting,2021-06-03 00:00:00,Negative,Interaction indicated frustration regarding drawdowns; advisor to prepare mitigation options.
5319,138,20,Meeting,2023-07-09 00:00:00,Positive,Constructive conversation with strong engagement; client requested additional retirement scenarios.
5320,295,42,Call,2025-03-29 00:00:00,Positive,Client expressed satisfaction with recent performance and welcomed follow-up next quarter.
5321,928,1,Email,2025-05-10 00:00:00,Negative,Discussion reflected dissatisfaction with short-term performance; follow-up has been scheduled.
5322,93,48,Email,2025-11-22 00:00:00,Positive,Positive discussion on long-term goals; client is comfortable with the current strategy.
5323,664,13,Email,2023-08-02 00:00:00,Negative,Client requested clarification on fees and portfolio positioning after recent market movements.
5324,258,39,Call,2022-11-11 00:00:00,Negative,Client raised concerns about recent volatility and requested a detailed risk review.
5325,998,44,Call,2024-12-07 00:00:00,Neutral,General discussion on market conditions; client prefers to maintain the current plan for now.
5326,369,14,Call,2025-06-21 00:00:00,Positive,Client appreciated the portfolio review and agreed with the proposed allocation changes.
5327,703,16,Email,2024-03-05 00:00:00,Neutral,Client reviewed the summary materials and asked for periodic monitoring to continue.
5328,356,16,Call,2021-04-09 00:00:00,Negative,Interaction indicated frustration regarding drawdowns; advisor to prepare mitigation options.
5329,208,15,Email,2026-04-14 00:00:00,Positive,Client expressed satisfaction with recent performance and welcomed follow-up next quarter.
5330,84,22,Call,2021-07-11 00:00:00,Positive,Client expressed satisfaction with recent performance and welcomed follow-up next quarter.
5331,9,31,Call,2026-05-11 00:00:00,Positive,Constructive conversation with strong engagement; client requested additional retirement scenarios.
5332,728,18,Meeting,2024-02-24 00:00:00,Positive,Client expressed satisfaction with recent performance and welcomed follow-up next quarter.
5333,30,12,Meeting,2023-01-28 00:00:00,Positive,Client appreciated the portfolio review and agreed with the proposed allocation changes.
5334,83,4,Call,2022-12-10 00:00:00,Neutral,Routine check-in completed; no major changes requested at this time.
5335,818,1,Meeting,2023-02-03 00:00:00,Neutral,Client reviewed the summary materials and asked for periodic monitoring to continue.
5336,749,43,Email,2025-03-19 00:00:00,Positive,Positive discussion on long-term goals; client is comfortable with the current strategy.
5337,187,12,Call,2026-02-23 00:00:00,Positive,Meeting went well; client approved the recommended diversification plan.
5338,541,27,Video Conference,2025-10-30 00:00:00,Positive,Client appreciated the portfolio review and agreed with the proposed allocation changes.
5339,868,31,Meeting,2021-03-06 00:00:00,Positive,Client appreciated the portfolio review and agreed with the proposed allocation changes.
5340,412,7,Call,2024-01-05 00:00:00,Positive,Client appreciated the portfolio review and agreed with the proposed allocation changes.
5341,205,15,Email,2023-04-21 00:00:00,Neutral,Provided account update and answered standard questions on holdings and recent activity.
5342,737,18,Meeting,2021-11-02 00:00:00,Negative,Discussion reflected dissatisfaction with short-term performance; follow-up has been scheduled.
5343,459,24,Call,2026-04-11 00:00:00,Positive,Constructive conversation with strong engagement; client requested additional retirement scenarios.
5344,701,20,Email,2025-01-02 00:00:00,Positive,Client appreciated the portfolio review and agreed with the proposed allocation changes.
5345,618,14,Meeting,2024-09-03 00:00:00,Positive,Positive discussion on long-term goals; client is comfortable with the current strategy.
5346,308,25,Email,2022-09-04 00:00:00,Negative,Discussion reflected dissatisfaction with short-term performance; follow-up has been scheduled.
5347,168,33,Email,2024-08-27 00:00:00,Neutral,Routine check-in completed; no major changes requested at this time.
5348,963,14,Meeting,2025-08-15 00:00:00,Positive,Constructive conversation with strong engagement; client requested additional retirement scenarios.
5349,967,34,Email,2022-10-16 00:00:00,Neutral,Provided account update and answered standard questions on holdings and recent activity.
5350,637,27,Email,2023-11-21 00:00:00,Positive,Client expressed satisfaction with recent performance and welcomed follow-up next quarter.
5351,487,38,Video Conference,2023-02-06 00:00:00,Neutral,General discussion on market conditions; client prefers to maintain the current plan for now.
5352,801,10,Email,2024-12-21 00:00:00,Neutral,Provided account update and answered standard questions on holdings and recent activity.
5353,776,43,Video Conference,2025-01-23 00:00:00,Neutral,Provided account update and answered standard questions on holdings and recent activity.
5354,276,36,Email,2022-02-01 00:00:00,Neutral,Provided account update and answered standard questions on holdings and recent activity.
5355,255,11,Meeting,2024-03-26 00:00:00,Positive,Positive discussion on long-term goals; client is comfortable with the current strategy.
5356,1000,38,Email,2021-08-15 00:00:00,Positive,Positive discussion on long-term goals; client is comfortable with the current strategy.
5357,437,14,Video Conference,2024-07-25 00:00:00,Negative,Client requested clarification on fees and portfolio positioning after recent market movements.
5358,449,40,Email,2021-05-02 00:00:00,Neutral,Routine check-in completed; no major changes requested at this time.
5359,196,19,Call,2025-02-18 00:00:00,Positive,Client appreciated the portfolio review and agreed with the proposed allocation changes.
5360,758,36,Call,2023-04-21 00:00:00,Positive,Meeting went well; client approved the recommended diversification plan.
5361,61,23,Meeting,2025-10-13 00:00:00,Neutral,Interaction focused on regular portfolio maintenance with no urgent actions identified.
5362,105,24,Meeting,2023-11-29 00:00:00,Neutral,Routine check-in completed; no major changes requested at this time.
5363,706,7,Call,2026-04-27 00:00:00,Neutral,Routine check-in completed; no major changes requested at this time.
5364,933,12,Call,2023-05-24 00:00:00,Positive,Meeting went well; client approved the recommended diversification plan.
5365,943,28,Call,2023-12-18 00:00:00,Negative,Client requested clarification on fees and portfolio positioning after recent market movements.
5366,665,5,Email,2022-11-27 00:00:00,Neutral,Provided account update and answered standard questions on holdings and recent activity.
5367,626,5,Call,2026-04-28 00:00:00,Positive,Client appreciated the portfolio review and agreed with the proposed allocation changes.
5368,978,49,Video Conference,2023-01-25 00:00:00,Negative,Client raised concerns about recent volatility and requested a detailed risk review.
5369,817,8,Call,2022-05-31 00:00:00,Positive,Meeting went well; client approved the recommended diversification plan.
5370,909,1,Meeting,2025-09-05 00:00:00,Positive,Client appreciated the portfolio review and agreed with the proposed allocation changes.
5371,168,44,Call,2022-11-26 00:00:00,Positive,Client expressed satisfaction with recent performance and welcomed follow-up next quarter.
5372,60,19,Meeting,2023-06-06 00:00:00,Negative,Interaction indicated frustration regarding drawdowns; advisor to prepare mitigation options.
5373,445,20,Meeting,2024-04-26 00:00:00,Negative,Interaction indicated frustration regarding drawdowns; advisor to prepare mitigation options.
5374,332,6,Meeting,2021-07-14 00:00:00,Positive,Positive discussion on long-term goals; client is comfortable with the current strategy.
5375,329,48,Email,2022-02-02 00:00:00,Neutral,General discussion on market conditions; client prefers to maintain the current plan for now.
5376,843,13,Meeting,2024-09-23 00:00:00,Positive,Client expressed satisfaction with recent performance and welcomed follow-up next quarter.
5377,469,43,Call,2022-05-26 00:00:00,Positive,Meeting went well; client approved the recommended diversification plan.
5378,605,48,Meeting,2026-01-07 00:00:00,Negative,Interaction indicated frustration regarding drawdowns; advisor to prepare mitigation options.
5379,941,45,Email,2025-07-23 00:00:00,Positive,Constructive conversation with strong engagement; client requested additional retirement scenarios.
5380,15,41,Call,2021-01-12 00:00:00,Neutral,Provided account update and answered standard questions on holdings and recent activity.
5381,419,44,Email,2023-03-26 00:00:00,Positive,Constructive conversation with strong engagement; client requested additional retirement scenarios.
5382,484,19,Video Conference,2025-04-16 00:00:00,Neutral,Routine check-in completed; no major changes requested at this time.
5383,4,39,Email,2021-11-15 00:00:00,Neutral,Client reviewed the summary materials and asked for periodic monitoring to continue.
5384,355,31,Email,2023-03-09 00:00:00,Positive,Meeting went well; client approved the recommended diversification plan.
5385,26,44,Email,2022-01-30 00:00:00,Neutral,General discussion on market conditions; client prefers to maintain the current plan for now.
5386,147,5,Video Conference,2026-02-11 00:00:00,Positive,Positive discussion on long-term goals; client is comfortable with the current strategy.
5387,867,24,Email,2021-01-14 00:00:00,Positive,Meeting went well; client approved the recommended diversification plan.
5388,146,6,Email,2023-11-06 00:00:00,Positive,Positive discussion on long-term goals; client is comfortable with the current strategy.
5389,337,49,Email,2026-02-04 00:00:00,Positive,Client appreciated the portfolio review and agreed with the proposed allocation changes.
5390,574,22,Meeting,2024-10-15 00:00:00,Neutral,Provided account update and answered standard questions on holdings and recent activity.
5391,145,23,Call,2021-02-16 00:00:00,Neutral,Client reviewed the summary materials and asked for periodic monitoring to continue.
5392,856,50,Call,2022-08-10 00:00:00,Positive,Meeting went well; client approved the recommended diversification plan.
5393,232,4,Meeting,2023-01-04 00:00:00,Positive,Client appreciated the portfolio review and agreed with the proposed allocation changes.
5394,241,42,Email,2023-03-06 00:00:00,Neutral,General discussion on market conditions; client prefers to maintain the current plan for now.
5395,896,15,Email,2025-03-24 00:00:00,Positive,Client appreciated the portfolio review and agreed with the proposed allocation changes.
5396,616,46,Email,2022-07-12 00:00:00,Neutral,Provided account update and answered standard questions on holdings and recent activity.
5397,482,25,Call,2025-09-02 00:00:00,Positive,Positive discussion on long-term goals; client is comfortable with the current strategy.
5398,719,50,Email,2021-07-15 00:00:00,Positive,Positive discussion on long-term goals; client is comfortable with the current strategy.
5399,265,23,Call,2025-06-30 00:00:00,Neutral,General discussion on market conditions; client prefers to maintain the current plan for now.
5400,370,48,Meeting,2026-02-05 00:00:00,Positive,Client appreciated the portfolio review and agreed with the proposed allocation changes.
5401,288,43,Call,2023-09-11 00:00:00,Neutral,General discussion on market conditions; client prefers to maintain the current plan for now.
5402,379,36,Call,2022-03-23 00:00:00,Positive,Positive discussion on long-term goals; client is comfortable with the current strategy.
5403,984,14,Call,2023-07-06 00:00:00,Positive,Client appreciated the portfolio review and agreed with the proposed allocation changes.
5404,155,46,Email,2021-11-02 00:00:00,Positive,Client expressed satisfaction with recent performance and welcomed follow-up next quarter.
5405,15,41,Email,2023-06-12 00:00:00,Neutral,Provided account update and answered standard questions on holdings and recent activity.
5406,902,21,Email,2022-01-27 00:00:00,Negative,Client requested clarification on fees and portfolio positioning after recent market movements.
5407,406,18,Meeting,2025-09-06 00:00:00,Positive,Constructive conversation with strong engagement; client requested additional retirement scenarios.
5408,904,45,Call,2022-12-19 00:00:00,Positive,Client appreciated the portfolio review and agreed with the proposed allocation changes.
5409,1000,49,Call,2022-09-15 00:00:00,Neutral,Provided account update and answered standard questions on holdings and recent activity.
5410,683,3,Meeting,2026-01-10 00:00:00,Positive,Client appreciated the portfolio review and agreed with the proposed allocation changes.
5411,762,23,Meeting,2022-09-19 00:00:00,Positive,Client appreciated the portfolio review and agreed with the proposed allocation changes.
5412,819,34,Video Conference,2022-06-21 00:00:00,Positive,Meeting went well; client approved the recommended diversification plan.
5413,234,2,Video Conference,2025-07-14 00:00:00,Negative,Client requested clarification on fees and portfolio positioning after recent market movements.
5414,83,4,Call,2024-01-08 00:00:00,Positive,Client expressed satisfaction with recent performance and welcomed follow-up next quarter.
5415,992,42,Call,2022-10-23 00:00:00,Neutral,Routine check-in completed; no major changes requested at this time.
5416,797,23,Call,2021-09-29 00:00:00,Neutral,Client reviewed the summary materials and asked for periodic monitoring to continue.
5417,554,46,Meeting,2021-02-04 00:00:00,Neutral,Interaction focused on regular portfolio maintenance with no urgent actions identified.
5418,473,34,Email,2021-11-12 00:00:00,Neutral,Routine check-in completed; no major changes requested at this time.
5419,299,12,Email,2021-04-19 00:00:00,Neutral,Interaction focused on regular portfolio maintenance with no urgent actions identified.
5420,57,8,Call,2026-04-03 00:00:00,Positive,Meeting went well; client approved the recommended diversification plan.
5421,161,27,Meeting,2021-10-14 00:00:00,Positive,Constructive conversation with strong engagement; client requested additional retirement scenarios.
5422,490,40,Email,2024-10-03 00:00:00,Positive,Client expressed satisfaction with recent performance and welcomed follow-up next quarter.
5423,211,28,Email,2021-01-17 00:00:00,Positive,Meeting went well; client approved the recommended diversification plan.
5424,636,7,Video Conference,2022-06-18 00:00:00,Negative,Client raised concerns about recent volatility and requested a detailed risk review.
5425,959,47,Call,2022-10-19 00:00:00,Neutral,Client reviewed the summary materials and asked for periodic monitoring to continue.
5426,489,15,Call,2024-08-01 00:00:00,Positive,Constructive conversation with strong engagement; client requested additional retirement scenarios.
5427,960,3,Call,2021-01-14 00:00:00,Positive,Client appreciated the portfolio review and agreed with the proposed allocation changes.
5428,259,3,Call,2024-05-06 00:00:00,Positive,Meeting went well; client approved the recommended diversification plan.
5429,756,11,Meeting,2021-08-07 00:00:00,Positive,Client appreciated the portfolio review and agreed with the proposed allocation changes.
5430,275,31,Call,2021-09-19 00:00:00,Negative,Client requested clarification on fees and portfolio positioning after recent market movements.
5431,397,14,Email,2024-09-01 00:00:00,Positive,Client expressed satisfaction with recent performance and welcomed follow-up next quarter.
5432,423,22,Email,2025-11-14 00:00:00,Neutral,Client reviewed the summary materials and asked for periodic monitoring to continue.
5433,548,21,Email,2025-04-03 00:00:00,Neutral,General discussion on market conditions; client prefers to maintain the current plan for now.
5434,617,42,Call,2025-02-28 00:00:00,Positive,Constructive conversation with strong engagement; client requested additional retirement scenarios.
5435,834,31,Video Conference,2022-01-29 00:00:00,Positive,Client appreciated the portfolio review and agreed with the proposed allocation changes.
5436,33,23,Call,2024-02-02 00:00:00,Neutral,Routine check-in completed; no major changes requested at this time.
5437,467,14,Call,2023-01-01 00:00:00,Neutral,Provided account update and answered standard questions on holdings and recent activity.
5438,10,41,Email,2024-12-05 00:00:00,Positive,Client expressed satisfaction with recent performance and welcomed follow-up next quarter.
5439,502,31,Meeting,2023-09-14 00:00:00,Positive,Constructive conversation with strong engagement; client requested additional retirement scenarios.
5440,950,43,Video Conference,2025-11-19 00:00:00,Negative,Client requested clarification on fees and portfolio positioning after recent market movements.
5441,952,49,Meeting,2022-06-28 00:00:00,Neutral,Client reviewed the summary materials and asked for periodic monitoring to continue.
5442,379,32,Call,2024-11-09 00:00:00,Positive,Client expressed satisfaction with recent performance and welcomed follow-up next quarter.
5443,201,9,Meeting,2021-09-15 00:00:00,Neutral,Provided account update and answered standard questions on holdings and recent activity.
5444,986,19,Call,2024-02-16 00:00:00,Neutral,Routine check-in completed; no major changes requested at this time.
5445,140,17,Email,2021-11-14 00:00:00,Neutral,Client reviewed the summary materials and asked for periodic monitoring to continue.
5446,1000,38,Call,2024-08-06 00:00:00,Positive,Client appreciated the portfolio review and agreed with the proposed allocation changes.
5447,275,31,Meeting,2023-04-02 00:00:00,Neutral,Provided account update and answered standard questions on holdings and recent activity.
5448,611,19,Call,2025-08-29 00:00:00,Positive,Positive discussion on long-term goals; client is comfortable with the current strategy.
5449,633,10,Call,2023-04-04 00:00:00,Positive,Client expressed satisfaction with recent performance and welcomed follow-up next quarter.
5450,130,33,Email,2026-01-18 00:00:00,Positive,Constructive conversation with strong engagement; client requested additional retirement scenarios.
5451,660,8,Email,2022-01-31 00:00:00,Neutral,Routine check-in completed; no major changes requested at this time.
5452,586,21,Meeting,2024-03-01 00:00:00,Positive,Constructive conversation with strong engagement; client requested additional retirement scenarios.
5453,992,7,Call,2021-08-02 00:00:00,Positive,Meeting went well; client approved the recommended diversification plan.
5454,561,15,Email,2021-05-24 00:00:00,Neutral,General discussion on market conditions; client prefers to maintain the current plan for now.
5455,925,40,Meeting,2024-01-01 00:00:00,Negative,Client raised concerns about recent volatility and requested a detailed risk review.
5456,777,39,Video Conference,2024-12-18 00:00:00,Positive,Meeting went well; client approved the recommended diversification plan.
5457,265,47,Call,2023-07-13 00:00:00,Positive,Client appreciated the portfolio review and agreed with the proposed allocation changes.
5458,562,11,Call,2025-09-30 00:00:00,Positive,Positive discussion on long-term goals; client is comfortable with the current strategy.
5459,210,46,Call,2021-12-01 00:00:00,Neutral,General discussion on market conditions; client prefers to maintain the current plan for now.
5460,250,1,Email,2024-11-17 00:00:00,Positive,Client appreciated the portfolio review and agreed with the proposed allocation changes.
5461,675,20,Call,2023-05-15 00:00:00,Positive,Meeting went well; client approved the recommended diversification plan.
5462,441,46,Call,2021-08-18 00:00:00,Negative,Client expressed concern over communication frequency and expects a more proactive update cadence.
5463,275,31,Email,2022-11-21 00:00:00,Positive,Constructive conversation with strong engagement; client requested additional retirement scenarios.
5464,619,4,Call,2026-01-05 00:00:00,Positive,Positive discussion on long-term goals; client is comfortable with the current strategy.
5465,351,26,Meeting,2024-08-07 00:00:00,Positive,Constructive conversation with strong engagement; client requested additional retirement scenarios.
5466,455,13,Call,2021-01-26 00:00:00,Positive,Client expressed satisfaction with recent performance and welcomed follow-up next quarter.
5467,751,50,Meeting,2024-07-19 00:00:00,Negative,Client expressed concern over communication frequency and expects a more proactive update cadence.
5468,340,1,Email,2021-04-30 00:00:00,Positive,Client expressed satisfaction with recent performance and welcomed follow-up next quarter.
5469,765,23,Meeting,2024-08-03 00:00:00,Positive,Constructive conversation with strong engagement; client requested additional retirement scenarios.
5470,579,15,Call,2024-12-01 00:00:00,Positive,Client expressed satisfaction with recent performance and welcomed follow-up next quarter.
5471,335,11,Call,2023-11-23 00:00:00,Positive,Meeting went well; client approved the recommended diversification plan.
5472,66,6,Call,2025-02-27 00:00:00,Negative,Interaction indicated frustration regarding drawdowns; advisor to prepare mitigation options.
5473,916,46,Video Conference,2022-11-07 00:00:00,Positive,Client appreciated the portfolio review and agreed with the proposed allocation changes.
5474,284,38,Meeting,2022-10-12 00:00:00,Neutral,Provided account update and answered standard questions on holdings and recent activity.
5475,183,32,Email,2022-02-22 00:00:00,Neutral,Routine check-in completed; no major changes requested at this time.
5476,328,35,Meeting,2021-11-25 00:00:00,Negative,Client expressed concern over communication frequency and expects a more proactive update cadence.
5477,85,45,Email,2022-01-02 00:00:00,Negative,Client expressed concern over communication frequency and expects a more proactive update cadence.
5478,182,4,Call,2021-05-26 00:00:00,Positive,Constructive conversation with strong engagement; client requested additional retirement scenarios.
5479,569,32,Email,2023-12-22 00:00:00,Neutral,General discussion on market conditions; client prefers to maintain the current plan for now.
5480,470,39,Meeting,2022-10-06 00:00:00,Neutral,Client reviewed the summary materials and asked for periodic monitoring to continue.
5481,882,38,Call,2026-04-12 00:00:00,Positive,Client appreciated the portfolio review and agreed with the proposed allocation changes.
5482,495,28,Email,2023-01-17 00:00:00,Positive,Client appreciated the portfolio review and agreed with the proposed allocation changes.
5483,991,5,Meeting,2023-02-24 00:00:00,Positive,Client appreciated the portfolio review and agreed with the proposed allocation changes.
5484,560,42,Call,2024-05-31 00:00:00,Negative,Discussion reflected dissatisfaction with short-term performance; follow-up has been scheduled.
5485,925,26,Meeting,2022-11-12 00:00:00,Positive,Meeting went well; client approved the recommended diversification plan.
5486,511,11,Meeting,2022-06-28 00:00:00,Positive,Constructive conversation with strong engagement; client requested additional retirement scenarios.
5487,196,23,Call,2023-03-09 00:00:00,Positive,Client appreciated the portfolio review and agreed with the proposed allocation changes.
5488,371,7,Email,2022-05-10 00:00:00,Positive,Meeting went well; client approved the recommended diversification plan.
5489,624,5,Meeting,2021-09-10 00:00:00,Neutral,Routine check-in completed; no major changes requested at this time.
5490,917,25,Meeting,2024-11-26 00:00:00,Neutral,Interaction focused on regular portfolio maintenance with no urgent actions identified.
5491,288,43,Meeting,2022-02-12 00:00:00,Negative,Discussion reflected dissatisfaction with short-term performance; follow-up has been scheduled.
5492,592,46,Email,2025-06-29 00:00:00,Positive,Meeting went well; client approved the recommended diversification plan.
5493,367,6,Call,2021-10-30 00:00:00,Positive,Positive discussion on long-term goals; client is comfortable with the current strategy.
5494,279,41,Email,2021-09-27 00:00:00,Neutral,Client reviewed the summary materials and asked for periodic monitoring to continue.
5495,911,17,Email,2022-02-26 00:00:00,Positive,Client expressed satisfaction with recent performance and welcomed follow-up next quarter.
5496,146,6,Meeting,2022-12-01 00:00:00,Neutral,Provided account update and answered standard questions on holdings and recent activity.
5497,838,33,Call,2022-11-20 00:00:00,Negative,Client raised concerns about recent volatility and requested a detailed risk review.
5498,821,8,Email,2025-02-28 00:00:00,Positive,Positive discussion on long-term goals; client is comfortable with the current strategy.
5499,788,20,Meeting,2021-03-09 00:00:00,Neutral,Provided account update and answered standard questions on holdings and recent activity.
5500,357,3,Call,2023-12-24 00:00:00,Positive,Constructive conversation with strong engagement; client requested additional retirement scenarios.
5501,47,22,Meeting,2022-01-01 00:00:00,Positive,Client expressed satisfaction with recent performance and welcomed follow-up next quarter.
5502,212,47,Call,2025-05-11 00:00:00,Neutral,Provided account update and answered standard questions on holdings and recent activity.
5503,213,27,Meeting,2025-11-16 00:00:00,Positive,Client appreciated the portfolio review and agreed with the proposed allocation changes.
5504,994,39,Meeting,2023-07-05 00:00:00,Negative,Discussion reflected dissatisfaction with short-term performance; follow-up has been scheduled.
5505,491,50,Video Conference,2026-03-09 00:00:00,Neutral,Routine check-in completed; no major changes requested at this time.
5506,813,16,Meeting,2025-09-14 00:00:00,Positive,Meeting went well; client approved the recommended diversification plan.
5507,926,32,Meeting,2024-02-29 00:00:00,Positive,Constructive conversation with strong engagement; client requested additional retirement scenarios.
5508,585,15,Call,2026-05-04 00:00:00,Positive,Client appreciated the portfolio review and agreed with the proposed allocation changes.
5509,611,19,Email,2021-03-13 00:00:00,Positive,Client appreciated the portfolio review and agreed with the proposed allocation changes.
5510,105,24,Call,2025-08-30 00:00:00,Positive,Meeting went well; client approved the recommended diversification plan.
5511,240,27,Email,2023-09-26 00:00:00,Positive,Meeting went well; client approved the recommended diversification plan.
5512,156,10,Email,2021-09-07 00:00:00,Neutral,Client reviewed the summary materials and asked for periodic monitoring to continue.
5513,516,42,Call,2022-03-04 00:00:00,Neutral,General discussion on market conditions; client prefers to maintain the current plan for now.
5514,175,17,Meeting,2024-05-24 00:00:00,Positive,Positive discussion on long-term goals; client is comfortable with the current strategy.
5515,78,18,Call,2026-02-28 00:00:00,Positive,Meeting went well; client approved the recommended diversification plan.
5516,438,43,Call,2023-09-04 00:00:00,Neutral,General discussion on market conditions; client prefers to maintain the current plan for now.
5517,927,45,Call,2026-02-27 00:00:00,Positive,Positive discussion on long-term goals; client is comfortable with the current strategy.
5518,691,21,Call,2022-07-27 00:00:00,Positive,Client expressed satisfaction with recent performance and welcomed follow-up next quarter.
5519,860,49,Email,2024-08-25 00:00:00,Positive,Client expressed satisfaction with recent performance and welcomed follow-up next quarter.
5520,347,6,Email,2022-11-20 00:00:00,Positive,Client expressed satisfaction with recent performance and welcomed follow-up next quarter.
5521,715,22,Call,2022-08-30 00:00:00,Positive,Positive discussion on long-term goals; client is comfortable with the current strategy.
5522,959,47,Email,2021-10-08 00:00:00,Positive,Constructive conversation with strong engagement; client requested additional retirement scenarios.
5523,345,31,Email,2022-03-22 00:00:00,Positive,Constructive conversation with strong engagement; client requested additional retirement scenarios.
5524,278,12,Video Conference,2025-12-03 00:00:00,Positive,Constructive conversation with strong engagement; client requested additional retirement scenarios.
5525,107,6,Email,2022-04-18 00:00:00,Positive,Client expressed satisfaction with recent performance and welcomed follow-up next quarter.
5526,282,26,Call,2023-06-12 00:00:00,Positive,Positive discussion on long-term goals; client is comfortable with the current strategy.
5527,836,17,Meeting,2021-06-14 00:00:00,Positive,Client appreciated the portfolio review and agreed with the proposed allocation changes.
5528,30,30,Email,2022-11-06 00:00:00,Positive,Positive discussion on long-term goals; client is comfortable with the current strategy.
5529,449,40,Meeting,2025-12-13 00:00:00,Positive,Constructive conversation with strong engagement; client requested additional retirement scenarios.
5530,835,18,Meeting,2025-06-28 00:00:00,Neutral,Routine check-in completed; no major changes requested at this time.
5531,176,46,Email,2024-01-19 00:00:00,Negative,Client expressed concern over communication frequency and expects a more proactive update cadence.
5532,573,33,Call,2024-08-09 00:00:00,Positive,Positive discussion on long-term goals; client is comfortable with the current strategy.
5533,422,10,Call,2023-09-11 00:00:00,Positive,Client appreciated the portfolio review and agreed with the proposed allocation changes.
5534,671,3,Call,2022-12-04 00:00:00,Neutral,General discussion on market conditions; client prefers to maintain the current plan for now.
5535,947,49,Email,2023-05-03 00:00:00,Positive,Meeting went well; client approved the recommended diversification plan.
5536,910,43,Call,2023-01-04 00:00:00,Positive,Constructive conversation with strong engagement; client requested additional retirement scenarios.
5537,989,29,Email,2025-02-26 00:00:00,Positive,Positive discussion on long-term goals; client is comfortable with the current strategy.
5538,886,31,Email,2022-11-16 00:00:00,Positive,Client expressed satisfaction with recent performance and welcomed follow-up next quarter.
5539,140,17,Email,2025-08-15 00:00:00,Positive,Positive discussion on long-term goals; client is comfortable with the current strategy.
5540,962,38,Meeting,2022-08-29 00:00:00,Positive,Meeting went well; client approved the recommended diversification plan.
5541,153,14,Video Conference,2022-01-21 00:00:00,Negative,Client expressed concern over communication frequency and expects a more proactive update cadence.
5542,23,11,Email,2025-03-31 00:00:00,Positive,Constructive conversation with strong engagement; client requested additional retirement scenarios.
5543,512,19,Email,2024-02-26 00:00:00,Positive,Client expressed satisfaction with recent performance and welcomed follow-up next quarter.
5544,312,34,Email,2024-07-14 00:00:00,Neutral,Interaction focused on regular portfolio maintenance with no urgent actions identified.
5545,485,8,Call,2021-05-18 00:00:00,Positive,Client expressed satisfaction with recent performance and welcomed follow-up next quarter.
5546,379,32,Call,2023-06-06 00:00:00,Positive,Constructive conversation with strong engagement; client requested additional retirement scenarios.
5547,299,41,Call,2023-06-26 00:00:00,Negative,Client raised concerns about recent volatility and requested a detailed risk review.
5548,27,25,Meeting,2023-04-03 00:00:00,Positive,Client expressed satisfaction with recent performance and welcomed follow-up next quarter.
5549,655,32,Email,2023-02-04 00:00:00,Negative,Interaction indicated frustration regarding drawdowns; advisor to prepare mitigation options.
5550,363,37,Call,2024-01-27 00:00:00,Positive,Positive discussion on long-term goals; client is comfortable with the current strategy.
5551,9,37,Call,2021-04-16 00:00:00,Negative,Interaction indicated frustration regarding drawdowns; advisor to prepare mitigation options.
5552,399,27,Email,2025-06-10 00:00:00,Positive,Positive discussion on long-term goals; client is comfortable with the current strategy.
5553,872,37,Call,2022-09-12 00:00:00,Positive,Client expressed satisfaction with recent performance and welcomed follow-up next quarter.
5554,439,22,Call,2025-01-11 00:00:00,Positive,Positive discussion on long-term goals; client is comfortable with the current strategy.
5555,308,25,Video Conference,2023-05-02 00:00:00,Negative,Discussion reflected dissatisfaction with short-term performance; follow-up has been scheduled.
5556,339,13,Call,2025-07-04 00:00:00,Positive,Client appreciated the portfolio review and agreed with the proposed allocation changes.
5557,189,44,Meeting,2025-06-22 00:00:00,Negative,Client requested clarification on fees and portfolio positioning after recent market movements.
5558,666,14,Email,2022-11-29 00:00:00,Positive,Client appreciated the portfolio review and agreed with the proposed allocation changes.
5559,455,40,Email,2024-04-25 00:00:00,Positive,Meeting went well; client approved the recommended diversification plan.
5560,746,40,Call,2024-10-15 00:00:00,Negative,Client expressed concern over communication frequency and expects a more proactive update cadence.
5561,1,32,Meeting,2021-06-21 00:00:00,Negative,Client raised concerns about recent volatility and requested a detailed risk review.
5562,749,43,Call,2024-10-02 00:00:00,Neutral,General discussion on market conditions; client prefers to maintain the current plan for now.
5563,704,4,Call,2023-07-12 00:00:00,Neutral,Routine check-in completed; no major changes requested at this time.
5564,739,17,Email,2021-09-10 00:00:00,Positive,Positive discussion on long-term goals; client is comfortable with the current strategy.
5565,143,28,Video Conference,2023-10-02 00:00:00,Neutral,General discussion on market conditions; client prefers to maintain the current plan for now.
5566,468,12,Call,2024-02-18 00:00:00,Negative,Discussion reflected dissatisfaction with short-term performance; follow-up has been scheduled.
5567,730,23,Meeting,2022-08-07 00:00:00,Neutral,General discussion on market conditions; client prefers to maintain the current plan for now.
5568,3,25,Email,2023-10-06 00:00:00,Positive,Constructive conversation with strong engagement; client requested additional retirement scenarios.
5569,153,14,Email,2024-10-19 00:00:00,Positive,Meeting went well; client approved the recommended diversification plan.
5570,557,49,Email,2023-11-21 00:00:00,Positive,Positive discussion on long-term goals; client is comfortable with the current strategy.
5571,219,49,Video Conference,2024-09-13 00:00:00,Positive,Meeting went well; client approved the recommended diversification plan.
5572,653,6,Call,2024-01-01 00:00:00,Neutral,Interaction focused on regular portfolio maintenance with no urgent actions identified.
5573,920,16,Email,2025-05-26 00:00:00,Positive,Meeting went well; client approved the recommended diversification plan.
5574,676,15,Video Conference,2024-12-21 00:00:00,Positive,Meeting went well; client approved the recommended diversification plan.
5575,642,24,Email,2021-09-02 00:00:00,Negative,Discussion reflected dissatisfaction with short-term performance; follow-up has been scheduled.
5576,923,8,Email,2024-05-15 00:00:00,Positive,Positive discussion on long-term goals; client is comfortable with the current strategy.
5577,411,42,Meeting,2022-03-17 00:00:00,Positive,Client appreciated the portfolio review and agreed with the proposed allocation changes.
5578,994,3,Call,2021-06-10 00:00:00,Positive,Meeting went well; client approved the recommended diversification plan.
5579,360,50,Video Conference,2024-06-05 00:00:00,Positive,Client expressed satisfaction with recent performance and welcomed follow-up next quarter.
5580,640,9,Email,2026-04-24 00:00:00,Neutral,Client reviewed the summary materials and asked for periodic monitoring to continue.
5581,530,43,Video Conference,2021-01-04 00:00:00,Negative,Client expressed concern over communication frequency and expects a more proactive update cadence.
5582,853,41,Call,2024-07-09 00:00:00,Positive,Client expressed satisfaction with recent performance and welcomed follow-up next quarter.
5583,529,29,Call,2025-02-06 00:00:00,Neutral,General discussion on market conditions; client prefers to maintain the current plan for now.
5584,386,5,Email,2024-10-25 00:00:00,Neutral,Provided account update and answered standard questions on holdings and recent activity.
5585,40,33,Call,2023-11-07 00:00:00,Positive,Meeting went well; client approved the recommended diversification plan.
5586,514,42,Email,2022-09-23 00:00:00,Positive,Client appreciated the portfolio review and agreed with the proposed allocation changes.
5587,506,40,Video Conference,2025-09-23 00:00:00,Positive,Client appreciated the portfolio review and agreed with the proposed allocation changes.
5588,765,23,Meeting,2021-11-10 00:00:00,Positive,Client appreciated the portfolio review and agreed with the proposed allocation changes.
5589,944,5,Call,2026-01-23 00:00:00,Positive,Meeting went well; client approved the recommended diversification plan.
5590,471,34,Email,2025-09-27 00:00:00,Neutral,General discussion on market conditions; client prefers to maintain the current plan for now.
5591,893,38,Meeting,2024-06-15 00:00:00,Positive,Constructive conversation with strong engagement; client requested additional retirement scenarios.
5592,93,48,Meeting,2022-09-13 00:00:00,Positive,Meeting went well; client approved the recommended diversification plan.
5593,885,47,Video Conference,2021-08-21 00:00:00,Negative,Client raised concerns about recent volatility and requested a detailed risk review.
5594,165,45,Call,2023-12-25 00:00:00,Positive,Client appreciated the portfolio review and agreed with the proposed allocation changes.
5595,249,18,Meeting,2026-04-19 00:00:00,Negative,Interaction indicated frustration regarding drawdowns; advisor to prepare mitigation options.
5596,194,37,Email,2024-09-22 00:00:00,Positive,Client appreciated the portfolio review and agreed with the proposed allocation changes.
5597,193,22,Call,2025-10-02 00:00:00,Neutral,Interaction focused on regular portfolio maintenance with no urgent actions identified.
5598,370,48,Meeting,2022-04-21 00:00:00,Positive,Constructive conversation with strong engagement; client requested additional retirement scenarios.
5599,708,26,Call,2023-09-06 00:00:00,Positive,Constructive conversation with strong engagement; client requested additional retirement scenarios.
5600,111,31,Call,2024-04-22 00:00:00,Positive,Meeting went well; client approved the recommended diversification plan.
5601,817,8,Call,2024-04-25 00:00:00,Positive,Constructive conversation with strong engagement; client requested additional retirement scenarios.
5602,804,32,Call,2023-04-16 00:00:00,Positive,Constructive conversation with strong engagement; client requested additional retirement scenarios.
5603,815,44,Video Conference,2023-10-14 00:00:00,Positive,Positive discussion on long-term goals; client is comfortable with the current strategy.
5604,568,5,Email,2026-05-18 00:00:00,Neutral,Provided account update and answered standard questions on holdings and recent activity.
5605,493,34,Video Conference,2025-03-21 00:00:00,Neutral,General discussion on market conditions; client prefers to maintain the current plan for now.
5606,281,30,Meeting,2021-12-25 00:00:00,Neutral,General discussion on market conditions; client prefers to maintain the current plan for now.
5607,444,3,Email,2023-10-03 00:00:00,Positive,Client expressed satisfaction with recent performance and welcomed follow-up next quarter.
5608,813,16,Email,2022-11-22 00:00:00,Neutral,Client reviewed the summary materials and asked for periodic monitoring to continue.
5609,39,40,Call,2023-08-07 00:00:00,Neutral,Client reviewed the summary materials and asked for periodic monitoring to continue.
5610,181,47,Call,2023-06-19 00:00:00,Positive,Constructive conversation with strong engagement; client requested additional retirement scenarios.
5611,258,39,Email,2024-06-28 00:00:00,Positive,Positive discussion on long-term goals; client is comfortable with the current strategy.
5612,530,30,Video Conference,2024-05-10 00:00:00,Neutral,Routine check-in completed; no major changes requested at this time.
5613,205,15,Email,2025-04-20 00:00:00,Positive,Client expressed satisfaction with recent performance and welcomed follow-up next quarter.
5614,327,41,Call,2021-04-24 00:00:00,Positive,Client expressed satisfaction with recent performance and welcomed follow-up next quarter.
5615,117,2,Meeting,2025-10-29 00:00:00,Negative,Interaction indicated frustration regarding drawdowns; advisor to prepare mitigation options.
5616,160,11,Call,2025-09-14 00:00:00,Positive,Meeting went well; client approved the recommended diversification plan.
5617,168,44,Email,2023-05-24 00:00:00,Neutral,Routine check-in completed; no major changes requested at this time.
5618,505,27,Email,2022-08-07 00:00:00,Positive,Meeting went well; client approved the recommended diversification plan.
5619,136,43,Call,2024-09-07 00:00:00,Neutral,Provided account update and answered standard questions on holdings and recent activity.
5620,717,37,Meeting,2021-08-09 00:00:00,Positive,Meeting went well; client approved the recommended diversification plan.
5621,914,32,Call,2025-04-20 00:00:00,Positive,Meeting went well; client approved the recommended diversification plan.
5622,503,16,Video Conference,2022-11-26 00:00:00,Positive,Client expressed satisfaction with recent performance and welcomed follow-up next quarter.
5623,143,28,Video Conference,2022-07-03 00:00:00,Negative,Client expressed concern over communication frequency and expects a more proactive update cadence.
5624,633,10,Video Conference,2024-04-06 00:00:00,Positive,Positive discussion on long-term goals; client is comfortable with the current strategy.
5625,646,6,Call,2023-11-19 00:00:00,Positive,Client appreciated the portfolio review and agreed with the proposed allocation changes.
5626,495,48,Video Conference,2026-04-21 00:00:00,Positive,Positive discussion on long-term goals; client is comfortable with the current strategy.
5627,858,10,Call,2025-01-22 00:00:00,Positive,Meeting went well; client approved the recommended diversification plan.
5628,91,30,Email,2026-05-08 00:00:00,Positive,Client appreciated the portfolio review and agreed with the proposed allocation changes.
5629,104,31,Email,2026-05-11 00:00:00,Positive,Client expressed satisfaction with recent performance and welcomed follow-up next quarter.
5630,543,49,Video Conference,2023-09-12 00:00:00,Positive,Meeting went well; client approved the recommended diversification plan.
5631,286,50,Call,2023-02-10 00:00:00,Negative,Interaction indicated frustration regarding drawdowns; advisor to prepare mitigation options.
5632,37,40,Email,2026-04-02 00:00:00,Positive,Meeting went well; client approved the recommended diversification plan.
5633,646,6,Email,2025-10-06 00:00:00,Neutral,Client reviewed the summary materials and asked for periodic monitoring to continue.
5634,925,21,Call,2024-05-06 00:00:00,Neutral,Provided account update and answered standard questions on holdings and recent activity.
5635,273,32,Call,2026-04-24 00:00:00,Negative,Client expressed concern over communication frequency and expects a more proactive update cadence.
5636,559,44,Call,2025-05-04 00:00:00,Negative,Discussion reflected dissatisfaction with short-term performance; follow-up has been scheduled.
5637,731,37,Meeting,2022-03-02 00:00:00,Positive,Meeting went well; client approved the recommended diversification plan.
5638,28,31,Email,2021-12-16 00:00:00,Positive,Meeting went well; client approved the recommended diversification plan.
5639,717,26,Call,2021-04-13 00:00:00,Neutral,General discussion on market conditions; client prefers to maintain the current plan for now.
5640,540,22,Video Conference,2025-08-14 00:00:00,Negative,Client raised concerns about recent volatility and requested a detailed risk review.
5641,562,39,Meeting,2024-04-08 00:00:00,Positive,Constructive conversation with strong engagement; client requested additional retirement scenarios.
5642,306,38,Call,2025-08-07 00:00:00,Positive,Client expressed satisfaction with recent performance and welcomed follow-up next quarter.
5643,34,21,Email,2025-02-24 00:00:00,Negative,Client requested clarification on fees and portfolio positioning after recent market movements.
5644,352,6,Call,2021-07-28 00:00:00,Negative,Client raised concerns about recent volatility and requested a detailed risk review.
5645,590,6,Call,2024-11-20 00:00:00,Neutral,Client reviewed the summary materials and asked for periodic monitoring to continue.
5646,35,1,Email,2023-12-25 00:00:00,Neutral,Provided account update and answered standard questions on holdings and recent activity.
5647,779,19,Video Conference,2024-08-19 00:00:00,Positive,Constructive conversation with strong engagement; client requested additional retirement scenarios.
5648,779,47,Email,2021-07-19 00:00:00,Positive,Client appreciated the portfolio review and agreed with the proposed allocation changes.
5649,956,23,Meeting,2023-07-12 00:00:00,Neutral,Routine check-in completed; no major changes requested at this time.
5650,720,10,Call,2023-05-10 00:00:00,Neutral,Routine check-in completed; no major changes requested at this time.
5651,625,40,Meeting,2021-09-18 00:00:00,Positive,Client appreciated the portfolio review and agreed with the proposed allocation changes.
5652,101,33,Email,2026-02-07 00:00:00,Positive,Constructive conversation with strong engagement; client requested additional retirement scenarios.
5653,76,7,Call,2024-09-08 00:00:00,Neutral,Provided account update and answered standard questions on holdings and recent activity.
5654,757,14,Email,2024-01-27 00:00:00,Neutral,General discussion on market conditions; client prefers to maintain the current plan for now.
5655,779,16,Meeting,2026-01-08 00:00:00,Negative,Discussion reflected dissatisfaction with short-term performance; follow-up has been scheduled.
5656,476,37,Email,2023-10-14 00:00:00,Positive,Client expressed satisfaction with recent performance and welcomed follow-up next quarter.
5657,854,10,Meeting,2021-05-07 00:00:00,Positive,Client appreciated the portfolio review and agreed with the proposed allocation changes.
5658,63,10,Call,2024-01-04 00:00:00,Negative,Client raised concerns about recent volatility and requested a detailed risk review.
5659,819,10,Video Conference,2022-09-05 00:00:00,Positive,Meeting went well; client approved the recommended diversification plan.
5660,816,17,Email,2026-01-20 00:00:00,Positive,Positive discussion on long-term goals; client is comfortable with the current strategy.
5661,696,9,Video Conference,2022-12-22 00:00:00,Positive,Meeting went well; client approved the recommended diversification plan.
5662,276,16,Email,2025-12-19 00:00:00,Neutral,Interaction focused on regular portfolio maintenance with no urgent actions identified.
5663,993,39,Call,2024-07-07 00:00:00,Positive,Client expressed satisfaction with recent performance and welcomed follow-up next quarter.
5664,84,22,Video Conference,2022-08-07 00:00:00,Neutral,General discussion on market conditions; client prefers to maintain the current plan for now.
5665,574,22,Meeting,2024-06-13 00:00:00,Neutral,Provided account update and answered standard questions on holdings and recent activity.
5666,355,31,Email,2023-11-01 00:00:00,Positive,Constructive conversation with strong engagement; client requested additional retirement scenarios.
5667,152,26,Call,2025-03-02 00:00:00,Negative,Client requested clarification on fees and portfolio positioning after recent market movements.
5668,339,13,Email,2025-10-02 00:00:00,Positive,Positive discussion on long-term goals; client is comfortable with the current strategy.
5669,148,31,Email,2021-09-05 00:00:00,Positive,Meeting went well; client approved the recommended diversification plan.
5670,403,40,Meeting,2023-03-13 00:00:00,Neutral,Provided account update and answered standard questions on holdings and recent activity.
5671,253,14,Video Conference,2021-09-19 00:00:00,Positive,Client expressed satisfaction with recent performance and welcomed follow-up next quarter.
5672,696,34,Email,2024-12-10 00:00:00,Positive,Positive discussion on long-term goals; client is comfortable with the current strategy.
5673,639,23,Call,2026-03-08 00:00:00,Positive,Client appreciated the portfolio review and agreed with the proposed allocation changes.
5674,904,15,Meeting,2022-12-14 00:00:00,Positive,Constructive conversation with strong engagement; client requested additional retirement scenarios.
5675,556,27,Email,2025-09-29 00:00:00,Neutral,Routine check-in completed; no major changes requested at this time.
5676,825,24,Call,2026-04-10 00:00:00,Negative,Discussion reflected dissatisfaction with short-term performance; follow-up has been scheduled.
5677,710,42,Meeting,2022-08-28 00:00:00,Negative,Interaction indicated frustration regarding drawdowns; advisor to prepare mitigation options.
5678,134,11,Email,2023-11-13 00:00:00,Neutral,Provided account update and answered standard questions on holdings and recent activity.
5679,220,3,Email,2021-08-23 00:00:00,Neutral,General discussion on market conditions; client prefers to maintain the current plan for now.
5680,807,44,Email,2021-10-15 00:00:00,Positive,Positive discussion on long-term goals; client is comfortable with the current strategy.
5681,514,12,Call,2021-11-16 00:00:00,Positive,Positive discussion on long-term goals; client is comfortable with the current strategy.
5682,689,35,Call,2025-06-04 00:00:00,Positive,Constructive conversation with strong engagement; client requested additional retirement scenarios.
5683,530,23,Email,2022-09-25 00:00:00,Neutral,General discussion on market conditions; client prefers to maintain the current plan for now.
5684,702,12,Meeting,2025-11-26 00:00:00,Neutral,Provided account update and answered standard questions on holdings and recent activity.
5685,550,31,Meeting,2025-09-04 00:00:00,Negative,Client expressed concern over communication frequency and expects a more proactive update cadence.
5686,10,41,Video Conference,2024-05-30 00:00:00,Positive,Positive discussion on long-term goals; client is comfortable with the current strategy.
5687,740,24,Video Conference,2024-03-19 00:00:00,Neutral,General discussion on market conditions; client prefers to maintain the current plan for now.
5688,402,14,Video Conference,2026-03-12 00:00:00,Positive,Meeting went well; client approved the recommended diversification plan.
5689,875,49,Call,2024-09-02 00:00:00,Neutral,Provided account update and answered standard questions on holdings and recent activity.
5690,87,8,Email,2024-01-28 00:00:00,Positive,Client appreciated the portfolio review and agreed with the proposed allocation changes.
5691,60,19,Video Conference,2025-11-21 00:00:00,Positive,Positive discussion on long-term goals; client is comfortable with the current strategy.
5692,977,24,Video Conference,2024-05-12 00:00:00,Negative,Client expressed concern over communication frequency and expects a more proactive update cadence.
5693,111,31,Email,2024-10-13 00:00:00,Positive,Positive discussion on long-term goals; client is comfortable with the current strategy.
5694,638,23,Meeting,2024-10-21 00:00:00,Positive,Constructive conversation with strong engagement; client requested additional retirement scenarios.
5695,812,46,Call,2023-03-14 00:00:00,Negative,Client raised concerns about recent volatility and requested a detailed risk review.
5696,140,17,Meeting,2022-07-05 00:00:00,Negative,Client expressed concern over communication frequency and expects a more proactive update cadence.
5697,6,2,Meeting,2025-01-28 00:00:00,Neutral,Routine check-in completed; no major changes requested at this time.
5698,46,25,Call,2025-01-17 00:00:00,Neutral,General discussion on market conditions; client prefers to maintain the current plan for now.
5699,272,18,Call,2023-05-03 00:00:00,Positive,Constructive conversation with strong engagement; client requested additional retirement scenarios.
5700,820,1,Call,2022-03-13 00:00:00,Negative,Client expressed concern over communication frequency and expects a more proactive update cadence.
5701,132,20,Meeting,2022-03-20 00:00:00,Neutral,Client reviewed the summary materials and asked for periodic monitoring to continue.
5702,656,31,Email,2022-01-06 00:00:00,Positive,Positive discussion on long-term goals; client is comfortable with the current strategy.
5703,210,46,Video Conference,2022-11-30 00:00:00,Positive,Client appreciated the portfolio review and agreed with the proposed allocation changes.
5704,389,26,Video Conference,2023-04-23 00:00:00,Neutral,Client reviewed the summary materials and asked for periodic monitoring to continue.
5705,820,1,Meeting,2024-08-12 00:00:00,Neutral,Routine check-in completed; no major changes requested at this time.
5706,800,31,Call,2021-12-12 00:00:00,Positive,Client expressed satisfaction with recent performance and welcomed follow-up next quarter.
5707,119,43,Email,2023-02-24 00:00:00,Positive,Client expressed satisfaction with recent performance and welcomed follow-up next quarter.
5708,841,3,Video Conference,2025-03-21 00:00:00,Positive,Client appreciated the portfolio review and agreed with the proposed allocation changes.
5709,101,33,Meeting,2022-02-19 00:00:00,Positive,Positive discussion on long-term goals; client is comfortable with the current strategy.
5710,133,17,Meeting,2022-12-25 00:00:00,Neutral,General discussion on market conditions; client prefers to maintain the current plan for now.
5711,327,41,Video Conference,2021-07-16 00:00:00,Positive,Client expressed satisfaction with recent performance and welcomed follow-up next quarter.
5712,455,13,Meeting,2023-08-07 00:00:00,Negative,Client requested clarification on fees and portfolio positioning after recent market movements.
5713,36,44,Email,2024-11-07 00:00:00,Negative,Client raised concerns about recent volatility and requested a detailed risk review.
5714,986,19,Call,2023-08-22 00:00:00,Positive,Positive discussion on long-term goals; client is comfortable with the current strategy.
5715,255,11,Call,2022-01-29 00:00:00,Positive,Constructive conversation with strong engagement; client requested additional retirement scenarios.
5716,829,47,Call,2022-05-02 00:00:00,Positive,Positive discussion on long-term goals; client is comfortable with the current strategy.
5717,889,11,Meeting,2021-02-03 00:00:00,Positive,Constructive conversation with strong engagement; client requested additional retirement scenarios.
5718,241,42,Call,2022-08-30 00:00:00,Neutral,Provided account update and answered standard questions on holdings and recent activity.
5719,7,29,Meeting,2026-05-25 00:00:00,Positive,Client expressed satisfaction with recent performance and welcomed follow-up next quarter.
5720,740,24,Email,2023-09-26 00:00:00,Positive,Positive discussion on long-term goals; client is comfortable with the current strategy.
5721,64,23,Video Conference,2025-07-04 00:00:00,Negative,Client requested clarification on fees and portfolio positioning after recent market movements.
5722,830,18,Meeting,2022-09-23 00:00:00,Positive,Client appreciated the portfolio review and agreed with the proposed allocation changes.
5723,876,47,Email,2025-12-23 00:00:00,Neutral,Client reviewed the summary materials and asked for periodic monitoring to continue.
5724,841,9,Meeting,2021-04-19 00:00:00,Neutral,Client reviewed the summary materials and asked for periodic monitoring to continue.
5725,145,23,Meeting,2022-10-27 00:00:00,Neutral,Interaction focused on regular portfolio maintenance with no urgent actions identified.
5726,624,5,Email,2024-10-04 00:00:00,Positive,Client appreciated the portfolio review and agreed with the proposed allocation changes.
5727,818,1,Call,2024-10-04 00:00:00,Positive,Client expressed satisfaction with recent performance and welcomed follow-up next quarter.
5728,787,33,Call,2023-05-03 00:00:00,Positive,Meeting went well; client approved the recommended diversification plan.
5729,531,44,Meeting,2021-08-18 00:00:00,Positive,Constructive conversation with strong engagement; client requested additional retirement scenarios.
5730,73,38,Video Conference,2022-08-08 00:00:00,Negative,Interaction indicated frustration regarding drawdowns; advisor to prepare mitigation options.
5731,183,32,Video Conference,2022-03-10 00:00:00,Neutral,Routine check-in completed; no major changes requested at this time.
5732,674,12,Video Conference,2021-06-17 00:00:00,Positive,Meeting went well; client approved the recommended diversification plan.
5733,860,27,Email,2025-09-20 00:00:00,Negative,Client raised concerns about recent volatility and requested a detailed risk review.
5734,833,2,Meeting,2022-05-07 00:00:00,Positive,Positive discussion on long-term goals; client is comfortable with the current strategy.
5735,582,2,Call,2025-09-17 00:00:00,Positive,Positive discussion on long-term goals; client is comfortable with the current strategy.
5736,219,18,Meeting,2022-02-23 00:00:00,Neutral,Provided account update and answered standard questions on holdings and recent activity.
5737,67,30,Email,2026-03-24 00:00:00,Positive,Client expressed satisfaction with recent performance and welcomed follow-up next quarter.
5738,787,13,Meeting,2022-12-01 00:00:00,Neutral,General discussion on market conditions; client prefers to maintain the current plan for now.
5739,250,1,Video Conference,2024-06-28 00:00:00,Neutral,Routine check-in completed; no major changes requested at this time.
5740,430,44,Email,2025-08-23 00:00:00,Positive,Meeting went well; client approved the recommended diversification plan.
5741,964,25,Video Conference,2022-12-25 00:00:00,Neutral,Provided account update and answered standard questions on holdings and recent activity.
5742,662,6,Call,2023-07-09 00:00:00,Positive,Client appreciated the portfolio review and agreed with the proposed allocation changes.
5743,549,25,Call,2023-05-28 00:00:00,Positive,Positive discussion on long-term goals; client is comfortable with the current strategy.
5744,978,9,Email,2024-09-07 00:00:00,Positive,Client expressed satisfaction with recent performance and welcomed follow-up next quarter.
5745,695,41,Call,2023-12-08 00:00:00,Positive,Constructive conversation with strong engagement; client requested additional retirement scenarios.
5746,85,8,Call,2024-11-24 00:00:00,Positive,Positive discussion on long-term goals; client is comfortable with the current strategy.
5747,945,8,Meeting,2021-08-14 00:00:00,Positive,Client expressed satisfaction with recent performance and welcomed follow-up next quarter.
5748,603,14,Meeting,2024-09-23 00:00:00,Positive,Client expressed satisfaction with recent performance and welcomed follow-up next quarter.
5749,326,4,Call,2021-07-30 00:00:00,Positive,Constructive conversation with strong engagement; client requested additional retirement scenarios.
5750,716,13,Call,2024-10-25 00:00:00,Positive,Meeting went well; client approved the recommended diversification plan.
5751,605,21,Call,2022-08-31 00:00:00,Positive,Constructive conversation with strong engagement; client requested additional retirement scenarios.
5752,969,1,Email,2025-03-15 00:00:00,Neutral,Routine check-in completed; no major changes requested at this time.
5753,269,11,Video Conference,2024-02-15 00:00:00,Neutral,General discussion on market conditions; client prefers to maintain the current plan for now.
5754,721,7,Meeting,2026-04-09 00:00:00,Positive,Client appreciated the portfolio review and agreed with the proposed allocation changes.
5755,280,9,Video Conference,2024-08-24 00:00:00,Positive,Client expressed satisfaction with recent performance and welcomed follow-up next quarter.
5756,627,21,Meeting,2025-09-30 00:00:00,Neutral,General discussion on market conditions; client prefers to maintain the current plan for now.
5757,78,42,Email,2023-02-08 00:00:00,Positive,Positive discussion on long-term goals; client is comfortable with the current strategy.
5758,565,36,Email,2021-02-26 00:00:00,Neutral,Routine check-in completed; no major changes requested at this time.
5759,58,40,Video Conference,2021-04-02 00:00:00,Neutral,Routine check-in completed; no major changes requested at this time.
5760,86,45,Call,2025-06-03 00:00:00,Positive,Client appreciated the portfolio review and agreed with the proposed allocation changes.
5761,345,3,Meeting,2024-09-27 00:00:00,Neutral,Client reviewed the summary materials and asked for periodic monitoring to continue.
5762,565,30,Meeting,2025-09-01 00:00:00,Positive,Meeting went well; client approved the recommended diversification plan.
5763,42,20,Call,2021-11-15 00:00:00,Positive,Client appreciated the portfolio review and agreed with the proposed allocation changes.
5764,13,46,Email,2026-04-03 00:00:00,Negative,Client raised concerns about recent volatility and requested a detailed risk review.
5765,648,43,Video Conference,2024-12-10 00:00:00,Positive,Positive discussion on long-term goals; client is comfortable with the current strategy.
5766,543,40,Email,2021-12-14 00:00:00,Negative,Discussion reflected dissatisfaction with short-term performance; follow-up has been scheduled.
5767,183,32,Meeting,2024-03-02 00:00:00,Neutral,General discussion on market conditions; client prefers to maintain the current plan for now.
5768,500,4,Video Conference,2022-09-05 00:00:00,Negative,Discussion reflected dissatisfaction with short-term performance; follow-up has been scheduled.
5769,712,13,Email,2023-04-16 00:00:00,Positive,Positive discussion on long-term goals; client is comfortable with the current strategy.
5770,189,44,Video Conference,2021-01-05 00:00:00,Positive,Constructive conversation with strong engagement; client requested additional retirement scenarios.
5771,114,5,Email,2021-06-16 00:00:00,Positive,Meeting went well; client approved the recommended diversification plan.
5772,401,2,Email,2022-06-29 00:00:00,Positive,Client appreciated the portfolio review and agreed with the proposed allocation changes.
5773,424,4,Email,2021-02-22 00:00:00,Positive,Positive discussion on long-term goals; client is comfortable with the current strategy.
5774,206,16,Meeting,2025-05-10 00:00:00,Positive,Client expressed satisfaction with recent performance and welcomed follow-up next quarter.
5775,885,24,Meeting,2024-12-01 00:00:00,Negative,Discussion reflected dissatisfaction with short-term performance; follow-up has been scheduled.
5776,272,36,Call,2021-09-14 00:00:00,Neutral,Client reviewed the summary materials and asked for periodic monitoring to continue.
5777,486,12,Call,2023-05-17 00:00:00,Positive,Client appreciated the portfolio review and agreed with the proposed allocation changes.
5778,43,31,Email,2024-09-29 00:00:00,Positive,Client appreciated the portfolio review and agreed with the proposed allocation changes.
5779,499,38,Video Conference,2022-08-17 00:00:00,Positive,Meeting went well; client approved the recommended diversification plan.
5780,954,9,Call,2023-09-19 00:00:00,Positive,Client expressed satisfaction with recent performance and welcomed follow-up next quarter.
5781,476,5,Call,2026-04-30 00:00:00,Negative,Interaction indicated frustration regarding drawdowns; advisor to prepare mitigation options.
5782,4,8,Video Conference,2025-11-12 00:00:00,Neutral,Provided account update and answered standard questions on holdings and recent activity.
5783,953,23,Email,2022-02-14 00:00:00,Positive,Client expressed satisfaction with recent performance and welcomed follow-up next quarter.
5784,993,17,Call,2025-09-26 00:00:00,Positive,Meeting went well; client approved the recommended diversification plan.
5785,371,7,Email,2023-03-29 00:00:00,Positive,Client expressed satisfaction with recent performance and welcomed follow-up next quarter.
5786,236,44,Email,2025-01-29 00:00:00,Negative,Client requested clarification on fees and portfolio positioning after recent market movements.
5787,28,31,Email,2024-09-03 00:00:00,Neutral,Routine check-in completed; no major changes requested at this time.
5788,750,29,Video Conference,2021-02-03 00:00:00,Neutral,General discussion on market conditions; client prefers to maintain the current plan for now.
5789,963,14,Call,2022-06-10 00:00:00,Negative,Interaction indicated frustration regarding drawdowns; advisor to prepare mitigation options.
5790,919,16,Meeting,2022-09-27 00:00:00,Positive,Meeting went well; client approved the recommended diversification plan.
5791,680,15,Meeting,2024-07-13 00:00:00,Neutral,Interaction focused on regular portfolio maintenance with no urgent actions identified.
5792,260,49,Meeting,2024-09-29 00:00:00,Positive,Meeting went well; client approved the recommended diversification plan.
5793,437,38,Meeting,2022-01-21 00:00:00,Positive,Positive discussion on long-term goals; client is comfortable with the current strategy.
5794,316,42,Video Conference,2023-10-09 00:00:00,Positive,Meeting went well; client approved the recommended diversification plan.
5795,180,41,Meeting,2023-12-17 00:00:00,Positive,Client appreciated the portfolio review and agreed with the proposed allocation changes.
5796,812,2,Email,2023-03-05 00:00:00,Negative,Client expressed concern over communication frequency and expects a more proactive update cadence.
5797,669,24,Call,2025-10-26 00:00:00,Negative,Interaction indicated frustration regarding drawdowns; advisor to prepare mitigation options.
5798,911,17,Video Conference,2024-07-02 00:00:00,Positive,Positive discussion on long-term goals; client is comfortable with the current strategy.
5799,721,43,Email,2023-11-21 00:00:00,Positive,Meeting went well; client approved the recommended diversification plan.
5800,872,46,Email,2021-11-30 00:00:00,Neutral,Client reviewed the summary materials and asked for periodic monitoring to continue.
5801,240,35,Call,2025-06-16 00:00:00,Negative,Interaction indicated frustration regarding drawdowns; advisor to prepare mitigation options.
5802,453,18,Call,2023-10-09 00:00:00,Positive,Meeting went well; client approved the recommended diversification plan.
5803,62,16,Email,2022-06-25 00:00:00,Positive,Meeting went well; client approved the recommended diversification plan.
5804,551,50,Call,2023-10-29 00:00:00,Neutral,General discussion on market conditions; client prefers to maintain the current plan for now.
5805,167,13,Meeting,2023-12-05 00:00:00,Neutral,General discussion on market conditions; client prefers to maintain the current plan for now.
5806,450,16,Email,2026-01-24 00:00:00,Positive,Client expressed satisfaction with recent performance and welcomed follow-up next quarter.
5807,12,4,Email,2023-10-03 00:00:00,Negative,Client raised concerns about recent volatility and requested a detailed risk review.
5808,187,12,Email,2024-04-10 00:00:00,Negative,Discussion reflected dissatisfaction with short-term performance; follow-up has been scheduled.
5809,274,49,Call,2023-07-07 00:00:00,Neutral,Client reviewed the summary materials and asked for periodic monitoring to continue.
5810,727,11,Email,2023-08-18 00:00:00,Positive,Positive discussion on long-term goals; client is comfortable with the current strategy.
5811,965,49,Call,2022-07-17 00:00:00,Neutral,Routine check-in completed; no major changes requested at this time.
5812,729,22,Video Conference,2025-02-20 00:00:00,Positive,Client appreciated the portfolio review and agreed with the proposed allocation changes.
5813,553,35,Call,2025-05-13 00:00:00,Neutral,Client reviewed the summary materials and asked for periodic monitoring to continue.
5814,966,23,Call,2022-10-02 00:00:00,Positive,Client appreciated the portfolio review and agreed with the proposed allocation changes.
5815,130,33,Email,2025-01-08 00:00:00,Neutral,Routine check-in completed; no major changes requested at this time.
5816,3,25,Call,2024-10-12 00:00:00,Positive,Constructive conversation with strong engagement; client requested additional retirement scenarios.
5817,872,46,Email,2022-10-10 00:00:00,Neutral,Interaction focused on regular portfolio maintenance with no urgent actions identified.
5818,816,17,Call,2024-08-19 00:00:00,Neutral,Interaction focused on regular portfolio maintenance with no urgent actions identified.
5819,456,9,Call,2022-02-04 00:00:00,Positive,Positive discussion on long-term goals; client is comfortable with the current strategy.
5820,590,6,Email,2024-05-29 00:00:00,Positive,Meeting went well; client approved the recommended diversification plan.
5821,800,31,Meeting,2025-10-19 00:00:00,Positive,Client expressed satisfaction with recent performance and welcomed follow-up next quarter.
5822,849,42,Video Conference,2023-06-11 00:00:00,Negative,Client raised concerns about recent volatility and requested a detailed risk review.
5823,829,37,Video Conference,2024-11-19 00:00:00,Neutral,Interaction focused on regular portfolio maintenance with no urgent actions identified.
5824,986,19,Video Conference,2021-08-22 00:00:00,Positive,Client appreciated the portfolio review and agreed with the proposed allocation changes.
5825,627,21,Video Conference,2025-04-10 00:00:00,Neutral,Provided account update and answered standard questions on holdings and recent activity.
5826,566,16,Email,2022-09-10 00:00:00,Positive,Positive discussion on long-term goals; client is comfortable with the current strategy.
5827,642,24,Email,2022-06-22 00:00:00,Neutral,General discussion on market conditions; client prefers to maintain the current plan for now.
5828,876,40,Email,2025-10-21 00:00:00,Positive,Constructive conversation with strong engagement; client requested additional retirement scenarios.
5829,379,32,Email,2021-06-04 00:00:00,Neutral,Provided account update and answered standard questions on holdings and recent activity.
5830,921,16,Email,2026-01-19 00:00:00,Neutral,Interaction focused on regular portfolio maintenance with no urgent actions identified.
5831,165,45,Video Conference,2022-05-03 00:00:00,Positive,Client expressed satisfaction with recent performance and welcomed follow-up next quarter.
5832,837,50,Email,2023-08-17 00:00:00,Positive,Positive discussion on long-term goals; client is comfortable with the current strategy.
5833,472,11,Call,2025-05-25 00:00:00,Positive,Meeting went well; client approved the recommended diversification plan.
5834,99,45,Meeting,2024-04-05 00:00:00,Positive,Client appreciated the portfolio review and agreed with the proposed allocation changes.
5835,15,4,Call,2021-09-17 00:00:00,Positive,Client appreciated the portfolio review and agreed with the proposed allocation changes.
5836,207,15,Call,2022-04-06 00:00:00,Positive,Client appreciated the portfolio review and agreed with the proposed allocation changes.
5837,6,2,Video Conference,2022-10-29 00:00:00,Positive,Positive discussion on long-term goals; client is comfortable with the current strategy.
5838,682,31,Meeting,2022-02-11 00:00:00,Negative,Interaction indicated frustration regarding drawdowns; advisor to prepare mitigation options.
5839,584,9,Video Conference,2021-05-24 00:00:00,Neutral,Interaction focused on regular portfolio maintenance with no urgent actions identified.
5840,633,10,Email,2021-02-05 00:00:00,Positive,Client appreciated the portfolio review and agreed with the proposed allocation changes.
5841,589,42,Email,2026-04-08 00:00:00,Positive,Client expressed satisfaction with recent performance and welcomed follow-up next quarter.
5842,613,17,Email,2025-02-28 00:00:00,Neutral,Provided account update and answered standard questions on holdings and recent activity.
5843,152,38,Meeting,2026-03-21 00:00:00,Positive,Constructive conversation with strong engagement; client requested additional retirement scenarios.
5844,367,5,Video Conference,2024-11-22 00:00:00,Negative,Client requested clarification on fees and portfolio positioning after recent market movements.
5845,699,49,Video Conference,2025-03-03 00:00:00,Positive,Client expressed satisfaction with recent performance and welcomed follow-up next quarter.
5846,695,41,Call,2023-02-27 00:00:00,Positive,Meeting went well; client approved the recommended diversification plan.
5847,823,43,Call,2021-04-09 00:00:00,Positive,Client appreciated the portfolio review and agreed with the proposed allocation changes.
5848,816,17,Email,2023-01-21 00:00:00,Positive,Client appreciated the portfolio review and agreed with the proposed allocation changes.
5849,181,8,Meeting,2024-08-13 00:00:00,Positive,Constructive conversation with strong engagement; client requested additional retirement scenarios.
5850,95,8,Video Conference,2026-05-13 00:00:00,Positive,Constructive conversation with strong engagement; client requested additional retirement scenarios.
5851,938,29,Call,2021-08-20 00:00:00,Positive,Constructive conversation with strong engagement; client requested additional retirement scenarios.
5852,323,28,Call,2022-07-27 00:00:00,Positive,Positive discussion on long-term goals; client is comfortable with the current strategy.
5853,588,2,Meeting,2023-03-13 00:00:00,Positive,Constructive conversation with strong engagement; client requested additional retirement scenarios.
5854,915,12,Meeting,2024-03-31 00:00:00,Positive,Constructive conversation with strong engagement; client requested additional retirement scenarios.
5855,673,42,Call,2026-03-31 00:00:00,Neutral,Interaction focused on regular portfolio maintenance with no urgent actions identified.
5856,126,24,Meeting,2025-01-30 00:00:00,Positive,Meeting went well; client approved the recommended diversification plan.
5857,54,28,Meeting,2024-04-19 00:00:00,Positive,Positive discussion on long-term goals; client is comfortable with the current strategy.
5858,834,31,Email,2021-07-03 00:00:00,Negative,Interaction indicated frustration regarding drawdowns; advisor to prepare mitigation options.
5859,584,9,Meeting,2025-03-27 00:00:00,Neutral,Routine check-in completed; no major changes requested at this time.
5860,514,12,Email,2023-05-22 00:00:00,Positive,Client appreciated the portfolio review and agreed with the proposed allocation changes.
5861,404,27,Video Conference,2023-02-02 00:00:00,Neutral,Interaction focused on regular portfolio maintenance with no urgent actions identified.
5862,202,4,Email,2025-03-25 00:00:00,Neutral,Client reviewed the summary materials and asked for periodic monitoring to continue.
5863,571,35,Call,2024-08-13 00:00:00,Positive,Client expressed satisfaction with recent performance and welcomed follow-up next quarter.
5864,713,6,Email,2024-12-28 00:00:00,Neutral,Client reviewed the summary materials and asked for periodic monitoring to continue.
5865,775,22,Call,2021-05-23 00:00:00,Positive,Meeting went well; client approved the recommended diversification plan.
5866,16,13,Email,2024-02-23 00:00:00,Positive,Constructive conversation with strong engagement; client requested additional retirement scenarios.
5867,60,19,Video Conference,2026-04-14 00:00:00,Positive,Meeting went well; client approved the recommended diversification plan.
5868,780,31,Meeting,2025-12-18 00:00:00,Neutral,Client reviewed the summary materials and asked for periodic monitoring to continue.
5869,60,15,Call,2021-01-27 00:00:00,Positive,Positive discussion on long-term goals; client is comfortable with the current strategy.
5870,708,37,Video Conference,2022-06-01 00:00:00,Positive,Client appreciated the portfolio review and agreed with the proposed allocation changes.
5871,481,49,Call,2022-08-02 00:00:00,Neutral,Client reviewed the summary materials and asked for periodic monitoring to continue.
5872,906,29,Email,2021-01-17 00:00:00,Neutral,Client reviewed the summary materials and asked for periodic monitoring to continue.
5873,550,31,Call,2023-05-01 00:00:00,Positive,Positive discussion on long-term goals; client is comfortable with the current strategy.
5874,853,41,Meeting,2025-11-28 00:00:00,Neutral,Routine check-in completed; no major changes requested at this time.
5875,161,27,Email,2024-08-11 00:00:00,Neutral,General discussion on market conditions; client prefers to maintain the current plan for now.
5876,350,8,Meeting,2022-02-17 00:00:00,Negative,Client raised concerns about recent volatility and requested a detailed risk review.
5877,509,47,Call,2025-04-14 00:00:00,Positive,Positive discussion on long-term goals; client is comfortable with the current strategy.
5878,219,18,Call,2024-02-14 00:00:00,Positive,Client expressed satisfaction with recent performance and welcomed follow-up next quarter.
5879,614,45,Call,2021-12-18 00:00:00,Neutral,Client reviewed the summary materials and asked for periodic monitoring to continue.
5880,506,41,Video Conference,2021-08-26 00:00:00,Negative,Client requested clarification on fees and portfolio positioning after recent market movements.
5881,208,15,Email,2021-06-27 00:00:00,Negative,Client expressed concern over communication frequency and expects a more proactive update cadence.
5882,865,40,Meeting,2025-07-31 00:00:00,Neutral,General discussion on market conditions; client prefers to maintain the current plan for now.
5883,946,48,Meeting,2024-10-07 00:00:00,Positive,Client expressed satisfaction with recent performance and welcomed follow-up next quarter.
5884,478,12,Email,2022-04-15 00:00:00,Neutral,Interaction focused on regular portfolio maintenance with no urgent actions identified.
5885,803,24,Call,2024-04-09 00:00:00,Positive,Client expressed satisfaction with recent performance and welcomed follow-up next quarter.
5886,262,32,Email,2026-04-06 00:00:00,Positive,Constructive conversation with strong engagement; client requested additional retirement scenarios.
5887,997,46,Call,2025-05-29 00:00:00,Positive,Client appreciated the portfolio review and agreed with the proposed allocation changes.
5888,428,35,Call,2023-08-06 00:00:00,Negative,Interaction indicated frustration regarding drawdowns; advisor to prepare mitigation options.
5889,359,10,Email,2023-07-01 00:00:00,Positive,Meeting went well; client approved the recommended diversification plan.
5890,617,12,Call,2025-11-09 00:00:00,Neutral,General discussion on market conditions; client prefers to maintain the current plan for now.
5891,306,38,Email,2021-04-22 00:00:00,Positive,Client expressed satisfaction with recent performance and welcomed follow-up next quarter.
5892,917,25,Email,2021-11-02 00:00:00,Positive,Client expressed satisfaction with recent performance and welcomed follow-up next quarter.
5893,395,2,Email,2024-12-09 00:00:00,Negative,Interaction indicated frustration regarding drawdowns; advisor to prepare mitigation options.
5894,537,1,Meeting,2021-02-12 00:00:00,Positive,Constructive conversation with strong engagement; client requested additional retirement scenarios.
5895,942,46,Meeting,2025-07-18 00:00:00,Neutral,Client reviewed the summary materials and asked for periodic monitoring to continue.
5896,276,16,Video Conference,2021-05-12 00:00:00,Positive,Client appreciated the portfolio review and agreed with the proposed allocation changes.
5897,907,47,Meeting,2023-09-09 00:00:00,Negative,Discussion reflected dissatisfaction with short-term performance; follow-up has been scheduled.
5898,764,27,Email,2022-07-11 00:00:00,Neutral,General discussion on market conditions; client prefers to maintain the current plan for now.
5899,883,29,Email,2022-06-18 00:00:00,Positive,Constructive conversation with strong engagement; client requested additional retirement scenarios.
5900,874,12,Call,2022-09-29 00:00:00,Positive,Constructive conversation with strong engagement; client requested additional retirement scenarios.
5901,410,11,Meeting,2021-05-30 00:00:00,Positive,Constructive conversation with strong engagement; client requested additional retirement scenarios.
5902,854,20,Video Conference,2022-01-18 00:00:00,Neutral,Client reviewed the summary materials and asked for periodic monitoring to continue.
5903,102,47,Call,2024-08-27 00:00:00,Positive,Positive discussion on long-term goals; client is comfortable with the current strategy.
5904,572,16,Email,2024-06-29 00:00:00,Neutral,Provided account update and answered standard questions on holdings and recent activity.
5905,124,19,Meeting,2021-01-10 00:00:00,Positive,Meeting went well; client approved the recommended diversification plan.
5906,562,11,Email,2025-11-05 00:00:00,Negative,Client requested clarification on fees and portfolio positioning after recent market movements.
5907,460,34,Call,2022-05-02 00:00:00,Neutral,Provided account update and answered standard questions on holdings and recent activity.
5908,593,7,Meeting,2022-05-29 00:00:00,Positive,Client appreciated the portfolio review and agreed with the proposed allocation changes.
5909,610,30,Email,2021-10-18 00:00:00,Positive,Constructive conversation with strong engagement; client requested additional retirement scenarios.
5910,802,27,Email,2023-08-16 00:00:00,Positive,Meeting went well; client approved the recommended diversification plan.
5911,509,47,Email,2022-01-27 00:00:00,Neutral,Provided account update and answered standard questions on holdings and recent activity.
5912,207,15,Meeting,2024-03-08 00:00:00,Neutral,Routine check-in completed; no major changes requested at this time.
5913,291,27,Meeting,2026-05-28 00:00:00,Negative,Interaction indicated frustration regarding drawdowns; advisor to prepare mitigation options.
5914,864,24,Email,2024-02-29 00:00:00,Positive,Meeting went well; client approved the recommended diversification plan.
5915,536,45,Email,2025-12-08 00:00:00,Negative,Client raised concerns about recent volatility and requested a detailed risk review.
5916,878,16,Email,2024-10-07 00:00:00,Neutral,Provided account update and answered standard questions on holdings and recent activity.
5917,850,11,Call,2025-08-30 00:00:00,Positive,Constructive conversation with strong engagement; client requested additional retirement scenarios.
5918,332,6,Call,2021-01-20 00:00:00,Neutral,Provided account update and answered standard questions on holdings and recent activity.
5919,576,41,Video Conference,2025-07-17 00:00:00,Negative,Interaction indicated frustration regarding drawdowns; advisor to prepare mitigation options.
5920,804,27,Video Conference,2022-09-09 00:00:00,Neutral,Client reviewed the summary materials and asked for periodic monitoring to continue.
5921,523,48,Meeting,2026-03-15 00:00:00,Neutral,General discussion on market conditions; client prefers to maintain the current plan for now.
5922,851,37,Call,2026-02-11 00:00:00,Neutral,Routine check-in completed; no major changes requested at this time.
5923,733,2,Call,2021-04-10 00:00:00,Positive,Positive discussion on long-term goals; client is comfortable with the current strategy.
5924,380,8,Call,2024-05-06 00:00:00,Positive,Client expressed satisfaction with recent performance and welcomed follow-up next quarter.
5925,120,48,Meeting,2021-03-25 00:00:00,Negative,Client expressed concern over communication frequency and expects a more proactive update cadence.
5926,959,42,Call,2021-08-29 00:00:00,Positive,Client expressed satisfaction with recent performance and welcomed follow-up next quarter.
5927,713,6,Video Conference,2024-08-03 00:00:00,Neutral,General discussion on market conditions; client prefers to maintain the current plan for now.
5928,766,50,Call,2024-09-02 00:00:00,Neutral,Routine check-in completed; no major changes requested at this time.
5929,295,42,Email,2024-03-01 00:00:00,Negative,Client raised concerns about recent volatility and requested a detailed risk review.
5930,945,8,Video Conference,2021-08-07 00:00:00,Positive,Client appreciated the portfolio review and agreed with the proposed allocation changes.
5931,116,46,Call,2024-09-28 00:00:00,Positive,Positive discussion on long-term goals; client is comfortable with the current strategy.
5932,759,12,Meeting,2021-01-28 00:00:00,Positive,Positive discussion on long-term goals; client is comfortable with the current strategy.
5933,349,25,Video Conference,2024-04-19 00:00:00,Neutral,Routine check-in completed; no major changes requested at this time.
5934,522,12,Email,2021-04-13 00:00:00,Positive,Client appreciated the portfolio review and agreed with the proposed allocation changes.
5935,466,17,Meeting,2022-01-16 00:00:00,Positive,Positive discussion on long-term goals; client is comfortable with the current strategy.
5936,176,38,Video Conference,2025-10-26 00:00:00,Negative,Client raised concerns about recent volatility and requested a detailed risk review.
5937,18,31,Email,2023-12-04 00:00:00,Neutral,General discussion on market conditions; client prefers to maintain the current plan for now.
5938,360,50,Video Conference,2025-04-24 00:00:00,Positive,Meeting went well; client approved the recommended diversification plan.
5939,609,31,Call,2026-01-31 00:00:00,Neutral,Interaction focused on regular portfolio maintenance with no urgent actions identified.
5940,262,32,Meeting,2025-08-17 00:00:00,Neutral,General discussion on market conditions; client prefers to maintain the current plan for now.
5941,473,11,Meeting,2024-03-16 00:00:00,Positive,Constructive conversation with strong engagement; client requested additional retirement scenarios.
5942,536,45,Call,2023-10-20 00:00:00,Positive,Client expressed satisfaction with recent performance and welcomed follow-up next quarter.
5943,304,18,Email,2021-12-27 00:00:00,Positive,Client expressed satisfaction with recent performance and welcomed follow-up next quarter.
5944,860,49,Meeting,2026-01-03 00:00:00,Negative,Client requested clarification on fees and portfolio positioning after recent market movements.
5945,694,8,Meeting,2024-09-09 00:00:00,Positive,Client appreciated the portfolio review and agreed with the proposed allocation changes.
5946,546,3,Email,2024-11-10 00:00:00,Positive,Positive discussion on long-term goals; client is comfortable with the current strategy.
5947,663,2,Call,2024-07-26 00:00:00,Neutral,Interaction focused on regular portfolio maintenance with no urgent actions identified.
5948,909,6,Meeting,2025-08-13 00:00:00,Positive,Client expressed satisfaction with recent performance and welcomed follow-up next quarter.
5949,154,30,Email,2024-10-26 00:00:00,Negative,Client raised concerns about recent volatility and requested a detailed risk review.
5950,18,12,Meeting,2021-10-14 00:00:00,Positive,Meeting went well; client approved the recommended diversification plan.
5951,759,23,Email,2021-05-30 00:00:00,Positive,Meeting went well; client approved the recommended diversification plan.
5952,691,1,Video Conference,2024-03-25 00:00:00,Negative,Interaction indicated frustration regarding drawdowns; advisor to prepare mitigation options.
5953,841,9,Call,2023-10-12 00:00:00,Neutral,General discussion on market conditions; client prefers to maintain the current plan for now.
5954,83,12,Email,2021-09-06 00:00:00,Positive,Meeting went well; client approved the recommended diversification plan.
5955,24,39,Video Conference,2022-07-20 00:00:00,Positive,Client appreciated the portfolio review and agreed with the proposed allocation changes.
5956,861,8,Call,2024-04-03 00:00:00,Positive,Client appreciated the portfolio review and agreed with the proposed allocation changes.
5957,808,36,Call,2024-06-21 00:00:00,Neutral,Provided account update and answered standard questions on holdings and recent activity.
5958,413,4,Meeting,2024-02-05 00:00:00,Positive,Constructive conversation with strong engagement; client requested additional retirement scenarios.
5959,558,11,Call,2021-10-07 00:00:00,Negative,Client requested clarification on fees and portfolio positioning after recent market movements.
5960,310,20,Email,2024-10-28 00:00:00,Positive,Meeting went well; client approved the recommended diversification plan.
5961,116,46,Email,2021-09-07 00:00:00,Neutral,General discussion on market conditions; client prefers to maintain the current plan for now.
5962,716,34,Email,2022-09-07 00:00:00,Neutral,Client reviewed the summary materials and asked for periodic monitoring to continue.
5963,554,46,Email,2025-06-17 00:00:00,Positive,Client expressed satisfaction with recent performance and welcomed follow-up next quarter.
5964,728,18,Call,2025-04-23 00:00:00,Positive,Positive discussion on long-term goals; client is comfortable with the current strategy.
5965,693,11,Email,2021-12-21 00:00:00,Positive,Client expressed satisfaction with recent performance and welcomed follow-up next quarter.
5966,163,30,Call,2023-07-31 00:00:00,Neutral,Provided account update and answered standard questions on holdings and recent activity.
5967,528,15,Meeting,2025-09-28 00:00:00,Positive,Meeting went well; client approved the recommended diversification plan.
5968,21,14,Meeting,2022-08-08 00:00:00,Negative,Client raised concerns about recent volatility and requested a detailed risk review.
5969,900,6,Call,2026-01-24 00:00:00,Positive,Constructive conversation with strong engagement; client requested additional retirement scenarios.
5970,547,7,Call,2024-08-25 00:00:00,Positive,Positive discussion on long-term goals; client is comfortable with the current strategy.
5971,351,26,Meeting,2021-07-10 00:00:00,Negative,Client expressed concern over communication frequency and expects a more proactive update cadence.
5972,216,10,Meeting,2023-11-03 00:00:00,Positive,Positive discussion on long-term goals; client is comfortable with the current strategy.
5973,496,17,Call,2021-10-04 00:00:00,Positive,Constructive conversation with strong engagement; client requested additional retirement scenarios.
5974,439,22,Call,2026-04-28 00:00:00,Positive,Constructive conversation with strong engagement; client requested additional retirement scenarios.
5975,288,43,Meeting,2026-02-25 00:00:00,Positive,Meeting went well; client approved the recommended diversification plan.
5976,514,12,Call,2021-05-05 00:00:00,Positive,Client appreciated the portfolio review and agreed with the proposed allocation changes.
5977,82,43,Email,2025-10-21 00:00:00,Neutral,Interaction focused on regular portfolio maintenance with no urgent actions identified.
5978,4,8,Email,2022-01-13 00:00:00,Neutral,General discussion on market conditions; client prefers to maintain the current plan for now.
5979,382,43,Call,2026-04-01 00:00:00,Neutral,Provided account update and answered standard questions on holdings and recent activity.
5980,11,4,Meeting,2026-04-01 00:00:00,Positive,Client appreciated the portfolio review and agreed with the proposed allocation changes.
5981,167,13,Meeting,2021-07-21 00:00:00,Neutral,Client reviewed the summary materials and asked for periodic monitoring to continue.
5982,114,5,Call,2024-10-02 00:00:00,Positive,Positive discussion on long-term goals; client is comfortable with the current strategy.
5983,192,41,Meeting,2024-08-18 00:00:00,Neutral,Provided account update and answered standard questions on holdings and recent activity.
5984,817,8,Email,2024-02-06 00:00:00,Positive,Client appreciated the portfolio review and agreed with the proposed allocation changes.
5985,666,45,Email,2025-01-22 00:00:00,Positive,Client expressed satisfaction with recent performance and welcomed follow-up next quarter.
5986,793,2,Video Conference,2026-03-18 00:00:00,Neutral,Provided account update and answered standard questions on holdings and recent activity.
5987,41,29,Call,2024-12-17 00:00:00,Negative,Discussion reflected dissatisfaction with short-term performance; follow-up has been scheduled.
5988,535,17,Meeting,2025-01-28 00:00:00,Negative,Client raised concerns about recent volatility and requested a detailed risk review.
5989,819,34,Call,2026-05-06 00:00:00,Positive,Client expressed satisfaction with recent performance and welcomed follow-up next quarter.
5990,411,29,Email,2025-06-27 00:00:00,Positive,Client expressed satisfaction with recent performance and welcomed follow-up next quarter.
5991,519,22,Meeting,2021-05-05 00:00:00,Negative,Client expressed concern over communication frequency and expects a more proactive update cadence.
5992,258,39,Meeting,2022-01-24 00:00:00,Neutral,Interaction focused on regular portfolio maintenance with no urgent actions identified.
5993,787,13,Email,2025-02-23 00:00:00,Neutral,Provided account update and answered standard questions on holdings and recent activity.
5994,374,22,Video Conference,2024-02-16 00:00:00,Neutral,Routine check-in completed; no major changes requested at this time.
5995,547,7,Call,2026-01-06 00:00:00,Neutral,Routine check-in completed; no major changes requested at this time.
5996,615,16,Video Conference,2022-04-28 00:00:00,Neutral,Provided account update and answered standard questions on holdings and recent activity.
5997,846,22,Call,2022-03-25 00:00:00,Positive,Constructive conversation with strong engagement; client requested additional retirement scenarios.
5998,641,37,Call,2025-09-08 00:00:00,Neutral,Interaction focused on regular portfolio maintenance with no urgent actions identified.
5999,853,41,Call,2025-07-22 00:00:00,Negative,Client requested clarification on fees and portfolio positioning after recent market movements.
6000,234,9,Email,2025-08-20 00:00:00,Positive,Client expressed satisfaction with recent performance and welcomed follow-up next quarter.
