portfolio_id,account_id,portfolio_type,current_value,inception_date
1,240,Equity,205162.57,2017-01-03 00:00:00
2,1377,Fixed Income,660409.07,2020-08-22 00:00:00
3,1349,Hybrid,927397.26,2021-10-04 00:00:00
4,619,Fixed Income,26805.51,2025-01-28 00:00:00
5,107,Equity,199717.05,2025-06-22 00:00:00
6,1033,Hybrid,486529.45,2023-04-18 00:00:00
7,748,Fixed Income,392410.1,2019-02-09 00:00:00
8,1158,Equity,665892.57,2021-06-12 00:00:00
9,800,Equity,433682.52,2020-06-04 00:00:00
10,1333,Fixed Income,181889.27,2023-06-15 00:00:00
11,260,Hybrid,435562.15,2023-08-22 00:00:00
12,278,Fixed Income,60733.3,2018-04-22 00:00:00
13,593,Equity,28958.87,2017-07-22 00:00:00
14,25,Hybrid,145810.25,2023-06-07 00:00:00
15,608,Fixed Income,69948.13,2021-07-13 00:00:00
16,489,Fixed Income,98897.95,2022-06-01 00:00:00
17,686,Hybrid,231431.09,2020-09-20 00:00:00
18,367,Hybrid,316280.22,2017-12-10 00:00:00
19,1313,Hybrid,649622.94,2017-11-23 00:00:00
20,931,Hybrid,86200.7,2022-01-15 00:00:00
21,756,Fixed Income,41649.44,2024-08-10 00:00:00
22,575,Hybrid,319340.57,2020-09-01 00:00:00
23,777,Fixed Income,57045.75,2019-04-19 00:00:00
24,779,Equity,1197628.75,2020-10-10 00:00:00
25,1494,Equity,372548.44,2025-05-23 00:00:00
26,785,Equity,372150.95,2019-08-08 00:00:00
27,433,Equity,161967.75,2019-06-20 00:00:00
28,1031,Equity,34637.31,2025-08-12 00:00:00
29,503,Hybrid,156076.12,2022-04-12 00:00:00
30,559,Hybrid,129712.5,2017-07-24 00:00:00
31,1455,Fixed Income,20119.82,2024-01-10 00:00:00
32,342,Equity,338634.94,2024-08-07 00:00:00
33,1323,Equity,113264.09,2018-11-27 00:00:00
34,1338,Equity,362454,2021-03-07 00:00:00
35,1009,Hybrid,726878.67,2020-08-09 00:00:00
36,851,Fixed Income,193362.3,2019-03-11 00:00:00
37,1368,Fixed Income,254630.76,2024-03-06 00:00:00
38,476,Equity,79431.4,2020-03-13 00:00:00
39,498,Fixed Income,54671.31,2024-05-23 00:00:00
40,563,Goal-Based,319191.37,2020-07-09 00:00:00
41,244,Equity,144870.56,2024-08-19 00:00:00
42,898,Hybrid,487878.64,2017-02-16 00:00:00
43,1091,Fixed Income,255507.92,2017-05-12 00:00:00
44,126,Hybrid,138203.13,2018-01-03 00:00:00
45,36,Fixed Income,38404.01,2021-12-30 00:00:00
46,1451,Hybrid,227268.16,2017-09-21 00:00:00
47,633,Fixed Income,744044.72,2024-10-21 00:00:00
48,1002,Fixed Income,85890.14,2025-11-04 00:00:00
49,370,Hybrid,85209.36,2023-03-01 00:00:00
50,918,Fixed Income,557162.04,2019-10-30 00:00:00
51,1107,Equity,65634.74,2018-03-21 00:00:00
52,1272,Equity,110478.67,2024-03-26 00:00:00
53,517,Equity,181580.68,2021-12-20 00:00:00
54,1090,Fixed Income,116304.4,2017-08-26 00:00:00
55,357,Goal-Based,60008.96,2021-03-26 00:00:00
56,970,Equity,527126.42,2019-03-09 00:00:00
57,52,Fixed Income,462625.75,2025-09-20 00:00:00
58,134,Goal-Based,257891.3,2018-01-19 00:00:00
59,1439,Equity,133000.32,2023-10-12 00:00:00
60,1081,Hybrid,79590.64,2018-03-11 00:00:00
61,487,Equity,1246593.91,2019-10-18 00:00:00
62,897,Equity,965577.92,2026-02-11 00:00:00
63,1238,Fixed Income,125215.94,2022-10-04 00:00:00
64,524,Hybrid,243029.81,2021-08-08 00:00:00
65,98,Hybrid,133251.25,2024-06-21 00:00:00
66,1245,Equity,153455.21,2022-08-16 00:00:00
67,811,Equity,244651.92,2022-05-28 00:00:00
68,1394,Fixed Income,292895.67,2025-08-29 00:00:00
69,1092,Fixed Income,212083.04,2022-08-03 00:00:00
70,199,Equity,592818.52,2023-04-11 00:00:00
71,1117,Fixed Income,358354.26,2018-03-26 00:00:00
72,209,Equity,236530.08,2018-03-21 00:00:00
73,270,Fixed Income,311904.58,2025-01-22 00:00:00
74,1427,Hybrid,320111.65,2023-01-25 00:00:00
75,1182,Equity,81271.21,2024-11-09 00:00:00
76,67,Fixed Income,372951.58,2019-07-05 00:00:00
77,737,Goal-Based,73105.44,2022-12-09 00:00:00
78,1288,Fixed Income,134694.02,2018-04-01 00:00:00
79,93,Fixed Income,216111.48,2021-04-06 00:00:00
80,545,Hybrid,334953.65,2020-02-29 00:00:00
81,273,Equity,249827.79,2017-04-05 00:00:00
82,921,Equity,269279.41,2021-04-26 00:00:00
83,575,Hybrid,225969.61,2021-11-26 00:00:00
84,33,Equity,1272286.39,2023-06-11 00:00:00
85,141,Hybrid,81815.61,2021-01-21 00:00:00
86,150,Fixed Income,172469.1,2023-03-26 00:00:00
87,1339,Goal-Based,1211170.41,2019-08-15 00:00:00
88,1447,Goal-Based,88055.65,2019-01-05 00:00:00
89,1317,Hybrid,187313.92,2026-01-09 00:00:00
90,1483,Fixed Income,244333.81,2024-04-21 00:00:00
91,64,Equity,138275.41,2023-11-09 00:00:00
92,963,Equity,127781.71,2022-12-14 00:00:00
93,840,Equity,1945872.39,2021-04-25 00:00:00
94,380,Hybrid,360030.2,2017-12-11 00:00:00
95,1482,Hybrid,57662.91,2021-12-04 00:00:00
96,942,Equity,171565.16,2025-01-12 00:00:00
97,1314,Equity,198221.18,2023-01-31 00:00:00
98,770,Hybrid,108233.35,2022-04-29 00:00:00
99,1472,Fixed Income,129950.65,2017-08-18 00:00:00
100,937,Goal-Based,91517.24,2019-09-11 00:00:00
101,533,Hybrid,195915.94,2019-10-01 00:00:00
102,15,Equity,150069.31,2020-03-08 00:00:00
103,833,Equity,85468.05,2017-12-14 00:00:00
104,894,Fixed Income,691616.27,2017-09-21 00:00:00
105,424,Hybrid,29805.99,2024-08-24 00:00:00
106,259,Fixed Income,202617.97,2025-08-14 00:00:00
107,1445,Hybrid,87090.3,2025-06-25 00:00:00
108,397,Hybrid,301730.07,2025-04-19 00:00:00
109,165,Hybrid,362859.32,2025-10-17 00:00:00
110,59,Equity,332037.49,2020-06-28 00:00:00
111,590,Equity,66098.94,2022-03-14 00:00:00
112,272,Fixed Income,516827,2020-09-01 00:00:00
113,192,Fixed Income,102483.18,2018-04-04 00:00:00
114,129,Hybrid,68486.9,2022-08-23 00:00:00
115,1226,Hybrid,59206.03,2017-06-22 00:00:00
116,170,Goal-Based,218960.79,2021-05-20 00:00:00
117,1133,Fixed Income,389294.37,2020-10-16 00:00:00
118,1219,Hybrid,585323.68,2017-08-06 00:00:00
119,924,Hybrid,112133.52,2023-06-04 00:00:00
120,1467,Hybrid,190295.47,2024-08-14 00:00:00
121,1440,Hybrid,94200.68,2024-06-24 00:00:00
122,298,Goal-Based,157326.14,2025-10-29 00:00:00
123,1033,Goal-Based,125607.34,2026-02-07 00:00:00
124,77,Hybrid,489851.12,2023-02-16 00:00:00
125,948,Equity,130811.94,2023-09-23 00:00:00
126,1370,Equity,45571.62,2021-07-19 00:00:00
127,369,Fixed Income,75449.44,2025-06-22 00:00:00
128,462,Fixed Income,1348511.35,2023-10-16 00:00:00
129,57,Hybrid,25567.02,2019-01-19 00:00:00
130,295,Hybrid,58633.32,2023-11-27 00:00:00
131,447,Goal-Based,334786.73,2023-02-05 00:00:00
132,589,Fixed Income,75544.15,2021-05-20 00:00:00
133,1418,Equity,124539.83,2024-05-09 00:00:00
134,54,Equity,1554537.7,2020-03-06 00:00:00
135,647,Hybrid,445711.61,2018-12-09 00:00:00
136,1406,Hybrid,70772.33,2023-04-27 00:00:00
137,767,Hybrid,69417.56,2023-06-17 00:00:00
138,684,Equity,123137.46,2017-10-01 00:00:00
139,1332,Fixed Income,473198.85,2018-12-21 00:00:00
140,315,Fixed Income,276081.4,2019-10-16 00:00:00
141,974,Hybrid,1073857.48,2026-01-31 00:00:00
142,772,Equity,58987.99,2021-07-24 00:00:00
143,189,Equity,497995.01,2025-08-18 00:00:00
144,963,Goal-Based,109475.42,2021-10-25 00:00:00
145,414,Hybrid,74526.1,2026-01-14 00:00:00
146,21,Hybrid,78760.43,2017-08-02 00:00:00
147,1417,Hybrid,114064.38,2024-12-29 00:00:00
148,1307,Fixed Income,144841.2,2024-01-29 00:00:00
149,972,Goal-Based,96626.47,2019-08-18 00:00:00
150,88,Hybrid,748936.38,2020-12-26 00:00:00
151,226,Equity,286110.17,2023-01-21 00:00:00
152,702,Fixed Income,27933.76,2020-07-06 00:00:00
153,276,Fixed Income,35159.57,2021-07-30 00:00:00
154,574,Fixed Income,128362.66,2023-01-15 00:00:00
155,111,Fixed Income,246473.52,2023-07-19 00:00:00
156,1301,Equity,121899.35,2026-02-26 00:00:00
157,1273,Hybrid,138227.45,2023-01-19 00:00:00
158,882,Equity,77613.32,2024-03-03 00:00:00
159,396,Equity,604600.05,2025-03-01 00:00:00
160,512,Equity,124263.03,2024-03-06 00:00:00
161,1134,Equity,165253.93,2022-01-10 00:00:00
162,1196,Equity,228583.59,2017-11-15 00:00:00
163,1111,Fixed Income,136834.03,2025-04-19 00:00:00
164,320,Fixed Income,163136.34,2019-02-06 00:00:00
165,1407,Hybrid,1605441.99,2020-05-18 00:00:00
166,802,Hybrid,643377.38,2024-06-04 00:00:00
167,181,Hybrid,137863.21,2024-10-16 00:00:00
168,1480,Hybrid,287387.83,2017-03-30 00:00:00
169,790,Hybrid,76972.91,2023-05-07 00:00:00
170,1067,Equity,627031.64,2024-08-23 00:00:00
171,741,Hybrid,242470.57,2018-10-12 00:00:00
172,976,Hybrid,105371.53,2025-05-19 00:00:00
173,1105,Equity,351515.52,2021-03-22 00:00:00
174,583,Hybrid,142688.78,2024-03-24 00:00:00
175,983,Equity,228023.79,2017-07-01 00:00:00
176,788,Equity,329624.96,2025-09-25 00:00:00
177,1476,Fixed Income,1056546.07,2024-02-13 00:00:00
178,1374,Hybrid,69803.19,2024-04-22 00:00:00
179,63,Hybrid,28199.63,2023-11-18 00:00:00
180,805,Fixed Income,433339.4,2026-01-19 00:00:00
181,148,Equity,64226.6,2024-10-01 00:00:00
182,1438,Equity,251034.01,2017-12-17 00:00:00
183,700,Fixed Income,110524.92,2020-10-09 00:00:00
184,432,Hybrid,84391.57,2021-07-05 00:00:00
185,1347,Hybrid,150127.03,2024-07-17 00:00:00
186,446,Hybrid,312044.06,2023-05-08 00:00:00
187,940,Fixed Income,563811.68,2023-09-12 00:00:00
188,345,Equity,231407.69,2020-10-05 00:00:00
189,1374,Equity,194930.55,2024-12-14 00:00:00
190,551,Fixed Income,41397.02,2025-12-30 00:00:00
191,1026,Hybrid,470409.29,2024-09-27 00:00:00
192,1073,Hybrid,530516.54,2022-01-14 00:00:00
193,1227,Equity,229842.3,2019-11-10 00:00:00
194,1010,Hybrid,117096.82,2024-11-28 00:00:00
195,228,Goal-Based,52276.99,2025-03-30 00:00:00
196,769,Hybrid,57924.61,2022-07-28 00:00:00
197,57,Goal-Based,72477.6,2017-02-19 00:00:00
198,1193,Fixed Income,80561.97,2019-11-24 00:00:00
199,654,Equity,68041.77,2017-11-04 00:00:00
200,867,Hybrid,515861.38,2020-02-14 00:00:00
201,109,Equity,46579.29,2021-02-09 00:00:00
202,1487,Hybrid,208064.05,2021-12-15 00:00:00
203,249,Hybrid,100388.19,2023-11-24 00:00:00
204,835,Goal-Based,1417201.62,2017-01-14 00:00:00
205,340,Equity,468765.44,2018-02-21 00:00:00
206,936,Fixed Income,147691.65,2019-08-09 00:00:00
207,1283,Hybrid,153337.14,2017-12-20 00:00:00
208,965,Hybrid,763265.17,2018-09-20 00:00:00
209,727,Hybrid,239643.54,2022-12-23 00:00:00
210,661,Fixed Income,1113604.78,2019-10-31 00:00:00
211,895,Equity,170830.84,2020-06-13 00:00:00
212,277,Fixed Income,525209.87,2018-07-09 00:00:00
213,717,Hybrid,370628.91,2022-07-20 00:00:00
214,348,Fixed Income,169001.39,2026-02-21 00:00:00
215,1404,Fixed Income,271216.1,2017-08-10 00:00:00
216,668,Fixed Income,188150.73,2025-05-29 00:00:00
217,1300,Fixed Income,27431.81,2026-01-17 00:00:00
218,389,Equity,116824.83,2021-06-11 00:00:00
219,1204,Equity,93323.47,2021-03-22 00:00:00
220,149,Hybrid,65630.87,2021-11-18 00:00:00
221,187,Goal-Based,75408.89,2022-05-30 00:00:00
222,471,Hybrid,1115547.21,2025-04-17 00:00:00
223,1197,Equity,476791.44,2022-03-30 00:00:00
224,620,Equity,89288.77,2018-06-26 00:00:00
225,7,Equity,140776.34,2021-06-01 00:00:00
226,1105,Fixed Income,153884.8,2017-06-16 00:00:00
227,425,Goal-Based,75620,2022-08-11 00:00:00
228,300,Goal-Based,91362.28,2018-07-27 00:00:00
229,173,Equity,204691.1,2017-09-01 00:00:00
230,1393,Hybrid,117496.44,2025-04-15 00:00:00
231,1285,Equity,185306.41,2018-08-09 00:00:00
232,1033,Fixed Income,138105.59,2025-04-16 00:00:00
233,586,Hybrid,332664,2017-11-13 00:00:00
234,744,Equity,48968.3,2018-07-11 00:00:00
235,705,Fixed Income,19139.1,2024-03-25 00:00:00
236,1420,Equity,318448.63,2019-01-18 00:00:00
237,106,Goal-Based,203954.12,2023-08-10 00:00:00
238,1075,Fixed Income,1179828.74,2021-05-12 00:00:00
239,555,Fixed Income,199612.15,2018-08-15 00:00:00
240,510,Fixed Income,358008.72,2020-07-01 00:00:00
241,244,Fixed Income,89413.08,2025-05-14 00:00:00
242,449,Hybrid,58239.54,2018-03-30 00:00:00
243,893,Fixed Income,195572.94,2023-11-16 00:00:00
244,1264,Fixed Income,534831.11,2023-07-19 00:00:00
245,329,Fixed Income,24443.64,2025-04-26 00:00:00
246,1079,Equity,73041.86,2024-01-04 00:00:00
247,370,Fixed Income,56863.03,2025-05-07 00:00:00
248,964,Equity,117662.44,2017-12-27 00:00:00
249,601,Fixed Income,113738.79,2020-06-12 00:00:00
250,1248,Goal-Based,77757.79,2019-12-05 00:00:00
251,9,Equity,442801.39,2023-11-21 00:00:00
252,188,Hybrid,180750.81,2019-03-29 00:00:00
253,1155,Fixed Income,270321.77,2017-06-10 00:00:00
254,144,Equity,398206.83,2020-07-27 00:00:00
255,699,Hybrid,146019.77,2020-04-30 00:00:00
256,1263,Equity,104355.24,2025-03-27 00:00:00
257,150,Equity,623269.28,2019-01-29 00:00:00
258,1154,Hybrid,289660.34,2019-11-10 00:00:00
259,849,Fixed Income,306167.24,2020-09-18 00:00:00
260,812,Hybrid,310825.94,2018-03-09 00:00:00
261,398,Equity,49037.9,2018-12-18 00:00:00
262,362,Hybrid,323467.64,2018-01-24 00:00:00
263,3,Hybrid,72157.54,2017-12-01 00:00:00
264,566,Equity,293089.08,2025-03-21 00:00:00
265,915,Equity,366669.14,2023-10-20 00:00:00
266,562,Equity,186404.3,2024-12-10 00:00:00
267,447,Hybrid,67246.54,2021-06-30 00:00:00
268,1433,Hybrid,70359.61,2023-12-16 00:00:00
269,1222,Hybrid,103343.58,2019-01-25 00:00:00
270,866,Hybrid,87560.46,2020-12-29 00:00:00
271,729,Goal-Based,195877.01,2023-05-12 00:00:00
272,660,Equity,443142.18,2019-12-21 00:00:00
273,22,Equity,253215.93,2021-07-25 00:00:00
274,166,Equity,67937.7,2022-06-21 00:00:00
275,890,Hybrid,201447.21,2022-03-16 00:00:00
276,1382,Equity,192613.39,2025-03-22 00:00:00
277,1319,Hybrid,116891.82,2021-06-26 00:00:00
278,1189,Hybrid,166850.78,2017-08-04 00:00:00
279,1,Hybrid,123272.88,2022-05-04 00:00:00
280,1262,Hybrid,107447.58,2020-12-04 00:00:00
281,1349,Goal-Based,768145.74,2021-07-15 00:00:00
282,198,Equity,219071.21,2024-01-07 00:00:00
283,593,Fixed Income,142550.13,2017-06-27 00:00:00
284,649,Equity,823074.06,2017-05-25 00:00:00
285,1442,Equity,259265.43,2024-09-29 00:00:00
286,1058,Fixed Income,96611.65,2018-10-23 00:00:00
287,1103,Equity,143365.55,2025-05-06 00:00:00
288,288,Hybrid,81047.18,2026-03-17 00:00:00
289,220,Goal-Based,73871.17,2019-05-29 00:00:00
290,1416,Equity,526127.82,2024-07-10 00:00:00
291,1319,Equity,39387.13,2019-01-17 00:00:00
292,1036,Fixed Income,22615.73,2021-10-30 00:00:00
293,1311,Fixed Income,311811.41,2025-11-14 00:00:00
294,1300,Fixed Income,222346.15,2026-03-14 00:00:00
295,529,Hybrid,107935.54,2023-07-02 00:00:00
296,1006,Hybrid,51431.11,2017-10-23 00:00:00
297,590,Hybrid,145862.77,2019-02-01 00:00:00
298,1470,Hybrid,461393.96,2024-07-05 00:00:00
299,583,Hybrid,472679.61,2020-06-12 00:00:00
300,10,Equity,436775.21,2024-06-07 00:00:00
301,684,Fixed Income,36583.17,2020-05-04 00:00:00
302,603,Hybrid,208425.74,2024-08-30 00:00:00
303,152,Equity,43965.61,2022-03-28 00:00:00
304,691,Goal-Based,159242.44,2024-01-26 00:00:00
305,1077,Hybrid,409426.36,2023-11-14 00:00:00
306,1370,Equity,88742,2018-02-26 00:00:00
307,1235,Equity,56195.68,2022-04-04 00:00:00
308,76,Fixed Income,159371.16,2023-11-15 00:00:00
309,1358,Equity,159289.21,2020-09-16 00:00:00
310,1483,Fixed Income,37298.19,2023-08-07 00:00:00
311,553,Hybrid,710482.15,2021-06-22 00:00:00
312,1276,Equity,44243.41,2022-03-01 00:00:00
313,821,Equity,304906.04,2019-11-07 00:00:00
314,1332,Hybrid,510592.47,2024-06-03 00:00:00
315,922,Equity,110483.56,2018-02-09 00:00:00
316,758,Fixed Income,95948.04,2017-01-22 00:00:00
317,528,Hybrid,398835.56,2017-01-15 00:00:00
318,833,Fixed Income,60612.38,2019-09-25 00:00:00
319,482,Hybrid,441658.69,2017-06-15 00:00:00
320,918,Fixed Income,81397.46,2023-04-04 00:00:00
321,68,Equity,112834.5,2018-08-27 00:00:00
322,846,Hybrid,55851.15,2025-12-17 00:00:00
323,980,Equity,99252.74,2017-12-13 00:00:00
324,1351,Fixed Income,27088.76,2024-10-11 00:00:00
325,1122,Fixed Income,243605.5,2024-08-23 00:00:00
326,1210,Hybrid,719478.51,2019-04-09 00:00:00
327,1120,Goal-Based,653699.76,2023-07-04 00:00:00
328,1341,Fixed Income,478249.02,2024-08-09 00:00:00
329,807,Fixed Income,40888.15,2019-12-07 00:00:00
330,700,Equity,37643,2022-04-24 00:00:00
331,964,Hybrid,190173.46,2024-06-07 00:00:00
332,1408,Fixed Income,1136641.44,2025-05-08 00:00:00
333,853,Hybrid,162976.91,2020-04-19 00:00:00
334,50,Fixed Income,107995.77,2021-03-20 00:00:00
335,822,Fixed Income,750519.7,2024-03-07 00:00:00
336,958,Equity,226091.74,2019-02-18 00:00:00
337,1294,Hybrid,46764.56,2025-09-12 00:00:00
338,579,Hybrid,299788.79,2024-11-20 00:00:00
339,1250,Equity,573822.02,2019-03-11 00:00:00
340,1010,Equity,142788.75,2019-07-11 00:00:00
341,124,Equity,224188.31,2021-11-17 00:00:00
342,361,Hybrid,245548.78,2017-03-21 00:00:00
343,578,Equity,1082937.91,2022-03-14 00:00:00
344,1226,Hybrid,109101.97,2025-01-19 00:00:00
345,1014,Fixed Income,131523.39,2023-11-08 00:00:00
346,1161,Equity,154997.99,2023-08-03 00:00:00
347,733,Equity,259349.1,2025-12-18 00:00:00
348,550,Equity,246240.24,2022-01-10 00:00:00
349,1298,Equity,37427.34,2025-08-21 00:00:00
350,1197,Equity,13781.17,2025-09-02 00:00:00
351,54,Hybrid,143768.91,2021-01-29 00:00:00
352,998,Hybrid,212314.87,2020-12-20 00:00:00
353,447,Hybrid,195368.71,2021-07-14 00:00:00
354,1276,Fixed Income,85762.19,2025-02-02 00:00:00
355,902,Fixed Income,88121.56,2018-07-04 00:00:00
356,524,Hybrid,124795.02,2022-03-14 00:00:00
357,713,Fixed Income,60779.7,2022-11-18 00:00:00
358,508,Equity,232008.64,2025-03-21 00:00:00
359,1315,Hybrid,133973.62,2021-04-21 00:00:00
360,1006,Goal-Based,113545.64,2024-10-22 00:00:00
361,196,Hybrid,49459.57,2021-06-20 00:00:00
362,553,Goal-Based,159924.02,2020-06-20 00:00:00
363,149,Equity,748584.87,2018-08-31 00:00:00
364,692,Fixed Income,29175.95,2023-08-26 00:00:00
365,835,Hybrid,478426.96,2021-07-08 00:00:00
366,885,Equity,51087.9,2018-07-24 00:00:00
367,1316,Equity,321494.11,2025-01-16 00:00:00
368,1322,Fixed Income,159566.68,2020-10-19 00:00:00
369,193,Fixed Income,20839.08,2025-10-05 00:00:00
370,760,Equity,186558.19,2021-12-13 00:00:00
371,1018,Goal-Based,27764.59,2020-07-19 00:00:00
372,551,Fixed Income,213096.97,2026-02-19 00:00:00
373,1367,Fixed Income,344155.34,2021-05-12 00:00:00
374,1181,Fixed Income,52780.52,2025-03-15 00:00:00
375,502,Fixed Income,126471.39,2023-05-19 00:00:00
376,417,Fixed Income,154366.69,2025-10-05 00:00:00
377,258,Hybrid,158893.1,2017-01-06 00:00:00
378,982,Fixed Income,287409.93,2020-03-14 00:00:00
379,1214,Hybrid,44391.5,2017-06-27 00:00:00
380,766,Equity,37034.51,2018-12-26 00:00:00
381,270,Goal-Based,42747.34,2018-08-25 00:00:00
382,654,Equity,455800.51,2023-10-10 00:00:00
383,1328,Equity,47240.48,2021-07-17 00:00:00
384,1071,Equity,219513.84,2021-04-29 00:00:00
385,1230,Fixed Income,34386.76,2025-04-04 00:00:00
386,998,Fixed Income,38180.06,2023-10-06 00:00:00
387,96,Goal-Based,647124.01,2022-08-18 00:00:00
388,884,Equity,108722.34,2024-06-15 00:00:00
389,871,Goal-Based,484322.32,2018-10-07 00:00:00
390,308,Equity,56111.57,2026-02-03 00:00:00
391,251,Fixed Income,182939.41,2023-05-24 00:00:00
392,310,Goal-Based,76128.73,2017-09-19 00:00:00
393,425,Hybrid,190195.77,2023-06-17 00:00:00
394,255,Equity,379405.97,2026-03-15 00:00:00
395,1372,Goal-Based,215449.55,2017-03-21 00:00:00
396,740,Hybrid,493077.99,2025-01-02 00:00:00
397,309,Equity,173695.64,2018-05-24 00:00:00
398,1402,Equity,74564.49,2021-10-20 00:00:00
399,107,Hybrid,477024.6,2017-04-24 00:00:00
400,897,Fixed Income,378005.03,2021-06-30 00:00:00
401,520,Hybrid,340226.31,2018-01-10 00:00:00
402,1417,Hybrid,70387.02,2018-08-30 00:00:00
403,65,Equity,19559.77,2023-08-26 00:00:00
404,1272,Equity,128656.23,2023-07-05 00:00:00
405,610,Fixed Income,543655.79,2021-05-22 00:00:00
406,1339,Goal-Based,470887.86,2021-04-19 00:00:00
407,255,Fixed Income,25794.13,2025-08-29 00:00:00
408,289,Hybrid,75117.75,2025-12-09 00:00:00
409,1418,Equity,28832.99,2024-01-21 00:00:00
410,1395,Equity,217764.74,2017-05-05 00:00:00
411,1152,Equity,117540.66,2024-12-07 00:00:00
412,481,Equity,46278.32,2019-06-11 00:00:00
413,1415,Hybrid,326383.86,2017-01-13 00:00:00
414,1240,Equity,71167.49,2022-11-20 00:00:00
415,673,Hybrid,163436.49,2022-11-01 00:00:00
416,453,Equity,580560.5,2017-09-14 00:00:00
417,1327,Equity,144011.77,2025-02-13 00:00:00
418,1284,Fixed Income,156757.6,2018-01-19 00:00:00
419,1285,Fixed Income,88274.41,2017-09-22 00:00:00
420,334,Hybrid,182181.83,2018-09-12 00:00:00
421,441,Equity,134508.09,2024-01-03 00:00:00
422,951,Fixed Income,352342.81,2025-12-07 00:00:00
423,532,Equity,297252.95,2022-11-03 00:00:00
424,242,Equity,116200.29,2018-01-18 00:00:00
425,1104,Goal-Based,93450.22,2024-06-11 00:00:00
426,244,Hybrid,165162.58,2025-01-11 00:00:00
427,213,Hybrid,196852.24,2026-02-16 00:00:00
428,1353,Fixed Income,495600.56,2024-03-06 00:00:00
429,13,Hybrid,265649.82,2020-12-01 00:00:00
430,1099,Goal-Based,174302.81,2022-04-02 00:00:00
431,603,Equity,77179.71,2025-10-03 00:00:00
432,395,Goal-Based,160202.03,2020-12-23 00:00:00
433,1188,Goal-Based,267665.22,2022-09-30 00:00:00
434,726,Equity,235718.26,2025-02-28 00:00:00
435,1356,Fixed Income,217680.89,2017-08-09 00:00:00
436,638,Equity,877687.62,2018-10-13 00:00:00
437,1404,Hybrid,271607.02,2023-09-13 00:00:00
438,709,Equity,223495.4,2022-08-20 00:00:00
439,639,Fixed Income,48612.97,2017-10-18 00:00:00
440,19,Hybrid,59832.08,2021-05-12 00:00:00
441,205,Hybrid,252479.85,2024-08-17 00:00:00
442,1378,Equity,610369.87,2018-09-08 00:00:00
443,1385,Hybrid,240634.16,2020-10-05 00:00:00
444,201,Equity,145831.67,2024-04-16 00:00:00
445,683,Fixed Income,35731.59,2024-09-24 00:00:00
446,1480,Hybrid,197169.15,2020-10-06 00:00:00
447,1038,Hybrid,613243.62,2021-03-30 00:00:00
448,1256,Fixed Income,89059.52,2018-04-15 00:00:00
449,122,Equity,625185.91,2019-11-16 00:00:00
450,854,Fixed Income,250378.27,2018-02-14 00:00:00
451,58,Hybrid,161364.72,2019-12-12 00:00:00
452,166,Equity,83016.02,2024-11-06 00:00:00
453,427,Fixed Income,110131.05,2017-05-06 00:00:00
454,644,Hybrid,84661.4,2024-05-16 00:00:00
455,1433,Equity,579795.84,2020-04-10 00:00:00
456,411,Hybrid,337537,2023-03-17 00:00:00
457,20,Fixed Income,774742.96,2022-02-26 00:00:00
458,1328,Equity,91093.9,2019-04-12 00:00:00
459,798,Hybrid,445089.21,2018-02-28 00:00:00
460,779,Equity,112441.33,2022-03-14 00:00:00
461,1413,Equity,187949.21,2025-07-27 00:00:00
462,677,Goal-Based,54898.3,2024-08-01 00:00:00
463,903,Equity,150114.67,2020-05-20 00:00:00
464,641,Equity,86712.36,2024-09-02 00:00:00
465,104,Hybrid,347242.26,2022-09-24 00:00:00
466,218,Equity,173658.42,2021-06-01 00:00:00
467,364,Hybrid,570408.77,2025-09-03 00:00:00
468,69,Equity,38192.82,2025-12-14 00:00:00
469,1001,Hybrid,218337.16,2022-11-14 00:00:00
470,1065,Equity,124876.69,2020-01-17 00:00:00
471,1290,Equity,1549759.61,2024-08-16 00:00:00
472,1355,Fixed Income,260046.43,2025-05-11 00:00:00
473,724,Equity,195494.62,2024-03-19 00:00:00
474,86,Fixed Income,43240.14,2022-01-14 00:00:00
475,853,Hybrid,132573.94,2020-07-16 00:00:00
476,4,Goal-Based,363700.94,2020-09-23 00:00:00
477,210,Fixed Income,96774.97,2017-02-28 00:00:00
478,11,Hybrid,35119.71,2024-11-01 00:00:00
479,1441,Equity,80887.77,2021-02-27 00:00:00
480,262,Hybrid,119847.36,2020-08-06 00:00:00
481,191,Hybrid,191826.7,2019-08-20 00:00:00
482,183,Equity,57673.73,2017-05-04 00:00:00
483,37,Hybrid,138818.63,2020-02-11 00:00:00
484,120,Hybrid,56904.26,2017-12-01 00:00:00
485,41,Fixed Income,164844.84,2024-12-30 00:00:00
486,1026,Equity,98466.65,2024-09-29 00:00:00
487,99,Fixed Income,731307.71,2025-06-01 00:00:00
488,167,Equity,324824.05,2021-01-01 00:00:00
489,559,Hybrid,153952.75,2020-12-12 00:00:00
490,962,Equity,52019.29,2022-02-21 00:00:00
491,1236,Equity,62946.19,2017-11-03 00:00:00
492,1039,Equity,100043.04,2023-02-07 00:00:00
493,767,Fixed Income,100890,2022-11-02 00:00:00
494,106,Fixed Income,129598.04,2024-10-21 00:00:00
495,1263,Fixed Income,171606.88,2019-07-13 00:00:00
496,19,Equity,219546.37,2026-02-21 00:00:00
497,722,Hybrid,199439.8,2017-11-18 00:00:00
498,975,Hybrid,159740.96,2024-04-02 00:00:00
499,507,Hybrid,133787.46,2024-02-03 00:00:00
500,188,Hybrid,58900.87,2024-02-06 00:00:00
501,114,Hybrid,194594.94,2024-12-14 00:00:00
502,534,Goal-Based,208978.35,2018-07-07 00:00:00
503,1457,Equity,147038.73,2024-09-04 00:00:00
504,211,Equity,107957.6,2022-02-11 00:00:00
505,1030,Hybrid,343610.57,2017-07-31 00:00:00
506,1461,Equity,63003.43,2025-04-27 00:00:00
507,610,Hybrid,204239.37,2025-10-07 00:00:00
508,1300,Fixed Income,584946.08,2023-08-03 00:00:00
509,417,Hybrid,120323.65,2020-01-09 00:00:00
510,526,Goal-Based,284223.95,2025-06-27 00:00:00
511,777,Equity,40497.96,2022-12-15 00:00:00
512,1445,Fixed Income,194168.69,2023-01-22 00:00:00
513,835,Goal-Based,40306.77,2018-10-01 00:00:00
514,1433,Goal-Based,912086.04,2019-09-07 00:00:00
515,546,Equity,477431.59,2019-05-03 00:00:00
516,147,Goal-Based,203645.11,2026-01-30 00:00:00
517,459,Hybrid,375962.34,2020-10-03 00:00:00
518,141,Equity,70807.48,2020-11-22 00:00:00
519,435,Hybrid,234468.23,2020-10-04 00:00:00
520,995,Hybrid,663525.27,2017-09-08 00:00:00
521,250,Hybrid,1373422.41,2023-04-20 00:00:00
522,348,Hybrid,79354.87,2023-12-02 00:00:00
523,57,Equity,132358.85,2020-08-29 00:00:00
524,1480,Hybrid,38970.4,2025-10-10 00:00:00
525,1364,Fixed Income,71802.85,2021-09-08 00:00:00
526,191,Fixed Income,468148.68,2017-09-28 00:00:00
527,370,Fixed Income,144151.02,2017-07-01 00:00:00
528,949,Equity,411118.14,2020-05-08 00:00:00
529,1393,Hybrid,71114.05,2024-07-04 00:00:00
530,62,Fixed Income,154559.69,2019-10-15 00:00:00
531,211,Goal-Based,323258.99,2022-09-18 00:00:00
532,1140,Goal-Based,101527.36,2024-07-28 00:00:00
533,882,Hybrid,133598.16,2025-01-27 00:00:00
534,1103,Hybrid,454940.87,2019-06-23 00:00:00
535,654,Equity,191325.17,2017-08-30 00:00:00
536,431,Hybrid,689295.57,2019-11-01 00:00:00
537,1377,Fixed Income,120100.29,2023-04-17 00:00:00
538,247,Equity,52094.92,2022-03-04 00:00:00
539,539,Equity,420078.72,2024-07-04 00:00:00
540,1228,Fixed Income,79500.25,2017-10-25 00:00:00
541,188,Equity,130987.16,2018-05-16 00:00:00
542,786,Fixed Income,152145.62,2018-03-06 00:00:00
543,1372,Hybrid,350662.05,2020-03-18 00:00:00
544,805,Hybrid,279873.34,2022-03-15 00:00:00
545,834,Hybrid,646730.44,2025-02-25 00:00:00
546,142,Equity,1020484.34,2022-03-12 00:00:00
547,466,Hybrid,213497.44,2018-01-21 00:00:00
548,1193,Equity,220094.88,2024-05-17 00:00:00
549,1079,Fixed Income,123413,2017-08-11 00:00:00
550,1004,Equity,93506.98,2023-03-02 00:00:00
551,133,Fixed Income,299634.96,2024-09-21 00:00:00
552,1143,Hybrid,788140.17,2022-07-18 00:00:00
553,1445,Goal-Based,101863.1,2025-12-09 00:00:00
554,558,Fixed Income,121102.31,2025-05-21 00:00:00
555,520,Hybrid,41779.01,2017-11-10 00:00:00
556,505,Equity,142181.61,2024-02-16 00:00:00
557,696,Hybrid,43259.25,2020-09-17 00:00:00
558,1043,Hybrid,122878.14,2017-02-08 00:00:00
559,596,Hybrid,57486.94,2023-10-17 00:00:00
560,301,Fixed Income,314091.59,2019-10-25 00:00:00
561,1188,Hybrid,242502.35,2022-08-04 00:00:00
562,1121,Equity,222854.82,2019-03-31 00:00:00
563,1442,Equity,132996.61,2017-07-19 00:00:00
564,1499,Hybrid,169788.53,2025-08-17 00:00:00
565,664,Hybrid,54596.42,2023-05-08 00:00:00
566,570,Fixed Income,107374.9,2025-12-06 00:00:00
567,643,Fixed Income,232512.62,2018-02-26 00:00:00
568,1363,Hybrid,304748.79,2019-11-30 00:00:00
569,24,Hybrid,117567.8,2018-07-16 00:00:00
570,324,Equity,251277.53,2020-05-19 00:00:00
571,1229,Hybrid,448422.75,2020-05-08 00:00:00
572,1197,Equity,70615.6,2021-03-20 00:00:00
573,261,Equity,377988.33,2024-02-20 00:00:00
574,181,Equity,171902.75,2024-04-01 00:00:00
575,493,Fixed Income,163252.64,2022-12-31 00:00:00
576,1173,Hybrid,257823.02,2018-02-17 00:00:00
577,64,Fixed Income,37118.84,2017-01-09 00:00:00
578,1276,Fixed Income,100341.03,2024-04-17 00:00:00
579,1301,Equity,551946.64,2021-08-09 00:00:00
580,114,Fixed Income,56835.25,2018-02-11 00:00:00
581,721,Hybrid,63900.15,2026-01-09 00:00:00
582,42,Goal-Based,109154.86,2020-01-10 00:00:00
583,1262,Fixed Income,91954.94,2019-12-30 00:00:00
584,142,Equity,1098416.88,2018-05-30 00:00:00
585,985,Equity,180721.73,2023-10-17 00:00:00
586,812,Fixed Income,227531.77,2019-06-01 00:00:00
587,526,Hybrid,187187.65,2023-05-29 00:00:00
588,1124,Equity,596286.12,2021-11-02 00:00:00
589,451,Goal-Based,320374.03,2020-11-20 00:00:00
590,118,Equity,288902.32,2019-02-22 00:00:00
591,420,Equity,322252.39,2021-01-22 00:00:00
592,22,Equity,325446.35,2017-03-02 00:00:00
593,1183,Fixed Income,366275.86,2018-04-26 00:00:00
594,645,Equity,189712.84,2025-03-29 00:00:00
595,452,Goal-Based,197942.13,2022-04-28 00:00:00
596,798,Goal-Based,526691.46,2022-12-14 00:00:00
597,1478,Equity,529972.13,2020-02-27 00:00:00
598,118,Hybrid,439331.85,2017-05-04 00:00:00
599,17,Equity,116353.62,2023-03-14 00:00:00
600,547,Equity,503345.83,2018-06-11 00:00:00
601,593,Goal-Based,515713.58,2017-09-19 00:00:00
602,996,Equity,308969.37,2018-10-03 00:00:00
603,111,Hybrid,125964.55,2021-01-06 00:00:00
604,1065,Fixed Income,903351.67,2020-05-29 00:00:00
605,804,Fixed Income,229227.02,2024-05-24 00:00:00
606,874,Hybrid,346757.57,2019-12-03 00:00:00
607,336,Equity,451765.1,2025-07-06 00:00:00
608,9,Hybrid,496551.48,2021-08-09 00:00:00
609,1221,Equity,140619.66,2019-03-08 00:00:00
610,265,Equity,235393.4,2022-07-24 00:00:00
611,483,Goal-Based,130460.72,2020-07-29 00:00:00
612,523,Hybrid,176182.78,2018-04-19 00:00:00
613,1225,Goal-Based,109700.63,2023-09-24 00:00:00
614,1112,Equity,240817.08,2024-08-06 00:00:00
615,73,Equity,325597.15,2023-11-27 00:00:00
616,1391,Fixed Income,108858.35,2019-12-25 00:00:00
617,1293,Equity,265022.98,2025-02-19 00:00:00
618,1255,Equity,271562.99,2019-06-04 00:00:00
619,342,Goal-Based,153096.27,2023-06-19 00:00:00
620,343,Hybrid,34189.4,2017-12-18 00:00:00
621,1252,Fixed Income,97482.94,2017-12-29 00:00:00
622,41,Fixed Income,51687.41,2018-02-13 00:00:00
623,1343,Hybrid,98621.47,2021-01-18 00:00:00
624,1404,Equity,502741.26,2023-12-31 00:00:00
625,960,Fixed Income,37424.97,2022-06-05 00:00:00
626,1249,Equity,62214.1,2022-11-24 00:00:00
627,480,Hybrid,177140.72,2021-06-13 00:00:00
628,1057,Equity,93530.34,2025-07-30 00:00:00
629,907,Equity,354499.37,2025-12-01 00:00:00
630,570,Equity,39833.42,2024-05-17 00:00:00
631,612,Fixed Income,189602.34,2024-05-05 00:00:00
632,786,Hybrid,174293.13,2022-08-15 00:00:00
633,350,Hybrid,121155.13,2019-10-25 00:00:00
634,1322,Fixed Income,29847.92,2019-10-23 00:00:00
635,974,Equity,448714.64,2020-07-30 00:00:00
636,977,Hybrid,123084.88,2021-07-12 00:00:00
637,59,Hybrid,193450.47,2021-11-28 00:00:00
638,1442,Fixed Income,745280.49,2019-08-30 00:00:00
639,1108,Hybrid,788424.85,2019-11-07 00:00:00
640,1497,Fixed Income,71504.87,2017-01-18 00:00:00
641,196,Fixed Income,139346.16,2017-04-25 00:00:00
642,840,Goal-Based,72014.14,2019-08-21 00:00:00
643,1293,Fixed Income,231306.95,2023-03-22 00:00:00
644,622,Goal-Based,305047.47,2025-05-12 00:00:00
645,385,Hybrid,140326.43,2023-01-01 00:00:00
646,1136,Hybrid,79069.35,2022-06-06 00:00:00
647,629,Hybrid,173565.31,2024-04-30 00:00:00
648,1202,Hybrid,84527.31,2025-11-23 00:00:00
649,820,Equity,279124.67,2024-03-13 00:00:00
650,635,Equity,87106.09,2022-01-29 00:00:00
651,511,Fixed Income,243002.16,2020-08-15 00:00:00
652,780,Hybrid,106819.83,2024-10-16 00:00:00
653,171,Hybrid,83389.78,2025-03-26 00:00:00
654,1463,Fixed Income,102824.08,2026-02-09 00:00:00
655,1079,Equity,130120.52,2022-12-04 00:00:00
656,88,Equity,502563.03,2018-06-16 00:00:00
657,1220,Hybrid,263623.9,2024-01-07 00:00:00
658,303,Equity,347800.04,2017-02-08 00:00:00
659,215,Equity,174748.1,2018-05-04 00:00:00
660,475,Hybrid,503469.61,2024-06-06 00:00:00
661,1250,Fixed Income,104684.25,2026-01-28 00:00:00
662,1004,Fixed Income,165359.99,2020-06-10 00:00:00
663,578,Equity,369951.89,2025-10-03 00:00:00
664,1261,Hybrid,101752.01,2018-07-12 00:00:00
665,201,Equity,881229.48,2023-11-09 00:00:00
666,1413,Hybrid,219819.07,2023-04-13 00:00:00
667,779,Goal-Based,92324.59,2020-06-19 00:00:00
668,804,Fixed Income,416668.46,2023-11-24 00:00:00
669,1010,Fixed Income,637248.07,2023-05-18 00:00:00
670,62,Equity,229002.67,2021-08-15 00:00:00
671,212,Hybrid,515366.95,2018-03-01 00:00:00
672,487,Fixed Income,271158.26,2021-05-13 00:00:00
673,879,Fixed Income,79874.98,2022-05-29 00:00:00
674,831,Hybrid,123858.32,2021-07-13 00:00:00
675,1166,Hybrid,1475273.38,2022-11-29 00:00:00
676,939,Equity,149576.87,2022-05-31 00:00:00
677,1401,Equity,155209.29,2020-02-16 00:00:00
678,654,Goal-Based,344381.99,2024-11-08 00:00:00
679,204,Fixed Income,67423.63,2021-01-21 00:00:00
680,256,Hybrid,12968,2021-11-04 00:00:00
681,759,Equity,88254.89,2018-06-25 00:00:00
682,460,Fixed Income,108215.2,2024-08-25 00:00:00
683,777,Equity,394584.25,2022-07-24 00:00:00
684,1412,Equity,46565.14,2022-02-27 00:00:00
685,771,Fixed Income,1214146.51,2020-04-13 00:00:00
686,1254,Equity,134670.07,2024-09-20 00:00:00
687,373,Fixed Income,386571,2023-12-24 00:00:00
688,84,Equity,1252203.49,2020-05-07 00:00:00
689,270,Equity,405317.15,2025-04-01 00:00:00
690,39,Equity,94443.3,2023-06-02 00:00:00
691,635,Hybrid,520067.57,2018-11-05 00:00:00
692,429,Fixed Income,161877.96,2024-12-23 00:00:00
693,1357,Fixed Income,514347.9,2019-05-26 00:00:00
694,1304,Fixed Income,86812.69,2021-09-13 00:00:00
695,1355,Equity,151882.32,2022-08-19 00:00:00
696,608,Equity,254157.01,2022-08-13 00:00:00
697,301,Fixed Income,87902.64,2025-08-11 00:00:00
698,901,Hybrid,77981.26,2017-04-21 00:00:00
699,765,Goal-Based,61537.72,2017-01-23 00:00:00
700,1326,Equity,407665.33,2022-05-01 00:00:00
701,1427,Fixed Income,145945.4,2020-10-24 00:00:00
702,885,Hybrid,220197.53,2024-10-01 00:00:00
703,1005,Fixed Income,797287.24,2023-08-03 00:00:00
704,1336,Hybrid,681746.14,2023-07-30 00:00:00
705,439,Fixed Income,239871.62,2018-01-14 00:00:00
706,120,Fixed Income,119271.75,2026-02-09 00:00:00
707,883,Equity,70764.11,2021-02-22 00:00:00
708,927,Fixed Income,154768.6,2023-04-27 00:00:00
709,600,Fixed Income,157983.91,2018-04-20 00:00:00
710,524,Fixed Income,78353.52,2022-10-03 00:00:00
711,640,Fixed Income,102067.95,2024-06-24 00:00:00
712,441,Equity,89806.23,2020-07-17 00:00:00
713,106,Hybrid,18425.73,2024-07-14 00:00:00
714,1037,Hybrid,441041.21,2025-06-06 00:00:00
715,755,Hybrid,320591.65,2021-04-15 00:00:00
716,1416,Hybrid,12391.25,2024-04-03 00:00:00
717,811,Fixed Income,165090.54,2024-02-20 00:00:00
718,507,Fixed Income,1008019.73,2023-06-13 00:00:00
719,720,Fixed Income,1252312.05,2017-03-23 00:00:00
720,713,Hybrid,135324.7,2019-03-05 00:00:00
721,392,Equity,415487.12,2024-03-07 00:00:00
722,1375,Equity,153532.67,2024-09-06 00:00:00
723,764,Equity,79762.42,2017-08-05 00:00:00
724,1169,Equity,218711.45,2017-01-17 00:00:00
725,298,Equity,137703.83,2020-12-21 00:00:00
726,1025,Fixed Income,404654.77,2024-12-06 00:00:00
727,1345,Fixed Income,142030.47,2020-03-05 00:00:00
728,570,Fixed Income,319936.39,2019-11-01 00:00:00
729,74,Equity,73112.34,2022-03-31 00:00:00
730,1156,Fixed Income,58659.29,2018-10-25 00:00:00
731,1147,Equity,79810.24,2019-03-22 00:00:00
732,1323,Fixed Income,245838.4,2022-02-07 00:00:00
733,1402,Hybrid,145263.34,2018-12-18 00:00:00
734,643,Hybrid,85819.92,2024-02-11 00:00:00
735,494,Fixed Income,98309.66,2018-07-06 00:00:00
736,1077,Fixed Income,103548.01,2017-03-17 00:00:00
737,353,Equity,485360.36,2017-01-08 00:00:00
738,343,Fixed Income,82235.11,2019-09-28 00:00:00
739,1085,Goal-Based,205373.69,2017-10-05 00:00:00
740,657,Equity,135561.48,2019-05-17 00:00:00
741,1146,Fixed Income,174382.55,2019-01-19 00:00:00
742,1232,Hybrid,130845.4,2025-01-20 00:00:00
743,1165,Equity,173110.99,2023-10-26 00:00:00
744,1066,Hybrid,274726.5,2019-03-11 00:00:00
745,804,Equity,136452.59,2023-05-26 00:00:00
746,531,Hybrid,127320.34,2019-12-28 00:00:00
747,119,Equity,318692.25,2019-04-26 00:00:00
748,315,Equity,97985.15,2017-01-11 00:00:00
749,76,Equity,52627.34,2017-03-01 00:00:00
750,952,Equity,394545.54,2021-02-07 00:00:00
751,765,Hybrid,90694.13,2018-02-28 00:00:00
752,1340,Equity,97613.47,2022-05-12 00:00:00
753,424,Equity,145680.83,2023-12-23 00:00:00
754,548,Fixed Income,23807.87,2020-11-12 00:00:00
755,400,Hybrid,204859.06,2017-09-24 00:00:00
756,946,Fixed Income,235105.6,2019-09-18 00:00:00
757,99,Equity,142501.34,2024-10-28 00:00:00
758,1369,Equity,220360.47,2025-12-11 00:00:00
759,692,Fixed Income,42313.41,2023-01-30 00:00:00
760,1263,Fixed Income,61569.4,2024-01-28 00:00:00
761,42,Equity,31828.32,2023-04-07 00:00:00
762,1203,Hybrid,104648.01,2024-12-27 00:00:00
763,598,Hybrid,65823.68,2025-09-09 00:00:00
764,1427,Goal-Based,524243.51,2022-09-08 00:00:00
765,490,Hybrid,403173.97,2023-09-08 00:00:00
766,11,Fixed Income,169896.42,2020-03-25 00:00:00
767,340,Goal-Based,354852.76,2019-11-08 00:00:00
768,308,Hybrid,52810.58,2024-09-05 00:00:00
769,302,Equity,142779.31,2022-01-06 00:00:00
770,430,Equity,494038.61,2026-03-01 00:00:00
771,603,Equity,60245.09,2023-08-16 00:00:00
772,421,Hybrid,330868.87,2025-05-09 00:00:00
773,336,Hybrid,60795.9,2022-04-18 00:00:00
774,467,Hybrid,281518.86,2026-01-12 00:00:00
775,1092,Equity,254313.84,2024-02-27 00:00:00
776,867,Goal-Based,184018.43,2023-06-08 00:00:00
777,1418,Equity,104540.17,2025-07-04 00:00:00
778,1350,Fixed Income,50506.14,2017-10-01 00:00:00
779,668,Fixed Income,305352.58,2020-07-20 00:00:00
780,158,Fixed Income,150112.34,2021-09-08 00:00:00
781,722,Equity,568846.65,2025-05-31 00:00:00
782,1183,Fixed Income,114456.51,2025-05-23 00:00:00
783,533,Equity,82751.48,2023-06-21 00:00:00
784,413,Fixed Income,86598.15,2020-02-03 00:00:00
785,767,Fixed Income,77010.42,2022-10-21 00:00:00
786,471,Equity,82503.67,2025-01-14 00:00:00
787,1092,Goal-Based,67885.28,2024-01-19 00:00:00
788,368,Hybrid,279195.12,2023-08-18 00:00:00
789,352,Fixed Income,44805.47,2017-09-03 00:00:00
790,986,Equity,781639.12,2021-08-11 00:00:00
791,1026,Equity,101571.03,2024-01-07 00:00:00
792,1395,Equity,50848.52,2019-12-11 00:00:00
793,238,Equity,52793.13,2025-05-31 00:00:00
794,236,Equity,405624.26,2017-09-13 00:00:00
795,1312,Hybrid,1860112.47,2020-06-07 00:00:00
796,774,Equity,607044,2017-12-07 00:00:00
797,589,Equity,81787.3,2018-07-13 00:00:00
798,1027,Hybrid,66607.3,2018-05-24 00:00:00
799,1022,Fixed Income,65707.17,2019-08-30 00:00:00
800,421,Equity,163561.9,2017-01-20 00:00:00
801,776,Equity,40194,2020-01-30 00:00:00
802,1294,Equity,123880.95,2022-05-11 00:00:00
803,164,Hybrid,83870.27,2024-11-26 00:00:00
804,297,Fixed Income,162713.83,2021-12-25 00:00:00
805,1029,Fixed Income,390789.69,2017-07-28 00:00:00
806,832,Hybrid,138616,2021-12-28 00:00:00
807,1006,Equity,30137.81,2017-04-13 00:00:00
808,1045,Goal-Based,493852.95,2021-12-07 00:00:00
809,842,Hybrid,43442.51,2020-01-14 00:00:00
810,933,Fixed Income,81483.72,2024-03-27 00:00:00
811,421,Fixed Income,70945.13,2022-08-20 00:00:00
812,558,Equity,52256.78,2018-07-09 00:00:00
813,1104,Hybrid,1007168.56,2017-09-22 00:00:00
814,1472,Equity,92221.6,2020-07-05 00:00:00
815,720,Hybrid,115885.76,2022-03-17 00:00:00
816,1293,Hybrid,106272.54,2023-08-16 00:00:00
817,720,Goal-Based,79895.34,2020-07-07 00:00:00
818,1124,Hybrid,187305.01,2019-09-14 00:00:00
819,1303,Hybrid,837724.89,2021-12-26 00:00:00
820,1283,Hybrid,217275.09,2026-01-09 00:00:00
821,520,Hybrid,265059.56,2017-08-05 00:00:00
822,320,Hybrid,29706.47,2018-08-29 00:00:00
823,1250,Equity,384271.87,2025-12-21 00:00:00
824,1064,Hybrid,185157.77,2022-02-17 00:00:00
825,772,Hybrid,760819.53,2024-08-12 00:00:00
826,670,Fixed Income,47570.49,2019-07-06 00:00:00
827,81,Equity,138183.46,2022-01-07 00:00:00
828,624,Fixed Income,102407.22,2019-12-21 00:00:00
829,601,Equity,265702.77,2020-08-12 00:00:00
830,329,Hybrid,124415.61,2020-11-12 00:00:00
831,1119,Hybrid,169519.03,2023-09-04 00:00:00
832,27,Fixed Income,669013.8,2023-03-23 00:00:00
833,527,Fixed Income,546154.75,2024-10-13 00:00:00
834,1304,Equity,163009.12,2022-01-01 00:00:00
835,265,Fixed Income,51931.32,2022-05-06 00:00:00
836,222,Fixed Income,48541.7,2021-05-24 00:00:00
837,1309,Goal-Based,189735.3,2020-03-20 00:00:00
838,18,Equity,319695.53,2018-06-15 00:00:00
839,162,Goal-Based,143014.25,2021-07-12 00:00:00
840,649,Hybrid,223818.49,2021-08-13 00:00:00
841,155,Fixed Income,114145.47,2025-09-04 00:00:00
842,141,Hybrid,775153.64,2022-03-06 00:00:00
843,497,Fixed Income,217752.4,2023-05-24 00:00:00
844,176,Fixed Income,175706.64,2020-12-11 00:00:00
845,300,Equity,258851.82,2017-12-29 00:00:00
846,1208,Fixed Income,157197.3,2020-02-26 00:00:00
847,524,Hybrid,344902.17,2018-09-01 00:00:00
848,650,Equity,191158.97,2018-10-02 00:00:00
849,892,Hybrid,270571.02,2017-08-08 00:00:00
850,531,Hybrid,53530.62,2023-12-22 00:00:00
851,211,Fixed Income,328627.97,2022-12-02 00:00:00
852,744,Hybrid,185774.36,2023-05-17 00:00:00
853,976,Hybrid,47082.61,2022-11-05 00:00:00
854,1,Equity,419204.86,2023-04-24 00:00:00
855,812,Equity,159001.27,2023-08-13 00:00:00
856,54,Goal-Based,863142.92,2018-01-20 00:00:00
857,49,Fixed Income,360600.4,2019-10-31 00:00:00
858,1117,Hybrid,238805.09,2025-08-19 00:00:00
859,407,Fixed Income,105140.12,2017-01-10 00:00:00
860,1252,Hybrid,131293.28,2020-08-21 00:00:00
861,585,Equity,106687.44,2022-11-12 00:00:00
862,1243,Goal-Based,244715.07,2019-12-27 00:00:00
863,1067,Hybrid,219516.38,2022-06-22 00:00:00
864,382,Goal-Based,93144.99,2022-06-23 00:00:00
865,137,Equity,270393.18,2023-06-30 00:00:00
866,193,Equity,328973.18,2017-06-22 00:00:00
867,1174,Equity,108679.6,2019-05-28 00:00:00
868,307,Fixed Income,226690.87,2017-02-03 00:00:00
869,868,Equity,229820.79,2020-08-26 00:00:00
870,1008,Fixed Income,909269.18,2023-04-27 00:00:00
871,884,Goal-Based,111297.71,2024-10-21 00:00:00
872,526,Equity,265460.18,2023-02-14 00:00:00
873,715,Equity,233979.7,2024-10-27 00:00:00
874,1209,Equity,580314.87,2023-08-11 00:00:00
875,50,Hybrid,68452.72,2018-07-22 00:00:00
876,1225,Hybrid,254090.73,2023-04-02 00:00:00
877,115,Hybrid,107616.32,2024-07-03 00:00:00
878,1415,Hybrid,354203.3,2020-10-07 00:00:00
879,74,Hybrid,294609.26,2023-10-03 00:00:00
880,1341,Fixed Income,83430.04,2018-11-16 00:00:00
881,223,Equity,63328.03,2018-10-17 00:00:00
882,44,Goal-Based,366857.69,2019-07-19 00:00:00
883,814,Equity,275115.13,2026-02-05 00:00:00
884,892,Hybrid,84666.64,2024-02-11 00:00:00
885,873,Equity,479135.15,2024-05-29 00:00:00
886,749,Fixed Income,47184.63,2021-08-11 00:00:00
887,411,Equity,182176.44,2022-03-14 00:00:00
888,50,Goal-Based,105673.36,2025-02-01 00:00:00
889,1043,Fixed Income,176397.75,2017-03-06 00:00:00
890,922,Hybrid,40767.8,2020-09-15 00:00:00
891,411,Fixed Income,250287.08,2017-04-08 00:00:00
892,508,Equity,712369.69,2024-07-22 00:00:00
893,512,Equity,149860.02,2023-09-27 00:00:00
894,429,Fixed Income,426694.98,2024-07-29 00:00:00
895,1122,Goal-Based,63404.91,2020-11-11 00:00:00
896,889,Equity,426307.13,2021-06-30 00:00:00
897,1394,Equity,152333.78,2019-08-27 00:00:00
898,1104,Equity,246456.9,2022-02-27 00:00:00
899,1180,Equity,121759.26,2020-08-18 00:00:00
900,322,Fixed Income,109651.43,2025-11-10 00:00:00
901,31,Equity,137138.46,2024-04-27 00:00:00
902,1142,Hybrid,495967.41,2017-02-01 00:00:00
903,282,Hybrid,176739.19,2022-02-03 00:00:00
904,1400,Fixed Income,119020.52,2021-11-16 00:00:00
905,309,Hybrid,122973.67,2020-05-18 00:00:00
906,1474,Fixed Income,130296.22,2017-01-30 00:00:00
907,113,Hybrid,989709.76,2020-01-27 00:00:00
908,669,Equity,315467.9,2022-06-23 00:00:00
909,1311,Fixed Income,252272.93,2020-04-27 00:00:00
910,59,Fixed Income,65797.92,2022-08-18 00:00:00
911,1040,Hybrid,95506.42,2025-03-20 00:00:00
912,1376,Fixed Income,110219.51,2021-03-12 00:00:00
913,1282,Hybrid,73351.71,2022-08-10 00:00:00
914,1062,Fixed Income,60247.3,2017-02-01 00:00:00
915,836,Fixed Income,373509.85,2018-01-25 00:00:00
916,1299,Fixed Income,420687.47,2025-09-07 00:00:00
917,1037,Equity,732798.05,2024-07-28 00:00:00
918,1370,Equity,92587.94,2024-01-16 00:00:00
919,1368,Equity,584064.91,2023-07-13 00:00:00
920,412,Goal-Based,110952.51,2017-09-15 00:00:00
921,538,Hybrid,121982.91,2020-01-04 00:00:00
922,1226,Goal-Based,157994.57,2018-03-17 00:00:00
923,740,Fixed Income,80741,2019-11-06 00:00:00
924,605,Equity,15561.42,2021-08-28 00:00:00
925,1440,Fixed Income,434639.12,2024-08-02 00:00:00
926,1375,Fixed Income,414860.38,2024-11-07 00:00:00
927,1404,Fixed Income,264633.78,2019-08-27 00:00:00
928,1217,Equity,58682.21,2019-10-07 00:00:00
929,906,Hybrid,94832.56,2024-09-23 00:00:00
930,295,Fixed Income,263917.86,2025-08-27 00:00:00
931,480,Equity,181461.22,2018-03-11 00:00:00
932,121,Equity,207963.82,2020-11-16 00:00:00
933,819,Hybrid,120181.32,2023-10-31 00:00:00
934,716,Hybrid,71556.1,2023-05-02 00:00:00
935,44,Equity,33797.33,2017-03-01 00:00:00
936,1113,Equity,614534.92,2023-05-08 00:00:00
937,1269,Fixed Income,221867.48,2025-01-26 00:00:00
938,1406,Goal-Based,345323.24,2019-05-06 00:00:00
939,1182,Hybrid,468770.41,2017-02-03 00:00:00
940,416,Equity,435228.38,2018-02-23 00:00:00
941,1457,Hybrid,13814.38,2017-02-23 00:00:00
942,519,Fixed Income,2057437.12,2023-05-24 00:00:00
943,1106,Hybrid,341282.41,2024-02-07 00:00:00
944,816,Hybrid,243049.28,2022-11-29 00:00:00
945,692,Goal-Based,160949.6,2021-10-04 00:00:00
946,721,Hybrid,131220.89,2017-02-27 00:00:00
947,339,Goal-Based,128197.71,2018-07-18 00:00:00
948,511,Hybrid,33908.55,2021-06-06 00:00:00
949,250,Fixed Income,392355.34,2023-06-28 00:00:00
950,1483,Equity,100885.19,2019-09-12 00:00:00
951,1456,Equity,1363112.82,2022-06-08 00:00:00
952,531,Hybrid,178267.99,2025-03-29 00:00:00
953,444,Hybrid,91124.66,2024-02-09 00:00:00
954,448,Fixed Income,83614.24,2025-01-25 00:00:00
955,914,Equity,451259.98,2017-05-31 00:00:00
956,432,Hybrid,123019.11,2018-02-18 00:00:00
957,966,Hybrid,126610.63,2021-07-24 00:00:00
958,140,Fixed Income,518747.01,2024-11-24 00:00:00
959,693,Goal-Based,70614.55,2023-11-05 00:00:00
960,365,Fixed Income,104184.74,2022-07-28 00:00:00
961,193,Hybrid,68059.73,2022-07-29 00:00:00
962,1406,Equity,422301.41,2024-03-29 00:00:00
963,1023,Goal-Based,86109.1,2024-03-02 00:00:00
964,718,Hybrid,103397.74,2022-02-22 00:00:00
965,70,Equity,104411.83,2023-03-18 00:00:00
966,433,Hybrid,123263.93,2019-01-02 00:00:00
967,408,Goal-Based,46151.67,2023-05-27 00:00:00
968,292,Equity,118668.99,2017-09-03 00:00:00
969,1040,Equity,434042.02,2017-08-30 00:00:00
970,453,Fixed Income,221673.28,2020-03-24 00:00:00
971,577,Equity,1314264.64,2020-07-01 00:00:00
972,1096,Equity,274669.48,2024-04-05 00:00:00
973,357,Hybrid,287744.92,2022-11-22 00:00:00
974,801,Equity,218189.43,2024-03-18 00:00:00
975,628,Equity,329524.56,2021-08-02 00:00:00
976,777,Hybrid,373770.29,2021-03-18 00:00:00
977,684,Fixed Income,538702.11,2019-12-13 00:00:00
978,90,Equity,300588.87,2018-08-26 00:00:00
979,14,Equity,109559.78,2024-12-22 00:00:00
980,1450,Hybrid,180753.13,2022-07-30 00:00:00
981,1156,Fixed Income,82694.59,2020-11-18 00:00:00
982,743,Fixed Income,295309.29,2018-02-15 00:00:00
983,1285,Fixed Income,42690.85,2020-11-10 00:00:00
984,957,Equity,136182.15,2019-11-10 00:00:00
985,818,Hybrid,89897.02,2018-02-18 00:00:00
986,946,Fixed Income,519810.68,2020-02-01 00:00:00
987,1181,Hybrid,248000.64,2019-09-27 00:00:00
988,919,Fixed Income,77154.56,2023-05-17 00:00:00
989,1185,Fixed Income,194134.79,2019-06-22 00:00:00
990,482,Equity,71392.01,2025-04-05 00:00:00
991,938,Equity,682417.85,2023-06-07 00:00:00
992,1031,Hybrid,207212.75,2023-07-09 00:00:00
993,1164,Equity,49434.39,2018-11-08 00:00:00
994,362,Equity,244839.92,2020-03-18 00:00:00
995,1310,Goal-Based,1587817.14,2019-12-04 00:00:00
996,600,Goal-Based,186864.73,2023-08-26 00:00:00
997,995,Fixed Income,1447083.12,2025-07-15 00:00:00
998,173,Fixed Income,373503.02,2022-02-03 00:00:00
999,1068,Equity,69447.25,2017-06-12 00:00:00
1000,1194,Hybrid,207903.99,2019-05-04 00:00:00
1001,1316,Equity,120248.38,2026-01-24 00:00:00
1002,592,Equity,171740.48,2025-08-02 00:00:00
1003,1410,Goal-Based,1176192.79,2023-11-30 00:00:00
1004,1369,Fixed Income,105786.53,2019-04-09 00:00:00
1005,1162,Equity,48636.02,2020-03-22 00:00:00
1006,751,Goal-Based,521268.22,2020-12-24 00:00:00
1007,1266,Hybrid,242446.94,2019-04-09 00:00:00
1008,386,Hybrid,96800.02,2023-01-02 00:00:00
1009,227,Equity,253874.13,2023-09-03 00:00:00
1010,1409,Hybrid,316933.26,2025-05-05 00:00:00
1011,21,Goal-Based,199754.97,2024-08-01 00:00:00
1012,1400,Equity,302961.25,2017-07-03 00:00:00
1013,16,Equity,230418.94,2021-09-12 00:00:00
1014,583,Hybrid,55668,2018-01-05 00:00:00
1015,293,Hybrid,322104.21,2018-11-30 00:00:00
1016,469,Equity,50853.82,2022-09-09 00:00:00
1017,19,Hybrid,383064.62,2026-01-20 00:00:00
1018,154,Fixed Income,115598.43,2026-01-20 00:00:00
1019,437,Hybrid,115202.88,2019-04-17 00:00:00
1020,220,Fixed Income,94551.69,2022-12-06 00:00:00
1021,651,Equity,95335.43,2024-08-14 00:00:00
1022,1440,Equity,311248.66,2021-05-06 00:00:00
1023,244,Equity,112566.27,2023-11-28 00:00:00
1024,1230,Hybrid,166916.5,2026-03-01 00:00:00
1025,39,Hybrid,317495.62,2019-05-09 00:00:00
1026,415,Hybrid,75651.51,2023-05-12 00:00:00
1027,631,Equity,64515.21,2024-05-06 00:00:00
1028,397,Hybrid,150796.51,2021-10-17 00:00:00
1029,1329,Goal-Based,68931.63,2017-11-13 00:00:00
1030,17,Hybrid,234747.86,2018-10-07 00:00:00
1031,362,Fixed Income,89466.93,2017-09-24 00:00:00
1032,461,Goal-Based,134453.66,2024-04-24 00:00:00
1033,1454,Hybrid,225646.98,2021-02-02 00:00:00
1034,950,Fixed Income,74550.87,2022-12-12 00:00:00
1035,1478,Equity,229182.13,2025-03-28 00:00:00
1036,1252,Hybrid,218375.57,2025-10-12 00:00:00
1037,599,Equity,830612.96,2022-05-02 00:00:00
1038,344,Equity,784334.34,2020-11-04 00:00:00
1039,591,Fixed Income,86757.95,2025-11-15 00:00:00
1040,874,Equity,587517.81,2024-07-21 00:00:00
1041,669,Fixed Income,28846.09,2024-08-02 00:00:00
1042,926,Equity,168674.96,2022-09-27 00:00:00
1043,958,Goal-Based,284161.08,2022-07-14 00:00:00
1044,368,Fixed Income,403345.37,2026-03-17 00:00:00
1045,946,Equity,71312.58,2020-12-10 00:00:00
1046,158,Hybrid,42981.34,2025-03-15 00:00:00
1047,12,Hybrid,183055.89,2022-01-03 00:00:00
1048,363,Hybrid,276446.44,2024-08-29 00:00:00
1049,705,Equity,124203.57,2021-05-16 00:00:00
1050,160,Fixed Income,567050.24,2025-06-11 00:00:00
1051,1011,Hybrid,38403.22,2025-07-28 00:00:00
1052,172,Goal-Based,250449.46,2018-05-18 00:00:00
1053,365,Hybrid,18150.26,2023-08-25 00:00:00
1054,1224,Equity,112234.03,2024-12-31 00:00:00
1055,1466,Goal-Based,184623.98,2019-04-01 00:00:00
1056,1179,Fixed Income,230271.28,2021-07-05 00:00:00
1057,938,Fixed Income,59057.32,2025-12-24 00:00:00
1058,461,Goal-Based,16705.82,2022-10-24 00:00:00
1059,651,Fixed Income,159001.02,2018-01-10 00:00:00
1060,545,Equity,67832.21,2018-11-20 00:00:00
1061,465,Hybrid,192721.71,2018-06-28 00:00:00
1062,1455,Fixed Income,311396.18,2020-03-31 00:00:00
1063,268,Hybrid,197566.93,2020-08-23 00:00:00
1064,55,Equity,187798.54,2023-11-04 00:00:00
1065,1386,Equity,152187.03,2017-01-28 00:00:00
1066,1277,Fixed Income,139567.33,2022-10-11 00:00:00
1067,347,Equity,764218.06,2018-07-03 00:00:00
1068,111,Fixed Income,95141.36,2024-08-14 00:00:00
1069,1050,Hybrid,394268.36,2020-01-14 00:00:00
1070,757,Equity,121301.17,2024-06-09 00:00:00
1071,941,Fixed Income,108064.55,2017-09-11 00:00:00
1072,692,Fixed Income,511286.57,2025-02-19 00:00:00
1073,55,Equity,393896.42,2018-06-16 00:00:00
1074,415,Hybrid,631301.13,2020-08-22 00:00:00
1075,274,Goal-Based,240735.67,2025-08-02 00:00:00
1076,502,Fixed Income,83628.01,2017-07-20 00:00:00
1077,956,Equity,110311.26,2018-01-27 00:00:00
1078,1364,Hybrid,587941.31,2025-08-23 00:00:00
1079,311,Equity,383519.45,2022-10-14 00:00:00
1080,1187,Fixed Income,139563.81,2018-10-23 00:00:00
1081,1375,Fixed Income,231759.25,2022-11-05 00:00:00
1082,186,Equity,349983.04,2022-12-05 00:00:00
1083,1403,Fixed Income,101392.81,2026-02-20 00:00:00
1084,20,Hybrid,227387.09,2026-03-16 00:00:00
1085,183,Hybrid,605788.15,2022-08-11 00:00:00
1086,1327,Hybrid,23367.34,2023-03-21 00:00:00
1087,423,Goal-Based,92551.76,2024-10-31 00:00:00
1088,906,Goal-Based,291216.24,2020-03-30 00:00:00
1089,920,Equity,794914.39,2017-08-08 00:00:00
1090,1236,Goal-Based,61631.99,2019-06-08 00:00:00
1091,858,Fixed Income,212305.92,2021-05-30 00:00:00
1092,659,Fixed Income,179839.36,2022-06-10 00:00:00
1093,556,Fixed Income,82967.6,2020-06-12 00:00:00
1094,1490,Hybrid,109036.62,2020-11-12 00:00:00
1095,1064,Fixed Income,200670.11,2017-03-04 00:00:00
1096,1266,Equity,195170.35,2019-08-02 00:00:00
1097,982,Equity,44189.41,2018-01-16 00:00:00
1098,1113,Fixed Income,203867.03,2019-02-22 00:00:00
1099,250,Hybrid,542829.36,2020-05-27 00:00:00
1100,1397,Hybrid,177829.84,2021-02-09 00:00:00
1101,87,Equity,69686.17,2017-01-10 00:00:00
1102,198,Equity,349128.14,2018-04-14 00:00:00
1103,484,Equity,78431.71,2025-04-20 00:00:00
1104,257,Hybrid,107170.72,2018-08-13 00:00:00
1105,285,Equity,105100.58,2017-05-24 00:00:00
1106,1158,Hybrid,96477.09,2019-08-29 00:00:00
1107,442,Hybrid,152765.9,2020-05-14 00:00:00
1108,1274,Hybrid,66581.82,2019-07-04 00:00:00
1109,1313,Equity,73330.21,2017-04-06 00:00:00
1110,228,Equity,138190.57,2022-12-23 00:00:00
1111,378,Fixed Income,143362.78,2024-12-10 00:00:00
1112,197,Hybrid,199260.47,2021-10-15 00:00:00
1113,580,Fixed Income,132787.12,2021-12-14 00:00:00
1114,966,Equity,405823.22,2019-07-30 00:00:00
1115,860,Equity,217430.9,2019-10-04 00:00:00
1116,134,Equity,57931.61,2024-11-08 00:00:00
1117,28,Hybrid,1044633.42,2021-01-29 00:00:00
1118,1002,Fixed Income,533573.88,2023-03-09 00:00:00
1119,1342,Fixed Income,216089.9,2025-04-06 00:00:00
1120,732,Fixed Income,134687.64,2025-02-19 00:00:00
1121,327,Goal-Based,114237.86,2019-11-19 00:00:00
1122,448,Fixed Income,167152.11,2023-07-24 00:00:00
1123,1433,Goal-Based,462198.12,2017-11-08 00:00:00
1124,1491,Hybrid,92980.32,2023-03-28 00:00:00
1125,343,Equity,419270.59,2021-04-04 00:00:00
1126,205,Equity,49541.06,2020-10-28 00:00:00
1127,514,Equity,101978.33,2017-11-25 00:00:00
1128,835,Equity,501165.12,2022-10-27 00:00:00
1129,988,Equity,85995.54,2020-12-11 00:00:00
1130,1088,Equity,52741.27,2020-02-10 00:00:00
1131,210,Hybrid,199206.49,2017-04-01 00:00:00
1132,957,Hybrid,160355.16,2017-09-20 00:00:00
1133,55,Fixed Income,676867.66,2021-03-02 00:00:00
1134,682,Goal-Based,241659.06,2021-11-22 00:00:00
1135,1437,Hybrid,12132.15,2023-09-04 00:00:00
1136,1249,Hybrid,455068.07,2024-02-07 00:00:00
1137,1382,Equity,159208.45,2023-10-23 00:00:00
1138,394,Fixed Income,64029.6,2023-05-03 00:00:00
1139,998,Goal-Based,155543.63,2023-10-03 00:00:00
1140,806,Equity,227502.58,2019-12-26 00:00:00
1141,1425,Fixed Income,66462.64,2021-11-24 00:00:00
1142,1055,Fixed Income,57973.92,2024-05-27 00:00:00
1143,660,Hybrid,198812.87,2019-11-22 00:00:00
1144,367,Hybrid,1343862.99,2023-12-07 00:00:00
1145,986,Equity,240498.92,2021-02-05 00:00:00
1146,975,Fixed Income,587773.16,2019-10-05 00:00:00
1147,666,Equity,394540.91,2018-11-06 00:00:00
1148,694,Equity,58167.45,2017-05-31 00:00:00
1149,360,Equity,193476.68,2020-01-31 00:00:00
1150,136,Hybrid,146543.75,2024-01-08 00:00:00
1151,134,Fixed Income,493966.99,2017-08-03 00:00:00
1152,810,Fixed Income,94682.95,2025-12-06 00:00:00
1153,1376,Equity,496673.01,2023-05-14 00:00:00
1154,993,Fixed Income,85165.02,2024-03-05 00:00:00
1155,72,Fixed Income,95678.8,2017-01-26 00:00:00
1156,973,Fixed Income,213840.07,2024-08-20 00:00:00
1157,1417,Equity,346190.11,2019-02-04 00:00:00
1158,247,Fixed Income,63000.71,2017-02-28 00:00:00
1159,1033,Hybrid,81209.74,2018-09-04 00:00:00
1160,930,Hybrid,70973.28,2022-05-18 00:00:00
1161,833,Fixed Income,407631.88,2018-11-11 00:00:00
1162,241,Equity,76178.78,2019-11-16 00:00:00
1163,1477,Goal-Based,57778.34,2019-01-17 00:00:00
1164,798,Equity,212802.28,2017-11-08 00:00:00
1165,381,Hybrid,27515.12,2019-07-12 00:00:00
1166,908,Fixed Income,496450.44,2020-01-28 00:00:00
1167,522,Fixed Income,140938.5,2019-06-27 00:00:00
1168,704,Fixed Income,861221.99,2018-09-07 00:00:00
1169,353,Hybrid,333472.78,2022-06-22 00:00:00
1170,484,Equity,110572.74,2026-02-01 00:00:00
1171,1048,Equity,108951.75,2025-10-22 00:00:00
1172,201,Goal-Based,74911.37,2017-12-29 00:00:00
1173,758,Hybrid,178749.88,2017-12-06 00:00:00
1174,754,Goal-Based,181548.29,2025-07-26 00:00:00
1175,770,Hybrid,71963.27,2020-09-01 00:00:00
1176,298,Equity,109155.31,2019-07-08 00:00:00
1177,1487,Hybrid,217216.59,2021-09-08 00:00:00
1178,39,Hybrid,290121.85,2018-04-08 00:00:00
1179,676,Fixed Income,227149.55,2023-01-28 00:00:00
1180,839,Hybrid,771467.76,2025-02-20 00:00:00
1181,885,Hybrid,117663.88,2022-10-21 00:00:00
1182,1317,Fixed Income,55746.36,2019-09-03 00:00:00
1183,765,Hybrid,1093194.86,2021-10-17 00:00:00
1184,7,Goal-Based,67257.32,2024-01-30 00:00:00
1185,166,Equity,91247.14,2021-06-23 00:00:00
1186,6,Fixed Income,616479.82,2019-10-06 00:00:00
1187,1229,Hybrid,88436.18,2020-11-30 00:00:00
1188,1013,Hybrid,55145.15,2018-07-12 00:00:00
1189,740,Equity,164157.08,2018-12-27 00:00:00
1190,34,Equity,77944.02,2025-10-19 00:00:00
1191,1464,Equity,925577.37,2025-12-23 00:00:00
1192,1290,Equity,131095,2021-10-01 00:00:00
1193,273,Goal-Based,86070.08,2022-05-13 00:00:00
1194,765,Equity,74295.3,2024-05-29 00:00:00
1195,974,Fixed Income,70476.55,2020-08-29 00:00:00
1196,1417,Equity,294217.81,2022-11-14 00:00:00
1197,819,Fixed Income,138675.29,2024-12-03 00:00:00
1198,754,Hybrid,36294.81,2023-09-07 00:00:00
1199,512,Equity,341232.91,2025-07-12 00:00:00
1200,140,Equity,446268.51,2021-06-13 00:00:00
1201,642,Equity,177266.09,2021-02-25 00:00:00
1202,161,Equity,84500.59,2019-04-04 00:00:00
1203,254,Hybrid,74390.64,2019-12-10 00:00:00
1204,423,Hybrid,334404.9,2017-06-12 00:00:00
1205,479,Hybrid,337692.45,2023-06-02 00:00:00
1206,223,Equity,175642.13,2024-10-11 00:00:00
1207,1225,Hybrid,384416.21,2025-12-20 00:00:00
1208,201,Fixed Income,183878.71,2023-08-26 00:00:00
1209,1393,Goal-Based,141544.58,2022-12-25 00:00:00
1210,521,Goal-Based,157466.63,2022-09-09 00:00:00
1211,558,Fixed Income,445003.07,2021-05-04 00:00:00
1212,621,Hybrid,190232.77,2018-01-29 00:00:00
1213,212,Equity,235400.19,2018-05-06 00:00:00
1214,1227,Fixed Income,573680.17,2023-05-02 00:00:00
1215,1104,Hybrid,116202.94,2020-08-06 00:00:00
1216,1220,Equity,104025.05,2024-03-20 00:00:00
1217,477,Hybrid,227344.33,2023-08-18 00:00:00
1218,815,Hybrid,31224.85,2017-03-11 00:00:00
1219,193,Hybrid,423144.66,2018-11-25 00:00:00
1220,959,Equity,406628.81,2025-11-10 00:00:00
1221,417,Hybrid,386277.69,2024-05-14 00:00:00
1222,1345,Equity,45328.05,2025-01-01 00:00:00
1223,593,Goal-Based,64429.67,2019-01-28 00:00:00
1224,336,Hybrid,27314.97,2018-09-01 00:00:00
1225,1303,Equity,609573.83,2020-09-17 00:00:00
1226,1071,Fixed Income,88526.26,2019-12-01 00:00:00
1227,231,Equity,46713.95,2017-10-30 00:00:00
1228,682,Goal-Based,272297.05,2025-09-29 00:00:00
1229,1106,Fixed Income,174454.16,2024-10-03 00:00:00
1230,824,Goal-Based,135852.68,2021-07-20 00:00:00
1231,920,Equity,242694.9,2019-02-03 00:00:00
1232,836,Fixed Income,204584.57,2020-06-19 00:00:00
1233,922,Fixed Income,219767.43,2024-01-14 00:00:00
1234,1123,Equity,69610.66,2021-02-23 00:00:00
1235,689,Hybrid,743500.66,2017-04-14 00:00:00
1236,1104,Hybrid,111008.73,2018-06-04 00:00:00
1237,891,Equity,72510.56,2019-02-28 00:00:00
1238,1308,Equity,111452.69,2022-11-11 00:00:00
1239,713,Hybrid,25088.6,2026-01-16 00:00:00
1240,622,Hybrid,51350.76,2022-02-27 00:00:00
1241,709,Fixed Income,225780.76,2026-03-27 00:00:00
1242,1277,Fixed Income,96591.63,2022-08-31 00:00:00
1243,517,Equity,325206.08,2017-05-18 00:00:00
1244,603,Hybrid,2050263.51,2022-01-23 00:00:00
1245,638,Equity,178132.22,2021-06-19 00:00:00
1246,1207,Hybrid,337285.54,2025-06-14 00:00:00
1247,702,Fixed Income,858624.11,2017-11-04 00:00:00
1248,428,Fixed Income,97541.45,2025-12-17 00:00:00
1249,9,Hybrid,40131.97,2025-01-05 00:00:00
1250,1461,Hybrid,365239.27,2019-10-22 00:00:00
1251,999,Equity,667009.87,2022-12-18 00:00:00
1252,670,Equity,1255080.92,2024-05-31 00:00:00
1253,206,Goal-Based,81453.75,2023-04-29 00:00:00
1254,92,Equity,97464.49,2024-10-05 00:00:00
1255,984,Fixed Income,37125.07,2020-05-12 00:00:00
1256,472,Equity,502787.09,2020-12-08 00:00:00
1257,1291,Hybrid,585078.9,2023-05-14 00:00:00
1258,962,Equity,206975.52,2017-11-16 00:00:00
1259,100,Hybrid,156224.62,2023-09-25 00:00:00
1260,1274,Goal-Based,424420.56,2023-08-21 00:00:00
1261,1182,Equity,1780880.54,2017-10-12 00:00:00
1262,1173,Hybrid,190317.94,2019-12-11 00:00:00
1263,1080,Equity,263294.8,2023-06-27 00:00:00
1264,114,Hybrid,231418.16,2019-11-12 00:00:00
1265,380,Hybrid,112991.95,2024-09-12 00:00:00
1266,400,Equity,404341.22,2018-12-02 00:00:00
1267,594,Equity,241137.75,2023-04-17 00:00:00
1268,1194,Equity,27259.57,2018-04-28 00:00:00
1269,827,Equity,202391.7,2019-06-23 00:00:00
1270,1218,Equity,484017.88,2017-02-22 00:00:00
1271,1019,Fixed Income,47996.37,2018-11-02 00:00:00
1272,378,Equity,62309.46,2020-08-12 00:00:00
1273,244,Hybrid,39637.98,2021-07-08 00:00:00
1274,870,Fixed Income,318301.87,2018-04-22 00:00:00
1275,422,Hybrid,114085.01,2020-06-03 00:00:00
1276,277,Equity,318293.8,2020-12-15 00:00:00
1277,586,Fixed Income,130835.57,2024-10-08 00:00:00
1278,1131,Equity,165714.85,2022-03-26 00:00:00
1279,1383,Hybrid,38564.23,2017-08-08 00:00:00
1280,1414,Equity,56187.08,2025-02-13 00:00:00
1281,1431,Hybrid,339455.87,2021-11-25 00:00:00
1282,766,Fixed Income,164645.13,2019-11-08 00:00:00
1283,1004,Equity,23371.57,2024-09-01 00:00:00
1284,690,Equity,104958.94,2023-06-28 00:00:00
1285,763,Hybrid,843315.32,2025-02-20 00:00:00
1286,374,Hybrid,98916.99,2021-04-20 00:00:00
1287,515,Hybrid,111561.92,2024-10-11 00:00:00
1288,1245,Hybrid,288622.66,2019-02-24 00:00:00
1289,1305,Equity,220299.08,2019-08-01 00:00:00
1290,360,Goal-Based,162469.24,2023-02-04 00:00:00
1291,38,Hybrid,177983.6,2023-04-23 00:00:00
1292,481,Hybrid,609663.07,2024-04-09 00:00:00
1293,1106,Goal-Based,29630.66,2019-11-05 00:00:00
1294,1303,Fixed Income,48337.2,2021-04-20 00:00:00
1295,1157,Equity,122911.61,2025-11-27 00:00:00
1296,1366,Hybrid,73412.63,2021-04-02 00:00:00
1297,146,Equity,79097.82,2024-04-27 00:00:00
1298,1316,Hybrid,104064.04,2023-09-19 00:00:00
1299,5,Equity,264791.98,2024-11-29 00:00:00
1300,607,Equity,192858.23,2024-04-03 00:00:00
1301,680,Equity,243049.83,2022-05-24 00:00:00
1302,842,Fixed Income,184909.23,2025-05-26 00:00:00
1303,46,Hybrid,50573.08,2025-09-30 00:00:00
1304,934,Goal-Based,322309.59,2026-01-23 00:00:00
1305,20,Equity,359233.28,2022-04-23 00:00:00
1306,1272,Hybrid,25079.81,2020-06-12 00:00:00
1307,1474,Hybrid,52898.13,2026-02-25 00:00:00
1308,598,Goal-Based,78284.87,2019-08-24 00:00:00
1309,1367,Equity,243177.35,2026-03-25 00:00:00
1310,89,Equity,236727.46,2019-09-11 00:00:00
1311,1435,Equity,55194.69,2025-05-28 00:00:00
1312,153,Goal-Based,98584.85,2021-09-23 00:00:00
1313,452,Equity,59697.37,2025-02-02 00:00:00
1314,797,Fixed Income,75181.19,2023-02-16 00:00:00
1315,709,Equity,593836.73,2023-03-15 00:00:00
1316,121,Goal-Based,90660.24,2019-09-11 00:00:00
1317,1185,Hybrid,43970.15,2020-03-22 00:00:00
1318,533,Hybrid,201937.13,2026-03-27 00:00:00
1319,497,Fixed Income,122869.43,2018-07-01 00:00:00
1320,1478,Equity,54420.25,2024-04-09 00:00:00
1321,842,Fixed Income,266076.55,2025-12-20 00:00:00
1322,71,Goal-Based,347549.5,2020-09-12 00:00:00
1323,165,Fixed Income,427601.88,2017-10-19 00:00:00
1324,671,Fixed Income,1272219.44,2023-05-04 00:00:00
1325,1131,Hybrid,77760.86,2021-10-26 00:00:00
1326,1428,Hybrid,153620.72,2022-07-04 00:00:00
1327,698,Fixed Income,143997.8,2020-04-14 00:00:00
1328,585,Equity,257878.59,2017-05-17 00:00:00
1329,326,Equity,207268.49,2024-06-24 00:00:00
1330,1245,Goal-Based,210425.81,2020-06-30 00:00:00
1331,629,Hybrid,113465.6,2021-09-29 00:00:00
1332,1107,Fixed Income,1524892.49,2020-04-20 00:00:00
1333,210,Equity,109435.27,2021-06-12 00:00:00
1334,380,Fixed Income,227783.78,2023-05-25 00:00:00
1335,531,Equity,563692.99,2025-10-19 00:00:00
1336,300,Hybrid,158217.68,2024-06-22 00:00:00
1337,897,Goal-Based,149293.25,2018-01-25 00:00:00
1338,1102,Hybrid,269114.86,2022-06-09 00:00:00
1339,346,Equity,173176.04,2025-07-29 00:00:00
1340,614,Hybrid,172191.35,2017-05-15 00:00:00
1341,1329,Equity,433323.05,2017-06-22 00:00:00
1342,85,Hybrid,151990.94,2025-03-30 00:00:00
1343,1439,Equity,237833.31,2023-07-21 00:00:00
1344,604,Goal-Based,27769.4,2021-03-21 00:00:00
1345,909,Equity,53791.92,2025-02-04 00:00:00
1346,811,Equity,354663.61,2020-08-28 00:00:00
1347,726,Equity,191889.81,2018-05-27 00:00:00
1348,1500,Goal-Based,340853.09,2020-12-22 00:00:00
1349,603,Fixed Income,306214.22,2019-09-16 00:00:00
1350,417,Fixed Income,164796.89,2020-02-21 00:00:00
1351,315,Hybrid,115285.63,2018-02-18 00:00:00
1352,456,Hybrid,2019585.55,2025-03-21 00:00:00
1353,381,Hybrid,59246.45,2021-08-29 00:00:00
1354,430,Goal-Based,316445.65,2018-11-12 00:00:00
1355,1443,Equity,195019.72,2021-02-27 00:00:00
1356,307,Hybrid,397201.51,2022-07-10 00:00:00
1357,444,Fixed Income,38455.83,2021-09-10 00:00:00
1358,525,Goal-Based,498261.67,2024-01-18 00:00:00
1359,44,Equity,384130.68,2021-08-07 00:00:00
1360,1128,Hybrid,2550812.83,2025-12-24 00:00:00
1361,426,Equity,145714.46,2023-11-21 00:00:00
1362,300,Hybrid,112586.05,2022-11-08 00:00:00
1363,1146,Equity,620614.39,2026-01-25 00:00:00
1364,993,Equity,115486.87,2018-02-24 00:00:00
1365,1368,Hybrid,170994.93,2024-09-27 00:00:00
1366,396,Equity,243293.69,2023-12-14 00:00:00
1367,1315,Fixed Income,191171.75,2024-05-30 00:00:00
1368,341,Hybrid,404107.07,2022-08-07 00:00:00
1369,635,Fixed Income,298421.23,2022-04-30 00:00:00
1370,219,Equity,288085.38,2024-02-26 00:00:00
1371,1344,Hybrid,175935.63,2023-03-03 00:00:00
1372,555,Hybrid,37531.05,2018-02-04 00:00:00
1373,746,Goal-Based,301538.06,2025-12-21 00:00:00
1374,1128,Fixed Income,232186.2,2023-08-09 00:00:00
1375,1070,Hybrid,103431.78,2018-09-05 00:00:00
1376,1225,Equity,94121.78,2022-05-09 00:00:00
1377,1214,Fixed Income,461433.98,2025-08-02 00:00:00
1378,340,Equity,366728.12,2022-01-14 00:00:00
1379,1290,Equity,347686.71,2021-10-31 00:00:00
1380,780,Goal-Based,306544.02,2024-12-30 00:00:00
1381,1463,Equity,43335.57,2022-07-05 00:00:00
1382,507,Fixed Income,116849.6,2025-12-04 00:00:00
1383,1307,Goal-Based,74265.51,2017-07-23 00:00:00
1384,1083,Hybrid,53718.23,2022-07-15 00:00:00
1385,679,Equity,436688,2020-11-01 00:00:00
1386,1471,Fixed Income,197971.15,2020-09-10 00:00:00
1387,701,Goal-Based,93170.24,2024-10-26 00:00:00
1388,1455,Fixed Income,118602.28,2019-07-03 00:00:00
1389,1440,Equity,270147.42,2023-01-27 00:00:00
1390,346,Fixed Income,114448.58,2020-12-26 00:00:00
1391,1239,Hybrid,135070.1,2019-08-16 00:00:00
1392,1201,Fixed Income,308574.67,2023-03-10 00:00:00
1393,211,Hybrid,441137.32,2022-01-23 00:00:00
1394,455,Equity,419870.77,2020-03-27 00:00:00
1395,226,Equity,206288.09,2020-04-21 00:00:00
1396,370,Goal-Based,59155.45,2025-02-12 00:00:00
1397,1344,Equity,51727.49,2018-07-15 00:00:00
1398,768,Goal-Based,276267.37,2023-03-18 00:00:00
1399,503,Fixed Income,1798729.25,2022-05-11 00:00:00
1400,420,Hybrid,266067.48,2022-09-19 00:00:00
1401,279,Hybrid,221683.06,2019-09-21 00:00:00
1402,57,Hybrid,157436.46,2019-10-07 00:00:00
1403,891,Hybrid,211197.71,2020-05-12 00:00:00
1404,908,Equity,72425.89,2024-02-27 00:00:00
1405,245,Equity,679646.56,2024-05-19 00:00:00
1406,814,Fixed Income,232255.68,2018-07-16 00:00:00
1407,1241,Hybrid,265289.48,2023-10-06 00:00:00
1408,59,Equity,380616.8,2020-10-09 00:00:00
1409,811,Equity,400645.13,2019-03-26 00:00:00
1410,502,Equity,606129.25,2019-07-23 00:00:00
1411,616,Hybrid,127249.78,2025-07-21 00:00:00
1412,1479,Equity,90046.98,2025-08-14 00:00:00
1413,984,Equity,24295.21,2018-11-05 00:00:00
1414,327,Goal-Based,106535.21,2021-03-10 00:00:00
1415,482,Equity,109230.56,2017-01-18 00:00:00
1416,578,Hybrid,91746.23,2022-01-09 00:00:00
1417,853,Fixed Income,60390.17,2022-12-03 00:00:00
1418,131,Equity,40177.5,2017-11-26 00:00:00
1419,1144,Fixed Income,313477.54,2019-03-31 00:00:00
1420,994,Hybrid,118139.58,2021-08-14 00:00:00
1421,980,Goal-Based,95268.03,2022-02-28 00:00:00
1422,1156,Fixed Income,163129.05,2018-11-19 00:00:00
1423,875,Hybrid,56965.43,2022-02-20 00:00:00
1424,767,Equity,122316.46,2019-06-23 00:00:00
1425,1167,Hybrid,185186.88,2019-12-23 00:00:00
1426,1256,Equity,33281.65,2019-11-26 00:00:00
1427,933,Equity,77206.68,2021-09-13 00:00:00
1428,512,Goal-Based,273031.9,2018-11-27 00:00:00
1429,256,Equity,193918.74,2017-08-18 00:00:00
1430,211,Hybrid,282765.15,2021-05-11 00:00:00
1431,744,Hybrid,488462.85,2021-08-13 00:00:00
1432,1324,Fixed Income,111673.85,2021-12-27 00:00:00
1433,1178,Goal-Based,314359.87,2022-09-23 00:00:00
1434,1381,Equity,204196.65,2020-10-12 00:00:00
1435,1432,Equity,185078.68,2024-04-03 00:00:00
1436,154,Goal-Based,284047.74,2017-05-01 00:00:00
1437,737,Equity,445280.48,2023-12-10 00:00:00
1438,1126,Equity,423431.59,2019-05-27 00:00:00
1439,1035,Fixed Income,81723.99,2019-03-03 00:00:00
1440,912,Goal-Based,406832.95,2018-04-23 00:00:00
1441,328,Fixed Income,92321.35,2018-03-25 00:00:00
1442,243,Hybrid,267691.22,2018-03-15 00:00:00
1443,126,Hybrid,256997.23,2021-12-15 00:00:00
1444,168,Fixed Income,189258.59,2020-01-25 00:00:00
1445,1376,Equity,121179.8,2018-03-31 00:00:00
1446,302,Fixed Income,142186.18,2025-09-27 00:00:00
1447,1093,Equity,45149.92,2018-09-20 00:00:00
1448,1427,Hybrid,210769.51,2024-04-28 00:00:00
1449,418,Hybrid,678139.5,2020-01-16 00:00:00
1450,495,Fixed Income,274853,2022-07-19 00:00:00
1451,137,Hybrid,75134.63,2020-10-26 00:00:00
1452,787,Goal-Based,92635.49,2025-04-23 00:00:00
1453,98,Equity,131622.12,2020-12-31 00:00:00
1454,1379,Goal-Based,357622.98,2022-10-14 00:00:00
1455,1355,Equity,185350.27,2020-06-15 00:00:00
1456,1143,Fixed Income,282833.85,2022-05-29 00:00:00
1457,903,Equity,52711.8,2022-03-06 00:00:00
1458,358,Fixed Income,146483.97,2024-03-22 00:00:00
1459,1229,Equity,83519.29,2022-11-19 00:00:00
1460,1274,Goal-Based,117620.57,2020-04-04 00:00:00
1461,496,Fixed Income,60483.66,2025-11-30 00:00:00
1462,1149,Hybrid,653838.25,2021-09-13 00:00:00
1463,1016,Equity,54735.78,2017-03-13 00:00:00
1464,84,Equity,90827.39,2023-02-26 00:00:00
1465,1176,Equity,209984.56,2024-10-27 00:00:00
1466,355,Fixed Income,205223.03,2022-01-11 00:00:00
1467,818,Equity,117926.88,2025-09-05 00:00:00
1468,1472,Equity,230571.12,2024-12-01 00:00:00
1469,913,Hybrid,912961.1,2026-03-04 00:00:00
1470,676,Equity,194933.34,2025-12-29 00:00:00
1471,1428,Equity,704443,2018-10-09 00:00:00
1472,540,Equity,158066.87,2023-07-15 00:00:00
1473,836,Equity,89823.93,2024-04-13 00:00:00
1474,651,Equity,84392.45,2024-06-10 00:00:00
1475,318,Fixed Income,118760.08,2019-03-03 00:00:00
1476,1242,Fixed Income,34045.17,2017-03-26 00:00:00
1477,1480,Equity,703972.48,2023-04-11 00:00:00
1478,668,Equity,29353.24,2018-09-25 00:00:00
1479,336,Equity,280395.74,2017-01-27 00:00:00
1480,833,Hybrid,97000.83,2024-02-17 00:00:00
1481,1483,Fixed Income,34901.2,2021-11-04 00:00:00
1482,1198,Fixed Income,92870.64,2017-03-09 00:00:00
1483,1455,Equity,92329.96,2023-01-23 00:00:00
1484,1495,Equity,93809.74,2019-09-03 00:00:00
1485,286,Equity,32349.48,2021-06-01 00:00:00
1486,1096,Hybrid,311215.3,2017-10-10 00:00:00
1487,1336,Fixed Income,53385.27,2018-10-05 00:00:00
1488,1280,Fixed Income,468057.86,2018-01-09 00:00:00
1489,65,Hybrid,192142.47,2020-07-07 00:00:00
1490,1278,Equity,330573.29,2025-03-16 00:00:00
1491,1106,Equity,144067.45,2019-06-30 00:00:00
1492,1253,Goal-Based,44350.09,2019-04-23 00:00:00
1493,486,Fixed Income,134033.8,2024-03-01 00:00:00
1494,1313,Hybrid,132280.26,2022-11-27 00:00:00
1495,1135,Fixed Income,122604.82,2021-05-29 00:00:00
1496,1127,Hybrid,62365.46,2017-04-21 00:00:00
1497,696,Fixed Income,556108.09,2026-03-09 00:00:00
1498,1258,Goal-Based,490479.32,2023-01-22 00:00:00
1499,672,Equity,320345.66,2021-01-30 00:00:00
1500,1098,Hybrid,212783.11,2022-07-02 00:00:00
1501,460,Fixed Income,192396.5,2022-01-06 00:00:00
1502,1272,Hybrid,156792.08,2019-03-08 00:00:00
1503,805,Goal-Based,887325.92,2021-11-15 00:00:00
1504,1297,Fixed Income,25265.12,2017-08-18 00:00:00
1505,959,Equity,79017.87,2022-11-15 00:00:00
1506,505,Fixed Income,142540.34,2020-06-29 00:00:00
1507,769,Hybrid,109668.69,2024-09-02 00:00:00
1508,1396,Equity,154487.66,2025-08-09 00:00:00
1509,51,Hybrid,92051.44,2020-04-25 00:00:00
1510,140,Equity,117153.99,2017-02-17 00:00:00
1511,23,Equity,41285.74,2020-09-18 00:00:00
1512,831,Hybrid,52470.59,2023-06-21 00:00:00
1513,791,Equity,549266.65,2017-06-12 00:00:00
1514,1163,Hybrid,510773.15,2022-08-30 00:00:00
1515,607,Equity,128277.25,2022-06-05 00:00:00
1516,622,Fixed Income,96263.17,2018-02-11 00:00:00
1517,482,Equity,257795.84,2022-11-26 00:00:00
1518,736,Hybrid,316451.66,2025-10-05 00:00:00
1519,1375,Hybrid,145828.29,2023-03-06 00:00:00
1520,411,Fixed Income,142681.38,2018-04-17 00:00:00
1521,1190,Fixed Income,407063.25,2023-05-15 00:00:00
1522,778,Equity,127241.93,2023-06-15 00:00:00
1523,199,Fixed Income,658667.81,2019-03-05 00:00:00
1524,664,Fixed Income,68537,2018-07-31 00:00:00
1525,1285,Equity,240294.22,2019-12-02 00:00:00
1526,1195,Equity,90157.73,2018-09-24 00:00:00
1527,186,Equity,44656.57,2023-04-14 00:00:00
1528,908,Equity,154811.71,2025-06-26 00:00:00
1529,435,Fixed Income,74433.69,2018-05-19 00:00:00
1530,1411,Hybrid,682636.48,2022-03-29 00:00:00
1531,605,Fixed Income,175622.39,2020-02-28 00:00:00
1532,1342,Goal-Based,284097.2,2021-12-18 00:00:00
1533,551,Equity,286834.9,2020-05-14 00:00:00
1534,604,Fixed Income,61127.83,2017-09-16 00:00:00
1535,257,Fixed Income,243460.02,2024-05-23 00:00:00
1536,506,Hybrid,201634.36,2021-07-16 00:00:00
1537,968,Equity,766767.9,2020-04-15 00:00:00
1538,112,Equity,80200.49,2019-02-13 00:00:00
1539,199,Equity,207345.41,2021-10-27 00:00:00
1540,693,Fixed Income,64864.82,2024-11-12 00:00:00
1541,700,Fixed Income,34999.78,2022-11-02 00:00:00
1542,1076,Equity,272953.3,2020-07-19 00:00:00
1543,830,Equity,29375.27,2023-09-11 00:00:00
1544,1063,Fixed Income,85948.85,2023-01-02 00:00:00
1545,1123,Equity,51459.12,2024-07-18 00:00:00
1546,524,Hybrid,83724.95,2024-04-02 00:00:00
1547,839,Goal-Based,693685.14,2025-12-06 00:00:00
1548,183,Hybrid,88911.35,2023-07-08 00:00:00
1549,449,Goal-Based,228895.37,2025-07-11 00:00:00
1550,987,Hybrid,117280.3,2021-03-20 00:00:00
1551,231,Equity,46945.65,2017-11-26 00:00:00
1552,726,Fixed Income,31628.97,2023-12-01 00:00:00
1553,881,Goal-Based,73202.37,2025-11-09 00:00:00
1554,955,Equity,103004.58,2019-07-20 00:00:00
1555,344,Hybrid,116362.82,2026-01-27 00:00:00
1556,290,Hybrid,63323.52,2023-01-05 00:00:00
1557,193,Hybrid,474233.2,2020-08-07 00:00:00
1558,605,Hybrid,232669.3,2020-05-25 00:00:00
1559,1259,Goal-Based,150805.04,2024-08-03 00:00:00
1560,858,Goal-Based,168957.38,2023-08-02 00:00:00
1561,932,Goal-Based,113014.96,2026-03-01 00:00:00
1562,1043,Hybrid,185702.05,2023-04-20 00:00:00
1563,540,Equity,154405.28,2018-05-23 00:00:00
1564,59,Equity,335964.66,2024-03-26 00:00:00
1565,782,Hybrid,406154.99,2021-12-09 00:00:00
1566,1393,Fixed Income,39388.62,2017-07-03 00:00:00
1567,1479,Hybrid,234464.45,2017-02-14 00:00:00
1568,1069,Hybrid,146796.83,2019-02-14 00:00:00
1569,1261,Goal-Based,95798.18,2025-04-01 00:00:00
1570,809,Fixed Income,85521.3,2024-01-17 00:00:00
1571,274,Equity,184781.63,2026-02-12 00:00:00
1572,1212,Equity,46197.67,2023-03-03 00:00:00
1573,176,Fixed Income,32960.95,2025-06-12 00:00:00
1574,279,Equity,101726.41,2020-11-06 00:00:00
1575,381,Fixed Income,248103.13,2022-08-13 00:00:00
1576,470,Hybrid,114534.89,2018-05-23 00:00:00
1577,684,Equity,600112.96,2024-06-30 00:00:00
1578,214,Equity,201256.27,2024-02-20 00:00:00
1579,1271,Fixed Income,687084.01,2024-11-14 00:00:00
1580,1117,Hybrid,251371.58,2017-02-22 00:00:00
1581,254,Goal-Based,181983.11,2018-11-27 00:00:00
1582,1272,Hybrid,139316.43,2017-08-11 00:00:00
1583,57,Goal-Based,48824.42,2024-02-10 00:00:00
1584,478,Hybrid,54124.16,2024-10-08 00:00:00
1585,1255,Hybrid,432638.04,2025-06-04 00:00:00
1586,1028,Fixed Income,162289.17,2018-08-13 00:00:00
1587,1002,Fixed Income,48637.29,2023-09-13 00:00:00
1588,745,Equity,217641.14,2025-12-28 00:00:00
1589,398,Hybrid,66131.47,2022-11-12 00:00:00
1590,474,Fixed Income,177539.52,2018-04-19 00:00:00
1591,660,Hybrid,94552.49,2023-10-25 00:00:00
1592,38,Equity,87533.64,2023-02-04 00:00:00
1593,1398,Hybrid,122229.75,2025-05-03 00:00:00
1594,740,Fixed Income,149721.34,2021-01-15 00:00:00
1595,1141,Fixed Income,179691.56,2023-05-16 00:00:00
1596,1396,Fixed Income,670693.04,2018-01-22 00:00:00
1597,1212,Equity,270987.7,2024-03-02 00:00:00
1598,446,Hybrid,583308.94,2020-09-12 00:00:00
1599,355,Fixed Income,74281.06,2019-10-17 00:00:00
1600,1418,Equity,172091.43,2020-02-10 00:00:00
1601,1236,Hybrid,60352.93,2022-04-27 00:00:00
1602,1397,Fixed Income,120446.05,2019-11-14 00:00:00
1603,979,Fixed Income,1069233.07,2018-03-28 00:00:00
1604,1211,Goal-Based,403900.95,2023-11-25 00:00:00
1605,370,Fixed Income,185860.37,2019-04-19 00:00:00
1606,1166,Equity,138834.02,2017-10-30 00:00:00
1607,1461,Equity,95153.21,2024-11-19 00:00:00
1608,715,Hybrid,99119.27,2023-10-05 00:00:00
1609,360,Equity,448481.41,2022-07-02 00:00:00
1610,1404,Equity,149204.57,2017-01-27 00:00:00
1611,457,Fixed Income,95215.95,2024-05-28 00:00:00
1612,1430,Hybrid,40247.48,2020-10-21 00:00:00
1613,1074,Hybrid,152542.52,2024-04-18 00:00:00
1614,1378,Hybrid,46947.56,2024-04-11 00:00:00
1615,1403,Equity,325281.34,2023-10-30 00:00:00
1616,614,Goal-Based,37321.89,2022-06-30 00:00:00
1617,1037,Fixed Income,446861.97,2023-07-07 00:00:00
1618,30,Equity,138405.71,2018-02-23 00:00:00
1619,730,Equity,463199.15,2020-08-19 00:00:00
1620,598,Fixed Income,251652.95,2025-01-23 00:00:00
1621,433,Equity,84129.98,2020-11-28 00:00:00
1622,615,Hybrid,348365.53,2023-01-27 00:00:00
1623,736,Hybrid,981183.69,2017-07-05 00:00:00
1624,888,Hybrid,589509.37,2023-05-27 00:00:00
1625,273,Fixed Income,209587.44,2025-05-23 00:00:00
1626,1141,Fixed Income,365155.06,2017-05-26 00:00:00
1627,758,Equity,164996.15,2024-05-08 00:00:00
1628,919,Equity,261054.48,2025-07-16 00:00:00
1629,1468,Fixed Income,336424.15,2018-05-21 00:00:00
1630,923,Hybrid,711111.67,2021-01-02 00:00:00
1631,97,Fixed Income,76263.17,2019-02-24 00:00:00
1632,1341,Equity,29251.71,2019-12-26 00:00:00
1633,1172,Equity,182277.01,2025-06-12 00:00:00
1634,912,Goal-Based,354358.84,2024-08-21 00:00:00
1635,722,Equity,104325.87,2017-09-30 00:00:00
1636,531,Hybrid,101925.63,2022-09-03 00:00:00
1637,712,Hybrid,118367.5,2020-04-17 00:00:00
1638,500,Hybrid,67406.12,2021-09-19 00:00:00
1639,572,Fixed Income,186871.43,2025-11-10 00:00:00
1640,548,Fixed Income,834556.73,2018-03-11 00:00:00
1641,1088,Equity,256723.04,2018-08-22 00:00:00
1642,1143,Hybrid,81779.56,2017-05-03 00:00:00
1643,1325,Hybrid,93287.2,2025-12-06 00:00:00
1644,495,Goal-Based,59976.82,2024-09-02 00:00:00
1645,186,Equity,820476.66,2024-09-12 00:00:00
1646,1345,Fixed Income,201812.62,2023-12-14 00:00:00
1647,699,Goal-Based,269813.31,2024-05-19 00:00:00
1648,720,Equity,307380.25,2017-06-14 00:00:00
1649,431,Equity,473414.01,2017-02-21 00:00:00
1650,250,Equity,496087.07,2024-12-18 00:00:00
1651,240,Equity,99823.23,2020-09-26 00:00:00
1652,1174,Equity,103270.55,2019-06-20 00:00:00
1653,1345,Equity,218888.85,2018-11-24 00:00:00
1654,56,Equity,204421.01,2025-01-07 00:00:00
1655,1122,Equity,502121.62,2022-03-26 00:00:00
1656,935,Goal-Based,49209.72,2017-09-20 00:00:00
1657,618,Fixed Income,574045.08,2024-01-05 00:00:00
1658,746,Hybrid,516115.35,2017-01-28 00:00:00
1659,624,Equity,338208.96,2023-12-18 00:00:00
1660,60,Equity,72524.12,2025-10-19 00:00:00
1661,1041,Goal-Based,507631.71,2018-03-10 00:00:00
1662,815,Hybrid,165783.99,2019-07-07 00:00:00
1663,447,Fixed Income,308293.07,2017-07-02 00:00:00
1664,438,Fixed Income,265484.47,2017-06-12 00:00:00
1665,806,Equity,70040.06,2024-01-21 00:00:00
1666,903,Fixed Income,65772.45,2022-03-31 00:00:00
1667,245,Hybrid,189243.59,2024-05-01 00:00:00
1668,1406,Goal-Based,123466.06,2023-02-13 00:00:00
1669,418,Fixed Income,85392.34,2024-06-21 00:00:00
1670,792,Fixed Income,114453.03,2018-12-31 00:00:00
1671,1308,Fixed Income,135795.5,2026-02-01 00:00:00
1672,430,Hybrid,292014.52,2021-08-02 00:00:00
1673,1301,Fixed Income,119605.58,2019-12-15 00:00:00
1674,48,Fixed Income,99219.97,2024-10-04 00:00:00
1675,903,Equity,54981.43,2025-09-16 00:00:00
1676,520,Equity,64748.47,2024-04-05 00:00:00
1677,986,Hybrid,155292.24,2024-11-18 00:00:00
1678,371,Hybrid,358014.95,2020-10-19 00:00:00
1679,110,Hybrid,234655.46,2021-10-20 00:00:00
1680,613,Hybrid,53272.16,2017-09-14 00:00:00
1681,1292,Equity,373074.78,2020-10-01 00:00:00
1682,904,Hybrid,41495.65,2026-01-07 00:00:00
1683,1323,Hybrid,79472.92,2021-06-20 00:00:00
1684,242,Goal-Based,112068.27,2020-10-17 00:00:00
1685,1074,Fixed Income,459836.9,2025-07-02 00:00:00
1686,1499,Equity,73205.89,2021-06-09 00:00:00
1687,225,Equity,206983.39,2024-05-25 00:00:00
1688,1352,Hybrid,140295.47,2017-12-28 00:00:00
1689,666,Hybrid,99110.78,2018-03-24 00:00:00
1690,826,Equity,194618.58,2021-02-07 00:00:00
1691,1496,Hybrid,80383.76,2019-01-21 00:00:00
1692,990,Hybrid,134176.73,2024-08-09 00:00:00
1693,1363,Hybrid,241393.99,2023-06-11 00:00:00
1694,947,Fixed Income,341366.16,2021-01-04 00:00:00
1695,1125,Fixed Income,212451.06,2021-06-11 00:00:00
1696,1439,Hybrid,82516.15,2025-03-16 00:00:00
1697,238,Fixed Income,151615.69,2024-07-14 00:00:00
1698,1066,Fixed Income,90201,2022-04-07 00:00:00
1699,809,Equity,75613.96,2025-09-26 00:00:00
1700,849,Fixed Income,332824.56,2024-07-08 00:00:00
1701,112,Equity,89340.26,2019-05-23 00:00:00
1702,756,Hybrid,295596,2022-05-13 00:00:00
1703,980,Hybrid,187834.2,2021-05-01 00:00:00
1704,194,Equity,261184.63,2023-10-19 00:00:00
1705,341,Equity,93371.76,2021-04-02 00:00:00
1706,360,Equity,201261.6,2020-08-24 00:00:00
1707,974,Hybrid,218800.3,2024-04-07 00:00:00
1708,1282,Hybrid,105954.74,2017-12-28 00:00:00
1709,1098,Fixed Income,35383.7,2017-11-10 00:00:00
1710,829,Hybrid,129397.29,2019-04-26 00:00:00
1711,813,Equity,24962.55,2023-01-29 00:00:00
1712,1009,Equity,59120.02,2023-08-11 00:00:00
1713,1399,Equity,49402.1,2024-12-05 00:00:00
1714,417,Goal-Based,63243.92,2019-10-11 00:00:00
1715,578,Fixed Income,58397.6,2025-04-25 00:00:00
1716,246,Equity,192358.75,2022-04-10 00:00:00
1717,1190,Goal-Based,2716591.09,2023-04-26 00:00:00
1718,811,Fixed Income,111763.4,2023-11-13 00:00:00
1719,702,Equity,165681.5,2024-06-22 00:00:00
1720,988,Hybrid,313558.63,2025-03-06 00:00:00
1721,976,Equity,562002.14,2023-05-16 00:00:00
1722,923,Equity,546827.02,2020-11-04 00:00:00
1723,1175,Hybrid,192503.74,2020-12-31 00:00:00
1724,755,Hybrid,126640.73,2018-08-01 00:00:00
1725,548,Fixed Income,548230.62,2025-08-21 00:00:00
1726,1054,Goal-Based,83217.16,2019-06-28 00:00:00
1727,1422,Goal-Based,91496.77,2025-03-01 00:00:00
1728,369,Equity,76091.42,2021-03-13 00:00:00
1729,448,Equity,39461.48,2024-02-24 00:00:00
1730,1314,Equity,357615.53,2017-03-27 00:00:00
1731,1498,Equity,324769.73,2017-06-09 00:00:00
1732,1299,Hybrid,180050.87,2017-07-19 00:00:00
1733,39,Equity,100062.93,2022-07-11 00:00:00
1734,163,Hybrid,182422.92,2025-06-22 00:00:00
1735,76,Fixed Income,72194.66,2022-10-30 00:00:00
1736,1093,Equity,223327.11,2025-09-23 00:00:00
1737,394,Goal-Based,52562.38,2018-02-06 00:00:00
1738,1193,Hybrid,44808.35,2017-01-27 00:00:00
1739,329,Hybrid,182204.09,2026-03-28 00:00:00
1740,8,Hybrid,90063.65,2017-10-26 00:00:00
1741,1337,Fixed Income,99435.7,2026-01-19 00:00:00
1742,425,Goal-Based,111508.77,2025-11-15 00:00:00
1743,764,Equity,936513.06,2023-11-18 00:00:00
1744,1438,Hybrid,440811.34,2019-11-01 00:00:00
1745,743,Hybrid,630360.6,2024-06-24 00:00:00
1746,838,Fixed Income,109352.36,2022-10-23 00:00:00
1747,1091,Fixed Income,499749.2,2019-07-30 00:00:00
1748,389,Hybrid,85461.9,2018-02-12 00:00:00
1749,515,Equity,142984.87,2025-11-13 00:00:00
1750,1463,Fixed Income,765372.51,2018-05-08 00:00:00
1751,437,Equity,55497.15,2025-09-23 00:00:00
1752,1463,Equity,57192.41,2021-08-06 00:00:00
1753,832,Equity,484779.6,2017-12-10 00:00:00
1754,53,Fixed Income,897062.18,2021-10-21 00:00:00
1755,36,Hybrid,42747.79,2018-11-10 00:00:00
1756,1214,Hybrid,260063.63,2018-08-24 00:00:00
1757,95,Hybrid,87393.93,2021-04-30 00:00:00
1758,229,Goal-Based,69340.22,2018-12-15 00:00:00
1759,1314,Equity,87446.23,2023-06-19 00:00:00
1760,1036,Equity,128365.4,2018-06-22 00:00:00
1761,487,Fixed Income,11591.95,2021-05-14 00:00:00
1762,1307,Equity,217858.53,2025-05-11 00:00:00
1763,1037,Goal-Based,247689.88,2021-09-27 00:00:00
1764,1314,Equity,409675.56,2020-04-29 00:00:00
1765,711,Goal-Based,375570.67,2025-05-30 00:00:00
1766,433,Hybrid,139303.76,2021-03-25 00:00:00
1767,95,Equity,22466.96,2025-05-22 00:00:00
1768,177,Hybrid,114591.36,2018-12-25 00:00:00
1769,800,Hybrid,1308518.89,2020-09-24 00:00:00
1770,172,Equity,209741.26,2021-05-12 00:00:00
1771,64,Hybrid,97464.86,2021-02-15 00:00:00
1772,111,Hybrid,112659.3,2023-01-23 00:00:00
1773,362,Hybrid,155438.69,2020-01-16 00:00:00
1774,833,Equity,588252.14,2018-12-09 00:00:00
1775,1486,Equity,281829.08,2023-02-18 00:00:00
1776,1381,Hybrid,63733.19,2020-08-18 00:00:00
1777,568,Goal-Based,976816.23,2023-07-16 00:00:00
1778,686,Hybrid,15028.81,2019-03-06 00:00:00
1779,7,Fixed Income,116442.68,2022-10-09 00:00:00
1780,1243,Equity,254062.39,2024-05-17 00:00:00
1781,170,Equity,68849.72,2023-03-10 00:00:00
1782,435,Hybrid,99273.74,2024-06-23 00:00:00
1783,1460,Fixed Income,142796.09,2022-04-26 00:00:00
1784,129,Goal-Based,620780.67,2020-11-11 00:00:00
1785,951,Equity,146297.28,2023-01-06 00:00:00
1786,187,Goal-Based,51811.69,2025-07-18 00:00:00
1787,1235,Equity,251874.91,2026-02-13 00:00:00
1788,933,Equity,2458365.14,2024-01-13 00:00:00
1789,1181,Fixed Income,328941.29,2023-03-04 00:00:00
1790,774,Equity,46575.69,2019-06-16 00:00:00
1791,587,Equity,821588.12,2018-08-01 00:00:00
1792,871,Equity,149269.94,2024-04-15 00:00:00
1793,1351,Equity,113882.62,2024-01-20 00:00:00
1794,295,Fixed Income,390752.24,2023-08-08 00:00:00
1795,899,Fixed Income,46895.49,2017-04-02 00:00:00
1796,1270,Fixed Income,37565.96,2021-09-26 00:00:00
1797,118,Hybrid,90232.44,2023-09-30 00:00:00
1798,607,Equity,27828.53,2023-03-09 00:00:00
1799,165,Fixed Income,678560.64,2019-08-03 00:00:00
1800,1232,Equity,194454.98,2024-08-17 00:00:00
1801,831,Equity,54905.81,2017-06-05 00:00:00
1802,214,Equity,114624.87,2017-10-15 00:00:00
1803,1131,Hybrid,76596.47,2019-03-13 00:00:00
1804,1171,Fixed Income,253596.44,2020-11-27 00:00:00
1805,127,Hybrid,103636.49,2021-09-04 00:00:00
1806,967,Hybrid,342725.07,2022-04-02 00:00:00
1807,628,Equity,72573.77,2022-06-02 00:00:00
1808,2,Hybrid,435606.2,2020-08-14 00:00:00
1809,277,Hybrid,192250.98,2018-07-06 00:00:00
1810,987,Hybrid,69257.51,2026-03-29 00:00:00
1811,141,Hybrid,318106.59,2023-09-06 00:00:00
1812,1376,Equity,962867.53,2023-08-17 00:00:00
1813,352,Hybrid,28910.62,2019-03-06 00:00:00
1814,695,Hybrid,154065.08,2024-11-25 00:00:00
1815,1264,Fixed Income,816021.87,2025-11-14 00:00:00
1816,1245,Hybrid,2528634.95,2025-04-21 00:00:00
1817,1075,Equity,959020.06,2024-11-10 00:00:00
1818,1018,Equity,208923.56,2019-06-03 00:00:00
1819,1447,Hybrid,113193.31,2017-09-27 00:00:00
1820,56,Equity,45475.71,2019-04-22 00:00:00
1821,94,Goal-Based,402592.77,2023-06-22 00:00:00
1822,858,Fixed Income,309943.62,2018-09-26 00:00:00
1823,1142,Fixed Income,248479.52,2022-05-30 00:00:00
1824,1146,Hybrid,69682.32,2017-05-16 00:00:00
1825,629,Hybrid,115774.52,2024-05-10 00:00:00
1826,716,Goal-Based,216250.91,2020-03-07 00:00:00
1827,245,Equity,445515.09,2022-12-23 00:00:00
1828,776,Fixed Income,263326.01,2024-06-01 00:00:00
1829,340,Hybrid,327815.32,2025-01-22 00:00:00
1830,451,Equity,127081.27,2021-02-03 00:00:00
1831,865,Equity,78483.82,2022-02-19 00:00:00
1832,500,Hybrid,116458.3,2022-06-11 00:00:00
1833,10,Fixed Income,93383.29,2025-08-29 00:00:00
1834,1417,Hybrid,254440.68,2020-05-12 00:00:00
1835,87,Fixed Income,16124.97,2019-06-25 00:00:00
1836,1382,Hybrid,34770.75,2020-10-09 00:00:00
1837,173,Goal-Based,183707.41,2018-01-24 00:00:00
1838,1083,Hybrid,77148.58,2017-11-28 00:00:00
1839,79,Fixed Income,203969.47,2022-06-18 00:00:00
1840,494,Fixed Income,102079.29,2023-07-08 00:00:00
1841,533,Hybrid,36117.31,2019-05-18 00:00:00
1842,464,Fixed Income,327010.12,2018-01-03 00:00:00
1843,894,Hybrid,308206.98,2021-09-30 00:00:00
1844,1286,Goal-Based,327604.09,2019-07-18 00:00:00
1845,322,Equity,358377.22,2023-08-09 00:00:00
1846,1013,Equity,73045.44,2018-05-25 00:00:00
1847,64,Hybrid,220815.42,2021-02-03 00:00:00
1848,768,Hybrid,117688.33,2022-01-30 00:00:00
1849,1137,Hybrid,112224.36,2017-08-30 00:00:00
1850,35,Equity,53062.07,2023-12-21 00:00:00
1851,790,Equity,159641.46,2019-10-13 00:00:00
1852,1210,Equity,740261.57,2017-03-02 00:00:00
1853,224,Goal-Based,173860.05,2025-06-26 00:00:00
1854,1039,Hybrid,104860.5,2022-08-02 00:00:00
1855,713,Equity,98375.08,2019-07-31 00:00:00
1856,1244,Goal-Based,185943.85,2023-12-21 00:00:00
1857,714,Equity,141413.1,2022-10-05 00:00:00
1858,259,Equity,207075,2025-04-10 00:00:00
1859,801,Hybrid,30239.18,2017-06-30 00:00:00
1860,1325,Fixed Income,137410.63,2017-03-03 00:00:00
1861,459,Equity,315767.04,2025-10-25 00:00:00
1862,1480,Equity,79140.35,2025-11-20 00:00:00
1863,8,Equity,1264013.76,2024-08-28 00:00:00
1864,340,Hybrid,199109.61,2020-04-01 00:00:00
1865,1147,Hybrid,134764.83,2023-09-14 00:00:00
1866,282,Hybrid,79518.53,2020-07-26 00:00:00
1867,1100,Fixed Income,102003.36,2024-01-12 00:00:00
1868,1392,Fixed Income,205572.27,2019-12-24 00:00:00
1869,41,Hybrid,221888.41,2021-10-14 00:00:00
1870,1467,Hybrid,187514.14,2017-06-03 00:00:00
1871,692,Goal-Based,331427.3,2019-07-30 00:00:00
1872,1135,Goal-Based,204008.22,2024-07-15 00:00:00
1873,1226,Equity,60642.31,2021-11-25 00:00:00
1874,131,Goal-Based,144398.7,2025-08-26 00:00:00
1875,258,Fixed Income,344361.96,2022-12-09 00:00:00
1876,538,Equity,141942.34,2025-12-07 00:00:00
1877,1500,Hybrid,454386.9,2021-06-13 00:00:00
1878,867,Goal-Based,312334.46,2018-06-09 00:00:00
1879,888,Equity,27945.09,2017-05-25 00:00:00
1880,124,Goal-Based,183920.78,2020-08-02 00:00:00
1881,942,Fixed Income,24964.43,2024-10-28 00:00:00
1882,1054,Fixed Income,126071.01,2017-01-09 00:00:00
1883,780,Hybrid,88183.43,2019-09-23 00:00:00
1884,47,Equity,525184.08,2017-02-25 00:00:00
1885,715,Equity,554139.24,2024-04-09 00:00:00
1886,419,Goal-Based,72218.12,2021-06-21 00:00:00
1887,1162,Hybrid,181939.71,2022-05-31 00:00:00
1888,704,Hybrid,299926.63,2019-03-09 00:00:00
1889,1218,Hybrid,360584.25,2024-01-15 00:00:00
1890,70,Hybrid,240437.51,2018-06-22 00:00:00
1891,65,Equity,468422.41,2020-08-19 00:00:00
1892,846,Fixed Income,76385.07,2022-07-15 00:00:00
1893,1253,Fixed Income,340051.76,2019-08-05 00:00:00
1894,759,Equity,205386.56,2024-06-26 00:00:00
1895,1452,Equity,94460.44,2025-09-19 00:00:00
1896,701,Equity,208525.27,2017-07-27 00:00:00
1897,1321,Goal-Based,96822.74,2025-10-29 00:00:00
1898,958,Hybrid,26756.99,2017-10-17 00:00:00
1899,1119,Hybrid,61422.7,2019-02-24 00:00:00
1900,453,Fixed Income,83722.94,2018-09-13 00:00:00
1901,27,Fixed Income,248111.25,2020-07-26 00:00:00
1902,101,Equity,550025.6,2024-05-27 00:00:00
1903,1386,Goal-Based,238574.41,2017-12-24 00:00:00
1904,422,Fixed Income,41120.18,2019-02-17 00:00:00
1905,311,Equity,1408151.12,2025-07-27 00:00:00
1906,489,Fixed Income,609410.27,2026-03-25 00:00:00
1907,1288,Hybrid,631006.72,2020-08-06 00:00:00
1908,33,Fixed Income,192876.29,2020-04-26 00:00:00
1909,459,Hybrid,435242.63,2022-07-29 00:00:00
1910,578,Equity,451015.8,2020-09-12 00:00:00
1911,399,Goal-Based,119119.93,2022-03-30 00:00:00
1912,968,Equity,226735.92,2024-06-01 00:00:00
1913,353,Equity,177180.98,2026-02-25 00:00:00
1914,1030,Fixed Income,152226.04,2017-04-22 00:00:00
1915,36,Goal-Based,288058.79,2021-12-17 00:00:00
1916,1263,Fixed Income,255807.79,2017-01-11 00:00:00
1917,1355,Equity,43912.37,2019-11-08 00:00:00
1918,754,Hybrid,578466.41,2023-06-15 00:00:00
1919,1071,Hybrid,85701.65,2024-10-18 00:00:00
1920,1447,Hybrid,143244.55,2024-03-11 00:00:00
1921,714,Fixed Income,245559.32,2024-10-04 00:00:00
1922,835,Hybrid,56851.48,2018-04-13 00:00:00
1923,67,Equity,199236.9,2020-05-20 00:00:00
1924,931,Equity,323997.47,2018-02-12 00:00:00
1925,251,Equity,526069.2,2022-06-11 00:00:00
1926,1038,Hybrid,105545.87,2018-09-23 00:00:00
1927,1019,Fixed Income,50528.72,2019-12-15 00:00:00
1928,626,Hybrid,175268.47,2020-01-19 00:00:00
1929,1152,Equity,209747.98,2021-07-24 00:00:00
1930,840,Equity,306858.93,2022-11-19 00:00:00
1931,177,Fixed Income,57767.23,2025-07-04 00:00:00
1932,808,Fixed Income,126804.74,2024-04-22 00:00:00
1933,1069,Fixed Income,93903.39,2025-12-01 00:00:00
1934,640,Fixed Income,171641.26,2026-03-28 00:00:00
1935,1171,Goal-Based,526482.34,2018-06-12 00:00:00
1936,296,Equity,363902.39,2025-05-18 00:00:00
1937,950,Hybrid,237812.97,2022-11-24 00:00:00
1938,1079,Fixed Income,426266.03,2025-01-22 00:00:00
1939,212,Fixed Income,605088.08,2021-10-12 00:00:00
1940,266,Hybrid,168945.45,2021-12-02 00:00:00
1941,1195,Fixed Income,530499.35,2017-11-05 00:00:00
1942,561,Hybrid,292340.5,2023-01-07 00:00:00
1943,1202,Fixed Income,293961.43,2018-02-06 00:00:00
1944,791,Fixed Income,223663.07,2017-07-06 00:00:00
1945,1399,Equity,373340.01,2020-06-14 00:00:00
1946,446,Equity,51670.99,2022-06-17 00:00:00
1947,1414,Equity,52392.88,2023-12-24 00:00:00
1948,1148,Hybrid,201781.57,2021-11-09 00:00:00
1949,1221,Hybrid,34083.6,2024-09-14 00:00:00
1950,1370,Goal-Based,64478.65,2025-06-12 00:00:00
1951,1370,Hybrid,70926.49,2017-08-09 00:00:00
1952,769,Hybrid,227511.79,2018-10-26 00:00:00
1953,349,Hybrid,258437,2025-10-30 00:00:00
1954,1360,Hybrid,148339.52,2024-08-09 00:00:00
1955,866,Hybrid,356225.61,2020-02-25 00:00:00
1956,665,Hybrid,338685.63,2025-10-31 00:00:00
1957,770,Hybrid,889252,2020-07-03 00:00:00
1958,901,Hybrid,399641.82,2020-06-29 00:00:00
1959,567,Fixed Income,643954.18,2021-08-14 00:00:00
1960,208,Hybrid,49061.83,2019-03-24 00:00:00
1961,427,Hybrid,282951.27,2020-08-25 00:00:00
1962,299,Fixed Income,77215.29,2022-10-21 00:00:00
1963,213,Fixed Income,110394.44,2020-06-30 00:00:00
1964,698,Hybrid,436451.76,2017-09-17 00:00:00
1965,443,Fixed Income,28642.05,2019-06-15 00:00:00
1966,92,Goal-Based,155008.3,2026-01-19 00:00:00
1967,1146,Goal-Based,304417.26,2018-02-24 00:00:00
1968,778,Goal-Based,40194.91,2022-05-15 00:00:00
1969,922,Goal-Based,511584.15,2017-06-02 00:00:00
1970,243,Equity,188356.67,2023-06-19 00:00:00
1971,1350,Equity,160984.33,2020-04-11 00:00:00
1972,1237,Equity,279315.3,2021-12-11 00:00:00
1973,29,Hybrid,236333.57,2021-09-14 00:00:00
1974,283,Hybrid,24523.51,2019-07-05 00:00:00
1975,284,Hybrid,167089.96,2022-09-05 00:00:00
1976,954,Fixed Income,451346.79,2020-06-06 00:00:00
1977,1050,Fixed Income,926051.79,2022-04-12 00:00:00
1978,74,Fixed Income,34823.24,2025-06-22 00:00:00
1979,515,Equity,23914.08,2022-01-04 00:00:00
1980,576,Equity,26371.63,2020-08-08 00:00:00
1981,311,Equity,57515.53,2022-06-24 00:00:00
1982,1439,Goal-Based,86756.58,2020-05-17 00:00:00
1983,1029,Hybrid,88447.15,2023-02-05 00:00:00
1984,1265,Fixed Income,88767.55,2020-11-16 00:00:00
1985,844,Fixed Income,265274.31,2017-05-07 00:00:00
1986,443,Hybrid,141122.06,2025-08-29 00:00:00
1987,423,Equity,580495.62,2019-05-02 00:00:00
1988,942,Fixed Income,170483.95,2023-12-31 00:00:00
1989,297,Fixed Income,48771.89,2024-11-10 00:00:00
1990,1260,Equity,102868.83,2017-11-26 00:00:00
1991,577,Hybrid,226742.96,2025-08-13 00:00:00
1992,783,Fixed Income,487122.02,2019-05-23 00:00:00
1993,988,Goal-Based,60014.15,2024-09-09 00:00:00
1994,764,Equity,216357.65,2024-02-02 00:00:00
1995,529,Hybrid,443054.6,2023-07-17 00:00:00
1996,557,Equity,37219.76,2020-03-12 00:00:00
1997,407,Equity,104845.5,2019-08-25 00:00:00
1998,271,Equity,141534.96,2023-04-15 00:00:00
1999,559,Equity,329343.03,2022-09-18 00:00:00
2000,600,Fixed Income,46146.01,2020-07-26 00:00:00
2001,743,Equity,254326.82,2024-09-20 00:00:00
2002,479,Goal-Based,75206.98,2019-01-08 00:00:00
2003,877,Goal-Based,119939,2019-09-01 00:00:00
2004,423,Fixed Income,259212.91,2024-04-11 00:00:00
2005,824,Hybrid,45339.5,2017-05-12 00:00:00
2006,548,Equity,230467.32,2021-11-05 00:00:00
2007,733,Hybrid,296787.2,2020-04-02 00:00:00
2008,435,Equity,66676.97,2022-01-25 00:00:00
2009,775,Fixed Income,196894.44,2022-08-05 00:00:00
2010,414,Equity,126047.81,2019-10-27 00:00:00
2011,1458,Fixed Income,905217.74,2022-05-15 00:00:00
2012,548,Fixed Income,28236.65,2022-03-25 00:00:00
2013,1063,Goal-Based,85218.21,2021-03-17 00:00:00
2014,1313,Fixed Income,158149.54,2024-11-03 00:00:00
2015,528,Equity,204173.44,2026-01-28 00:00:00
2016,1255,Equity,477431.4,2024-11-10 00:00:00
2017,156,Fixed Income,85986.09,2022-03-08 00:00:00
2018,1300,Fixed Income,439244.6,2019-12-01 00:00:00
2019,697,Equity,635193.26,2019-04-07 00:00:00
2020,1373,Goal-Based,338742.52,2024-05-06 00:00:00
2021,308,Goal-Based,111384.64,2025-07-15 00:00:00
2022,385,Goal-Based,223992.24,2019-12-19 00:00:00
2023,1129,Equity,643575.46,2023-07-24 00:00:00
2024,532,Equity,100447.88,2019-07-19 00:00:00
2025,679,Equity,389851.07,2025-10-01 00:00:00
2026,1360,Hybrid,192989.29,2020-09-01 00:00:00
2027,118,Hybrid,167455.01,2017-01-27 00:00:00
2028,1347,Goal-Based,73426.97,2023-03-29 00:00:00
2029,794,Hybrid,184605.79,2020-04-23 00:00:00
2030,111,Fixed Income,72848.66,2024-10-18 00:00:00
2031,1357,Hybrid,445627.9,2020-03-25 00:00:00
2032,1094,Fixed Income,236741.59,2023-05-17 00:00:00
2033,14,Equity,890386.81,2018-12-07 00:00:00
2034,588,Hybrid,57069.07,2017-07-16 00:00:00
2035,1406,Goal-Based,240538.45,2023-11-07 00:00:00
2036,1177,Fixed Income,327236.91,2024-01-01 00:00:00
2037,1238,Equity,296113.47,2019-06-24 00:00:00
2038,1094,Equity,219884.49,2024-06-16 00:00:00
2039,1032,Equity,147226.68,2024-01-01 00:00:00
2040,804,Equity,131684.56,2025-01-10 00:00:00
2041,1290,Equity,303485.43,2024-02-01 00:00:00
2042,1392,Hybrid,323918.3,2024-02-08 00:00:00
2043,295,Fixed Income,79386.72,2022-05-30 00:00:00
2044,222,Hybrid,703636.45,2019-05-04 00:00:00
2045,415,Hybrid,135613.25,2020-12-11 00:00:00
2046,836,Hybrid,94558.46,2018-12-20 00:00:00
2047,940,Hybrid,988141.37,2025-01-07 00:00:00
2048,1013,Fixed Income,105129.32,2017-09-28 00:00:00
2049,849,Equity,80754.31,2022-05-16 00:00:00
2050,741,Hybrid,76510.21,2020-03-25 00:00:00
2051,1358,Fixed Income,699207.07,2019-04-17 00:00:00
2052,524,Goal-Based,115326.36,2019-01-07 00:00:00
2053,1051,Fixed Income,300870.36,2019-11-20 00:00:00
2054,1244,Hybrid,122059.67,2022-01-17 00:00:00
2055,1119,Fixed Income,1142601.3,2020-08-16 00:00:00
2056,839,Fixed Income,127610.02,2021-10-15 00:00:00
2057,1098,Hybrid,635362.19,2022-06-23 00:00:00
2058,1327,Hybrid,224673.94,2018-10-26 00:00:00
2059,804,Fixed Income,42578.15,2023-04-16 00:00:00
2060,60,Fixed Income,156023.2,2018-04-07 00:00:00
2061,715,Fixed Income,147534.91,2024-04-19 00:00:00
2062,686,Hybrid,661523.63,2018-04-27 00:00:00
2063,1170,Equity,153490.28,2023-04-28 00:00:00
2064,728,Hybrid,152414.91,2025-07-02 00:00:00
2065,1096,Equity,248680.45,2022-12-03 00:00:00
2066,1236,Hybrid,82450.81,2021-04-17 00:00:00
2067,1426,Fixed Income,698209.43,2019-06-16 00:00:00
2068,1336,Equity,192672.16,2018-04-04 00:00:00
2069,770,Hybrid,117274.69,2022-10-01 00:00:00
2070,107,Equity,192761.7,2025-02-25 00:00:00
2071,1089,Equity,172710.15,2019-02-13 00:00:00
2072,904,Hybrid,158478.88,2019-04-07 00:00:00
2073,749,Equity,55421.79,2024-08-23 00:00:00
2074,1033,Equity,195838.53,2017-02-04 00:00:00
2075,61,Fixed Income,225244.86,2025-03-24 00:00:00
2076,789,Fixed Income,86670.57,2019-08-18 00:00:00
2077,775,Equity,768843.42,2023-01-04 00:00:00
2078,489,Fixed Income,253672.48,2021-05-08 00:00:00
2079,99,Equity,66176.09,2020-02-18 00:00:00
2080,649,Hybrid,35138.6,2018-11-10 00:00:00
2081,1019,Hybrid,109156.64,2019-09-20 00:00:00
2082,1047,Fixed Income,85260.53,2025-09-28 00:00:00
2083,753,Fixed Income,49516.85,2020-09-11 00:00:00
2084,491,Goal-Based,676698.25,2023-03-18 00:00:00
2085,1138,Hybrid,48842.87,2023-09-01 00:00:00
2086,864,Goal-Based,214244.15,2021-05-26 00:00:00
2087,735,Hybrid,59102.64,2021-07-05 00:00:00
2088,239,Equity,766057.37,2021-01-15 00:00:00
2089,1149,Hybrid,32697.32,2019-10-25 00:00:00
2090,212,Hybrid,395700.82,2022-04-23 00:00:00
2091,1129,Hybrid,119648.37,2022-01-16 00:00:00
2092,1289,Hybrid,90380.02,2025-12-06 00:00:00
2093,813,Hybrid,70789.94,2023-10-13 00:00:00
2094,976,Equity,135294.79,2023-10-30 00:00:00
2095,1080,Equity,155355.02,2022-12-08 00:00:00
2096,1178,Hybrid,135376.94,2022-12-22 00:00:00
2097,208,Fixed Income,60774.24,2018-11-11 00:00:00
2098,1198,Fixed Income,156354.76,2024-12-16 00:00:00
2099,1102,Hybrid,123469.64,2022-12-04 00:00:00
2100,574,Hybrid,259471.09,2021-07-13 00:00:00
2101,740,Fixed Income,269834.92,2023-05-31 00:00:00
2102,1242,Hybrid,115852.53,2024-01-11 00:00:00
2103,21,Fixed Income,514300.34,2017-06-30 00:00:00
2104,146,Equity,184982.22,2021-12-02 00:00:00
2105,54,Fixed Income,456765.6,2021-09-08 00:00:00
2106,569,Goal-Based,175016.37,2025-10-12 00:00:00
2107,912,Equity,82342.82,2017-06-11 00:00:00
2108,118,Hybrid,199113.04,2024-08-27 00:00:00
2109,156,Fixed Income,260887.93,2023-06-13 00:00:00
2110,499,Fixed Income,170107.84,2021-01-14 00:00:00
2111,1310,Fixed Income,690800.57,2026-01-08 00:00:00
2112,636,Fixed Income,266377.56,2020-12-31 00:00:00
2113,502,Fixed Income,473530.78,2020-11-16 00:00:00
2114,379,Fixed Income,212342.38,2019-02-20 00:00:00
2115,595,Equity,265068.99,2021-04-20 00:00:00
2116,1485,Equity,822632.53,2023-05-13 00:00:00
2117,50,Fixed Income,71456.23,2019-09-22 00:00:00
2118,537,Fixed Income,277203.06,2025-01-19 00:00:00
2119,110,Fixed Income,631329.83,2017-07-03 00:00:00
2120,458,Fixed Income,84544.93,2017-04-12 00:00:00
2121,913,Hybrid,237357.91,2026-01-21 00:00:00
2122,634,Equity,120429.44,2019-05-14 00:00:00
2123,576,Fixed Income,1478641.18,2017-03-26 00:00:00
2124,859,Equity,88551.92,2023-11-24 00:00:00
2125,1317,Equity,229371.19,2025-08-15 00:00:00
2126,1328,Hybrid,160507.67,2018-02-15 00:00:00
2127,380,Equity,484539.81,2021-04-21 00:00:00
2128,945,Equity,599286.54,2023-03-16 00:00:00
2129,1379,Fixed Income,140499.11,2024-08-28 00:00:00
2130,245,Hybrid,637279.31,2019-04-29 00:00:00
2131,872,Equity,274995.02,2024-12-03 00:00:00
2132,302,Hybrid,469612.67,2018-12-16 00:00:00
2133,471,Equity,222642.77,2021-12-27 00:00:00
2134,950,Hybrid,194250.03,2022-03-30 00:00:00
2135,317,Fixed Income,157134.28,2025-03-10 00:00:00
2136,1274,Hybrid,172965.95,2017-09-11 00:00:00
2137,1458,Equity,107248.29,2017-12-16 00:00:00
2138,712,Fixed Income,15147.44,2017-02-27 00:00:00
2139,732,Equity,262721.33,2018-04-18 00:00:00
2140,1495,Hybrid,161349.12,2020-10-30 00:00:00
2141,407,Fixed Income,64601.14,2024-02-12 00:00:00
2142,554,Equity,47160.72,2017-08-29 00:00:00
2143,297,Goal-Based,142957.25,2017-07-02 00:00:00
2144,936,Goal-Based,523465.98,2023-01-02 00:00:00
2145,1295,Hybrid,1528653.83,2020-02-23 00:00:00
2146,647,Hybrid,328443.02,2026-03-19 00:00:00
2147,1282,Fixed Income,58362.68,2020-02-27 00:00:00
2148,1448,Hybrid,396076.97,2022-02-23 00:00:00
2149,848,Goal-Based,157826.55,2024-01-23 00:00:00
2150,563,Fixed Income,53465.97,2026-03-07 00:00:00
2151,570,Equity,43064.52,2017-12-26 00:00:00
2152,1167,Fixed Income,659069.02,2023-07-20 00:00:00
2153,1084,Equity,870050.56,2018-09-07 00:00:00
2154,372,Equity,95335.32,2025-07-27 00:00:00
2155,574,Fixed Income,21451.35,2020-01-17 00:00:00
2156,1347,Equity,156680.46,2025-03-09 00:00:00
2157,797,Equity,102420.79,2025-07-05 00:00:00
2158,1395,Equity,527975.67,2025-10-24 00:00:00
2159,1148,Equity,91022.66,2021-05-04 00:00:00
2160,259,Equity,89075.15,2018-11-26 00:00:00
2161,667,Fixed Income,12665.66,2022-04-01 00:00:00
2162,430,Goal-Based,36573.12,2017-06-25 00:00:00
2163,929,Hybrid,761341.96,2020-07-08 00:00:00
2164,37,Hybrid,608526.33,2022-02-15 00:00:00
2165,1245,Fixed Income,146754.36,2024-02-19 00:00:00
2166,247,Fixed Income,103389.1,2025-04-10 00:00:00
2167,728,Goal-Based,52995.99,2023-03-17 00:00:00
2168,534,Equity,470044.72,2025-03-06 00:00:00
2169,497,Hybrid,33655.83,2017-06-29 00:00:00
2170,55,Hybrid,227595.15,2025-06-18 00:00:00
2171,363,Equity,98736.95,2022-02-02 00:00:00
2172,813,Equity,527850.01,2025-06-09 00:00:00
2173,123,Hybrid,622623.53,2022-11-26 00:00:00
2174,693,Fixed Income,500069.8,2023-10-09 00:00:00
2175,433,Hybrid,248973.6,2020-04-13 00:00:00
2176,980,Hybrid,478698.83,2019-06-29 00:00:00
2177,1403,Equity,145737.63,2019-04-17 00:00:00
2178,1301,Hybrid,223230.15,2023-05-13 00:00:00
2179,894,Equity,126293.1,2020-05-04 00:00:00
2180,1119,Hybrid,20656.64,2019-03-11 00:00:00
2181,201,Fixed Income,581266.14,2024-10-17 00:00:00
2182,517,Equity,566207.31,2022-02-11 00:00:00
2183,1082,Fixed Income,90418.58,2023-08-20 00:00:00
2184,1364,Fixed Income,468225.68,2023-11-24 00:00:00
2185,1478,Equity,227170.1,2017-08-26 00:00:00
2186,484,Equity,79311.95,2017-10-27 00:00:00
2187,745,Fixed Income,115397.3,2019-12-21 00:00:00
2188,727,Equity,100064.74,2022-09-26 00:00:00
2189,282,Equity,134089.16,2019-09-15 00:00:00
2190,111,Fixed Income,273189.34,2017-02-22 00:00:00
2191,761,Equity,62875.57,2022-02-22 00:00:00
2192,900,Equity,65924.66,2022-01-03 00:00:00
2193,584,Equity,401755.62,2026-01-01 00:00:00
2194,911,Equity,261652.3,2020-08-17 00:00:00
2195,981,Equity,363456.64,2018-04-18 00:00:00
2196,1099,Equity,111479.58,2025-04-29 00:00:00
2197,172,Fixed Income,205333.94,2025-01-14 00:00:00
2198,141,Hybrid,28860.25,2025-05-18 00:00:00
2199,1209,Equity,248909.79,2024-03-16 00:00:00
2200,692,Hybrid,1108058.83,2022-05-28 00:00:00
2201,517,Equity,279411.19,2017-05-28 00:00:00
2202,990,Hybrid,39270.49,2020-01-10 00:00:00
2203,601,Hybrid,86716.76,2023-12-25 00:00:00
2204,106,Equity,64107.18,2022-07-14 00:00:00
2205,883,Hybrid,985911.49,2018-10-08 00:00:00
2206,114,Goal-Based,168356.61,2020-10-01 00:00:00
2207,1472,Equity,547632.04,2023-04-24 00:00:00
2208,979,Equity,78206.55,2024-02-24 00:00:00
2209,421,Equity,233766.9,2025-09-15 00:00:00
2210,1164,Goal-Based,158343.02,2025-06-17 00:00:00
2211,607,Fixed Income,45507.88,2023-07-20 00:00:00
2212,462,Hybrid,540724.13,2025-11-12 00:00:00
2213,573,Fixed Income,192960.7,2024-03-05 00:00:00
2214,1422,Goal-Based,48747.43,2022-11-14 00:00:00
2215,734,Hybrid,54678.12,2022-12-05 00:00:00
2216,728,Fixed Income,143909.46,2025-05-24 00:00:00
2217,1165,Equity,1048474.68,2019-05-14 00:00:00
2218,1069,Goal-Based,369101.19,2021-01-05 00:00:00
2219,1455,Fixed Income,203938.75,2018-10-31 00:00:00
2220,1330,Equity,98054.4,2021-08-05 00:00:00
2221,741,Hybrid,261618.46,2018-08-21 00:00:00
2222,30,Hybrid,172007.4,2021-08-01 00:00:00
2223,1023,Goal-Based,406976,2025-09-06 00:00:00
2224,660,Fixed Income,81436.77,2025-03-21 00:00:00
2225,1323,Equity,256023.03,2021-01-18 00:00:00
2226,16,Equity,81769.3,2025-07-29 00:00:00
2227,951,Hybrid,104228.94,2018-01-29 00:00:00
2228,255,Fixed Income,542226.07,2019-01-21 00:00:00
2229,875,Hybrid,483100.31,2021-11-19 00:00:00
2230,1130,Hybrid,29460.01,2021-08-23 00:00:00
2231,1066,Hybrid,398032.43,2024-03-05 00:00:00
2232,1019,Equity,328226.23,2019-10-24 00:00:00
2233,1010,Fixed Income,673611.59,2018-03-15 00:00:00
2234,1379,Equity,454133.88,2026-03-03 00:00:00
2235,177,Fixed Income,1064023.07,2024-02-26 00:00:00
2236,688,Fixed Income,124372.83,2025-09-27 00:00:00
2237,563,Fixed Income,131166.77,2020-03-26 00:00:00
2238,340,Fixed Income,75938.79,2018-08-21 00:00:00
2239,561,Fixed Income,760570.82,2021-05-15 00:00:00
2240,1142,Fixed Income,235462.81,2017-06-07 00:00:00
2241,975,Hybrid,50447.45,2023-10-30 00:00:00
2242,390,Equity,85211.38,2024-04-03 00:00:00
2243,122,Goal-Based,96185.61,2020-06-10 00:00:00
2244,1364,Fixed Income,83061.34,2026-02-15 00:00:00
2245,678,Hybrid,84231.31,2017-04-18 00:00:00
2246,1175,Hybrid,401860.3,2025-01-16 00:00:00
2247,1114,Equity,78009.2,2024-12-15 00:00:00
2248,25,Equity,424993.1,2018-12-13 00:00:00
2249,1410,Fixed Income,254407.4,2021-05-17 00:00:00
2250,220,Hybrid,144870.83,2021-12-05 00:00:00
2251,634,Fixed Income,249790.67,2025-11-21 00:00:00
2252,546,Hybrid,2773357.64,2025-05-30 00:00:00
2253,944,Goal-Based,629001.6,2022-04-01 00:00:00
2254,1489,Hybrid,106325.88,2025-07-17 00:00:00
2255,475,Equity,30947.93,2020-11-12 00:00:00
2256,376,Equity,82773.72,2019-08-22 00:00:00
2257,1440,Fixed Income,108688.86,2022-02-10 00:00:00
2258,1212,Equity,433227.15,2017-03-01 00:00:00
2259,1181,Fixed Income,94930.02,2017-06-08 00:00:00
2260,561,Equity,286054.17,2025-11-07 00:00:00
2261,932,Hybrid,158224.24,2023-04-22 00:00:00
2262,1106,Equity,405496.1,2020-02-28 00:00:00
2263,358,Hybrid,688246.86,2020-04-28 00:00:00
2264,766,Fixed Income,54989.16,2021-08-17 00:00:00
2265,29,Goal-Based,355938.84,2018-03-29 00:00:00
2266,1053,Hybrid,98564.9,2025-03-27 00:00:00
2267,1264,Equity,377812.67,2019-12-29 00:00:00
2268,120,Fixed Income,331366.78,2019-03-21 00:00:00
2269,145,Fixed Income,543016.47,2024-12-31 00:00:00
2270,201,Hybrid,180572,2018-08-16 00:00:00
2271,1234,Equity,99363.99,2017-12-31 00:00:00
2272,857,Equity,159240.6,2024-03-17 00:00:00
2273,1333,Equity,133761.2,2019-11-21 00:00:00
2274,1161,Equity,108305.59,2021-03-16 00:00:00
2275,1133,Equity,65941.41,2022-07-17 00:00:00
2276,1266,Goal-Based,267615.14,2021-01-19 00:00:00
2277,764,Equity,123918.01,2019-02-01 00:00:00
2278,1462,Equity,209889.37,2019-09-13 00:00:00
2279,1021,Hybrid,48297.11,2020-12-24 00:00:00
2280,986,Equity,1050179.3,2019-12-13 00:00:00
2281,542,Equity,61132.15,2019-01-24 00:00:00
2282,944,Hybrid,224727.28,2026-01-06 00:00:00
2283,1055,Hybrid,501414.41,2024-03-17 00:00:00
2284,1450,Hybrid,187072.34,2019-11-02 00:00:00
2285,1251,Fixed Income,110716.09,2017-11-05 00:00:00
2286,992,Hybrid,188206.49,2020-08-20 00:00:00
2287,761,Fixed Income,99256,2023-02-13 00:00:00
2288,730,Hybrid,104945.17,2022-10-20 00:00:00
2289,84,Equity,117312.97,2024-10-31 00:00:00
2290,1467,Equity,125066.65,2019-06-30 00:00:00
2291,1179,Hybrid,254622.26,2026-03-30 00:00:00
2292,786,Hybrid,74083.95,2018-02-05 00:00:00
2293,1140,Equity,108025.41,2023-02-09 00:00:00
2294,988,Fixed Income,120059.76,2022-11-08 00:00:00
2295,1040,Equity,174555.59,2020-03-30 00:00:00
2296,3,Hybrid,178678.73,2020-09-06 00:00:00
2297,48,Fixed Income,1100457.11,2020-10-14 00:00:00
2298,1283,Hybrid,105654.56,2022-02-24 00:00:00
2299,590,Hybrid,89061.72,2020-10-27 00:00:00
2300,276,Goal-Based,515314.37,2026-03-28 00:00:00
2301,976,Fixed Income,191797.81,2023-03-27 00:00:00
2302,975,Goal-Based,332221.83,2021-09-25 00:00:00
2303,1117,Equity,277628.8,2024-07-02 00:00:00
2304,541,Fixed Income,270106.2,2018-02-12 00:00:00
2305,333,Fixed Income,15223.91,2021-07-22 00:00:00
2306,704,Hybrid,381017.8,2022-11-21 00:00:00
2307,946,Equity,47466.91,2022-07-30 00:00:00
2308,180,Fixed Income,365773.94,2017-01-28 00:00:00
2309,1313,Fixed Income,25669.43,2017-04-14 00:00:00
2310,386,Fixed Income,122854.15,2023-11-27 00:00:00
2311,467,Equity,128802.51,2024-02-07 00:00:00
2312,734,Equity,74193.28,2022-02-15 00:00:00
2313,1163,Fixed Income,195696.9,2024-08-06 00:00:00
2314,1015,Fixed Income,85329.28,2023-08-12 00:00:00
2315,792,Equity,158534.58,2020-05-09 00:00:00
2316,25,Equity,65754.68,2024-01-31 00:00:00
2317,116,Fixed Income,52983.88,2025-02-28 00:00:00
2318,881,Fixed Income,165458.63,2022-09-12 00:00:00
2319,83,Hybrid,311143.95,2022-06-07 00:00:00
2320,1468,Hybrid,323061.44,2022-11-12 00:00:00
2321,81,Equity,74587.55,2026-02-17 00:00:00
2322,111,Equity,66520.51,2023-09-23 00:00:00
2323,662,Fixed Income,239901.69,2021-07-18 00:00:00
2324,547,Fixed Income,317097.62,2018-10-10 00:00:00
2325,1494,Hybrid,235881.71,2021-07-26 00:00:00
2326,1041,Hybrid,346115.35,2017-11-10 00:00:00
2327,1045,Fixed Income,107954.12,2023-12-11 00:00:00
2328,4,Fixed Income,310892.29,2024-04-09 00:00:00
2329,1143,Hybrid,230741.95,2023-08-24 00:00:00
2330,47,Fixed Income,59323.4,2019-04-26 00:00:00
2331,118,Equity,77931.56,2019-05-26 00:00:00
2332,1064,Goal-Based,136104.25,2023-05-07 00:00:00
2333,1412,Equity,146620.66,2020-05-04 00:00:00
2334,20,Fixed Income,32412.75,2018-01-22 00:00:00
2335,904,Fixed Income,110513.96,2020-06-05 00:00:00
2336,745,Hybrid,207604.22,2024-02-28 00:00:00
2337,667,Fixed Income,30168.56,2021-08-27 00:00:00
2338,57,Goal-Based,115272.31,2017-01-14 00:00:00
2339,1114,Goal-Based,111874.1,2019-10-31 00:00:00
2340,1035,Equity,208755.09,2021-10-02 00:00:00
2341,837,Goal-Based,574646.24,2020-03-19 00:00:00
2342,94,Fixed Income,39332.14,2024-03-04 00:00:00
2343,16,Goal-Based,108621.27,2024-06-29 00:00:00
2344,1115,Goal-Based,178647.48,2022-08-07 00:00:00
2345,54,Fixed Income,121651.15,2023-06-25 00:00:00
2346,76,Equity,156241.39,2020-10-25 00:00:00
2347,1165,Fixed Income,203415.13,2024-04-24 00:00:00
2348,359,Equity,262021.96,2024-06-06 00:00:00
2349,449,Hybrid,211619.6,2025-04-23 00:00:00
2350,508,Fixed Income,233760.21,2023-10-06 00:00:00
2351,127,Equity,446870.26,2026-03-09 00:00:00
2352,1029,Hybrid,94191.52,2019-03-06 00:00:00
2353,650,Equity,100712.1,2020-06-20 00:00:00
2354,375,Fixed Income,56058.83,2025-03-18 00:00:00
2355,617,Fixed Income,1065757.06,2022-01-08 00:00:00
2356,806,Fixed Income,363205.77,2019-10-06 00:00:00
2357,540,Equity,254852.81,2018-08-15 00:00:00
2358,845,Equity,145022.49,2020-04-19 00:00:00
2359,1075,Equity,160837.9,2023-08-29 00:00:00
2360,1020,Hybrid,245404.18,2019-06-12 00:00:00
2361,527,Fixed Income,131762.12,2020-07-03 00:00:00
2362,1239,Hybrid,677569.13,2025-10-18 00:00:00
2363,126,Fixed Income,191903.6,2017-08-20 00:00:00
2364,484,Fixed Income,180536.03,2025-10-14 00:00:00
2365,1078,Hybrid,86509.68,2019-05-14 00:00:00
2366,734,Hybrid,40959.68,2019-08-13 00:00:00
2367,723,Equity,98283.45,2025-04-04 00:00:00
2368,1327,Equity,115025.51,2020-01-31 00:00:00
2369,463,Fixed Income,288516.11,2017-11-28 00:00:00
2370,1312,Hybrid,69149.96,2024-05-23 00:00:00
2371,219,Fixed Income,465514.14,2017-07-04 00:00:00
2372,1458,Hybrid,610836.53,2023-11-24 00:00:00
2373,195,Hybrid,292742.06,2022-08-01 00:00:00
2374,926,Equity,526809.56,2022-04-29 00:00:00
2375,24,Hybrid,387563.64,2025-11-22 00:00:00
2376,962,Equity,59121.6,2024-01-20 00:00:00
2377,97,Equity,925003.98,2019-11-19 00:00:00
2378,1243,Fixed Income,585963.64,2026-02-06 00:00:00
2379,505,Equity,355659.21,2025-02-22 00:00:00
2380,423,Equity,162658.68,2025-02-17 00:00:00
2381,184,Hybrid,201061.64,2019-04-05 00:00:00
2382,270,Equity,69039.04,2020-11-06 00:00:00
2383,99,Hybrid,74703.28,2017-06-03 00:00:00
2384,409,Fixed Income,1550000.76,2018-06-22 00:00:00
2385,887,Equity,472614.97,2022-01-22 00:00:00
2386,584,Goal-Based,185739.22,2023-09-15 00:00:00
2387,1326,Equity,145612.13,2026-03-24 00:00:00
2388,494,Fixed Income,263543.62,2020-06-22 00:00:00
2389,1394,Equity,91981.14,2021-06-26 00:00:00
2390,636,Equity,258216.55,2026-02-28 00:00:00
2391,808,Hybrid,137694.76,2020-05-03 00:00:00
2392,215,Fixed Income,52890.9,2020-01-05 00:00:00
2393,796,Equity,384728.53,2023-10-08 00:00:00
2394,775,Fixed Income,146465.55,2018-03-16 00:00:00
2395,791,Equity,348629.01,2019-12-29 00:00:00
2396,1351,Hybrid,488598.19,2019-09-03 00:00:00
2397,516,Equity,250471.59,2023-12-14 00:00:00
2398,413,Equity,143883.3,2020-07-06 00:00:00
2399,595,Hybrid,620108.14,2019-01-15 00:00:00
2400,389,Hybrid,516705.22,2021-12-09 00:00:00
2401,1034,Hybrid,114382.64,2021-01-26 00:00:00
2402,1284,Hybrid,104796.29,2018-05-11 00:00:00
2403,715,Hybrid,320958.14,2026-02-01 00:00:00
2404,233,Hybrid,216045.62,2021-03-21 00:00:00
2405,1436,Hybrid,301908.87,2017-04-27 00:00:00
2406,448,Hybrid,96381.24,2020-07-26 00:00:00
2407,882,Fixed Income,269668.1,2021-12-04 00:00:00
2408,62,Equity,421560.49,2025-05-28 00:00:00
2409,93,Equity,55268.85,2025-12-30 00:00:00
2410,607,Hybrid,676184.85,2023-08-16 00:00:00
2411,477,Hybrid,161531.31,2022-12-13 00:00:00
2412,123,Fixed Income,251585.56,2017-04-10 00:00:00
2413,751,Equity,412913.75,2020-05-19 00:00:00
2414,914,Fixed Income,141363.64,2026-02-22 00:00:00
2415,1341,Hybrid,214250.97,2020-05-26 00:00:00
2416,559,Hybrid,302673.5,2020-12-10 00:00:00
2417,96,Fixed Income,137084.24,2020-11-12 00:00:00
2418,713,Equity,184497.14,2019-12-02 00:00:00
2419,1107,Goal-Based,133250.69,2024-10-27 00:00:00
2420,892,Fixed Income,39302.95,2025-11-01 00:00:00
2421,653,Equity,1192253.36,2020-03-28 00:00:00
2422,65,Equity,158128.1,2018-02-14 00:00:00
2423,385,Fixed Income,52469.95,2023-08-05 00:00:00
2424,1138,Equity,91904.9,2018-05-15 00:00:00
2425,215,Goal-Based,324848.91,2019-02-24 00:00:00
2426,996,Hybrid,536829.29,2023-11-18 00:00:00
2427,506,Equity,579574.86,2021-09-13 00:00:00
2428,1110,Fixed Income,255659.09,2017-01-21 00:00:00
2429,194,Equity,92931.1,2024-08-17 00:00:00
2430,1183,Hybrid,36251.71,2021-04-15 00:00:00
2431,1463,Hybrid,65747.08,2017-06-02 00:00:00
2432,1376,Equity,326888.52,2025-12-14 00:00:00
2433,178,Equity,171115.79,2017-04-08 00:00:00
2434,63,Fixed Income,160745.53,2021-05-15 00:00:00
2435,963,Fixed Income,296725.32,2018-11-05 00:00:00
2436,1263,Fixed Income,138932.72,2019-02-13 00:00:00
2437,1426,Hybrid,1100685.01,2025-05-30 00:00:00
2438,691,Fixed Income,289921,2021-06-24 00:00:00
2439,340,Hybrid,126322.87,2020-05-01 00:00:00
2440,1237,Equity,66688.17,2025-05-16 00:00:00
2441,93,Hybrid,223832.18,2024-12-09 00:00:00
2442,1472,Hybrid,184272.85,2018-10-18 00:00:00
2443,1199,Equity,119400.1,2022-08-27 00:00:00
2444,829,Equity,1052928.4,2025-04-29 00:00:00
2445,833,Equity,38141.75,2020-10-09 00:00:00
2446,927,Hybrid,674937.52,2021-06-04 00:00:00
2447,687,Fixed Income,83999.56,2019-06-01 00:00:00
2448,134,Equity,77644.84,2017-10-30 00:00:00
2449,980,Hybrid,44272.51,2019-08-03 00:00:00
2450,1130,Equity,263429.65,2020-12-31 00:00:00
2451,103,Hybrid,114875.62,2025-03-16 00:00:00
2452,293,Equity,53107.81,2021-07-16 00:00:00
2453,8,Fixed Income,381121.92,2022-03-28 00:00:00
2454,1005,Equity,102022.2,2024-10-08 00:00:00
2455,649,Fixed Income,96870.66,2019-06-02 00:00:00
2456,820,Hybrid,49910.24,2023-02-25 00:00:00
2457,1377,Goal-Based,155726.34,2022-10-11 00:00:00
2458,1245,Equity,71760.58,2018-09-17 00:00:00
2459,1049,Hybrid,469606.83,2022-05-15 00:00:00
2460,1491,Equity,99505.93,2017-07-20 00:00:00
2461,188,Hybrid,281142.51,2022-05-10 00:00:00
2462,1017,Fixed Income,115751.85,2023-01-21 00:00:00
2463,513,Hybrid,19778.27,2023-03-10 00:00:00
2464,1277,Equity,73100.87,2021-04-14 00:00:00
2465,1162,Equity,713616.06,2017-05-27 00:00:00
2466,211,Equity,104137.62,2020-03-23 00:00:00
2467,958,Fixed Income,142762.87,2019-01-11 00:00:00
2468,1214,Equity,220430.09,2024-10-23 00:00:00
2469,1328,Equity,217332.58,2017-10-19 00:00:00
2470,857,Equity,76867.07,2019-10-24 00:00:00
2471,912,Equity,266291.12,2024-11-19 00:00:00
2472,698,Goal-Based,89260.09,2025-03-06 00:00:00
2473,726,Fixed Income,89146.44,2017-09-28 00:00:00
2474,914,Fixed Income,34212.27,2019-03-10 00:00:00
2475,1005,Fixed Income,146498.12,2019-03-21 00:00:00
2476,272,Fixed Income,79560.6,2018-11-29 00:00:00
2477,551,Goal-Based,127216.05,2022-10-22 00:00:00
2478,361,Hybrid,509348.73,2023-08-31 00:00:00
2479,682,Equity,72284.07,2018-01-16 00:00:00
2480,915,Equity,121707.64,2017-06-15 00:00:00
2481,264,Fixed Income,146851.14,2022-04-29 00:00:00
2482,754,Equity,611413.87,2024-11-22 00:00:00
2483,240,Equity,93220.11,2021-01-28 00:00:00
2484,697,Hybrid,111327.87,2017-12-21 00:00:00
2485,857,Goal-Based,125292.71,2021-05-04 00:00:00
2486,563,Hybrid,155113.44,2024-12-06 00:00:00
2487,1142,Equity,72850.54,2020-02-07 00:00:00
2488,619,Goal-Based,252320.82,2022-01-26 00:00:00
2489,57,Equity,192189.84,2018-11-02 00:00:00
2490,734,Hybrid,88178.16,2023-11-11 00:00:00
2491,448,Equity,105971.3,2022-05-01 00:00:00
2492,410,Hybrid,422840.68,2022-08-23 00:00:00
2493,668,Equity,712417.12,2020-02-08 00:00:00
2494,652,Equity,43278.81,2024-01-18 00:00:00
2495,965,Goal-Based,100078.84,2022-06-05 00:00:00
2496,1469,Equity,174330.37,2022-04-16 00:00:00
2497,1421,Fixed Income,335969.24,2022-02-27 00:00:00
2498,552,Hybrid,473433.28,2022-01-17 00:00:00
2499,1250,Equity,153678.84,2020-02-03 00:00:00
2500,99,Fixed Income,403034.2,2022-12-10 00:00:00
