transaction_id,account_id,transaction_date,transaction_type,amount
1,217,2023-11-28 00:00:00,Contribution,9789.74
2,147,2022-04-11 00:00:00,Dividend,14011.66
3,999,2025-11-16 00:00:00,Sell,24965.46
4,1313,2024-12-22 00:00:00,Withdrawal,9447.51
5,59,2025-08-13 00:00:00,Contribution,4050.29
6,829,2022-05-03 00:00:00,Contribution,30835.91
7,1097,2025-04-22 00:00:00,Sell,30543.62
8,157,2024-10-29 00:00:00,Sell,6566.19
9,1462,2020-10-16 00:00:00,Contribution,4583.91
10,1040,2022-01-12 00:00:00,Dividend,2933.86
11,339,2022-07-08 00:00:00,Dividend,2941.33
12,1255,2026-01-16 00:00:00,Buy,3034.97
13,311,2026-05-31 00:00:00,Buy,2796.66
14,1198,2021-09-06 00:00:00,Sell,6790.3
15,334,2020-11-19 00:00:00,Buy,1339.32
16,1048,2025-09-13 00:00:00,Buy,9306.62
17,857,2021-06-02 00:00:00,Sell,20029.05
18,645,2023-08-31 00:00:00,Sell,872.55
19,303,2022-12-03 00:00:00,Withdrawal,7786.42
20,937,2021-08-28 00:00:00,Withdrawal,1785.38
21,1341,2021-04-04 00:00:00,Buy,107065.37
22,1192,2023-11-18 00:00:00,Buy,5481.55
23,297,2020-06-07 00:00:00,Contribution,8314.38
24,899,2025-06-11 00:00:00,Contribution,1578.24
25,271,2020-02-26 00:00:00,Withdrawal,5228.22
26,630,2024-11-29 00:00:00,Contribution,3512.79
27,579,2021-10-13 00:00:00,Contribution,4500.67
28,220,2023-09-17 00:00:00,Contribution,6786.15
29,1440,2021-01-04 00:00:00,Buy,2608.87
30,1435,2020-02-11 00:00:00,Withdrawal,16002.04
31,165,2024-10-09 00:00:00,Sell,4265.29
32,556,2021-09-11 00:00:00,Contribution,11433.08
33,487,2025-08-14 00:00:00,Buy,1049.43
34,99,2020-06-02 00:00:00,Rebalance,1873.68
35,1056,2025-10-25 00:00:00,Withdrawal,2326.93
36,767,2020-10-25 00:00:00,Dividend,2630.12
37,155,2025-04-28 00:00:00,Contribution,63962.22
38,385,2022-10-29 00:00:00,Buy,665.01
39,1079,2026-01-30 00:00:00,Buy,3293.39
40,1320,2025-09-21 00:00:00,Dividend,1941.47
41,641,2021-01-18 00:00:00,Contribution,4275.15
42,564,2025-04-07 00:00:00,Sell,4253.57
43,932,2020-12-14 00:00:00,Buy,12980.96
44,595,2026-03-29 00:00:00,Sell,16691.97
45,362,2025-03-18 00:00:00,Withdrawal,42217.7
46,955,2020-08-30 00:00:00,Buy,16116.08
47,725,2022-04-02 00:00:00,Buy,729.44
48,405,2023-11-12 00:00:00,Withdrawal,1858.13
49,1489,2023-03-11 00:00:00,Sell,3069.98
50,109,2021-04-10 00:00:00,Buy,4124.76
51,1357,2024-08-02 00:00:00,Contribution,2310.29
52,86,2025-01-19 00:00:00,Contribution,2437.58
53,1399,2025-09-02 00:00:00,Contribution,8386.95
54,1441,2024-01-04 00:00:00,Sell,5897.54
55,332,2026-01-29 00:00:00,Rebalance,6622.46
56,26,2021-04-30 00:00:00,Sell,7217.22
57,921,2024-01-25 00:00:00,Withdrawal,4897.67
58,988,2021-06-07 00:00:00,Buy,962.13
59,33,2024-06-29 00:00:00,Buy,41133.21
60,499,2021-06-23 00:00:00,Dividend,10033.16
61,1266,2025-12-05 00:00:00,Sell,1729.12
62,1372,2026-03-10 00:00:00,Sell,1863.06
63,329,2022-03-07 00:00:00,Buy,7321.7
64,738,2025-11-28 00:00:00,Dividend,9000
65,621,2026-01-17 00:00:00,Buy,11179.89
66,1396,2021-08-16 00:00:00,Sell,14875.14
67,1150,2026-03-26 00:00:00,Contribution,7054.53
68,448,2022-03-23 00:00:00,Buy,15977.93
69,970,2025-11-07 00:00:00,Buy,3652.7
70,698,2025-12-16 00:00:00,Buy,13498.96
71,72,2021-03-22 00:00:00,Sell,665.66
72,213,2026-03-19 00:00:00,Buy,7076.18
73,69,2025-04-24 00:00:00,Withdrawal,3171.71
74,665,2020-12-08 00:00:00,Withdrawal,1598.34
75,1154,2023-03-05 00:00:00,Dividend,475.37
76,1192,2025-10-02 00:00:00,Buy,4595.2
77,611,2024-02-26 00:00:00,Dividend,5822.44
78,1433,2023-08-30 00:00:00,Dividend,6343.87
79,375,2023-05-28 00:00:00,Rebalance,5474.78
80,1426,2024-08-09 00:00:00,Sell,4301.61
81,1476,2023-09-07 00:00:00,Dividend,3518.27
82,822,2020-03-07 00:00:00,Sell,4524.38
83,603,2022-12-23 00:00:00,Withdrawal,67848.95
84,329,2021-02-07 00:00:00,Sell,5745.53
85,227,2025-06-14 00:00:00,Sell,18952.57
86,1,2021-09-22 00:00:00,Buy,4253.75
87,773,2025-11-01 00:00:00,Withdrawal,26667.91
88,1441,2021-01-11 00:00:00,Rebalance,940.74
89,188,2023-12-01 00:00:00,Withdrawal,595.64
90,229,2020-12-06 00:00:00,Buy,15294.52
91,1275,2023-08-29 00:00:00,Buy,5750.27
92,1231,2025-12-11 00:00:00,Dividend,2906.56
93,198,2023-05-24 00:00:00,Withdrawal,2077.68
94,1438,2023-10-21 00:00:00,Withdrawal,2801.43
95,848,2022-06-01 00:00:00,Sell,6964.2
96,227,2025-11-22 00:00:00,Contribution,6328.29
97,721,2022-04-18 00:00:00,Sell,4491.74
98,388,2022-07-05 00:00:00,Sell,12145.29
99,266,2024-12-24 00:00:00,Buy,2711.94
100,1361,2023-08-14 00:00:00,Buy,3772.08
101,520,2024-12-07 00:00:00,Rebalance,18892.81
102,449,2020-02-04 00:00:00,Buy,4372.6
103,885,2023-12-15 00:00:00,Sell,10302.06
104,640,2026-03-30 00:00:00,Sell,13032.81
105,213,2026-01-24 00:00:00,Buy,2057.63
106,1392,2024-09-08 00:00:00,Contribution,5018.21
107,639,2023-12-15 00:00:00,Buy,1743.65
108,937,2026-03-30 00:00:00,Dividend,3676.72
109,644,2025-02-07 00:00:00,Buy,499.96
110,598,2024-12-21 00:00:00,Buy,25816.51
111,1390,2025-11-24 00:00:00,Withdrawal,2593.45
112,911,2026-01-15 00:00:00,Rebalance,1310.5
113,887,2021-12-22 00:00:00,Buy,4723.49
114,1359,2025-10-05 00:00:00,Buy,6008.94
115,401,2021-12-30 00:00:00,Contribution,15219.99
116,223,2025-07-17 00:00:00,Buy,7602.53
117,1109,2024-10-29 00:00:00,Buy,12461.66
118,458,2023-05-11 00:00:00,Buy,8026.17
119,798,2025-07-12 00:00:00,Dividend,4057.8
120,1194,2021-01-14 00:00:00,Sell,2389.29
121,788,2024-06-10 00:00:00,Rebalance,5079.07
122,1108,2024-08-28 00:00:00,Buy,9807.1
123,1422,2021-02-09 00:00:00,Rebalance,9650.35
124,1030,2025-04-19 00:00:00,Buy,13741.42
125,674,2024-03-29 00:00:00,Sell,6958.81
126,1065,2025-01-22 00:00:00,Dividend,29296.42
127,1282,2024-06-21 00:00:00,Buy,5982.58
128,1138,2022-06-09 00:00:00,Buy,19180.33
129,1475,2025-02-23 00:00:00,Buy,3907.4
130,376,2020-04-28 00:00:00,Contribution,5020.2
131,559,2022-10-04 00:00:00,Buy,6737.45
132,959,2022-01-06 00:00:00,Sell,1773.23
133,1194,2022-06-22 00:00:00,Dividend,1548.47
134,508,2024-01-01 00:00:00,Rebalance,5720.48
135,1133,2025-01-25 00:00:00,Buy,13988.38
136,716,2023-10-14 00:00:00,Sell,6694.94
137,1058,2025-01-03 00:00:00,Dividend,3491.87
138,613,2025-04-16 00:00:00,Buy,6413.33
139,1193,2020-01-21 00:00:00,Buy,8119.57
140,702,2023-09-09 00:00:00,Rebalance,12220.17
141,1194,2020-10-11 00:00:00,Rebalance,2818.83
142,408,2021-06-14 00:00:00,Buy,1892.96
143,637,2024-10-15 00:00:00,Buy,1108.81
144,323,2025-10-07 00:00:00,Withdrawal,3146.32
145,432,2021-07-09 00:00:00,Rebalance,3259.55
146,974,2023-07-05 00:00:00,Buy,3998.84
147,1149,2021-11-25 00:00:00,Sell,6372.57
148,992,2024-02-03 00:00:00,Withdrawal,1037.33
149,801,2024-12-10 00:00:00,Sell,7224.07
150,893,2021-09-13 00:00:00,Sell,1560.84
151,1483,2020-10-15 00:00:00,Dividend,9509.66
152,115,2024-05-20 00:00:00,Buy,3804.18
153,480,2026-05-30 00:00:00,Buy,9257.56
154,1102,2022-01-18 00:00:00,Sell,18850.13
155,669,2023-04-29 00:00:00,Buy,1768.77
156,1413,2025-04-16 00:00:00,Dividend,1128.79
157,775,2026-05-26 00:00:00,Dividend,44669.84
158,991,2025-04-30 00:00:00,Buy,26266.84
159,1224,2021-02-28 00:00:00,Buy,3665.25
160,99,2021-07-06 00:00:00,Contribution,3164.11
161,12,2025-02-26 00:00:00,Buy,2091.42
162,1107,2025-05-27 00:00:00,Rebalance,10254.49
163,474,2020-11-13 00:00:00,Contribution,231.03
164,1436,2023-04-29 00:00:00,Contribution,9782.57
165,1325,2024-12-22 00:00:00,Sell,6500.34
166,1461,2024-06-15 00:00:00,Sell,3649.3
167,358,2025-08-15 00:00:00,Buy,2677.36
168,1314,2025-06-01 00:00:00,Contribution,37299.14
169,126,2023-04-28 00:00:00,Rebalance,3792.5
170,681,2020-08-23 00:00:00,Buy,8010.5
171,606,2025-11-03 00:00:00,Sell,1933.6
172,7,2026-05-05 00:00:00,Contribution,16995.47
173,143,2021-03-18 00:00:00,Buy,3328.14
174,497,2026-05-16 00:00:00,Sell,28889.19
175,895,2024-03-01 00:00:00,Rebalance,2302.12
176,170,2021-11-19 00:00:00,Contribution,1870.79
177,163,2024-01-31 00:00:00,Sell,779.04
178,185,2020-02-03 00:00:00,Rebalance,9591.54
179,447,2022-11-27 00:00:00,Contribution,5361.96
180,407,2022-01-03 00:00:00,Buy,4154.57
181,1246,2024-02-16 00:00:00,Rebalance,1166.09
182,764,2024-01-20 00:00:00,Withdrawal,9144.65
183,109,2022-12-21 00:00:00,Buy,1081.35
184,794,2023-11-14 00:00:00,Buy,37997.96
185,23,2023-01-25 00:00:00,Contribution,3895.74
186,7,2022-05-12 00:00:00,Sell,2442.49
187,46,2024-08-07 00:00:00,Dividend,724.79
188,419,2023-12-26 00:00:00,Contribution,6409.52
189,1034,2022-11-16 00:00:00,Buy,13851.45
190,630,2023-02-26 00:00:00,Buy,993.21
191,619,2021-02-07 00:00:00,Contribution,14210.3
192,423,2023-03-05 00:00:00,Sell,11061.32
193,1186,2024-02-03 00:00:00,Contribution,2553.94
194,1426,2020-06-18 00:00:00,Buy,26256.25
195,509,2025-03-15 00:00:00,Buy,1507.14
196,270,2022-12-09 00:00:00,Sell,2316.18
197,1304,2024-08-07 00:00:00,Buy,10262.48
198,828,2025-01-22 00:00:00,Withdrawal,13856.95
199,81,2022-07-23 00:00:00,Contribution,2648.06
200,1010,2022-02-22 00:00:00,Sell,6565.34
201,872,2025-05-10 00:00:00,Buy,1082.54
202,603,2024-04-10 00:00:00,Buy,33198.27
203,57,2022-09-05 00:00:00,Sell,12160.14
204,413,2024-05-02 00:00:00,Dividend,4041.76
205,376,2025-01-24 00:00:00,Buy,21991.97
206,918,2021-09-25 00:00:00,Rebalance,6250.43
207,544,2020-03-24 00:00:00,Withdrawal,2607.82
208,792,2021-02-06 00:00:00,Contribution,4523.77
209,1097,2021-11-23 00:00:00,Sell,1978.93
210,138,2021-06-15 00:00:00,Contribution,5469.69
211,567,2025-08-14 00:00:00,Withdrawal,70951.47
212,147,2026-03-31 00:00:00,Buy,8276.1
213,677,2026-03-24 00:00:00,Contribution,1769.01
214,952,2021-09-07 00:00:00,Withdrawal,908.46
215,802,2022-02-09 00:00:00,Dividend,1260.78
216,377,2025-08-05 00:00:00,Buy,2400.6
217,694,2020-01-06 00:00:00,Buy,7542.96
218,1164,2022-02-27 00:00:00,Withdrawal,14865.54
219,1180,2021-02-05 00:00:00,Buy,3389.54
220,765,2022-04-01 00:00:00,Buy,3216.78
221,328,2021-01-23 00:00:00,Dividend,3045.35
222,885,2020-02-18 00:00:00,Rebalance,7084.97
223,810,2024-12-07 00:00:00,Contribution,2045.9
224,1446,2024-08-08 00:00:00,Buy,6266.42
225,138,2020-07-28 00:00:00,Sell,508.4
226,1202,2020-12-14 00:00:00,Sell,7261.74
227,37,2022-05-09 00:00:00,Buy,6688.31
228,546,2026-02-23 00:00:00,Buy,21501.7
229,1325,2023-03-07 00:00:00,Sell,31817.94
230,1239,2021-09-08 00:00:00,Buy,7936.73
231,974,2023-07-09 00:00:00,Rebalance,5224.46
232,203,2023-03-12 00:00:00,Sell,6009.43
233,146,2020-11-20 00:00:00,Sell,3993.42
234,967,2023-08-22 00:00:00,Sell,3256.72
235,177,2024-12-07 00:00:00,Buy,2721.56
236,1291,2020-07-08 00:00:00,Buy,13939.68
237,253,2023-11-01 00:00:00,Buy,762.11
238,528,2022-07-13 00:00:00,Withdrawal,1868.49
239,1221,2025-02-16 00:00:00,Rebalance,8601.41
240,1273,2020-06-18 00:00:00,Sell,6141.51
241,146,2025-03-03 00:00:00,Withdrawal,12942.01
242,1300,2022-04-03 00:00:00,Contribution,3631.78
243,1276,2023-12-21 00:00:00,Rebalance,16992.4
244,6,2022-03-23 00:00:00,Sell,7307.65
245,1061,2020-05-20 00:00:00,Contribution,13015.62
246,1312,2024-12-16 00:00:00,Sell,1416.54
247,183,2024-08-06 00:00:00,Sell,6779.66
248,97,2025-08-02 00:00:00,Buy,6156.42
249,585,2020-02-12 00:00:00,Buy,11106.04
250,133,2021-01-29 00:00:00,Withdrawal,3903.15
251,625,2025-05-04 00:00:00,Buy,3174.65
252,679,2026-03-04 00:00:00,Rebalance,8200.81
253,727,2022-05-15 00:00:00,Rebalance,11788.4
254,1335,2026-04-12 00:00:00,Buy,719.04
255,578,2022-01-17 00:00:00,Sell,35765.25
256,976,2021-02-27 00:00:00,Buy,9410.52
257,862,2022-12-26 00:00:00,Contribution,2241.71
258,363,2020-05-20 00:00:00,Sell,2439.6
259,436,2022-11-10 00:00:00,Contribution,1115.39
260,762,2020-08-06 00:00:00,Buy,132.76
261,756,2021-09-20 00:00:00,Buy,783.74
262,541,2024-12-26 00:00:00,Contribution,11592.77
263,1309,2025-08-27 00:00:00,Withdrawal,3270.81
264,718,2023-11-05 00:00:00,Rebalance,32762.49
265,104,2020-05-15 00:00:00,Contribution,8739.81
266,542,2020-12-10 00:00:00,Contribution,18852.76
267,1261,2022-02-14 00:00:00,Withdrawal,44459.01
268,760,2021-02-28 00:00:00,Rebalance,2068.58
269,1240,2021-12-09 00:00:00,Contribution,9205.32
270,486,2023-02-27 00:00:00,Rebalance,16751.34
271,1111,2022-07-05 00:00:00,Rebalance,51107.51
272,254,2021-03-17 00:00:00,Buy,1319.83
273,391,2021-10-20 00:00:00,Rebalance,32053.76
274,831,2026-04-30 00:00:00,Sell,40202.51
275,743,2026-05-05 00:00:00,Buy,7299.83
276,917,2023-11-22 00:00:00,Dividend,28107.77
277,199,2025-09-26 00:00:00,Sell,20189.57
278,1374,2023-08-07 00:00:00,Buy,36515.89
279,586,2022-10-30 00:00:00,Sell,1164.85
280,596,2020-01-22 00:00:00,Buy,19716.11
281,1219,2024-04-12 00:00:00,Dividend,3672.54
282,1481,2024-02-12 00:00:00,Sell,12023.87
283,84,2025-05-09 00:00:00,Buy,971.48
284,923,2021-06-26 00:00:00,Buy,12655.62
285,817,2026-04-06 00:00:00,Withdrawal,4146.87
286,102,2022-03-01 00:00:00,Contribution,11578.77
287,1323,2022-10-18 00:00:00,Dividend,7603.58
288,151,2025-11-17 00:00:00,Buy,3045.24
289,420,2023-08-29 00:00:00,Rebalance,4449.72
290,16,2022-02-28 00:00:00,Buy,4464.56
291,843,2021-09-07 00:00:00,Rebalance,4957.08
292,1046,2023-05-23 00:00:00,Sell,3604.96
293,10,2020-10-20 00:00:00,Withdrawal,35076.06
294,707,2023-01-15 00:00:00,Contribution,237.06
295,221,2022-06-05 00:00:00,Contribution,2503.25
296,543,2023-09-04 00:00:00,Buy,6508.81
297,158,2022-04-15 00:00:00,Buy,1887.62
298,839,2020-09-11 00:00:00,Buy,4205.2
299,44,2025-02-10 00:00:00,Withdrawal,6554.78
300,427,2025-05-18 00:00:00,Buy,52919.29
301,687,2025-03-10 00:00:00,Contribution,10710.57
302,8,2025-12-14 00:00:00,Buy,3685.67
303,514,2025-09-27 00:00:00,Withdrawal,76948.62
304,1198,2024-04-04 00:00:00,Dividend,6787.73
305,1265,2023-06-27 00:00:00,Buy,14439.47
306,1392,2025-08-25 00:00:00,Rebalance,4695.06
307,286,2025-12-03 00:00:00,Buy,5583.29
308,529,2020-06-25 00:00:00,Dividend,44235.94
309,69,2023-10-09 00:00:00,Buy,5717.44
310,523,2023-10-04 00:00:00,Contribution,17525.84
311,561,2022-06-04 00:00:00,Sell,1688.27
312,329,2020-03-12 00:00:00,Rebalance,7297.02
313,458,2025-12-15 00:00:00,Buy,13641.43
314,976,2021-02-04 00:00:00,Sell,6543.02
315,691,2023-10-02 00:00:00,Dividend,8428.57
316,1134,2021-08-08 00:00:00,Sell,27806.26
317,1155,2025-05-03 00:00:00,Contribution,47093.95
318,496,2026-04-10 00:00:00,Sell,2633.63
319,1117,2022-07-10 00:00:00,Sell,6371.23
320,632,2024-05-24 00:00:00,Contribution,5461.81
321,1246,2023-12-14 00:00:00,Buy,15924.14
322,1122,2025-07-08 00:00:00,Buy,4837.73
323,1042,2020-01-23 00:00:00,Buy,1662.37
324,1409,2025-06-29 00:00:00,Buy,10829.72
325,92,2021-04-01 00:00:00,Buy,6711.45
326,171,2025-03-18 00:00:00,Buy,10677.26
327,1242,2022-02-27 00:00:00,Buy,33224.18
328,1125,2022-12-07 00:00:00,Contribution,2992.5
329,106,2025-08-25 00:00:00,Dividend,1809.51
330,1405,2020-03-08 00:00:00,Contribution,19320.92
331,176,2021-01-09 00:00:00,Contribution,10792.72
332,1417,2022-07-23 00:00:00,Withdrawal,3569.94
333,758,2022-12-29 00:00:00,Sell,2276.39
334,398,2021-08-15 00:00:00,Contribution,2480.18
335,712,2022-07-16 00:00:00,Dividend,9345.93
336,1363,2023-08-18 00:00:00,Sell,615.91
337,1333,2022-09-12 00:00:00,Sell,6969.75
338,1476,2026-01-02 00:00:00,Dividend,2927.64
339,1236,2024-12-03 00:00:00,Contribution,789.39
340,247,2024-11-08 00:00:00,Withdrawal,9547.46
341,1423,2022-02-02 00:00:00,Buy,5268.56
342,612,2022-10-28 00:00:00,Buy,29655.87
343,216,2020-02-24 00:00:00,Withdrawal,12925.61
344,74,2023-09-28 00:00:00,Sell,2881.4
345,1275,2020-01-27 00:00:00,Buy,2551.21
346,858,2023-01-21 00:00:00,Dividend,11144.67
347,1364,2024-07-21 00:00:00,Dividend,7233.12
348,535,2020-02-06 00:00:00,Sell,8496.24
349,65,2021-01-15 00:00:00,Withdrawal,11865.22
350,72,2023-08-09 00:00:00,Contribution,2370.81
351,768,2022-09-01 00:00:00,Buy,1034.73
352,923,2020-08-10 00:00:00,Contribution,2903.03
353,1229,2023-11-02 00:00:00,Buy,8621.69
354,504,2022-09-09 00:00:00,Contribution,4472.94
355,224,2026-05-16 00:00:00,Rebalance,5857.92
356,760,2023-02-20 00:00:00,Buy,5903.45
357,42,2020-12-10 00:00:00,Sell,1670.77
358,1222,2025-05-17 00:00:00,Buy,36173.5
359,524,2024-04-09 00:00:00,Buy,3106.54
360,829,2021-03-20 00:00:00,Buy,1944.74
361,590,2020-11-23 00:00:00,Buy,2710.03
362,1081,2023-03-16 00:00:00,Dividend,17502.2
363,1292,2022-04-10 00:00:00,Dividend,12550.18
364,1475,2022-07-14 00:00:00,Buy,1978.77
365,676,2020-11-13 00:00:00,Buy,9536.47
366,371,2020-01-06 00:00:00,Contribution,6967.87
367,1426,2024-02-25 00:00:00,Buy,3322.68
368,1111,2026-05-24 00:00:00,Sell,4484.66
369,629,2026-02-22 00:00:00,Withdrawal,766.5
370,1496,2021-03-29 00:00:00,Buy,5126.83
371,1167,2022-11-29 00:00:00,Buy,11998.28
372,1386,2020-07-28 00:00:00,Sell,4301.78
373,1024,2025-09-11 00:00:00,Rebalance,14483.77
374,224,2022-09-22 00:00:00,Contribution,1756.77
375,1313,2022-07-13 00:00:00,Dividend,759.97
376,193,2024-02-12 00:00:00,Contribution,39272.54
377,451,2022-06-12 00:00:00,Buy,2517.9
378,663,2024-02-28 00:00:00,Rebalance,2721.3
379,98,2023-03-28 00:00:00,Sell,9785.37
380,1309,2021-01-13 00:00:00,Buy,10352.91
381,634,2024-11-21 00:00:00,Sell,18845.27
382,471,2021-02-12 00:00:00,Buy,8858.61
383,600,2023-04-16 00:00:00,Buy,9159.15
384,685,2025-11-08 00:00:00,Contribution,3908.39
385,647,2020-06-11 00:00:00,Sell,1638.1
386,106,2025-03-20 00:00:00,Buy,38743.2
387,1354,2022-09-26 00:00:00,Dividend,1016.02
388,1457,2020-07-15 00:00:00,Withdrawal,1116.73
389,1148,2020-10-15 00:00:00,Sell,342.11
390,1084,2024-08-25 00:00:00,Withdrawal,4449.68
391,1375,2024-10-26 00:00:00,Sell,3154.37
392,302,2024-10-29 00:00:00,Dividend,175209.19
393,1199,2025-12-22 00:00:00,Rebalance,359.51
394,460,2024-01-25 00:00:00,Dividend,9158.92
395,311,2021-02-08 00:00:00,Buy,7000.98
396,1197,2025-07-28 00:00:00,Withdrawal,23760.94
397,1184,2023-10-30 00:00:00,Withdrawal,743.65
398,1457,2021-04-01 00:00:00,Sell,6333.43
399,745,2024-09-11 00:00:00,Buy,2518.89
400,85,2023-01-22 00:00:00,Sell,11848.21
401,865,2020-12-30 00:00:00,Buy,2060.46
402,824,2022-01-17 00:00:00,Contribution,1452.07
403,698,2020-11-03 00:00:00,Contribution,25780.2
404,570,2022-07-29 00:00:00,Rebalance,1712.81
405,71,2021-01-23 00:00:00,Buy,32421.11
406,90,2025-11-30 00:00:00,Sell,3322.74
407,1410,2020-01-05 00:00:00,Buy,28378.43
408,535,2024-01-21 00:00:00,Contribution,15486.47
409,647,2022-10-26 00:00:00,Rebalance,6355.77
410,626,2021-06-28 00:00:00,Sell,2706.77
411,210,2026-01-02 00:00:00,Dividend,4819.64
412,624,2022-11-13 00:00:00,Buy,11831.39
413,1339,2025-09-12 00:00:00,Contribution,10134.79
414,720,2021-05-23 00:00:00,Sell,17117.28
415,434,2021-01-29 00:00:00,Contribution,12158.37
416,996,2022-04-08 00:00:00,Buy,5272.33
417,433,2024-05-25 00:00:00,Contribution,5357.39
418,938,2025-02-20 00:00:00,Buy,6943.41
419,675,2024-06-24 00:00:00,Buy,14444.4
420,86,2020-01-09 00:00:00,Contribution,3284.81
421,332,2021-12-07 00:00:00,Sell,6384.09
422,1396,2024-05-14 00:00:00,Buy,7251.26
423,397,2022-01-08 00:00:00,Withdrawal,8682.47
424,536,2021-03-11 00:00:00,Buy,32706.94
425,1200,2025-03-31 00:00:00,Buy,6427.72
426,70,2021-12-21 00:00:00,Buy,5996.49
427,795,2021-11-24 00:00:00,Buy,22023.45
428,313,2026-04-28 00:00:00,Sell,12883.25
429,588,2022-01-05 00:00:00,Sell,4625.29
430,360,2021-11-02 00:00:00,Sell,2298.56
431,605,2021-02-03 00:00:00,Contribution,3467.61
432,243,2020-02-05 00:00:00,Sell,7319.3
433,453,2024-09-17 00:00:00,Withdrawal,7497.99
434,792,2024-11-22 00:00:00,Sell,3427.32
435,600,2020-08-22 00:00:00,Buy,27524.02
436,400,2020-04-11 00:00:00,Buy,27180.46
437,1058,2025-05-22 00:00:00,Contribution,11497.86
438,376,2020-08-23 00:00:00,Dividend,21591.97
439,625,2024-03-26 00:00:00,Withdrawal,30565.19
440,879,2024-04-25 00:00:00,Withdrawal,14623.18
441,213,2021-10-30 00:00:00,Buy,6680.69
442,903,2021-10-14 00:00:00,Sell,26366.39
443,4,2023-01-27 00:00:00,Sell,24690.44
444,738,2023-10-27 00:00:00,Buy,2614.27
445,758,2024-05-25 00:00:00,Dividend,12288.33
446,998,2022-03-22 00:00:00,Dividend,16231.35
447,114,2023-03-04 00:00:00,Sell,27132.79
448,326,2023-10-01 00:00:00,Withdrawal,19738.04
449,357,2021-06-20 00:00:00,Rebalance,1607.54
450,1130,2023-11-12 00:00:00,Contribution,15547.58
451,919,2021-08-09 00:00:00,Dividend,2980.13
452,659,2022-12-17 00:00:00,Buy,3708.2
453,1295,2025-05-29 00:00:00,Withdrawal,10506
454,1187,2020-12-29 00:00:00,Withdrawal,8312.26
455,891,2026-01-06 00:00:00,Rebalance,4941.42
456,1052,2023-06-01 00:00:00,Withdrawal,20921.61
457,902,2023-11-26 00:00:00,Rebalance,3638.74
458,1259,2025-02-24 00:00:00,Sell,2078.08
459,1223,2024-12-11 00:00:00,Buy,9374.95
460,647,2022-04-20 00:00:00,Contribution,14597.9
461,171,2024-04-08 00:00:00,Contribution,1637.43
462,1014,2021-07-21 00:00:00,Contribution,40636.37
463,494,2026-03-24 00:00:00,Rebalance,593.16
464,830,2020-02-22 00:00:00,Withdrawal,10953.33
465,125,2026-04-27 00:00:00,Sell,5806.44
466,730,2025-07-05 00:00:00,Withdrawal,4964.57
467,1397,2021-03-04 00:00:00,Buy,6351.29
468,67,2022-08-13 00:00:00,Sell,5880.77
469,673,2021-10-01 00:00:00,Sell,7614.34
470,1096,2023-01-05 00:00:00,Dividend,2619.71
471,123,2025-07-14 00:00:00,Buy,1982.76
472,212,2022-05-31 00:00:00,Buy,28665.79
473,1180,2020-07-28 00:00:00,Sell,503.79
474,925,2020-06-05 00:00:00,Rebalance,5385.66
475,1491,2021-12-28 00:00:00,Buy,20927.99
476,1044,2023-03-15 00:00:00,Contribution,4129.29
477,996,2025-04-19 00:00:00,Sell,14154.93
478,87,2021-06-01 00:00:00,Sell,14362.32
479,1358,2022-03-23 00:00:00,Buy,21719.46
480,437,2026-03-09 00:00:00,Dividend,4831.01
481,14,2022-01-04 00:00:00,Buy,31857.49
482,652,2025-06-13 00:00:00,Sell,2719.22
483,401,2022-10-01 00:00:00,Contribution,9641.3
484,681,2024-05-10 00:00:00,Contribution,3335.2
485,1386,2024-08-29 00:00:00,Contribution,8605.64
486,984,2021-02-02 00:00:00,Rebalance,64972.11
487,117,2025-04-28 00:00:00,Contribution,8864.65
488,2,2023-10-30 00:00:00,Sell,11216
489,34,2024-06-15 00:00:00,Buy,4775.85
490,514,2022-01-09 00:00:00,Sell,2797.9
491,460,2024-04-06 00:00:00,Contribution,1655.92
492,1343,2024-03-14 00:00:00,Contribution,28682.6
493,947,2025-09-23 00:00:00,Sell,2748.17
494,55,2024-10-18 00:00:00,Buy,11693.04
495,338,2024-05-11 00:00:00,Sell,2551.35
496,393,2023-07-21 00:00:00,Withdrawal,13319.87
497,601,2025-09-28 00:00:00,Rebalance,916.96
498,1381,2020-01-19 00:00:00,Rebalance,9567.1
499,75,2022-09-07 00:00:00,Contribution,2608.94
500,177,2020-06-07 00:00:00,Rebalance,8701.62
501,1122,2020-03-18 00:00:00,Buy,6952.32
502,311,2022-01-01 00:00:00,Buy,36695.31
503,1424,2025-07-11 00:00:00,Sell,20133.25
504,1412,2024-03-27 00:00:00,Sell,7798.23
505,1094,2024-03-04 00:00:00,Withdrawal,15253.98
506,1185,2024-12-19 00:00:00,Contribution,2941.91
507,824,2021-07-03 00:00:00,Dividend,3936.7
508,1234,2023-01-01 00:00:00,Buy,6003.66
509,828,2022-06-17 00:00:00,Sell,913.16
510,1169,2024-08-24 00:00:00,Buy,1894.68
511,942,2024-12-30 00:00:00,Dividend,13568.56
512,102,2022-09-28 00:00:00,Sell,45068.09
513,682,2025-03-06 00:00:00,Buy,21016.43
514,1373,2021-06-05 00:00:00,Buy,963.84
515,286,2022-02-22 00:00:00,Sell,9182.48
516,452,2026-02-11 00:00:00,Buy,10195.83
517,1028,2020-10-07 00:00:00,Dividend,21364.61
518,1434,2020-01-30 00:00:00,Buy,11810.99
519,220,2022-04-10 00:00:00,Contribution,8099.71
520,795,2023-08-09 00:00:00,Buy,3797.49
521,257,2022-09-02 00:00:00,Sell,10386.61
522,673,2020-04-06 00:00:00,Buy,20809.92
523,442,2020-06-11 00:00:00,Sell,15460.09
524,1383,2024-03-01 00:00:00,Buy,2882.21
525,957,2021-06-07 00:00:00,Buy,1006.16
526,657,2025-07-09 00:00:00,Withdrawal,19868.41
527,783,2020-09-23 00:00:00,Contribution,2347.79
528,552,2020-12-11 00:00:00,Dividend,4990.35
529,292,2025-08-24 00:00:00,Rebalance,39983.23
530,480,2021-08-09 00:00:00,Contribution,3109.33
531,1263,2020-01-29 00:00:00,Dividend,6284.01
532,1402,2021-02-03 00:00:00,Buy,3083.29
533,1234,2026-04-02 00:00:00,Buy,8729.74
534,846,2025-02-07 00:00:00,Withdrawal,22348.96
535,608,2026-01-05 00:00:00,Contribution,13976.06
536,980,2022-01-15 00:00:00,Buy,11650.4
537,286,2021-09-14 00:00:00,Buy,597.43
538,1281,2024-04-01 00:00:00,Withdrawal,1532.89
539,679,2022-02-15 00:00:00,Sell,13275.8
540,1283,2022-01-25 00:00:00,Buy,23795.94
541,871,2021-08-22 00:00:00,Contribution,15584.92
542,1227,2023-02-03 00:00:00,Withdrawal,3299.45
543,1491,2024-05-25 00:00:00,Withdrawal,1462.53
544,489,2020-11-08 00:00:00,Buy,3660.27
545,407,2020-04-04 00:00:00,Buy,14313.52
546,1378,2025-08-14 00:00:00,Withdrawal,1175.39
547,60,2026-02-11 00:00:00,Contribution,4428.93
548,1418,2022-10-16 00:00:00,Contribution,3582.4
549,1077,2023-01-07 00:00:00,Buy,6092.11
550,455,2020-11-14 00:00:00,Contribution,3056.65
551,230,2025-04-20 00:00:00,Sell,6495.6
552,798,2024-02-29 00:00:00,Buy,949.62
553,1383,2022-03-02 00:00:00,Buy,1837.57
554,1380,2024-06-08 00:00:00,Contribution,3429.4
555,199,2024-09-11 00:00:00,Buy,53021.97
556,1044,2025-05-16 00:00:00,Buy,2225.96
557,701,2025-07-26 00:00:00,Withdrawal,19780.07
558,624,2023-07-20 00:00:00,Buy,9580.95
559,809,2023-12-14 00:00:00,Sell,17153.19
560,1039,2023-08-28 00:00:00,Buy,1761.41
561,488,2025-05-15 00:00:00,Buy,1071.05
562,742,2023-01-04 00:00:00,Dividend,13748.09
563,55,2022-06-22 00:00:00,Sell,5519.21
564,309,2020-01-16 00:00:00,Rebalance,3573.35
565,1018,2021-04-19 00:00:00,Contribution,10683.51
566,843,2020-01-29 00:00:00,Contribution,1187.41
567,1475,2020-12-25 00:00:00,Sell,11157.12
568,608,2025-11-20 00:00:00,Buy,13019.62
569,1485,2021-10-30 00:00:00,Dividend,7687.58
570,513,2022-11-29 00:00:00,Buy,2893.19
571,521,2022-09-23 00:00:00,Contribution,5718.51
572,17,2024-02-11 00:00:00,Contribution,2292.87
573,1478,2024-09-10 00:00:00,Contribution,4407.02
574,130,2024-08-03 00:00:00,Buy,6380.41
575,658,2024-05-14 00:00:00,Withdrawal,4854.69
576,677,2021-01-11 00:00:00,Sell,7692.4
577,282,2020-04-01 00:00:00,Buy,2055.97
578,520,2021-06-24 00:00:00,Buy,34492.09
579,1149,2020-11-03 00:00:00,Buy,5698.03
580,601,2022-07-21 00:00:00,Buy,6752.02
581,1293,2023-05-12 00:00:00,Buy,24445.51
582,105,2023-12-28 00:00:00,Withdrawal,9783.54
583,658,2026-05-27 00:00:00,Dividend,22947.28
584,774,2025-03-12 00:00:00,Buy,3304.03
585,683,2023-05-01 00:00:00,Buy,5885.36
586,313,2025-10-14 00:00:00,Dividend,19957.02
587,626,2020-03-31 00:00:00,Withdrawal,13200.1
588,1272,2024-08-29 00:00:00,Sell,2867.33
589,1255,2023-06-14 00:00:00,Buy,2265.82
590,488,2020-05-18 00:00:00,Buy,33264.24
591,1222,2024-06-23 00:00:00,Sell,15703.52
592,907,2023-07-14 00:00:00,Rebalance,22782.6
593,62,2024-03-29 00:00:00,Rebalance,6580.5
594,2,2022-12-29 00:00:00,Sell,14435.33
595,1276,2020-06-03 00:00:00,Contribution,10425.64
596,521,2021-08-08 00:00:00,Sell,8114.15
597,134,2022-03-27 00:00:00,Dividend,11714.52
598,1453,2024-03-14 00:00:00,Contribution,4023.1
599,59,2021-06-13 00:00:00,Rebalance,3004.09
600,169,2023-03-12 00:00:00,Buy,19213.63
601,43,2024-11-14 00:00:00,Withdrawal,15220.59
602,679,2024-09-29 00:00:00,Contribution,1331.02
603,234,2020-06-20 00:00:00,Buy,5296.29
604,452,2024-09-06 00:00:00,Sell,13198.81
605,1265,2023-06-02 00:00:00,Contribution,4864.78
606,707,2024-02-21 00:00:00,Sell,57023.25
607,747,2021-10-07 00:00:00,Rebalance,5584.34
608,1108,2020-10-23 00:00:00,Buy,2461.39
609,681,2021-05-20 00:00:00,Sell,3253.6
610,458,2025-08-13 00:00:00,Dividend,1389.77
611,109,2024-04-09 00:00:00,Dividend,2481.66
612,67,2024-04-09 00:00:00,Withdrawal,3597.61
613,78,2020-02-11 00:00:00,Contribution,14478.43
614,684,2025-05-31 00:00:00,Contribution,11961.49
615,168,2024-10-19 00:00:00,Withdrawal,2036.47
616,487,2021-10-24 00:00:00,Buy,13018.77
617,1175,2023-11-30 00:00:00,Contribution,4597.33
618,435,2025-04-01 00:00:00,Buy,28798.68
619,1308,2020-07-06 00:00:00,Contribution,55704.24
620,1028,2025-07-07 00:00:00,Sell,9270.53
621,1012,2024-11-23 00:00:00,Buy,9918.26
622,67,2021-10-28 00:00:00,Rebalance,13753.37
623,733,2020-08-20 00:00:00,Buy,6337.45
624,883,2021-04-08 00:00:00,Contribution,3192.18
625,972,2025-09-02 00:00:00,Buy,4008.8
626,1038,2021-01-12 00:00:00,Sell,10362.05
627,756,2021-05-27 00:00:00,Sell,3340.27
628,683,2024-04-01 00:00:00,Sell,5150.22
629,350,2020-06-11 00:00:00,Withdrawal,1623.2
630,710,2024-02-23 00:00:00,Rebalance,6919.45
631,260,2022-06-04 00:00:00,Contribution,3527.17
632,541,2024-08-29 00:00:00,Buy,5343.95
633,120,2020-09-21 00:00:00,Sell,20872.78
634,1361,2020-10-28 00:00:00,Rebalance,5447.01
635,1240,2023-12-20 00:00:00,Sell,10994.82
636,196,2021-07-23 00:00:00,Sell,12131.67
637,814,2023-11-28 00:00:00,Buy,7724.85
638,1114,2026-05-08 00:00:00,Dividend,52948.01
639,644,2022-07-14 00:00:00,Contribution,10416.57
640,1320,2022-08-11 00:00:00,Buy,4204.29
641,261,2023-08-29 00:00:00,Dividend,5195.78
642,635,2020-04-02 00:00:00,Sell,1830.62
643,79,2021-03-27 00:00:00,Contribution,6558.33
644,383,2020-03-15 00:00:00,Withdrawal,2063.62
645,567,2026-05-16 00:00:00,Dividend,5924.91
646,780,2025-04-10 00:00:00,Sell,6644.47
647,647,2021-01-08 00:00:00,Sell,7091.67
648,602,2022-09-09 00:00:00,Sell,12331.05
649,1329,2023-02-04 00:00:00,Dividend,3562.77
650,1422,2024-03-19 00:00:00,Sell,3906.25
651,1076,2022-11-14 00:00:00,Sell,3968.6
652,1151,2020-03-01 00:00:00,Dividend,18157.34
653,332,2024-12-29 00:00:00,Withdrawal,2317.75
654,260,2025-11-01 00:00:00,Buy,11358.45
655,219,2020-09-14 00:00:00,Sell,2700.71
656,920,2024-05-17 00:00:00,Sell,12143.04
657,796,2021-09-10 00:00:00,Sell,11146.84
658,842,2022-12-02 00:00:00,Contribution,1704.03
659,681,2020-04-04 00:00:00,Buy,7549.17
660,436,2020-11-14 00:00:00,Buy,756.4
661,972,2020-04-28 00:00:00,Buy,3213.05
662,675,2021-04-21 00:00:00,Dividend,8016.58
663,702,2021-06-17 00:00:00,Buy,2563.69
664,1249,2024-01-03 00:00:00,Contribution,6192.05
665,428,2022-06-12 00:00:00,Buy,5557.67
666,1362,2025-02-23 00:00:00,Sell,54430.21
667,549,2023-02-25 00:00:00,Sell,5694.34
668,1373,2026-02-20 00:00:00,Contribution,13976.6
669,1240,2022-01-05 00:00:00,Buy,4674.9
670,1490,2026-03-03 00:00:00,Rebalance,10646.11
671,1031,2024-04-26 00:00:00,Withdrawal,2782.87
672,212,2023-02-16 00:00:00,Contribution,32617.56
673,260,2022-05-25 00:00:00,Contribution,15788.13
674,545,2020-04-08 00:00:00,Dividend,3544.51
675,384,2026-01-21 00:00:00,Sell,31057.13
676,985,2023-06-21 00:00:00,Buy,7638.17
677,561,2023-04-09 00:00:00,Contribution,8363.32
678,820,2023-07-05 00:00:00,Sell,3858.44
679,1322,2020-05-01 00:00:00,Buy,6592.46
680,999,2024-07-18 00:00:00,Buy,4370.3
681,491,2021-09-26 00:00:00,Contribution,11575.47
682,1397,2022-01-13 00:00:00,Buy,5180.84
683,954,2022-09-27 00:00:00,Contribution,73320.16
684,479,2024-04-29 00:00:00,Sell,8523.13
685,976,2023-08-13 00:00:00,Sell,16787.59
686,822,2023-10-26 00:00:00,Contribution,5397.24
687,1107,2021-01-06 00:00:00,Buy,6272.03
688,367,2026-01-26 00:00:00,Rebalance,9512.56
689,191,2023-07-24 00:00:00,Buy,5968.9
690,1430,2023-11-24 00:00:00,Sell,3598.37
691,1266,2021-04-10 00:00:00,Buy,21078.63
692,1018,2025-10-08 00:00:00,Buy,2407.9
693,855,2022-08-15 00:00:00,Buy,4448.97
694,1294,2021-07-07 00:00:00,Sell,70092.68
695,572,2024-06-26 00:00:00,Withdrawal,829.43
696,891,2025-10-23 00:00:00,Contribution,6145.34
697,148,2020-10-01 00:00:00,Sell,7916.27
698,850,2023-01-31 00:00:00,Buy,4414.48
699,523,2025-06-24 00:00:00,Rebalance,8058.57
700,211,2020-11-29 00:00:00,Buy,13192.74
701,93,2023-03-18 00:00:00,Buy,2594.39
702,1034,2024-03-02 00:00:00,Dividend,652.05
703,994,2023-09-12 00:00:00,Buy,4532
704,34,2023-01-02 00:00:00,Buy,6635.84
705,173,2020-09-01 00:00:00,Buy,4517.55
706,442,2023-08-09 00:00:00,Dividend,21515.74
707,1338,2024-07-19 00:00:00,Sell,6965.25
708,1237,2020-02-03 00:00:00,Contribution,1071.64
709,234,2021-03-29 00:00:00,Withdrawal,20985.63
710,385,2022-11-26 00:00:00,Dividend,6903.64
711,1285,2021-06-03 00:00:00,Contribution,5838.94
712,111,2026-03-19 00:00:00,Contribution,2715.81
713,976,2024-05-02 00:00:00,Buy,3258.69
714,708,2021-08-09 00:00:00,Contribution,16199.98
715,724,2025-05-09 00:00:00,Buy,9011.53
716,353,2023-05-14 00:00:00,Buy,41996.86
717,314,2025-11-20 00:00:00,Withdrawal,3079.78
718,1291,2022-01-13 00:00:00,Contribution,2431.59
719,330,2026-01-12 00:00:00,Buy,11425.48
720,330,2023-11-11 00:00:00,Dividend,2220.93
721,1021,2026-05-30 00:00:00,Withdrawal,24646.55
722,107,2024-10-10 00:00:00,Buy,3401.7
723,744,2020-05-21 00:00:00,Sell,5298.85
724,1184,2026-01-19 00:00:00,Rebalance,30116.58
725,548,2020-08-21 00:00:00,Buy,3357.48
726,315,2025-05-07 00:00:00,Buy,6439.16
727,89,2021-09-02 00:00:00,Dividend,1593.52
728,423,2025-10-09 00:00:00,Dividend,16835.26
729,883,2025-05-14 00:00:00,Withdrawal,24586.31
730,1002,2026-01-06 00:00:00,Withdrawal,522.91
731,439,2023-09-01 00:00:00,Buy,6375.7
732,559,2026-02-22 00:00:00,Buy,5782.45
733,109,2020-07-26 00:00:00,Contribution,10700.54
734,662,2024-10-11 00:00:00,Withdrawal,2316.13
735,498,2022-06-30 00:00:00,Buy,8278.39
736,1091,2022-07-05 00:00:00,Contribution,23904.79
737,1156,2025-11-17 00:00:00,Rebalance,4886.69
738,648,2022-11-14 00:00:00,Sell,2071.18
739,844,2020-12-25 00:00:00,Buy,10638.68
740,473,2025-06-15 00:00:00,Buy,37183.23
741,786,2021-09-28 00:00:00,Contribution,76540.71
742,1122,2020-02-23 00:00:00,Buy,2736.5
743,1,2021-06-04 00:00:00,Buy,6578.38
744,1402,2024-03-22 00:00:00,Contribution,761.74
745,145,2023-09-23 00:00:00,Contribution,5435.16
746,1294,2025-03-16 00:00:00,Buy,8329.38
747,1420,2026-01-02 00:00:00,Sell,5680.23
748,1434,2025-08-25 00:00:00,Buy,3111.35
749,909,2020-09-17 00:00:00,Dividend,1615.77
750,1154,2022-12-01 00:00:00,Sell,9073.96
751,275,2021-01-14 00:00:00,Sell,5590.95
752,392,2026-01-10 00:00:00,Buy,53653.24
753,35,2024-10-15 00:00:00,Contribution,15419.71
754,735,2021-09-06 00:00:00,Buy,12280.92
755,481,2025-11-06 00:00:00,Buy,3906.47
756,111,2023-07-08 00:00:00,Contribution,1746.34
757,911,2025-01-29 00:00:00,Sell,5673.62
758,341,2023-05-07 00:00:00,Contribution,9201.88
759,1218,2023-08-14 00:00:00,Sell,24573.04
760,1066,2021-09-22 00:00:00,Sell,9320.32
761,1266,2023-09-13 00:00:00,Sell,1963.72
762,129,2026-01-18 00:00:00,Rebalance,2262.16
763,836,2020-11-26 00:00:00,Contribution,1556.4
764,1105,2025-06-22 00:00:00,Buy,1340.39
765,328,2026-05-12 00:00:00,Sell,3707.86
766,895,2023-03-16 00:00:00,Contribution,32414.23
767,857,2023-12-18 00:00:00,Dividend,4146
768,469,2020-02-02 00:00:00,Sell,20066.41
769,1354,2023-07-05 00:00:00,Buy,2950.52
770,175,2024-10-12 00:00:00,Buy,39111.03
771,647,2025-01-12 00:00:00,Buy,15816.68
772,349,2023-09-24 00:00:00,Dividend,3683.48
773,1315,2025-11-06 00:00:00,Buy,7470.52
774,97,2023-09-20 00:00:00,Withdrawal,10093.49
775,46,2024-05-23 00:00:00,Contribution,28883.78
776,112,2024-02-09 00:00:00,Buy,2145.78
777,698,2024-07-11 00:00:00,Sell,2523.05
778,271,2022-06-10 00:00:00,Sell,8371.65
779,862,2021-07-09 00:00:00,Sell,13382.35
780,1288,2022-07-19 00:00:00,Dividend,3544.18
781,33,2020-08-19 00:00:00,Sell,3835.61
782,727,2022-11-22 00:00:00,Withdrawal,7489.94
783,70,2026-03-16 00:00:00,Buy,10671.88
784,638,2022-09-21 00:00:00,Buy,11266.17
785,1450,2025-06-01 00:00:00,Buy,6641.93
786,1178,2025-11-16 00:00:00,Dividend,7361.32
787,1253,2020-11-30 00:00:00,Buy,5174.34
788,562,2023-05-01 00:00:00,Buy,2579.65
789,738,2024-07-16 00:00:00,Rebalance,10750.88
790,305,2024-02-12 00:00:00,Rebalance,61453.35
791,48,2022-02-02 00:00:00,Rebalance,13723.31
792,955,2024-06-17 00:00:00,Dividend,11244.54
793,1459,2026-03-25 00:00:00,Dividend,7592.75
794,1424,2023-11-10 00:00:00,Rebalance,3317.42
795,572,2025-03-02 00:00:00,Sell,14655.65
796,976,2023-05-28 00:00:00,Sell,5046.12
797,462,2025-06-12 00:00:00,Contribution,2454.8
798,1317,2023-02-13 00:00:00,Rebalance,17223.11
799,1034,2022-03-21 00:00:00,Dividend,8092.26
800,909,2023-05-10 00:00:00,Contribution,8179.62
801,302,2023-02-14 00:00:00,Rebalance,598.11
802,1197,2026-04-08 00:00:00,Dividend,1631.76
803,1167,2023-01-24 00:00:00,Rebalance,5316.92
804,747,2023-06-08 00:00:00,Dividend,5813.3
805,349,2026-04-13 00:00:00,Buy,11432.09
806,98,2023-08-14 00:00:00,Withdrawal,18092.19
807,1294,2023-12-10 00:00:00,Sell,2425.85
808,105,2020-04-14 00:00:00,Contribution,13945.16
809,26,2025-01-15 00:00:00,Sell,2475.99
810,417,2020-01-16 00:00:00,Rebalance,62835.56
811,373,2021-01-13 00:00:00,Buy,3193.41
812,225,2020-01-02 00:00:00,Buy,6585.93
813,931,2025-06-18 00:00:00,Buy,3396.88
814,539,2020-02-16 00:00:00,Sell,17284.05
815,1211,2024-02-12 00:00:00,Sell,6474.41
816,1493,2025-09-20 00:00:00,Buy,41624.15
817,1062,2021-01-30 00:00:00,Dividend,3463.7
818,76,2026-03-26 00:00:00,Buy,817.24
819,184,2026-04-11 00:00:00,Rebalance,4460.12
820,356,2026-04-17 00:00:00,Rebalance,1642.77
821,1086,2024-10-08 00:00:00,Sell,6276.96
822,917,2026-02-09 00:00:00,Withdrawal,14921.41
823,1278,2024-05-02 00:00:00,Contribution,9902.19
824,580,2025-09-12 00:00:00,Buy,8406.23
825,1314,2026-01-20 00:00:00,Buy,1721.49
826,387,2024-10-16 00:00:00,Withdrawal,3918.39
827,818,2024-11-08 00:00:00,Sell,2215.56
828,269,2020-07-23 00:00:00,Dividend,1294.52
829,1210,2022-04-22 00:00:00,Buy,8871.01
830,671,2025-11-07 00:00:00,Sell,13097.92
831,118,2026-02-04 00:00:00,Contribution,2133.88
832,321,2024-11-15 00:00:00,Rebalance,14041.23
833,619,2020-07-25 00:00:00,Buy,15557.86
834,1174,2024-11-12 00:00:00,Buy,9453.09
835,319,2023-09-24 00:00:00,Buy,1424.14
836,689,2020-02-15 00:00:00,Buy,1794.61
837,312,2020-04-14 00:00:00,Buy,5783.51
838,201,2022-12-13 00:00:00,Dividend,6119.28
839,92,2026-02-24 00:00:00,Buy,42719.26
840,1265,2022-01-07 00:00:00,Sell,5831.86
841,448,2025-04-10 00:00:00,Withdrawal,3047.7
842,609,2025-01-27 00:00:00,Dividend,7009.3
843,103,2024-07-09 00:00:00,Dividend,1499.13
844,280,2024-01-29 00:00:00,Contribution,12459.25
845,94,2026-04-08 00:00:00,Rebalance,2419.22
846,446,2020-09-23 00:00:00,Sell,2826.4
847,958,2024-02-10 00:00:00,Contribution,23478.67
848,831,2021-10-24 00:00:00,Dividend,4654.93
849,997,2020-08-21 00:00:00,Rebalance,4691.49
850,468,2023-12-31 00:00:00,Buy,4495.09
851,1282,2021-09-07 00:00:00,Contribution,17096
852,483,2025-01-10 00:00:00,Contribution,4655.81
853,155,2025-02-15 00:00:00,Buy,9726.48
854,778,2023-05-28 00:00:00,Dividend,7409.59
855,932,2020-01-13 00:00:00,Buy,9498.56
856,114,2025-05-11 00:00:00,Buy,2501.52
857,676,2025-11-11 00:00:00,Dividend,3200.25
858,970,2026-05-20 00:00:00,Sell,4653.47
859,139,2023-03-11 00:00:00,Sell,13203.59
860,184,2021-07-29 00:00:00,Buy,4554.26
861,1278,2022-05-02 00:00:00,Sell,8153.13
862,388,2022-11-04 00:00:00,Rebalance,21388.5
863,898,2021-10-10 00:00:00,Rebalance,3566.68
864,1094,2023-03-31 00:00:00,Sell,19395.09
865,760,2025-08-16 00:00:00,Contribution,30532.06
866,1081,2022-03-13 00:00:00,Sell,18230.72
867,1418,2021-07-06 00:00:00,Contribution,26362.25
868,1282,2022-04-19 00:00:00,Buy,11055.71
869,241,2022-08-11 00:00:00,Sell,4123.73
870,493,2025-08-06 00:00:00,Dividend,1690.98
871,1347,2022-05-10 00:00:00,Rebalance,1221.25
872,704,2022-09-06 00:00:00,Sell,14002.18
873,994,2022-07-30 00:00:00,Sell,17489.18
874,1408,2024-08-17 00:00:00,Buy,4361.69
875,1286,2026-02-19 00:00:00,Buy,22277.37
876,866,2025-10-21 00:00:00,Contribution,12910.52
877,1339,2024-07-08 00:00:00,Dividend,15033.72
878,3,2022-05-31 00:00:00,Buy,6507.97
879,1408,2026-05-03 00:00:00,Buy,5672.13
880,878,2022-10-01 00:00:00,Withdrawal,2616.05
881,621,2025-04-05 00:00:00,Buy,3132.61
882,354,2023-12-11 00:00:00,Sell,12445.29
883,332,2025-02-01 00:00:00,Buy,30983.87
884,665,2023-02-24 00:00:00,Contribution,8974.99
885,155,2022-01-05 00:00:00,Dividend,3783.49
886,497,2024-07-12 00:00:00,Buy,2315.47
887,114,2020-01-10 00:00:00,Contribution,5991.91
888,69,2024-04-11 00:00:00,Withdrawal,4632.43
889,1012,2023-08-23 00:00:00,Rebalance,5530.89
890,294,2021-12-03 00:00:00,Contribution,3821.27
891,919,2023-09-23 00:00:00,Contribution,14054.14
892,1310,2025-02-12 00:00:00,Dividend,2338.46
893,468,2024-05-29 00:00:00,Dividend,11762.35
894,707,2026-01-05 00:00:00,Rebalance,19596.59
895,1051,2022-09-16 00:00:00,Sell,2859.81
896,1333,2022-06-29 00:00:00,Sell,15078.04
897,580,2026-02-23 00:00:00,Contribution,1341.84
898,841,2024-12-31 00:00:00,Sell,2234.51
899,829,2024-03-01 00:00:00,Sell,5563.97
900,1342,2026-03-25 00:00:00,Buy,4106.92
901,978,2024-07-24 00:00:00,Buy,7811.96
902,590,2024-02-11 00:00:00,Withdrawal,2791.87
903,1373,2021-08-10 00:00:00,Withdrawal,3329.9
904,755,2025-10-09 00:00:00,Sell,27866.82
905,652,2025-09-25 00:00:00,Contribution,2041.34
906,503,2022-01-21 00:00:00,Sell,14089.6
907,672,2024-04-27 00:00:00,Rebalance,1514.53
908,430,2023-03-27 00:00:00,Rebalance,3252.69
909,652,2022-05-01 00:00:00,Sell,4407.73
910,766,2021-12-06 00:00:00,Buy,12055.56
911,116,2022-03-22 00:00:00,Buy,1796.87
912,319,2023-11-01 00:00:00,Rebalance,38355.6
913,887,2022-01-30 00:00:00,Contribution,23257.6
914,311,2022-03-21 00:00:00,Dividend,92589.33
915,256,2025-04-05 00:00:00,Sell,93093.89
916,362,2023-08-23 00:00:00,Sell,830.57
917,459,2022-02-23 00:00:00,Dividend,11651.33
918,1496,2023-04-13 00:00:00,Contribution,24912.85
919,1346,2026-04-15 00:00:00,Buy,25470.97
920,1418,2020-03-05 00:00:00,Buy,5234.42
921,785,2021-04-03 00:00:00,Buy,2683.02
922,916,2020-12-03 00:00:00,Buy,1755.86
923,1037,2026-04-10 00:00:00,Buy,3842.74
924,1217,2024-03-18 00:00:00,Contribution,6322.12
925,1362,2021-08-13 00:00:00,Buy,8084.78
926,257,2022-05-13 00:00:00,Rebalance,6174.38
927,1500,2021-06-10 00:00:00,Buy,6975.35
928,1147,2022-09-10 00:00:00,Buy,2063.53
929,900,2026-03-12 00:00:00,Sell,18129.44
930,1097,2026-05-17 00:00:00,Dividend,22903.23
931,425,2022-04-08 00:00:00,Rebalance,5494.89
932,639,2021-04-02 00:00:00,Buy,1554.35
933,1337,2021-10-25 00:00:00,Buy,1722.3
934,1177,2025-09-30 00:00:00,Buy,24449.26
935,849,2025-10-26 00:00:00,Contribution,6040.82
936,560,2023-01-30 00:00:00,Contribution,16088.89
937,103,2021-12-20 00:00:00,Sell,14665.07
938,1013,2021-06-09 00:00:00,Buy,41383.38
939,1405,2021-12-25 00:00:00,Dividend,5024.15
940,1370,2022-07-25 00:00:00,Buy,3784.32
941,1059,2022-01-07 00:00:00,Buy,15513.1
942,1174,2024-08-28 00:00:00,Rebalance,600.02
943,1385,2024-04-06 00:00:00,Sell,3203.21
944,1088,2020-12-30 00:00:00,Rebalance,2399.48
945,165,2026-04-23 00:00:00,Sell,1511.4
946,629,2020-02-22 00:00:00,Buy,1881.03
947,1132,2024-07-08 00:00:00,Buy,699.29
948,240,2023-07-21 00:00:00,Contribution,582.72
949,851,2021-11-16 00:00:00,Buy,3415.06
950,435,2024-02-21 00:00:00,Sell,1084.18
951,871,2024-10-09 00:00:00,Contribution,4192.61
952,88,2020-01-12 00:00:00,Buy,6522.08
953,62,2021-06-19 00:00:00,Contribution,7071.63
954,386,2022-04-08 00:00:00,Buy,906.51
955,677,2021-12-17 00:00:00,Withdrawal,21661.51
956,228,2023-12-02 00:00:00,Dividend,5120.94
957,1259,2022-09-18 00:00:00,Contribution,12037.81
958,730,2020-03-31 00:00:00,Buy,3557.48
959,337,2023-12-19 00:00:00,Rebalance,767.46
960,341,2022-11-11 00:00:00,Rebalance,9378.23
961,58,2025-10-28 00:00:00,Withdrawal,23454.26
962,1371,2021-09-25 00:00:00,Buy,34082.59
963,701,2022-07-24 00:00:00,Contribution,49388.62
964,1225,2021-07-29 00:00:00,Buy,14837.55
965,443,2025-03-01 00:00:00,Buy,4297.53
966,1056,2025-11-05 00:00:00,Rebalance,8511.42
967,864,2024-05-30 00:00:00,Rebalance,3744.8
968,496,2023-03-06 00:00:00,Dividend,1457.09
969,230,2024-07-08 00:00:00,Contribution,5880.36
970,1199,2025-09-27 00:00:00,Contribution,1016.06
971,112,2023-03-06 00:00:00,Contribution,5607.03
972,1408,2020-08-20 00:00:00,Sell,3452.78
973,1148,2024-11-11 00:00:00,Dividend,6595
974,211,2025-03-16 00:00:00,Rebalance,4178.28
975,246,2025-07-02 00:00:00,Rebalance,4627.98
976,129,2023-03-12 00:00:00,Buy,7404.58
977,1012,2025-10-06 00:00:00,Buy,19602.63
978,618,2022-05-22 00:00:00,Withdrawal,6882.82
979,139,2025-04-24 00:00:00,Rebalance,4190.93
980,1088,2022-06-18 00:00:00,Withdrawal,4668.24
981,1378,2022-08-10 00:00:00,Dividend,1780.89
982,271,2022-10-09 00:00:00,Buy,5644.89
983,352,2025-11-12 00:00:00,Buy,932.81
984,147,2020-11-14 00:00:00,Sell,1861.77
985,1300,2023-10-15 00:00:00,Sell,5928.45
986,175,2020-03-21 00:00:00,Buy,2481.74
987,602,2020-11-13 00:00:00,Sell,2515.15
988,797,2025-11-06 00:00:00,Rebalance,5449.75
989,572,2023-05-29 00:00:00,Buy,1775.61
990,153,2026-03-11 00:00:00,Rebalance,22235.04
991,396,2022-08-22 00:00:00,Rebalance,4050.62
992,1122,2020-04-08 00:00:00,Buy,16121.69
993,100,2023-12-05 00:00:00,Sell,4410.8
994,124,2023-02-10 00:00:00,Buy,10531.59
995,212,2021-03-20 00:00:00,Withdrawal,9397.4
996,1393,2022-03-22 00:00:00,Contribution,34725.45
997,1320,2025-02-09 00:00:00,Rebalance,2532.96
998,699,2026-01-03 00:00:00,Rebalance,3385.33
999,920,2021-08-01 00:00:00,Rebalance,12363.42
1000,45,2024-02-12 00:00:00,Rebalance,9288.22
1001,420,2022-01-28 00:00:00,Contribution,2409.44
1002,1068,2020-12-07 00:00:00,Buy,10911.19
1003,809,2022-01-02 00:00:00,Contribution,2854.86
1004,1324,2026-03-25 00:00:00,Contribution,7941.83
1005,55,2025-10-23 00:00:00,Dividend,7658.12
1006,1226,2022-12-11 00:00:00,Sell,7984.96
1007,415,2020-06-25 00:00:00,Rebalance,11246.16
1008,1328,2025-10-12 00:00:00,Rebalance,1388.08
1009,1271,2022-01-12 00:00:00,Sell,1403.16
1010,1142,2021-09-30 00:00:00,Dividend,643.64
1011,642,2023-03-31 00:00:00,Buy,14436.67
1012,197,2022-03-02 00:00:00,Contribution,6107.6
1013,108,2022-07-08 00:00:00,Sell,3616.82
1014,836,2020-02-05 00:00:00,Rebalance,26718.7
1015,379,2024-12-12 00:00:00,Sell,2170.57
1016,193,2020-04-24 00:00:00,Buy,1453.9
1017,792,2023-03-05 00:00:00,Contribution,12656.9
1018,1335,2023-10-03 00:00:00,Buy,3852.51
1019,1166,2023-01-04 00:00:00,Sell,13109.81
1020,1220,2026-03-10 00:00:00,Buy,38423.37
1021,315,2020-05-02 00:00:00,Buy,20873.35
1022,181,2020-09-23 00:00:00,Buy,548.42
1023,240,2020-04-05 00:00:00,Buy,40773.77
1024,628,2021-08-16 00:00:00,Buy,5303.12
1025,1386,2022-01-10 00:00:00,Buy,9275.98
1026,1011,2021-11-07 00:00:00,Withdrawal,4015.7
1027,207,2020-02-03 00:00:00,Sell,1992.24
1028,897,2020-04-07 00:00:00,Contribution,11266.87
1029,1241,2022-04-26 00:00:00,Buy,4072.24
1030,41,2023-07-29 00:00:00,Contribution,7790.57
1031,554,2024-09-11 00:00:00,Buy,7301.27
1032,122,2024-08-31 00:00:00,Buy,9921.39
1033,471,2024-05-02 00:00:00,Withdrawal,11048.72
1034,1436,2021-01-18 00:00:00,Rebalance,17601.38
1035,1485,2026-02-17 00:00:00,Withdrawal,12974.24
1036,374,2023-02-04 00:00:00,Buy,14261.12
1037,611,2024-02-18 00:00:00,Buy,9250.25
1038,726,2021-08-15 00:00:00,Buy,16939
1039,669,2020-03-01 00:00:00,Buy,35628.16
1040,1193,2023-02-24 00:00:00,Dividend,3879.76
1041,772,2021-02-03 00:00:00,Withdrawal,21904.09
1042,1445,2025-11-18 00:00:00,Contribution,15415.26
1043,760,2026-05-11 00:00:00,Buy,5989.75
1044,1383,2023-08-10 00:00:00,Sell,19315.38
1045,890,2020-02-08 00:00:00,Dividend,2552.41
1046,352,2023-04-10 00:00:00,Buy,2278.33
1047,177,2025-11-10 00:00:00,Sell,4055.89
1048,477,2020-08-17 00:00:00,Dividend,3374.97
1049,1124,2024-08-11 00:00:00,Withdrawal,4037.03
1050,1137,2023-05-16 00:00:00,Rebalance,9469.59
1051,151,2021-05-30 00:00:00,Contribution,11895.69
1052,171,2022-05-25 00:00:00,Buy,11366.85
1053,537,2020-03-29 00:00:00,Buy,2187.34
1054,1374,2020-05-22 00:00:00,Withdrawal,7786.63
1055,1058,2023-06-24 00:00:00,Contribution,3390.94
1056,767,2022-05-15 00:00:00,Buy,7204.75
1057,2,2021-11-26 00:00:00,Buy,214475.55
1058,1433,2021-01-20 00:00:00,Sell,946.67
1059,1017,2024-07-29 00:00:00,Sell,12199.64
1060,1401,2024-02-07 00:00:00,Sell,5914.84
1061,1141,2021-07-17 00:00:00,Sell,2927.3
1062,1205,2020-02-09 00:00:00,Rebalance,5969.74
1063,597,2021-05-24 00:00:00,Sell,7421.71
1064,224,2023-11-01 00:00:00,Contribution,2813.18
1065,1404,2024-12-29 00:00:00,Contribution,7369.37
1066,122,2025-10-20 00:00:00,Dividend,1996.14
1067,1260,2020-11-07 00:00:00,Sell,16519.16
1068,521,2022-04-18 00:00:00,Buy,1638.34
1069,675,2025-05-05 00:00:00,Rebalance,3268.62
1070,733,2021-03-04 00:00:00,Sell,7273.43
1071,475,2020-08-24 00:00:00,Withdrawal,2745.53
1072,723,2020-07-24 00:00:00,Rebalance,17329.03
1073,50,2024-05-10 00:00:00,Contribution,14164.48
1074,233,2022-10-24 00:00:00,Sell,19187.3
1075,220,2025-08-07 00:00:00,Contribution,3962.25
1076,1433,2025-05-30 00:00:00,Contribution,2571.22
1077,789,2025-12-02 00:00:00,Buy,10404.41
1078,954,2025-02-20 00:00:00,Contribution,7780.21
1079,49,2021-03-31 00:00:00,Contribution,4637.14
1080,775,2024-03-09 00:00:00,Dividend,5571.73
1081,325,2023-07-25 00:00:00,Buy,11727.48
1082,629,2024-01-23 00:00:00,Buy,8732.64
1083,72,2020-05-31 00:00:00,Buy,1944.59
1084,1173,2020-04-13 00:00:00,Buy,7527.41
1085,530,2020-04-24 00:00:00,Sell,5034.77
1086,1129,2022-02-02 00:00:00,Rebalance,37329.68
1087,548,2021-09-06 00:00:00,Contribution,5684.76
1088,1034,2020-08-23 00:00:00,Buy,1673.96
1089,1416,2025-02-27 00:00:00,Contribution,18432.76
1090,1397,2025-11-02 00:00:00,Rebalance,11871.69
1091,932,2025-02-23 00:00:00,Dividend,25554.59
1092,697,2020-07-03 00:00:00,Sell,4790.04
1093,1271,2025-07-05 00:00:00,Withdrawal,888.7
1094,1420,2020-04-24 00:00:00,Buy,6374.76
1095,985,2021-06-24 00:00:00,Buy,8050.7
1096,1037,2020-06-29 00:00:00,Contribution,8763.04
1097,966,2022-10-08 00:00:00,Sell,1983.09
1098,108,2022-09-04 00:00:00,Sell,10346.21
1099,318,2024-06-19 00:00:00,Sell,2646.72
1100,1492,2024-04-11 00:00:00,Rebalance,1684.5
1101,1392,2023-05-04 00:00:00,Withdrawal,6209.45
1102,289,2022-03-09 00:00:00,Buy,9466.62
1103,1132,2021-08-23 00:00:00,Buy,1691.73
1104,408,2023-03-14 00:00:00,Sell,6640.34
1105,1191,2020-08-21 00:00:00,Withdrawal,6021.5
1106,742,2020-03-13 00:00:00,Sell,671
1107,912,2022-01-14 00:00:00,Dividend,1338.08
1108,428,2023-08-04 00:00:00,Dividend,9091.9
1109,61,2025-01-13 00:00:00,Contribution,23209.11
1110,100,2023-02-05 00:00:00,Sell,528.71
1111,1094,2021-07-26 00:00:00,Buy,5119.37
1112,154,2022-08-08 00:00:00,Buy,10594.41
1113,59,2024-03-28 00:00:00,Dividend,2611.6
1114,1217,2026-01-09 00:00:00,Sell,1251.92
1115,1458,2026-04-02 00:00:00,Withdrawal,2685.84
1116,578,2022-10-15 00:00:00,Rebalance,4861.51
1117,426,2020-10-14 00:00:00,Contribution,4142.9
1118,1148,2026-05-03 00:00:00,Withdrawal,5361.27
1119,405,2022-05-22 00:00:00,Withdrawal,4423.19
1120,1381,2023-01-18 00:00:00,Buy,12617.27
1121,13,2023-12-13 00:00:00,Dividend,16895
1122,349,2024-12-18 00:00:00,Buy,6594.47
1123,699,2023-03-20 00:00:00,Rebalance,9862.02
1124,1244,2025-09-22 00:00:00,Buy,8589.99
1125,567,2025-02-19 00:00:00,Buy,911.07
1126,844,2025-07-28 00:00:00,Sell,1118.5
1127,908,2024-09-19 00:00:00,Buy,4160.01
1128,688,2021-01-08 00:00:00,Sell,15727.46
1129,930,2020-03-20 00:00:00,Contribution,514.61
1130,643,2025-08-18 00:00:00,Sell,13368.34
1131,891,2020-10-21 00:00:00,Contribution,7344.89
1132,1155,2022-02-23 00:00:00,Withdrawal,1883.9
1133,1135,2024-10-18 00:00:00,Contribution,2389.78
1134,1281,2023-11-08 00:00:00,Sell,10338
1135,544,2025-11-14 00:00:00,Buy,18716.32
1136,1324,2022-05-20 00:00:00,Sell,5007.65
1137,79,2020-04-26 00:00:00,Sell,13917.01
1138,270,2026-01-24 00:00:00,Buy,518.17
1139,135,2024-07-28 00:00:00,Buy,372.24
1140,673,2021-03-03 00:00:00,Rebalance,3424.54
1141,1135,2024-09-14 00:00:00,Buy,5629.64
1142,638,2025-02-27 00:00:00,Buy,4702.73
1143,824,2022-04-02 00:00:00,Sell,10900.96
1144,1460,2024-10-07 00:00:00,Buy,26934.63
1145,366,2021-04-05 00:00:00,Contribution,1417.74
1146,503,2023-07-22 00:00:00,Dividend,26249.15
1147,188,2024-04-05 00:00:00,Contribution,22501.43
1148,1301,2022-06-03 00:00:00,Contribution,4903.16
1149,767,2024-08-06 00:00:00,Buy,28858.67
1150,3,2022-06-09 00:00:00,Buy,8737.8
1151,943,2025-02-15 00:00:00,Dividend,6820.17
1152,800,2024-12-13 00:00:00,Buy,7283.11
1153,200,2020-01-15 00:00:00,Contribution,7845.66
1154,747,2024-09-01 00:00:00,Contribution,24418.18
1155,1414,2021-08-24 00:00:00,Withdrawal,4978.19
1156,1152,2021-01-07 00:00:00,Withdrawal,8492.67
1157,794,2025-03-16 00:00:00,Dividend,5627.09
1158,1069,2021-12-27 00:00:00,Rebalance,2428.67
1159,682,2023-10-19 00:00:00,Withdrawal,5012.41
1160,1145,2023-10-11 00:00:00,Buy,7967.69
1161,210,2024-10-18 00:00:00,Contribution,2675.03
1162,859,2022-09-02 00:00:00,Sell,942.93
1163,882,2023-08-02 00:00:00,Dividend,15969.87
1164,329,2024-02-27 00:00:00,Sell,3380.03
1165,1081,2025-07-03 00:00:00,Rebalance,5454.85
1166,760,2022-03-27 00:00:00,Contribution,15160.99
1167,1012,2026-03-19 00:00:00,Buy,25671
1168,256,2022-12-06 00:00:00,Buy,6662.36
1169,272,2026-04-21 00:00:00,Buy,6271.23
1170,807,2022-08-16 00:00:00,Contribution,3103.41
1171,923,2023-03-21 00:00:00,Buy,3339.84
1172,425,2025-05-06 00:00:00,Sell,16276
1173,647,2020-11-01 00:00:00,Withdrawal,4896.6
1174,317,2023-09-27 00:00:00,Rebalance,2581.31
1175,877,2025-06-27 00:00:00,Buy,8109.94
1176,5,2025-12-10 00:00:00,Buy,2425.09
1177,1097,2021-09-18 00:00:00,Buy,10742.91
1178,1323,2025-08-19 00:00:00,Sell,3541.08
1179,339,2021-12-24 00:00:00,Buy,43411.72
1180,302,2021-05-28 00:00:00,Contribution,51392.13
1181,394,2025-01-28 00:00:00,Contribution,4018.08
1182,832,2023-11-16 00:00:00,Buy,754.39
1183,893,2022-10-26 00:00:00,Sell,4032.49
1184,1151,2025-01-12 00:00:00,Dividend,533.66
1185,1365,2021-10-09 00:00:00,Buy,2463.03
1186,1378,2024-05-13 00:00:00,Withdrawal,2058.93
1187,581,2020-06-29 00:00:00,Sell,6577.12
1188,845,2021-12-04 00:00:00,Buy,2255.32
1189,965,2021-04-28 00:00:00,Sell,4138.92
1190,377,2020-03-15 00:00:00,Contribution,9692.99
1191,1323,2020-07-12 00:00:00,Withdrawal,8693.57
1192,132,2021-04-26 00:00:00,Contribution,16808.55
1193,386,2023-04-18 00:00:00,Contribution,23900.33
1194,479,2025-09-25 00:00:00,Sell,6905.56
1195,615,2020-08-18 00:00:00,Contribution,29113.6
1196,1137,2025-04-27 00:00:00,Contribution,5213.99
1197,1405,2021-09-13 00:00:00,Buy,3525.22
1198,252,2023-08-11 00:00:00,Buy,14566.44
1199,76,2025-07-16 00:00:00,Rebalance,6145.14
1200,1127,2020-07-03 00:00:00,Buy,27912.03
1201,1297,2022-06-25 00:00:00,Sell,5654.75
1202,1479,2022-05-08 00:00:00,Dividend,15866.61
1203,157,2024-04-27 00:00:00,Buy,4414.7
1204,519,2025-04-16 00:00:00,Buy,5347.77
1205,835,2024-09-05 00:00:00,Buy,18874.56
1206,75,2025-06-13 00:00:00,Withdrawal,4109.08
1207,1265,2022-06-11 00:00:00,Rebalance,5299.58
1208,1416,2020-01-26 00:00:00,Dividend,14861.06
1209,411,2024-11-22 00:00:00,Sell,3380.39
1210,56,2024-09-18 00:00:00,Rebalance,2640.57
1211,1362,2024-07-26 00:00:00,Buy,1044.36
1212,940,2020-09-15 00:00:00,Buy,25862.78
1213,1117,2021-10-12 00:00:00,Buy,15981.72
1214,476,2020-11-20 00:00:00,Sell,13415.87
1215,283,2023-10-19 00:00:00,Buy,4479.53
1216,919,2021-09-17 00:00:00,Buy,8794.48
1217,1151,2024-07-17 00:00:00,Rebalance,6119.63
1218,711,2022-10-19 00:00:00,Sell,931.2
1219,942,2023-06-13 00:00:00,Contribution,8265.95
1220,1178,2025-09-03 00:00:00,Dividend,22926.8
1221,465,2022-10-18 00:00:00,Rebalance,7265.37
1222,1097,2020-04-23 00:00:00,Buy,5848.1
1223,1260,2024-05-26 00:00:00,Rebalance,9200.82
1224,549,2021-09-11 00:00:00,Sell,2146.73
1225,335,2023-01-29 00:00:00,Sell,37265.82
1226,1304,2020-12-04 00:00:00,Dividend,4888.33
1227,38,2021-10-22 00:00:00,Sell,4617.18
1228,1246,2021-11-24 00:00:00,Dividend,4546.19
1229,1041,2024-03-21 00:00:00,Buy,5465.46
1230,457,2020-10-24 00:00:00,Buy,17944.93
1231,682,2021-08-27 00:00:00,Withdrawal,12763.96
1232,1296,2020-07-12 00:00:00,Rebalance,2999.9
1233,1264,2024-01-02 00:00:00,Dividend,13952.59
1234,1277,2023-02-11 00:00:00,Contribution,1292.09
1235,419,2021-05-12 00:00:00,Sell,9913.88
1236,564,2023-06-04 00:00:00,Buy,36460.57
1237,1211,2024-09-16 00:00:00,Buy,23818.47
1238,1437,2020-12-17 00:00:00,Withdrawal,4215.72
1239,1209,2022-09-10 00:00:00,Sell,3936.27
1240,1334,2020-01-02 00:00:00,Buy,3127.77
1241,1151,2021-03-15 00:00:00,Buy,2455.27
1242,733,2021-10-10 00:00:00,Sell,8873.07
1243,1014,2021-01-31 00:00:00,Sell,5265.8
1244,515,2021-03-16 00:00:00,Sell,9303.15
1245,131,2023-05-23 00:00:00,Withdrawal,13085.74
1246,1095,2020-11-26 00:00:00,Contribution,11129.06
1247,446,2024-04-20 00:00:00,Rebalance,41434.69
1248,84,2022-09-03 00:00:00,Buy,23167.03
1249,568,2024-01-09 00:00:00,Buy,4027.09
1250,380,2020-07-04 00:00:00,Sell,1265.8
1251,741,2020-11-09 00:00:00,Contribution,24719.77
1252,1046,2020-08-06 00:00:00,Sell,13935.94
1253,177,2023-11-01 00:00:00,Buy,2394.77
1254,400,2023-04-08 00:00:00,Dividend,2009.74
1255,1003,2024-12-04 00:00:00,Contribution,3846.56
1256,1070,2024-02-02 00:00:00,Buy,2853.4
1257,942,2023-02-09 00:00:00,Rebalance,26387.7
1258,1474,2020-05-27 00:00:00,Buy,8605.65
1259,408,2023-10-23 00:00:00,Withdrawal,12540.65
1260,415,2022-06-14 00:00:00,Buy,18688.61
1261,1031,2020-07-31 00:00:00,Buy,11766.99
1262,610,2024-01-01 00:00:00,Rebalance,1278.74
1263,383,2024-01-03 00:00:00,Buy,8976.56
1264,1477,2026-03-17 00:00:00,Withdrawal,3011.42
1265,1269,2021-06-27 00:00:00,Buy,4813.51
1266,1212,2023-01-22 00:00:00,Sell,8412.53
1267,581,2026-04-23 00:00:00,Buy,22024.61
1268,801,2021-11-05 00:00:00,Sell,2216.61
1269,649,2021-08-04 00:00:00,Buy,9836.17
1270,417,2026-03-30 00:00:00,Dividend,2462.03
1271,729,2022-07-13 00:00:00,Withdrawal,2233.84
1272,214,2026-05-25 00:00:00,Buy,13265.7
1273,79,2023-05-11 00:00:00,Contribution,9463.47
1274,1456,2021-09-06 00:00:00,Rebalance,9258.42
1275,80,2025-06-05 00:00:00,Contribution,60719.45
1276,994,2021-11-01 00:00:00,Contribution,3819.78
1277,433,2025-06-30 00:00:00,Dividend,2929.56
1278,949,2023-12-15 00:00:00,Buy,3708.87
1279,541,2025-10-05 00:00:00,Buy,9827.83
1280,154,2023-04-11 00:00:00,Buy,6596.79
1281,1382,2023-01-13 00:00:00,Buy,8752.33
1282,701,2023-08-24 00:00:00,Buy,13946.87
1283,143,2023-09-15 00:00:00,Buy,419.66
1284,1321,2020-11-15 00:00:00,Withdrawal,4517.23
1285,1376,2026-05-26 00:00:00,Withdrawal,19243.75
1286,898,2023-03-17 00:00:00,Contribution,5244.87
1287,983,2026-02-07 00:00:00,Sell,4975.71
1288,104,2026-05-25 00:00:00,Buy,2232.24
1289,364,2020-11-27 00:00:00,Buy,1490.81
1290,1026,2024-12-27 00:00:00,Contribution,2904.53
1291,1215,2021-12-28 00:00:00,Buy,2753.25
1292,1225,2023-08-19 00:00:00,Rebalance,4204.91
1293,149,2024-01-07 00:00:00,Buy,418.92
1294,163,2025-05-19 00:00:00,Contribution,2598.51
1295,370,2021-08-07 00:00:00,Sell,6454.95
1296,897,2021-10-26 00:00:00,Dividend,9166.03
1297,589,2022-04-20 00:00:00,Rebalance,25765.97
1298,567,2020-09-16 00:00:00,Sell,21340.08
1299,364,2025-11-10 00:00:00,Buy,13028.66
1300,995,2022-07-28 00:00:00,Buy,69493.96
1301,1051,2026-04-13 00:00:00,Contribution,17531.66
1302,913,2020-01-19 00:00:00,Buy,27628.63
1303,881,2023-12-25 00:00:00,Buy,14528.85
1304,851,2023-10-20 00:00:00,Rebalance,12135.14
1305,960,2024-04-29 00:00:00,Contribution,103019.14
1306,1195,2024-08-05 00:00:00,Sell,5987.23
1307,202,2023-08-15 00:00:00,Contribution,3300.71
1308,288,2020-10-30 00:00:00,Buy,1716.76
1309,498,2025-03-14 00:00:00,Dividend,3598.63
1310,1430,2020-11-11 00:00:00,Sell,2335.03
1311,475,2021-04-02 00:00:00,Contribution,2047.8
1312,121,2023-02-01 00:00:00,Buy,2137.15
1313,358,2025-05-29 00:00:00,Sell,868.83
1314,1385,2022-09-23 00:00:00,Contribution,3819.18
1315,988,2022-09-30 00:00:00,Sell,1715.88
1316,1218,2021-03-13 00:00:00,Contribution,2344.62
1317,1153,2025-03-28 00:00:00,Withdrawal,2418.97
1318,1469,2025-05-02 00:00:00,Sell,4045.63
1319,696,2022-10-05 00:00:00,Contribution,7230.35
1320,1079,2023-10-31 00:00:00,Dividend,1328.32
1321,674,2026-02-09 00:00:00,Sell,7138.73
1322,1313,2024-06-10 00:00:00,Dividend,10499.52
1323,1443,2020-08-18 00:00:00,Buy,2828.74
1324,1304,2024-05-13 00:00:00,Rebalance,13972.46
1325,833,2020-03-10 00:00:00,Contribution,5331
1326,1410,2024-12-28 00:00:00,Buy,5644.49
1327,154,2024-11-18 00:00:00,Contribution,2631.38
1328,609,2020-08-16 00:00:00,Sell,10486.24
1329,1255,2023-11-29 00:00:00,Buy,2628.19
1330,207,2025-02-11 00:00:00,Withdrawal,634.26
1331,228,2023-02-05 00:00:00,Buy,6266.32
1332,1042,2020-11-10 00:00:00,Buy,15399.32
1333,1300,2021-06-02 00:00:00,Rebalance,3362.81
1334,1212,2021-08-10 00:00:00,Sell,42731.54
1335,758,2025-12-11 00:00:00,Sell,2739.13
1336,99,2022-11-03 00:00:00,Contribution,6698.11
1337,1479,2026-01-26 00:00:00,Sell,6520.22
1338,1420,2025-06-13 00:00:00,Buy,2177.13
1339,1197,2021-05-10 00:00:00,Buy,3410.88
1340,1155,2022-10-30 00:00:00,Withdrawal,7660.37
1341,1450,2020-06-27 00:00:00,Buy,3778.35
1342,626,2021-04-05 00:00:00,Dividend,4547.19
1343,959,2020-12-11 00:00:00,Buy,1265.57
1344,679,2023-02-22 00:00:00,Buy,6104.18
1345,1435,2023-08-09 00:00:00,Withdrawal,18118.65
1346,225,2022-03-09 00:00:00,Withdrawal,8786.56
1347,1071,2022-05-29 00:00:00,Buy,9898.61
1348,432,2023-09-15 00:00:00,Withdrawal,1330.05
1349,1137,2021-12-06 00:00:00,Buy,24257.82
1350,665,2023-04-01 00:00:00,Withdrawal,17545.01
1351,1065,2022-06-11 00:00:00,Buy,1002.48
1352,1297,2021-06-11 00:00:00,Buy,6470.9
1353,790,2025-08-02 00:00:00,Sell,3290.97
1354,728,2022-09-17 00:00:00,Sell,13646.54
1355,666,2021-12-20 00:00:00,Dividend,12735.7
1356,867,2025-11-22 00:00:00,Dividend,19487.67
1357,173,2026-02-27 00:00:00,Withdrawal,8218.84
1358,894,2023-01-22 00:00:00,Dividend,8192.68
1359,1229,2025-08-02 00:00:00,Dividend,28431.02
1360,318,2022-08-06 00:00:00,Withdrawal,36707.55
1361,498,2020-03-16 00:00:00,Withdrawal,5266.36
1362,758,2022-08-27 00:00:00,Withdrawal,1625.72
1363,1071,2021-02-24 00:00:00,Dividend,5086.03
1364,1119,2025-02-12 00:00:00,Rebalance,1836.81
1365,1017,2023-12-30 00:00:00,Buy,2323.25
1366,1392,2023-10-17 00:00:00,Sell,1711.62
1367,1264,2021-12-09 00:00:00,Sell,2413.98
1368,24,2022-06-02 00:00:00,Buy,3257.69
1369,781,2023-02-10 00:00:00,Rebalance,6543.38
1370,405,2020-03-31 00:00:00,Buy,11605.76
1371,615,2020-03-31 00:00:00,Buy,35224.76
1372,1109,2023-01-22 00:00:00,Dividend,26106.97
1373,210,2020-03-03 00:00:00,Buy,18999.63
1374,1087,2020-03-31 00:00:00,Contribution,8460.36
1375,1401,2020-05-01 00:00:00,Rebalance,3541.86
1376,56,2025-11-03 00:00:00,Buy,3178.23
1377,202,2021-08-22 00:00:00,Withdrawal,2536.52
1378,919,2021-08-09 00:00:00,Contribution,17836.47
1379,830,2023-08-13 00:00:00,Buy,3030.07
1380,963,2020-06-19 00:00:00,Withdrawal,2355.87
1381,1393,2022-03-10 00:00:00,Buy,5920.28
1382,714,2024-05-11 00:00:00,Buy,3022.03
1383,1485,2022-04-24 00:00:00,Withdrawal,11810.63
1384,713,2020-06-15 00:00:00,Buy,12822.16
1385,1417,2022-10-01 00:00:00,Dividend,12914.52
1386,529,2023-10-18 00:00:00,Buy,5624.11
1387,537,2024-05-19 00:00:00,Sell,1773.55
1388,448,2020-05-22 00:00:00,Withdrawal,2485.18
1389,546,2023-12-11 00:00:00,Buy,3183.53
1390,1102,2024-03-13 00:00:00,Contribution,11145.44
1391,1182,2022-04-16 00:00:00,Buy,26470.33
1392,851,2020-03-30 00:00:00,Rebalance,9314.43
1393,737,2026-02-23 00:00:00,Buy,3628.58
1394,1265,2023-08-31 00:00:00,Buy,6157.18
1395,931,2020-05-04 00:00:00,Contribution,516.18
1396,890,2025-07-05 00:00:00,Sell,26313.76
1397,205,2024-10-24 00:00:00,Rebalance,15175.5
1398,315,2021-07-06 00:00:00,Sell,1030.25
1399,121,2022-05-17 00:00:00,Dividend,210.45
1400,903,2021-12-31 00:00:00,Rebalance,24558.21
1401,1314,2021-10-03 00:00:00,Dividend,22664.68
1402,1219,2020-09-10 00:00:00,Withdrawal,3566.69
1403,682,2021-06-13 00:00:00,Sell,20399.13
1404,1477,2025-03-07 00:00:00,Buy,6126.71
1405,389,2025-06-16 00:00:00,Buy,1532.36
1406,73,2024-07-15 00:00:00,Contribution,4726.02
1407,266,2021-10-17 00:00:00,Buy,159074.54
1408,428,2022-05-12 00:00:00,Buy,7024.48
1409,1146,2025-07-06 00:00:00,Sell,14737.44
1410,461,2024-12-03 00:00:00,Buy,8539.8
1411,1123,2021-09-10 00:00:00,Contribution,24115.58
1412,1083,2024-12-09 00:00:00,Rebalance,30690.38
1413,78,2024-07-07 00:00:00,Rebalance,3238.7
1414,399,2024-05-12 00:00:00,Withdrawal,5635.15
1415,438,2024-04-11 00:00:00,Buy,11476.97
1416,483,2021-12-18 00:00:00,Buy,6542.97
1417,482,2022-11-26 00:00:00,Contribution,18638.66
1418,286,2020-12-18 00:00:00,Withdrawal,37638.6
1419,1030,2023-04-06 00:00:00,Rebalance,3863.27
1420,395,2024-08-12 00:00:00,Buy,13407.4
1421,322,2021-05-02 00:00:00,Withdrawal,9115.1
1422,1171,2024-05-23 00:00:00,Contribution,2311.32
1423,413,2025-09-26 00:00:00,Buy,9661.74
1424,190,2024-12-18 00:00:00,Buy,5004.73
1425,1249,2020-08-11 00:00:00,Contribution,6183.42
1426,1463,2020-01-31 00:00:00,Contribution,2889.19
1427,901,2024-08-30 00:00:00,Buy,11391
1428,446,2025-02-13 00:00:00,Sell,9727.93
1429,1093,2023-07-31 00:00:00,Withdrawal,6899.78
1430,812,2025-06-08 00:00:00,Contribution,10174.3
1431,571,2020-08-03 00:00:00,Contribution,4858.16
1432,1039,2025-02-06 00:00:00,Withdrawal,13184.24
1433,649,2024-05-05 00:00:00,Dividend,7721.36
1434,835,2024-10-18 00:00:00,Sell,3504.95
1435,999,2020-06-12 00:00:00,Sell,27793.85
1436,638,2020-06-14 00:00:00,Buy,8910.55
1437,455,2022-08-21 00:00:00,Buy,16018.47
1438,615,2021-07-16 00:00:00,Contribution,11359.48
1439,711,2023-10-16 00:00:00,Sell,11540.54
1440,26,2023-06-25 00:00:00,Contribution,3139.68
1441,1324,2025-02-07 00:00:00,Sell,1064.77
1442,145,2021-02-07 00:00:00,Buy,2391.39
1443,1179,2024-06-02 00:00:00,Sell,1566.53
1444,521,2022-12-11 00:00:00,Contribution,7738.07
1445,35,2025-07-25 00:00:00,Sell,1878.5
1446,497,2020-03-26 00:00:00,Buy,11140.14
1447,1364,2025-10-25 00:00:00,Buy,9309.3
1448,186,2024-12-11 00:00:00,Sell,3073.46
1449,1386,2021-08-03 00:00:00,Rebalance,2722.81
1450,4,2020-01-27 00:00:00,Dividend,3171.92
1451,1469,2025-03-21 00:00:00,Sell,9489.36
1452,560,2023-07-20 00:00:00,Contribution,16272.58
1453,279,2022-01-25 00:00:00,Dividend,5368.83
1454,910,2021-11-11 00:00:00,Dividend,7131.43
1455,892,2023-06-03 00:00:00,Buy,7642.61
1456,221,2020-02-27 00:00:00,Withdrawal,17745.98
1457,1028,2024-04-17 00:00:00,Buy,3396.78
1458,490,2022-06-14 00:00:00,Rebalance,5648.64
1459,1351,2025-07-04 00:00:00,Sell,2471.81
1460,494,2021-02-14 00:00:00,Buy,12731.98
1461,262,2025-08-16 00:00:00,Buy,5927.33
1462,594,2025-01-31 00:00:00,Withdrawal,8050.38
1463,709,2023-09-11 00:00:00,Dividend,2164.19
1464,486,2022-07-21 00:00:00,Buy,2452.45
1465,243,2020-12-30 00:00:00,Sell,32644.17
1466,992,2024-04-26 00:00:00,Buy,4882.15
1467,135,2024-11-19 00:00:00,Buy,4595.58
1468,873,2023-12-18 00:00:00,Sell,4799.27
1469,793,2024-10-23 00:00:00,Dividend,10106.28
1470,138,2022-10-08 00:00:00,Withdrawal,2520.63
1471,670,2023-02-04 00:00:00,Buy,10931.05
1472,63,2021-06-17 00:00:00,Withdrawal,562.59
1473,1339,2020-08-13 00:00:00,Sell,4348.76
1474,1149,2022-04-27 00:00:00,Dividend,7001.15
1475,94,2022-07-03 00:00:00,Sell,2992.2
1476,1401,2023-03-21 00:00:00,Withdrawal,8144.68
1477,1177,2020-08-15 00:00:00,Sell,7751.16
1478,287,2020-11-16 00:00:00,Rebalance,4298.43
1479,271,2025-11-07 00:00:00,Sell,16691.43
1480,1439,2023-03-21 00:00:00,Buy,5433.04
1481,761,2024-06-02 00:00:00,Sell,4297.81
1482,613,2021-02-13 00:00:00,Sell,13236.04
1483,123,2023-05-20 00:00:00,Withdrawal,4167.13
1484,1447,2024-02-24 00:00:00,Dividend,836.56
1485,4,2026-05-11 00:00:00,Sell,18902.62
1486,256,2024-11-29 00:00:00,Dividend,3371.05
1487,292,2024-06-01 00:00:00,Sell,5464.03
1488,280,2023-01-13 00:00:00,Sell,8184.67
1489,570,2024-10-29 00:00:00,Buy,8593.76
1490,361,2021-10-28 00:00:00,Buy,11755.74
1491,746,2020-01-17 00:00:00,Sell,2314.14
1492,1381,2020-12-07 00:00:00,Buy,8033.36
1493,837,2023-09-20 00:00:00,Sell,10636.97
1494,1324,2022-10-18 00:00:00,Buy,18789.74
1495,404,2025-05-15 00:00:00,Sell,2341.28
1496,1334,2024-02-05 00:00:00,Buy,10438.73
1497,27,2021-06-26 00:00:00,Buy,4798.53
1498,1112,2022-07-23 00:00:00,Contribution,16466.11
1499,358,2022-04-08 00:00:00,Sell,2613.35
1500,240,2023-01-24 00:00:00,Contribution,5758.97
1501,843,2021-11-13 00:00:00,Contribution,10039.66
1502,626,2020-07-15 00:00:00,Buy,7917.47
1503,98,2024-01-21 00:00:00,Buy,4180.71
1504,234,2020-02-12 00:00:00,Buy,1900.95
1505,885,2020-03-05 00:00:00,Buy,6600.54
1506,1072,2021-10-28 00:00:00,Withdrawal,12002.44
1507,1337,2024-06-06 00:00:00,Sell,5311.18
1508,242,2024-07-11 00:00:00,Sell,325.7
1509,725,2024-03-20 00:00:00,Contribution,42611.21
1510,1001,2020-11-14 00:00:00,Sell,2238.84
1511,268,2024-11-09 00:00:00,Dividend,4304.1
1512,867,2024-01-26 00:00:00,Dividend,7770.18
1513,1253,2022-04-22 00:00:00,Contribution,5874.63
1514,651,2024-07-14 00:00:00,Sell,25936.91
1515,252,2025-11-07 00:00:00,Buy,4309.37
1516,563,2024-11-27 00:00:00,Withdrawal,6553.55
1517,1278,2026-02-24 00:00:00,Contribution,2841.5
1518,218,2023-05-26 00:00:00,Sell,13627.37
1519,662,2023-04-17 00:00:00,Buy,29928.9
1520,1244,2021-12-16 00:00:00,Contribution,710.11
1521,278,2022-12-03 00:00:00,Buy,4819.56
1522,889,2023-10-29 00:00:00,Sell,34294.88
1523,1453,2021-10-22 00:00:00,Contribution,13055.49
1524,685,2023-05-04 00:00:00,Buy,5861.07
1525,338,2022-10-08 00:00:00,Rebalance,3902.03
1526,1008,2023-12-24 00:00:00,Dividend,6613.93
1527,1398,2025-10-08 00:00:00,Sell,17838.48
1528,689,2025-12-26 00:00:00,Contribution,105225.08
1529,451,2021-03-01 00:00:00,Rebalance,5906.11
1530,309,2023-02-17 00:00:00,Sell,2490.23
1531,392,2022-10-01 00:00:00,Buy,11044.07
1532,483,2023-04-20 00:00:00,Sell,8993.74
1533,584,2020-04-24 00:00:00,Sell,6466.57
1534,167,2021-08-04 00:00:00,Sell,9919.74
1535,1463,2020-10-19 00:00:00,Sell,6576.85
1536,78,2024-02-04 00:00:00,Buy,3136.09
1537,79,2020-09-10 00:00:00,Withdrawal,3933.98
1538,1068,2025-02-03 00:00:00,Buy,4903.96
1539,939,2021-11-26 00:00:00,Sell,2121.48
1540,400,2022-11-13 00:00:00,Sell,1811.19
1541,1234,2021-04-18 00:00:00,Sell,3390.65
1542,1424,2026-04-27 00:00:00,Buy,6939.64
1543,425,2020-06-16 00:00:00,Rebalance,6239.36
1544,1387,2025-12-03 00:00:00,Contribution,15759.35
1545,1261,2021-07-04 00:00:00,Buy,5095.59
1546,1338,2021-05-02 00:00:00,Buy,7244.23
1547,1204,2025-02-07 00:00:00,Withdrawal,5537.63
1548,389,2020-01-13 00:00:00,Buy,2670.5
1549,1196,2022-11-18 00:00:00,Contribution,5280.01
1550,1387,2023-09-23 00:00:00,Withdrawal,2526.15
1551,605,2023-03-29 00:00:00,Contribution,12463.38
1552,302,2023-10-08 00:00:00,Sell,20173.88
1553,657,2026-01-13 00:00:00,Contribution,253.28
1554,1264,2020-06-14 00:00:00,Withdrawal,3680.49
1555,152,2021-01-25 00:00:00,Sell,34827.84
1556,1383,2023-10-11 00:00:00,Buy,1822.36
1557,222,2022-09-14 00:00:00,Contribution,4169.73
1558,615,2025-07-27 00:00:00,Sell,3306.86
1559,940,2023-10-12 00:00:00,Withdrawal,4248.59
1560,721,2022-12-02 00:00:00,Sell,6610.52
1561,909,2021-11-16 00:00:00,Sell,22320.79
1562,845,2020-01-04 00:00:00,Buy,1818.04
1563,289,2025-12-27 00:00:00,Withdrawal,11128.84
1564,504,2023-05-13 00:00:00,Sell,5719.36
1565,1339,2026-02-03 00:00:00,Withdrawal,3002.96
1566,671,2022-11-29 00:00:00,Contribution,1875.76
1567,821,2024-11-12 00:00:00,Withdrawal,1374.31
1568,1317,2021-06-04 00:00:00,Rebalance,1835.67
1569,976,2022-11-07 00:00:00,Sell,3475.57
1570,823,2023-12-08 00:00:00,Sell,4277.93
1571,526,2023-09-07 00:00:00,Contribution,10053.27
1572,279,2024-12-15 00:00:00,Contribution,5453.26
1573,756,2025-06-03 00:00:00,Buy,2615.04
1574,967,2022-02-15 00:00:00,Sell,3578.46
1575,1205,2022-02-09 00:00:00,Buy,3974.68
1576,663,2021-08-30 00:00:00,Withdrawal,2416.62
1577,1340,2020-10-14 00:00:00,Dividend,6973.44
1578,208,2021-08-06 00:00:00,Buy,13083.1
1579,486,2021-04-17 00:00:00,Buy,3676.8
1580,758,2023-06-14 00:00:00,Contribution,2523.09
1581,563,2020-04-30 00:00:00,Sell,9344.61
1582,623,2026-01-03 00:00:00,Sell,8593.63
1583,1011,2023-02-10 00:00:00,Dividend,16584.1
1584,553,2020-05-29 00:00:00,Withdrawal,8884.49
1585,977,2021-06-27 00:00:00,Contribution,15564.6
1586,405,2022-01-23 00:00:00,Buy,4603.92
1587,768,2024-02-17 00:00:00,Dividend,4542.36
1588,1027,2022-11-10 00:00:00,Sell,8318.21
1589,307,2022-05-07 00:00:00,Sell,8939.08
1590,552,2025-12-09 00:00:00,Rebalance,3879.05
1591,463,2024-03-09 00:00:00,Buy,1269.05
1592,639,2022-07-05 00:00:00,Contribution,5621.95
1593,677,2021-03-27 00:00:00,Withdrawal,13087.23
1594,220,2021-07-11 00:00:00,Buy,12666.91
1595,1440,2022-09-26 00:00:00,Buy,7072.09
1596,1406,2020-10-02 00:00:00,Contribution,7857.14
1597,787,2020-10-22 00:00:00,Withdrawal,12730.35
1598,1421,2025-03-18 00:00:00,Buy,9056.39
1599,425,2026-03-30 00:00:00,Sell,8538.03
1600,1074,2025-03-13 00:00:00,Contribution,14700.48
1601,647,2021-11-05 00:00:00,Sell,14194.71
1602,288,2020-01-04 00:00:00,Rebalance,4481.26
1603,877,2021-06-18 00:00:00,Sell,2332.02
1604,815,2021-05-06 00:00:00,Buy,6311.42
1605,616,2020-08-15 00:00:00,Rebalance,13966.61
1606,307,2025-11-24 00:00:00,Dividend,7082.52
1607,434,2025-04-14 00:00:00,Buy,18826.95
1608,405,2020-04-28 00:00:00,Sell,8958.96
1609,45,2025-10-25 00:00:00,Buy,4198.54
1610,6,2021-05-14 00:00:00,Dividend,30691.02
1611,1405,2020-11-19 00:00:00,Sell,5487.89
1612,951,2021-06-30 00:00:00,Buy,3336.4
1613,74,2021-11-29 00:00:00,Dividend,6800.6
1614,757,2021-04-25 00:00:00,Sell,6270.93
1615,228,2022-03-04 00:00:00,Rebalance,3519.68
1616,854,2026-04-08 00:00:00,Rebalance,1897.79
1617,834,2021-04-25 00:00:00,Sell,7708.06
1618,853,2025-09-20 00:00:00,Dividend,12900.87
1619,404,2021-02-23 00:00:00,Contribution,25158.88
1620,232,2020-09-04 00:00:00,Buy,10400.17
1621,1442,2024-07-27 00:00:00,Rebalance,4900.76
1622,1000,2020-02-10 00:00:00,Buy,10458.91
1623,70,2021-01-08 00:00:00,Contribution,21935.88
1624,1005,2023-02-21 00:00:00,Rebalance,97268.41
1625,595,2022-12-08 00:00:00,Rebalance,17783.62
1626,442,2026-01-16 00:00:00,Sell,4760.29
1627,618,2023-04-16 00:00:00,Withdrawal,6298.92
1628,63,2026-04-23 00:00:00,Buy,7743.17
1629,898,2023-12-07 00:00:00,Contribution,11642.02
1630,772,2023-02-11 00:00:00,Sell,2468.24
1631,636,2020-05-27 00:00:00,Withdrawal,6770.09
1632,860,2024-01-23 00:00:00,Buy,1052.5
1633,7,2025-09-07 00:00:00,Buy,2977.17
1634,1033,2022-05-05 00:00:00,Rebalance,1135.07
1635,743,2024-12-02 00:00:00,Buy,19192.33
1636,138,2024-12-28 00:00:00,Contribution,1431.88
1637,1322,2024-02-28 00:00:00,Contribution,4176.57
1638,445,2020-04-11 00:00:00,Sell,1707.18
1639,352,2024-12-21 00:00:00,Rebalance,21135.57
1640,1417,2026-01-22 00:00:00,Buy,6186.86
1641,50,2021-06-14 00:00:00,Sell,6906.43
1642,316,2021-07-10 00:00:00,Sell,4452.51
1643,1419,2020-02-11 00:00:00,Contribution,11111.48
1644,628,2022-05-11 00:00:00,Buy,37851.14
1645,992,2023-04-07 00:00:00,Buy,4835.15
1646,1100,2026-04-14 00:00:00,Contribution,3505.91
1647,77,2025-02-16 00:00:00,Dividend,4963.35
1648,198,2024-05-12 00:00:00,Contribution,2018.62
1649,578,2025-08-01 00:00:00,Sell,1142.93
1650,192,2023-06-07 00:00:00,Dividend,11585.97
1651,398,2022-03-17 00:00:00,Withdrawal,14489.4
1652,1445,2020-06-01 00:00:00,Contribution,1011.82
1653,235,2022-09-22 00:00:00,Sell,14095.95
1654,78,2022-04-14 00:00:00,Buy,2808.83
1655,438,2024-08-18 00:00:00,Sell,4046.26
1656,611,2025-10-31 00:00:00,Dividend,11491.99
1657,1393,2020-02-11 00:00:00,Contribution,27434.96
1658,774,2021-01-11 00:00:00,Contribution,2309.1
1659,1452,2026-05-23 00:00:00,Sell,7242.91
1660,1079,2021-11-19 00:00:00,Sell,2177.96
1661,459,2024-04-10 00:00:00,Buy,12449.34
1662,1231,2022-09-08 00:00:00,Rebalance,5345.07
1663,27,2020-07-03 00:00:00,Dividend,60917.65
1664,1116,2023-05-27 00:00:00,Buy,2259.34
1665,237,2023-02-15 00:00:00,Rebalance,28409.19
1666,1269,2024-11-21 00:00:00,Withdrawal,13138.64
1667,677,2021-05-22 00:00:00,Buy,3729.07
1668,221,2022-11-18 00:00:00,Rebalance,5319.06
1669,1415,2024-02-08 00:00:00,Dividend,2150.43
1670,1065,2025-09-15 00:00:00,Contribution,4044.63
1671,882,2021-09-17 00:00:00,Sell,12736.46
1672,1046,2024-11-27 00:00:00,Buy,13157.26
1673,879,2022-06-05 00:00:00,Contribution,51955.08
1674,1157,2020-01-15 00:00:00,Buy,10455.46
1675,1032,2024-06-17 00:00:00,Rebalance,3184.97
1676,974,2021-11-28 00:00:00,Contribution,7348.12
1677,1219,2020-04-02 00:00:00,Sell,591.79
1678,810,2020-09-26 00:00:00,Dividend,9451.41
1679,1057,2026-04-22 00:00:00,Contribution,12843.3
1680,310,2020-08-19 00:00:00,Buy,3763.74
1681,415,2022-10-01 00:00:00,Contribution,17225.92
1682,967,2021-12-10 00:00:00,Rebalance,409.84
1683,619,2021-08-18 00:00:00,Sell,4840
1684,942,2021-11-28 00:00:00,Buy,13514.74
1685,223,2022-12-24 00:00:00,Contribution,3563.66
1686,241,2020-07-11 00:00:00,Dividend,10507.3
1687,230,2025-05-20 00:00:00,Dividend,7002.96
1688,598,2025-05-04 00:00:00,Sell,1920.81
1689,1220,2024-06-30 00:00:00,Buy,4455.09
1690,730,2021-07-28 00:00:00,Buy,1214.97
1691,790,2024-07-23 00:00:00,Sell,3913.17
1692,618,2020-04-17 00:00:00,Contribution,8303.13
1693,834,2022-08-09 00:00:00,Rebalance,3770.16
1694,155,2021-09-25 00:00:00,Rebalance,47330.96
1695,1355,2021-08-26 00:00:00,Sell,9680.58
1696,275,2026-01-23 00:00:00,Sell,12366.23
1697,1443,2021-06-18 00:00:00,Buy,7946.33
1698,1124,2026-03-31 00:00:00,Contribution,2043.28
1699,585,2024-05-06 00:00:00,Buy,21482.51
1700,115,2021-04-19 00:00:00,Rebalance,2999.18
1701,62,2021-11-29 00:00:00,Buy,14348.32
1702,575,2024-03-02 00:00:00,Withdrawal,912.18
1703,322,2026-03-23 00:00:00,Buy,19888.93
1704,1424,2024-01-26 00:00:00,Contribution,17946.19
1705,55,2024-07-19 00:00:00,Sell,19797.26
1706,658,2024-01-17 00:00:00,Sell,3155.68
1707,1328,2024-10-09 00:00:00,Buy,2123.22
1708,953,2025-05-21 00:00:00,Buy,33507.92
1709,410,2024-03-05 00:00:00,Dividend,7455.02
1710,510,2022-09-02 00:00:00,Buy,105173.5
1711,498,2024-10-02 00:00:00,Buy,3147.45
1712,910,2021-09-22 00:00:00,Buy,2767.08
1713,850,2021-05-19 00:00:00,Contribution,2797.86
1714,849,2022-07-22 00:00:00,Contribution,6719.02
1715,1251,2020-06-26 00:00:00,Dividend,6620.73
1716,1400,2020-05-19 00:00:00,Buy,7143.94
1717,47,2024-05-21 00:00:00,Sell,3349.88
1718,371,2026-01-01 00:00:00,Contribution,5495.68
1719,425,2022-01-06 00:00:00,Buy,21788.23
1720,299,2025-06-10 00:00:00,Rebalance,6302.16
1721,245,2022-12-01 00:00:00,Rebalance,4388.5
1722,1408,2026-01-30 00:00:00,Rebalance,19453.56
1723,334,2020-01-02 00:00:00,Sell,1558.19
1724,778,2022-08-16 00:00:00,Sell,10569.87
1725,227,2024-08-19 00:00:00,Sell,13276.03
1726,123,2026-04-05 00:00:00,Buy,5692.6
1727,18,2022-02-03 00:00:00,Sell,12499.3
1728,552,2022-07-12 00:00:00,Buy,3849.01
1729,437,2025-06-25 00:00:00,Buy,29426.69
1730,1357,2021-09-03 00:00:00,Rebalance,7164.28
1731,226,2022-01-06 00:00:00,Buy,7015.64
1732,34,2024-01-05 00:00:00,Buy,1656.65
1733,472,2024-09-11 00:00:00,Sell,145637.24
1734,943,2024-03-08 00:00:00,Buy,8643.01
1735,229,2020-05-22 00:00:00,Withdrawal,1041.55
1736,865,2024-02-02 00:00:00,Contribution,3076.85
1737,1032,2022-03-22 00:00:00,Contribution,4502.84
1738,27,2021-01-18 00:00:00,Sell,1312.08
1739,1444,2023-08-05 00:00:00,Rebalance,10527.88
1740,849,2023-07-28 00:00:00,Buy,561.82
1741,1476,2024-10-30 00:00:00,Dividend,1971.69
1742,230,2025-11-13 00:00:00,Rebalance,1655.82
1743,1118,2026-05-29 00:00:00,Dividend,11935.86
1744,1127,2020-05-08 00:00:00,Rebalance,6898.3
1745,305,2023-10-20 00:00:00,Contribution,3150.81
1746,1320,2025-02-28 00:00:00,Contribution,22335.43
1747,1254,2020-01-17 00:00:00,Buy,1642.01
1748,44,2023-11-02 00:00:00,Sell,5155.09
1749,463,2023-01-29 00:00:00,Dividend,4039.76
1750,1044,2023-06-30 00:00:00,Contribution,13983.94
1751,63,2020-08-02 00:00:00,Sell,58032.88
1752,670,2022-04-19 00:00:00,Rebalance,10563.54
1753,1298,2023-02-02 00:00:00,Dividend,10996.49
1754,1013,2022-08-18 00:00:00,Sell,43872.15
1755,11,2022-10-05 00:00:00,Buy,42714.38
1756,241,2022-07-29 00:00:00,Buy,893.43
1757,78,2025-08-06 00:00:00,Rebalance,3641.09
1758,204,2022-12-28 00:00:00,Dividend,3590.71
1759,305,2023-07-11 00:00:00,Sell,4856.92
1760,933,2021-09-14 00:00:00,Withdrawal,1542.05
1761,481,2022-05-25 00:00:00,Dividend,2099.89
1762,1080,2025-10-10 00:00:00,Sell,3896.06
1763,225,2020-10-27 00:00:00,Buy,10271.39
1764,1331,2026-03-18 00:00:00,Dividend,8441.52
1765,875,2020-05-25 00:00:00,Dividend,3707.36
1766,1131,2020-03-26 00:00:00,Dividend,3058.57
1767,580,2020-08-12 00:00:00,Sell,7741.11
1768,1494,2025-11-23 00:00:00,Buy,7270.81
1769,957,2022-09-04 00:00:00,Dividend,25674.52
1770,1182,2022-02-03 00:00:00,Buy,3846.21
1771,414,2021-08-24 00:00:00,Contribution,1887.08
1772,1223,2025-11-28 00:00:00,Dividend,30937.05
1773,856,2025-10-04 00:00:00,Rebalance,2888.13
1774,435,2025-04-13 00:00:00,Contribution,17766.56
1775,1075,2025-08-11 00:00:00,Buy,2282.13
1776,594,2025-09-07 00:00:00,Rebalance,8494.12
1777,48,2026-01-25 00:00:00,Buy,13842.98
1778,241,2022-11-01 00:00:00,Rebalance,15405.51
1779,679,2021-03-17 00:00:00,Buy,8974.45
1780,201,2022-11-06 00:00:00,Buy,16402.54
1781,1030,2022-04-09 00:00:00,Buy,517.1
1782,629,2025-07-21 00:00:00,Buy,2521.51
1783,1255,2024-08-10 00:00:00,Withdrawal,8210.96
1784,1018,2022-10-18 00:00:00,Buy,18467.51
1785,1363,2026-03-30 00:00:00,Withdrawal,5673.91
1786,846,2025-08-08 00:00:00,Dividend,42484.8
1787,1004,2025-09-10 00:00:00,Dividend,19124.02
1788,1179,2023-04-09 00:00:00,Dividend,1477.51
1789,149,2022-02-27 00:00:00,Buy,2142.47
1790,132,2020-01-02 00:00:00,Buy,8999.03
1791,974,2022-02-13 00:00:00,Buy,2832.83
1792,1487,2024-09-24 00:00:00,Rebalance,3176.71
1793,69,2020-10-21 00:00:00,Dividend,34001.67
1794,307,2020-03-09 00:00:00,Contribution,3641.47
1795,793,2025-11-01 00:00:00,Buy,2013.67
1796,1147,2026-03-17 00:00:00,Buy,23062.28
1797,923,2021-01-20 00:00:00,Sell,1481.38
1798,561,2020-09-09 00:00:00,Buy,11737.81
1799,1331,2022-05-04 00:00:00,Withdrawal,1373.19
1800,926,2022-08-03 00:00:00,Withdrawal,9864.59
1801,56,2021-08-21 00:00:00,Buy,2091.56
1802,579,2024-07-31 00:00:00,Contribution,289.33
1803,102,2026-04-04 00:00:00,Rebalance,11794.67
1804,1276,2025-10-08 00:00:00,Dividend,3668.45
1805,170,2021-09-03 00:00:00,Dividend,6172.44
1806,381,2024-08-20 00:00:00,Buy,23973.82
1807,1379,2020-08-17 00:00:00,Contribution,3021.85
1808,1084,2021-02-16 00:00:00,Contribution,1319.35
1809,123,2025-05-18 00:00:00,Withdrawal,3560.09
1810,1301,2022-09-13 00:00:00,Buy,33790.55
1811,838,2023-01-19 00:00:00,Contribution,2417.78
1812,155,2024-12-15 00:00:00,Buy,6381.2
1813,12,2022-10-23 00:00:00,Buy,4915.42
1814,1013,2021-12-01 00:00:00,Buy,5676.47
1815,957,2020-02-25 00:00:00,Contribution,3878.29
1816,736,2023-02-01 00:00:00,Dividend,2960.64
1817,1307,2024-05-16 00:00:00,Buy,2062.93
1818,498,2026-05-12 00:00:00,Rebalance,31411.42
1819,1267,2022-02-11 00:00:00,Sell,8667.58
1820,931,2024-03-26 00:00:00,Sell,6225.38
1821,1243,2024-09-04 00:00:00,Rebalance,9238.33
1822,932,2025-06-11 00:00:00,Withdrawal,7524.61
1823,959,2021-03-21 00:00:00,Withdrawal,18889.96
1824,782,2026-02-14 00:00:00,Buy,4028.69
1825,1169,2020-06-16 00:00:00,Rebalance,4579.07
1826,753,2025-12-21 00:00:00,Contribution,14046.7
1827,805,2025-06-30 00:00:00,Contribution,13804.23
1828,969,2020-02-23 00:00:00,Rebalance,6286.76
1829,7,2022-05-30 00:00:00,Sell,1363.19
1830,1053,2025-04-12 00:00:00,Dividend,8299.76
1831,1093,2020-03-25 00:00:00,Contribution,21308.84
1832,770,2025-06-12 00:00:00,Dividend,12177.93
1833,767,2023-07-07 00:00:00,Sell,3744.46
1834,669,2020-11-25 00:00:00,Buy,4758.52
1835,1162,2025-09-17 00:00:00,Buy,4563.9
1836,16,2025-05-10 00:00:00,Buy,4773.11
1837,183,2021-09-30 00:00:00,Contribution,5012.28
1838,848,2023-07-10 00:00:00,Withdrawal,2832.47
1839,559,2024-11-29 00:00:00,Withdrawal,7002.23
1840,29,2024-03-11 00:00:00,Dividend,1941.25
1841,1357,2025-05-03 00:00:00,Sell,3067.14
1842,176,2020-12-20 00:00:00,Contribution,17711.96
1843,1053,2026-02-25 00:00:00,Dividend,6849.23
1844,1473,2025-09-01 00:00:00,Sell,6950.12
1845,42,2022-06-25 00:00:00,Buy,21456.1
1846,246,2021-07-27 00:00:00,Rebalance,3955.95
1847,100,2023-08-15 00:00:00,Rebalance,1244.22
1848,705,2022-04-03 00:00:00,Dividend,8009.14
1849,38,2020-01-13 00:00:00,Sell,10203.08
1850,1497,2025-12-20 00:00:00,Withdrawal,8977.83
1851,408,2023-10-07 00:00:00,Buy,892.45
1852,90,2026-04-29 00:00:00,Sell,10017.2
1853,493,2021-02-09 00:00:00,Contribution,203848.64
1854,978,2023-08-27 00:00:00,Buy,8710.3
1855,1066,2020-06-24 00:00:00,Rebalance,5443.71
1856,1085,2025-09-09 00:00:00,Buy,8661.21
1857,859,2023-06-30 00:00:00,Contribution,7027.38
1858,957,2021-01-16 00:00:00,Withdrawal,11301.83
1859,223,2022-07-23 00:00:00,Dividend,16511.14
1860,655,2021-02-19 00:00:00,Buy,4609.41
1861,533,2024-10-22 00:00:00,Buy,20631.25
1862,892,2020-02-23 00:00:00,Sell,3707.78
1863,279,2025-03-18 00:00:00,Sell,6924.14
1864,863,2022-01-21 00:00:00,Buy,918.16
1865,525,2023-07-21 00:00:00,Contribution,3834.88
1866,634,2023-09-05 00:00:00,Dividend,2143.92
1867,528,2024-09-29 00:00:00,Buy,4436.26
1868,84,2023-03-01 00:00:00,Buy,1263.11
1869,930,2020-11-21 00:00:00,Sell,1989.82
1870,191,2023-10-04 00:00:00,Buy,6185.16
1871,41,2022-07-08 00:00:00,Sell,11217.14
1872,576,2026-03-10 00:00:00,Buy,5682.47
1873,1248,2020-05-27 00:00:00,Sell,692
1874,1428,2024-03-29 00:00:00,Sell,17041.87
1875,1218,2021-10-01 00:00:00,Buy,3016.69
1876,818,2020-04-09 00:00:00,Sell,3306.54
1877,1483,2023-02-11 00:00:00,Sell,42550.83
1878,458,2023-04-25 00:00:00,Buy,12535.48
1879,107,2026-01-18 00:00:00,Dividend,18862.93
1880,851,2023-06-30 00:00:00,Contribution,15874.48
1881,362,2022-06-03 00:00:00,Buy,3979.64
1882,923,2025-04-04 00:00:00,Contribution,11602.96
1883,1281,2025-01-09 00:00:00,Contribution,2953.32
1884,44,2020-07-10 00:00:00,Withdrawal,3105.32
1885,515,2025-07-20 00:00:00,Buy,1338.96
1886,786,2022-06-08 00:00:00,Dividend,95602.73
1887,999,2022-11-20 00:00:00,Dividend,9731.8
1888,1108,2021-04-30 00:00:00,Sell,7876.52
1889,103,2025-04-06 00:00:00,Sell,13591.44
1890,254,2024-03-07 00:00:00,Buy,37281.13
1891,1465,2023-08-29 00:00:00,Sell,10793.4
1892,926,2025-01-10 00:00:00,Contribution,24808.18
1893,43,2021-01-20 00:00:00,Rebalance,12184
1894,1043,2022-06-21 00:00:00,Buy,4132.31
1895,1363,2023-08-05 00:00:00,Withdrawal,16798.8
1896,448,2020-06-14 00:00:00,Rebalance,2727.59
1897,869,2021-03-09 00:00:00,Withdrawal,3368.83
1898,509,2026-01-11 00:00:00,Buy,2664.24
1899,1361,2025-03-27 00:00:00,Withdrawal,8704.49
1900,406,2020-07-28 00:00:00,Buy,5342.36
1901,998,2021-05-12 00:00:00,Buy,7081.29
1902,1142,2022-03-20 00:00:00,Withdrawal,990.93
1903,1194,2020-10-10 00:00:00,Sell,9997.13
1904,1093,2021-02-09 00:00:00,Contribution,4370.65
1905,1136,2020-01-12 00:00:00,Buy,4067.09
1906,229,2020-09-24 00:00:00,Sell,3347.3
1907,1260,2020-09-08 00:00:00,Dividend,4476.3
1908,123,2021-02-24 00:00:00,Buy,21355.98
1909,1369,2021-06-29 00:00:00,Contribution,8762.02
1910,477,2020-12-24 00:00:00,Sell,4094.21
1911,1160,2026-03-26 00:00:00,Buy,33280.6
1912,714,2023-02-14 00:00:00,Buy,6316.22
1913,1212,2021-10-08 00:00:00,Dividend,4267.3
1914,220,2022-11-10 00:00:00,Buy,15597.43
1915,1002,2024-05-19 00:00:00,Withdrawal,25770.71
1916,630,2024-07-03 00:00:00,Buy,30970.69
1917,412,2022-07-08 00:00:00,Contribution,6001.57
1918,472,2024-05-11 00:00:00,Buy,3507.23
1919,112,2023-05-22 00:00:00,Withdrawal,3672.44
1920,1403,2024-05-04 00:00:00,Rebalance,1507.98
1921,408,2024-07-14 00:00:00,Contribution,5368.16
1922,1276,2022-05-31 00:00:00,Rebalance,7435.09
1923,832,2026-03-23 00:00:00,Buy,29135.6
1924,756,2026-05-17 00:00:00,Buy,4890.09
1925,1249,2022-09-07 00:00:00,Sell,4895.58
1926,759,2024-04-05 00:00:00,Buy,3141.61
1927,1472,2026-04-23 00:00:00,Contribution,14837.69
1928,9,2024-10-08 00:00:00,Sell,3660.98
1929,343,2022-06-11 00:00:00,Rebalance,34350.55
1930,488,2020-11-15 00:00:00,Contribution,2101.92
1931,994,2023-02-10 00:00:00,Buy,964.76
1932,587,2025-12-29 00:00:00,Buy,6790.03
1933,780,2024-01-18 00:00:00,Buy,2200.42
1934,587,2022-07-01 00:00:00,Buy,10291.21
1935,119,2020-06-21 00:00:00,Dividend,2096.22
1936,85,2022-10-29 00:00:00,Buy,4564.77
1937,393,2025-08-08 00:00:00,Buy,10169.44
1938,294,2025-04-30 00:00:00,Contribution,4008.32
1939,1187,2022-11-23 00:00:00,Sell,7573.43
1940,56,2022-11-07 00:00:00,Sell,807.33
1941,55,2025-09-10 00:00:00,Sell,4542.42
1942,136,2024-11-29 00:00:00,Dividend,1662.59
1943,423,2026-03-21 00:00:00,Withdrawal,7262.37
1944,6,2020-07-28 00:00:00,Rebalance,6772.37
1945,966,2021-09-14 00:00:00,Sell,16623.89
1946,1323,2022-09-29 00:00:00,Buy,18290.71
1947,362,2025-06-07 00:00:00,Contribution,1266.6
1948,206,2022-11-29 00:00:00,Contribution,2781.56
1949,536,2022-10-27 00:00:00,Buy,14477.42
1950,482,2022-04-21 00:00:00,Buy,2695.02
1951,1420,2020-04-16 00:00:00,Withdrawal,9652.99
1952,598,2022-05-22 00:00:00,Sell,11751.59
1953,976,2026-02-23 00:00:00,Buy,18164.59
1954,126,2020-02-18 00:00:00,Contribution,21589.37
1955,985,2021-06-04 00:00:00,Buy,6279.86
1956,578,2024-05-02 00:00:00,Contribution,8303.1
1957,1500,2020-12-06 00:00:00,Withdrawal,3423.18
1958,1229,2020-07-30 00:00:00,Buy,5617.54
1959,689,2025-10-10 00:00:00,Contribution,21552.13
1960,909,2021-11-16 00:00:00,Rebalance,44153.44
1961,652,2021-11-29 00:00:00,Rebalance,7882.91
1962,1175,2022-01-14 00:00:00,Buy,4232.6
1963,245,2025-07-25 00:00:00,Sell,10076.66
1964,976,2023-05-30 00:00:00,Contribution,4983.81
1965,282,2022-11-15 00:00:00,Buy,48500.32
1966,1187,2021-12-22 00:00:00,Contribution,3582.24
1967,1183,2020-02-13 00:00:00,Buy,5697
1968,765,2026-03-24 00:00:00,Buy,2998.24
1969,1311,2020-08-15 00:00:00,Contribution,22991.75
1970,507,2022-08-30 00:00:00,Dividend,6330.78
1971,1205,2024-08-18 00:00:00,Sell,5641.59
1972,757,2025-11-25 00:00:00,Dividend,980.15
1973,1302,2024-02-07 00:00:00,Buy,12886.66
1974,767,2021-07-19 00:00:00,Buy,9116.03
1975,1462,2024-09-04 00:00:00,Sell,1299.72
1976,415,2025-05-20 00:00:00,Rebalance,24110.37
1977,1204,2022-11-05 00:00:00,Rebalance,15532.94
1978,455,2023-07-10 00:00:00,Buy,3226.72
1979,75,2023-02-03 00:00:00,Dividend,1388.36
1980,1340,2024-03-07 00:00:00,Buy,3953.79
1981,295,2022-01-10 00:00:00,Contribution,1106.34
1982,1196,2020-05-06 00:00:00,Withdrawal,8978.25
1983,1272,2021-09-29 00:00:00,Buy,2182.62
1984,704,2020-09-21 00:00:00,Buy,24242.67
1985,216,2020-06-27 00:00:00,Rebalance,2664.73
1986,1086,2025-09-13 00:00:00,Contribution,956.52
1987,12,2022-12-16 00:00:00,Contribution,10571.33
1988,773,2026-02-04 00:00:00,Buy,11447.6
1989,1193,2025-03-21 00:00:00,Buy,12431.12
1990,578,2025-07-10 00:00:00,Buy,1042.58
1991,178,2020-12-20 00:00:00,Sell,2889.57
1992,864,2023-06-05 00:00:00,Buy,20866.55
1993,131,2020-09-01 00:00:00,Rebalance,8343.54
1994,1201,2023-03-01 00:00:00,Contribution,1709.48
1995,992,2020-07-13 00:00:00,Buy,1604.85
1996,1071,2021-11-04 00:00:00,Sell,7698.57
1997,571,2026-04-03 00:00:00,Buy,17100.98
1998,1298,2024-02-12 00:00:00,Rebalance,2241.09
1999,1338,2023-04-25 00:00:00,Rebalance,8778.99
2000,1204,2023-11-20 00:00:00,Contribution,51600.28
2001,622,2022-11-07 00:00:00,Dividend,6463.43
2002,1343,2024-11-11 00:00:00,Sell,6118.25
2003,928,2025-10-21 00:00:00,Contribution,7355.07
2004,544,2025-09-12 00:00:00,Rebalance,6591.09
2005,620,2025-06-20 00:00:00,Dividend,5466.09
2006,128,2025-06-03 00:00:00,Sell,13562.72
2007,175,2022-10-22 00:00:00,Contribution,6236.61
2008,424,2021-05-16 00:00:00,Buy,4214.27
2009,484,2020-01-02 00:00:00,Rebalance,1906.98
2010,1190,2026-02-08 00:00:00,Rebalance,23000.66
2011,356,2021-04-18 00:00:00,Rebalance,8828.75
2012,1023,2024-04-23 00:00:00,Sell,12060.81
2013,1345,2023-07-18 00:00:00,Buy,1368.3
2014,877,2025-08-01 00:00:00,Buy,4315.85
2015,569,2026-03-21 00:00:00,Rebalance,2726.36
2016,1046,2020-08-03 00:00:00,Sell,5642.77
2017,699,2021-11-02 00:00:00,Buy,6836.81
2018,483,2024-09-30 00:00:00,Contribution,11022.35
2019,1158,2024-03-06 00:00:00,Contribution,1992.22
2020,518,2024-10-13 00:00:00,Withdrawal,18224.89
2021,417,2020-02-10 00:00:00,Contribution,9061.73
2022,1120,2026-03-26 00:00:00,Sell,3031.19
2023,368,2022-12-04 00:00:00,Sell,12469.8
2024,823,2025-07-14 00:00:00,Contribution,14163.97
2025,1252,2020-03-11 00:00:00,Sell,11516.7
2026,146,2021-11-14 00:00:00,Dividend,3042.38
2027,432,2025-05-05 00:00:00,Buy,22822.56
2028,597,2023-08-16 00:00:00,Sell,5458.26
2029,842,2023-04-13 00:00:00,Sell,16339.33
2030,593,2025-10-03 00:00:00,Rebalance,4222.93
2031,753,2025-09-08 00:00:00,Contribution,20783.46
2032,1146,2026-01-02 00:00:00,Sell,3005.77
2033,130,2022-03-01 00:00:00,Contribution,15174.45
2034,931,2020-03-04 00:00:00,Sell,14737.53
2035,624,2025-07-18 00:00:00,Buy,12136.22
2036,683,2021-03-18 00:00:00,Buy,5904.85
2037,1432,2021-08-24 00:00:00,Withdrawal,4032.94
2038,811,2024-07-28 00:00:00,Sell,351.93
2039,137,2025-12-27 00:00:00,Rebalance,38668.91
2040,1096,2022-03-12 00:00:00,Sell,1067.34
2041,614,2021-03-27 00:00:00,Sell,2483.86
2042,781,2023-08-15 00:00:00,Sell,4419.31
2043,652,2021-12-06 00:00:00,Sell,7268.46
2044,1399,2021-10-29 00:00:00,Sell,12715.33
2045,617,2025-09-19 00:00:00,Buy,1021.97
2046,187,2025-12-06 00:00:00,Sell,794.37
2047,1411,2020-03-29 00:00:00,Sell,14193.85
2048,873,2025-07-13 00:00:00,Sell,4182.8
2049,907,2021-10-10 00:00:00,Sell,12814.21
2050,514,2021-02-21 00:00:00,Rebalance,7172.97
2051,522,2026-05-22 00:00:00,Sell,13496.32
2052,7,2021-10-09 00:00:00,Sell,10370.12
2053,1111,2022-06-11 00:00:00,Buy,6243.98
2054,305,2020-11-07 00:00:00,Rebalance,1868.77
2055,988,2023-03-26 00:00:00,Contribution,28442.32
2056,1429,2024-07-01 00:00:00,Sell,14837.94
2057,1073,2024-07-28 00:00:00,Dividend,4322.63
2058,310,2020-02-07 00:00:00,Buy,3307.16
2059,1308,2022-04-22 00:00:00,Buy,2291.69
2060,1308,2024-09-25 00:00:00,Contribution,8568.19
2061,575,2024-02-14 00:00:00,Dividend,543.98
2062,1062,2025-04-20 00:00:00,Contribution,8073.2
2063,37,2021-06-15 00:00:00,Contribution,3453.4
2064,1223,2020-09-21 00:00:00,Rebalance,28071.31
2065,1237,2023-05-09 00:00:00,Sell,26836.25
2066,661,2020-11-09 00:00:00,Rebalance,1636.15
2067,1289,2025-05-28 00:00:00,Buy,2556.21
2068,1414,2025-09-05 00:00:00,Sell,2837.59
2069,811,2026-01-02 00:00:00,Rebalance,2831.44
2070,163,2026-05-16 00:00:00,Rebalance,3746.44
2071,1091,2025-03-15 00:00:00,Rebalance,1282.77
2072,1140,2023-01-29 00:00:00,Sell,4745.39
2073,1281,2021-07-13 00:00:00,Buy,5049.74
2074,1289,2026-01-21 00:00:00,Sell,1063.61
2075,1144,2022-04-24 00:00:00,Sell,3802.53
2076,923,2024-05-04 00:00:00,Withdrawal,4145.17
2077,1443,2023-10-09 00:00:00,Dividend,3858.78
2078,407,2022-10-29 00:00:00,Withdrawal,1938.47
2079,531,2020-12-04 00:00:00,Buy,6268.63
2080,1085,2020-05-26 00:00:00,Contribution,4197.75
2081,1345,2023-02-18 00:00:00,Sell,9908.48
2082,957,2022-03-28 00:00:00,Withdrawal,12640.98
2083,642,2025-11-13 00:00:00,Buy,1767.6
2084,960,2020-12-15 00:00:00,Dividend,12220.74
2085,919,2024-02-02 00:00:00,Buy,2919.66
2086,276,2021-11-14 00:00:00,Contribution,10124.7
2087,1148,2023-02-14 00:00:00,Contribution,5003.45
2088,597,2026-02-22 00:00:00,Buy,8472.75
2089,949,2024-02-03 00:00:00,Rebalance,9832.04
2090,439,2021-02-04 00:00:00,Dividend,14569.87
2091,817,2024-02-12 00:00:00,Sell,8971.58
2092,112,2025-05-22 00:00:00,Sell,4761.48
2093,107,2020-11-03 00:00:00,Sell,8280.92
2094,208,2024-09-11 00:00:00,Buy,4371.56
2095,825,2021-05-11 00:00:00,Rebalance,5466.17
2096,1444,2025-05-24 00:00:00,Buy,1418.39
2097,1197,2023-10-09 00:00:00,Sell,7527.63
2098,608,2023-08-26 00:00:00,Dividend,1806.34
2099,971,2023-10-30 00:00:00,Rebalance,15449.48
2100,438,2020-08-03 00:00:00,Buy,4319.8
2101,595,2021-09-08 00:00:00,Sell,3113.66
2102,831,2026-04-12 00:00:00,Buy,1702.11
2103,212,2020-11-12 00:00:00,Buy,4185.02
2104,1478,2026-02-16 00:00:00,Sell,3732.61
2105,1491,2021-03-07 00:00:00,Dividend,17809.74
2106,399,2020-11-16 00:00:00,Contribution,35530.13
2107,1486,2022-12-09 00:00:00,Rebalance,4817.64
2108,225,2023-07-18 00:00:00,Sell,5344.35
2109,538,2025-02-25 00:00:00,Contribution,9353.46
2110,1296,2020-09-23 00:00:00,Sell,41194.9
2111,654,2021-11-22 00:00:00,Buy,13143.67
2112,1083,2025-05-06 00:00:00,Buy,3098.86
2113,18,2026-03-24 00:00:00,Contribution,694.8
2114,82,2022-06-14 00:00:00,Sell,6802.57
2115,1262,2021-09-15 00:00:00,Sell,26720.17
2116,1007,2020-10-30 00:00:00,Sell,2499.39
2117,43,2021-04-14 00:00:00,Sell,8752.67
2118,1348,2022-03-27 00:00:00,Withdrawal,9548.4
2119,244,2022-01-17 00:00:00,Buy,2929.75
2120,93,2024-02-25 00:00:00,Withdrawal,2684.37
2121,650,2023-10-14 00:00:00,Rebalance,5096.12
2122,1195,2024-05-10 00:00:00,Buy,13727.84
2123,75,2020-11-23 00:00:00,Sell,7029.7
2124,1012,2024-08-23 00:00:00,Dividend,1003.09
2125,765,2022-10-27 00:00:00,Contribution,15738.44
2126,228,2024-05-11 00:00:00,Buy,43133.11
2127,1000,2023-03-04 00:00:00,Contribution,3247.29
2128,1432,2020-11-12 00:00:00,Contribution,1365.44
2129,937,2023-03-01 00:00:00,Buy,7579.63
2130,1234,2026-04-17 00:00:00,Buy,5964.23
2131,742,2024-06-09 00:00:00,Dividend,3189.03
2132,249,2024-06-13 00:00:00,Contribution,2688.97
2133,1037,2025-01-28 00:00:00,Buy,4696.84
2134,804,2024-12-23 00:00:00,Contribution,77407.32
2135,1210,2021-02-25 00:00:00,Withdrawal,8675.07
2136,1112,2026-04-17 00:00:00,Buy,8400.98
2137,195,2026-01-05 00:00:00,Dividend,3832.77
2138,495,2026-05-24 00:00:00,Sell,21628.49
2139,760,2026-05-21 00:00:00,Rebalance,6622.83
2140,1064,2020-05-07 00:00:00,Dividend,3104.63
2141,590,2020-12-26 00:00:00,Buy,6434.39
2142,704,2022-05-02 00:00:00,Buy,6094.18
2143,493,2022-08-18 00:00:00,Buy,28453.9
2144,108,2022-06-03 00:00:00,Buy,4093.68
2145,1113,2021-11-25 00:00:00,Contribution,12658.74
2146,1078,2026-01-01 00:00:00,Buy,5658.31
2147,997,2024-06-23 00:00:00,Rebalance,68234.62
2148,551,2021-10-29 00:00:00,Withdrawal,4179.67
2149,88,2025-02-03 00:00:00,Buy,1158.4
2150,1303,2023-11-26 00:00:00,Sell,4617.01
2151,1250,2023-02-24 00:00:00,Sell,14782.29
2152,1436,2025-03-18 00:00:00,Dividend,26326.19
2153,1040,2024-04-25 00:00:00,Dividend,19629.07
2154,341,2020-03-02 00:00:00,Buy,21205.08
2155,502,2022-10-09 00:00:00,Contribution,7534.36
2156,205,2026-04-16 00:00:00,Withdrawal,6983.55
2157,523,2022-07-16 00:00:00,Sell,1595.54
2158,476,2024-11-12 00:00:00,Buy,2148.38
2159,1121,2026-02-11 00:00:00,Sell,2822.88
2160,1437,2023-11-05 00:00:00,Contribution,40473.69
2161,915,2021-02-23 00:00:00,Buy,2503.32
2162,1321,2022-06-04 00:00:00,Sell,12990.62
2163,1328,2025-04-05 00:00:00,Buy,9331.98
2164,1074,2023-10-12 00:00:00,Buy,3718.51
2165,222,2022-12-06 00:00:00,Buy,20939.24
2166,157,2024-05-14 00:00:00,Rebalance,3284.23
2167,1122,2022-11-28 00:00:00,Buy,36189.82
2168,61,2023-07-08 00:00:00,Buy,3998.35
2169,56,2022-08-18 00:00:00,Rebalance,6661.55
2170,696,2025-05-04 00:00:00,Dividend,2344.08
2171,324,2020-03-29 00:00:00,Rebalance,2973.01
2172,1201,2020-03-21 00:00:00,Contribution,2848.13
2173,1114,2020-10-22 00:00:00,Sell,2781.55
2174,465,2020-07-08 00:00:00,Dividend,5104.75
2175,738,2025-01-31 00:00:00,Buy,19257.23
2176,747,2020-03-06 00:00:00,Withdrawal,7781.68
2177,891,2023-04-12 00:00:00,Sell,8555.95
2178,338,2021-07-31 00:00:00,Contribution,19998.87
2179,1005,2025-11-04 00:00:00,Sell,4904.98
2180,725,2024-03-01 00:00:00,Contribution,1306.58
2181,988,2022-08-17 00:00:00,Rebalance,10572.4
2182,1457,2020-11-04 00:00:00,Contribution,2815.88
2183,377,2023-05-27 00:00:00,Buy,1568.7
2184,1069,2021-05-23 00:00:00,Contribution,3883.52
2185,1236,2023-04-13 00:00:00,Sell,23235.5
2186,295,2023-08-28 00:00:00,Sell,2921.43
2187,1190,2021-03-13 00:00:00,Withdrawal,21614.81
2188,397,2025-01-05 00:00:00,Buy,3864.07
2189,43,2024-02-16 00:00:00,Buy,4268.53
2190,1408,2025-12-15 00:00:00,Withdrawal,9418.04
2191,203,2023-08-01 00:00:00,Buy,3092.23
2192,1280,2024-02-11 00:00:00,Sell,26644.94
2193,289,2021-08-04 00:00:00,Buy,5019.02
2194,1239,2025-03-21 00:00:00,Sell,3360.98
2195,1099,2020-10-25 00:00:00,Buy,14315.55
2196,534,2023-05-16 00:00:00,Sell,5334.63
2197,1134,2022-01-23 00:00:00,Withdrawal,5993.48
2198,745,2021-08-18 00:00:00,Buy,12370.72
2199,417,2024-02-06 00:00:00,Buy,6128.74
2200,1394,2023-09-30 00:00:00,Withdrawal,5214.99
2201,289,2021-05-26 00:00:00,Buy,3606.57
2202,19,2024-07-13 00:00:00,Contribution,2437.03
2203,437,2025-07-17 00:00:00,Contribution,8770.18
2204,1497,2026-03-30 00:00:00,Buy,2638.79
2205,1307,2021-01-09 00:00:00,Buy,6630.42
2206,1067,2024-11-13 00:00:00,Sell,7740.34
2207,423,2022-07-13 00:00:00,Contribution,15259.22
2208,1013,2020-02-01 00:00:00,Contribution,9458.19
2209,829,2025-05-18 00:00:00,Sell,1048.85
2210,1055,2020-08-09 00:00:00,Buy,11605.51
2211,378,2021-03-20 00:00:00,Sell,6659.05
2212,953,2025-07-17 00:00:00,Contribution,4240.49
2213,433,2021-02-21 00:00:00,Contribution,8085.73
2214,859,2023-06-25 00:00:00,Sell,2437.26
2215,1173,2026-05-16 00:00:00,Buy,8348.68
2216,892,2021-03-29 00:00:00,Contribution,16742.4
2217,204,2023-08-15 00:00:00,Sell,7008.72
2218,1007,2020-12-10 00:00:00,Contribution,1093.78
2219,1047,2025-03-28 00:00:00,Buy,8417.18
2220,1101,2025-04-19 00:00:00,Rebalance,18493.7
2221,205,2022-06-07 00:00:00,Contribution,9786.43
2222,50,2022-06-23 00:00:00,Contribution,22183.1
2223,1146,2020-04-05 00:00:00,Sell,6464.36
2224,328,2023-02-01 00:00:00,Rebalance,8208.61
2225,815,2025-01-14 00:00:00,Dividend,15024.63
2226,227,2025-06-17 00:00:00,Buy,458.93
2227,747,2024-05-28 00:00:00,Contribution,26091.68
2228,367,2024-12-20 00:00:00,Buy,31098.2
2229,751,2024-09-29 00:00:00,Sell,1257.24
2230,634,2020-12-21 00:00:00,Sell,12376.1
2231,102,2025-11-16 00:00:00,Buy,2659.65
2232,1307,2022-11-06 00:00:00,Sell,5290.14
2233,758,2024-12-04 00:00:00,Sell,26269.83
2234,1361,2023-04-06 00:00:00,Sell,421.5
2235,1091,2022-03-27 00:00:00,Buy,4212.9
2236,1288,2020-12-20 00:00:00,Buy,5665.69
2237,751,2020-07-14 00:00:00,Contribution,2481.54
2238,843,2021-03-01 00:00:00,Sell,16000.22
2239,1015,2021-12-17 00:00:00,Dividend,4952.04
2240,1296,2023-01-31 00:00:00,Sell,18574.95
2241,1166,2025-04-18 00:00:00,Contribution,36666.49
2242,1148,2021-05-14 00:00:00,Contribution,16595.27
2243,234,2020-11-27 00:00:00,Sell,14308.95
2244,382,2020-08-12 00:00:00,Sell,4022.44
2245,121,2023-04-26 00:00:00,Sell,5197.11
2246,1263,2020-03-09 00:00:00,Sell,30335.44
2247,1404,2025-07-28 00:00:00,Rebalance,3356.25
2248,1009,2022-05-13 00:00:00,Buy,1780.92
2249,888,2025-12-24 00:00:00,Buy,3822.82
2250,284,2021-07-03 00:00:00,Dividend,11355.88
2251,1276,2020-12-15 00:00:00,Contribution,10581.08
2252,1251,2025-12-11 00:00:00,Sell,5355.47
2253,839,2026-05-07 00:00:00,Buy,8498.57
2254,502,2021-12-17 00:00:00,Contribution,9747.93
2255,112,2026-05-30 00:00:00,Buy,4120.72
2256,429,2025-06-10 00:00:00,Contribution,10056.85
2257,1393,2022-03-30 00:00:00,Dividend,15224.56
2258,1471,2026-02-21 00:00:00,Sell,18508.55
2259,157,2025-04-15 00:00:00,Contribution,4640.29
2260,331,2025-06-03 00:00:00,Withdrawal,2902.22
2261,517,2020-02-06 00:00:00,Buy,14173.21
2262,189,2021-03-09 00:00:00,Buy,12600.69
2263,1381,2020-07-22 00:00:00,Sell,16179.77
2264,739,2025-10-06 00:00:00,Sell,1112.27
2265,1127,2025-06-03 00:00:00,Sell,7287.86
2266,220,2026-02-04 00:00:00,Rebalance,10040.97
2267,818,2025-09-29 00:00:00,Dividend,4754.9
2268,623,2024-10-30 00:00:00,Sell,6709.47
2269,644,2020-08-28 00:00:00,Sell,4692.13
2270,894,2022-04-01 00:00:00,Contribution,2147.68
2271,600,2024-03-01 00:00:00,Buy,3386.85
2272,1270,2023-06-25 00:00:00,Sell,12196.16
2273,1295,2021-08-18 00:00:00,Contribution,13009.57
2274,1383,2023-12-01 00:00:00,Sell,11815.25
2275,1031,2023-12-22 00:00:00,Sell,20191.13
2276,828,2025-06-15 00:00:00,Dividend,5546.19
2277,104,2021-10-25 00:00:00,Sell,13626.76
2278,1445,2023-11-20 00:00:00,Sell,2368.8
2279,1225,2020-03-09 00:00:00,Contribution,3856.21
2280,751,2025-05-25 00:00:00,Withdrawal,3547.41
2281,1451,2025-11-09 00:00:00,Sell,2092.96
2282,1456,2020-12-17 00:00:00,Buy,1996.08
2283,735,2021-03-04 00:00:00,Rebalance,4316.69
2284,946,2023-11-19 00:00:00,Dividend,11275.46
2285,892,2021-01-07 00:00:00,Sell,6300.89
2286,862,2021-01-29 00:00:00,Withdrawal,5572.92
2287,155,2024-09-05 00:00:00,Contribution,11420.86
2288,1345,2023-04-25 00:00:00,Buy,24429.37
2289,772,2024-02-24 00:00:00,Sell,3545.12
2290,1349,2023-03-18 00:00:00,Withdrawal,3726.1
2291,421,2020-11-06 00:00:00,Sell,11408.48
2292,1283,2021-10-29 00:00:00,Sell,18716.32
2293,674,2023-11-06 00:00:00,Sell,4988.01
2294,176,2025-05-30 00:00:00,Buy,2621.51
2295,172,2021-02-26 00:00:00,Sell,7184.83
2296,800,2021-01-31 00:00:00,Buy,5106.33
2297,517,2024-05-26 00:00:00,Contribution,5913.09
2298,1368,2022-02-17 00:00:00,Buy,18812.18
2299,667,2021-05-08 00:00:00,Buy,5558.35
2300,134,2020-09-28 00:00:00,Contribution,5251.98
2301,1121,2025-06-06 00:00:00,Rebalance,25137.83
2302,1192,2021-12-06 00:00:00,Contribution,11061.38
2303,1056,2020-09-25 00:00:00,Buy,2687.49
2304,1291,2020-09-05 00:00:00,Contribution,5914.07
2305,348,2025-03-24 00:00:00,Buy,5829.91
2306,12,2021-12-23 00:00:00,Buy,3936.29
2307,1416,2025-04-25 00:00:00,Buy,8548.97
2308,1249,2023-11-28 00:00:00,Sell,4700.8
2309,1136,2023-03-01 00:00:00,Contribution,5638.78
2310,1325,2025-01-08 00:00:00,Buy,3071.01
2311,415,2023-11-29 00:00:00,Buy,51872.51
2312,638,2022-05-23 00:00:00,Buy,78672.9
2313,264,2020-06-08 00:00:00,Buy,3041.76
2314,701,2026-02-28 00:00:00,Sell,2755.78
2315,1485,2023-02-23 00:00:00,Contribution,1378.41
2316,1031,2024-08-24 00:00:00,Contribution,3590.83
2317,1145,2023-07-11 00:00:00,Sell,16600.67
2318,1149,2025-12-27 00:00:00,Dividend,9203.51
2319,328,2023-11-01 00:00:00,Sell,2624.78
2320,393,2020-10-30 00:00:00,Rebalance,3252.72
2321,191,2020-07-25 00:00:00,Sell,21129.44
2322,709,2020-07-09 00:00:00,Sell,776.82
2323,1317,2024-09-12 00:00:00,Dividend,5075.53
2324,190,2020-07-05 00:00:00,Buy,3235.75
2325,1342,2024-08-27 00:00:00,Sell,12717.81
2326,1257,2024-02-29 00:00:00,Buy,8690.49
2327,7,2022-09-20 00:00:00,Buy,1504.17
2328,328,2023-07-23 00:00:00,Dividend,4921.88
2329,6,2026-02-09 00:00:00,Buy,9331.73
2330,799,2024-04-08 00:00:00,Withdrawal,3437.74
2331,1322,2024-11-02 00:00:00,Buy,1279.27
2332,1214,2025-03-07 00:00:00,Buy,13266.81
2333,1071,2020-03-10 00:00:00,Sell,6109.67
2334,1457,2021-03-17 00:00:00,Sell,4009.38
2335,801,2025-10-20 00:00:00,Buy,6081.01
2336,704,2023-11-27 00:00:00,Buy,16100.91
2337,16,2025-07-10 00:00:00,Sell,2258.57
2338,66,2024-08-03 00:00:00,Buy,1754.97
2339,31,2025-10-20 00:00:00,Dividend,5503.9
2340,476,2024-11-01 00:00:00,Buy,6005.98
2341,830,2024-11-10 00:00:00,Sell,16322.6
2342,1412,2025-07-02 00:00:00,Sell,7081.3
2343,630,2026-05-04 00:00:00,Buy,12362.71
2344,504,2024-09-04 00:00:00,Dividend,4855.54
2345,1260,2021-09-10 00:00:00,Buy,2507.62
2346,1076,2022-01-22 00:00:00,Buy,5685.46
2347,1008,2021-05-29 00:00:00,Buy,10781.42
2348,474,2021-04-12 00:00:00,Sell,6180.02
2349,1135,2026-05-20 00:00:00,Dividend,2785.26
2350,462,2022-05-12 00:00:00,Withdrawal,6653.46
2351,1026,2024-07-25 00:00:00,Buy,9090.79
2352,354,2024-02-11 00:00:00,Contribution,718.77
2353,1306,2026-04-05 00:00:00,Contribution,1610.34
2354,744,2023-05-30 00:00:00,Withdrawal,4558.92
2355,383,2022-08-23 00:00:00,Buy,2982.12
2356,957,2022-03-01 00:00:00,Sell,1808.26
2357,1067,2021-03-08 00:00:00,Buy,992.5
2358,1360,2025-11-09 00:00:00,Contribution,12284.13
2359,999,2024-07-31 00:00:00,Contribution,39327.84
2360,1426,2020-03-05 00:00:00,Sell,26003.78
2361,1095,2022-06-11 00:00:00,Withdrawal,727.2
2362,484,2024-09-01 00:00:00,Buy,16553.16
2363,6,2022-11-16 00:00:00,Buy,5015.98
2364,1011,2022-03-23 00:00:00,Sell,12831.51
2365,1071,2024-05-18 00:00:00,Sell,13801.36
2366,1396,2022-03-31 00:00:00,Buy,5138.65
2367,999,2023-09-24 00:00:00,Buy,5775.28
2368,1017,2021-08-12 00:00:00,Contribution,3512.99
2369,747,2025-04-12 00:00:00,Sell,13787.09
2370,141,2023-06-15 00:00:00,Sell,18119.38
2371,145,2020-10-31 00:00:00,Buy,19042.08
2372,728,2026-05-21 00:00:00,Rebalance,7983.86
2373,862,2021-10-25 00:00:00,Buy,5528.62
2374,785,2023-05-03 00:00:00,Contribution,3766.08
2375,1290,2022-09-30 00:00:00,Buy,1456.84
2376,324,2025-01-21 00:00:00,Buy,4849.2
2377,300,2024-12-02 00:00:00,Buy,8753.54
2378,76,2023-02-10 00:00:00,Buy,7272.07
2379,1295,2020-01-24 00:00:00,Dividend,1983.83
2380,371,2024-02-13 00:00:00,Buy,7682.89
2381,815,2023-02-08 00:00:00,Sell,2197.81
2382,985,2020-08-12 00:00:00,Sell,10427.62
2383,1200,2022-05-06 00:00:00,Sell,19598.26
2384,1484,2020-04-22 00:00:00,Buy,1255.45
2385,1034,2022-08-13 00:00:00,Buy,1076.33
2386,862,2020-07-08 00:00:00,Buy,9235.34
2387,714,2021-04-08 00:00:00,Buy,1880.5
2388,413,2022-02-19 00:00:00,Sell,12845.52
2389,203,2020-06-30 00:00:00,Contribution,5705.62
2390,57,2022-02-23 00:00:00,Buy,2580.17
2391,965,2021-09-02 00:00:00,Withdrawal,5167.19
2392,1140,2022-02-23 00:00:00,Dividend,5496.43
2393,961,2025-01-13 00:00:00,Withdrawal,3825.34
2394,59,2020-06-08 00:00:00,Contribution,4828.73
2395,1011,2021-09-20 00:00:00,Rebalance,8106.94
2396,473,2023-11-30 00:00:00,Buy,21358.47
2397,373,2022-03-12 00:00:00,Contribution,3115.47
2398,269,2025-10-13 00:00:00,Buy,19922.7
2399,246,2026-05-25 00:00:00,Sell,4103.57
2400,670,2025-03-23 00:00:00,Withdrawal,26976.53
2401,553,2020-11-06 00:00:00,Contribution,3399.02
2402,1057,2023-12-14 00:00:00,Sell,2025.84
2403,545,2022-07-16 00:00:00,Sell,38374.62
2404,1163,2021-03-24 00:00:00,Contribution,22757.66
2405,1048,2021-02-25 00:00:00,Buy,14034.17
2406,451,2023-05-17 00:00:00,Withdrawal,7540.56
2407,486,2022-10-03 00:00:00,Dividend,4266.17
2408,1467,2020-10-25 00:00:00,Buy,3171.54
2409,1313,2023-06-27 00:00:00,Buy,6192.77
2410,118,2023-10-08 00:00:00,Buy,5518.93
2411,715,2023-02-07 00:00:00,Sell,246.21
2412,1406,2023-12-12 00:00:00,Sell,6885.51
2413,524,2020-12-29 00:00:00,Contribution,13346.24
2414,879,2022-01-05 00:00:00,Buy,2619.24
2415,625,2023-10-18 00:00:00,Sell,26110.88
2416,306,2021-04-29 00:00:00,Sell,4098.72
2417,1183,2022-10-04 00:00:00,Sell,3253.7
2418,876,2021-09-01 00:00:00,Rebalance,9180.23
2419,544,2021-07-21 00:00:00,Buy,1427.52
2420,91,2023-07-06 00:00:00,Buy,2565.5
2421,824,2025-07-14 00:00:00,Rebalance,20251.34
2422,339,2021-08-29 00:00:00,Sell,4758.06
2423,810,2025-05-14 00:00:00,Buy,2376.31
2424,468,2024-08-05 00:00:00,Contribution,6395.13
2425,207,2020-08-29 00:00:00,Buy,22363.64
2426,812,2023-08-30 00:00:00,Sell,12179.45
2427,684,2021-12-18 00:00:00,Withdrawal,519.1
2428,1488,2026-04-19 00:00:00,Buy,138999.02
2429,1210,2021-10-30 00:00:00,Buy,2323.48
2430,1012,2024-01-30 00:00:00,Sell,639.68
2431,766,2025-06-01 00:00:00,Sell,3128.18
2432,260,2023-02-19 00:00:00,Sell,4246.13
2433,790,2020-07-25 00:00:00,Withdrawal,2832.01
2434,813,2025-02-21 00:00:00,Withdrawal,8923.73
2435,1025,2025-10-17 00:00:00,Sell,3250.36
2436,597,2025-01-26 00:00:00,Dividend,8679.91
2437,1265,2021-06-19 00:00:00,Withdrawal,5529.47
2438,1118,2026-04-28 00:00:00,Withdrawal,14690.87
2439,1002,2026-04-12 00:00:00,Buy,9160.93
2440,1446,2026-02-14 00:00:00,Dividend,2096.73
2441,788,2020-02-03 00:00:00,Buy,5137.13
2442,30,2021-12-16 00:00:00,Withdrawal,6813.43
2443,255,2024-01-20 00:00:00,Withdrawal,11050.64
2444,212,2025-04-08 00:00:00,Buy,1816.8
2445,772,2025-02-21 00:00:00,Contribution,11465.55
2446,75,2025-06-26 00:00:00,Sell,10948.38
2447,258,2022-03-31 00:00:00,Rebalance,2349.53
2448,561,2023-09-13 00:00:00,Contribution,2753.27
2449,1384,2024-07-13 00:00:00,Buy,6941.09
2450,403,2025-04-03 00:00:00,Contribution,6901.62
2451,1255,2025-02-28 00:00:00,Dividend,1648.43
2452,2,2022-11-08 00:00:00,Contribution,6479.45
2453,198,2022-03-14 00:00:00,Rebalance,4111.98
2454,1043,2025-06-10 00:00:00,Contribution,19282.28
2455,1036,2022-08-28 00:00:00,Dividend,8620.81
2456,394,2025-04-28 00:00:00,Contribution,15667.99
2457,1229,2022-02-01 00:00:00,Buy,2209.04
2458,457,2021-12-04 00:00:00,Contribution,4198.74
2459,241,2020-10-07 00:00:00,Buy,11569.89
2460,109,2020-04-30 00:00:00,Buy,3422.26
2461,1368,2020-02-14 00:00:00,Sell,10424.89
2462,640,2023-06-04 00:00:00,Contribution,11169.21
2463,632,2020-08-17 00:00:00,Rebalance,1304.35
2464,521,2024-07-06 00:00:00,Rebalance,4847.31
2465,195,2022-06-10 00:00:00,Withdrawal,24444.11
2466,1429,2020-09-27 00:00:00,Rebalance,26652.13
2467,1105,2023-10-18 00:00:00,Dividend,8481.62
2468,882,2024-12-29 00:00:00,Buy,8704.11
2469,155,2022-08-12 00:00:00,Sell,2941.42
2470,1266,2020-11-22 00:00:00,Sell,4753.71
2471,770,2024-09-23 00:00:00,Contribution,3242.65
2472,609,2026-05-31 00:00:00,Withdrawal,5092.51
2473,105,2024-03-05 00:00:00,Sell,10978.38
2474,1381,2024-12-27 00:00:00,Withdrawal,1613.21
2475,845,2021-08-22 00:00:00,Contribution,14434.1
2476,1325,2024-03-22 00:00:00,Dividend,18617.35
2477,348,2025-10-02 00:00:00,Buy,4438.94
2478,1158,2026-01-16 00:00:00,Contribution,7459.73
2479,478,2024-06-08 00:00:00,Contribution,60199.14
2480,125,2023-03-30 00:00:00,Rebalance,10511.43
2481,1447,2021-03-17 00:00:00,Rebalance,2120.92
2482,1321,2023-04-28 00:00:00,Contribution,763.56
2483,340,2022-01-20 00:00:00,Withdrawal,340.77
2484,508,2025-07-05 00:00:00,Contribution,2248.7
2485,928,2023-06-17 00:00:00,Contribution,16799.76
2486,1007,2025-10-24 00:00:00,Dividend,12773.9
2487,1300,2022-05-09 00:00:00,Sell,4469.47
2488,1188,2021-09-13 00:00:00,Buy,6987.78
2489,346,2025-11-14 00:00:00,Sell,8056.39
2490,427,2025-01-09 00:00:00,Sell,5112.47
2491,877,2025-01-10 00:00:00,Rebalance,3007.68
2492,1265,2025-02-11 00:00:00,Buy,30991.95
2493,989,2023-06-29 00:00:00,Rebalance,17263.83
2494,79,2025-01-21 00:00:00,Sell,6386.91
2495,605,2021-06-08 00:00:00,Sell,7760.87
2496,1045,2025-06-29 00:00:00,Sell,3598.52
2497,38,2021-02-20 00:00:00,Buy,19110.03
2498,851,2020-03-09 00:00:00,Sell,6601.92
2499,1339,2025-03-20 00:00:00,Contribution,131087.85
2500,1109,2025-06-03 00:00:00,Buy,41147.92
2501,637,2022-03-01 00:00:00,Rebalance,5362.34
2502,443,2021-05-01 00:00:00,Sell,3742.69
2503,816,2023-01-13 00:00:00,Buy,59286.05
2504,1015,2026-03-14 00:00:00,Buy,25632.13
2505,497,2024-03-16 00:00:00,Buy,3752.21
2506,686,2023-03-15 00:00:00,Sell,1500.2
2507,266,2023-04-27 00:00:00,Buy,3281.8
2508,1469,2023-05-02 00:00:00,Sell,3277.5
2509,591,2020-07-26 00:00:00,Buy,22930.94
2510,308,2024-09-13 00:00:00,Rebalance,3408.36
2511,475,2022-06-01 00:00:00,Withdrawal,5600.24
2512,298,2026-03-09 00:00:00,Buy,7736.75
2513,944,2023-06-02 00:00:00,Buy,4344.54
2514,489,2025-12-23 00:00:00,Contribution,3822.75
2515,437,2024-10-27 00:00:00,Withdrawal,5109.5
2516,189,2025-04-04 00:00:00,Contribution,4893.81
2517,1369,2020-07-09 00:00:00,Buy,7507.85
2518,1173,2022-06-14 00:00:00,Rebalance,5592.96
2519,1240,2025-04-01 00:00:00,Buy,23456.18
2520,900,2021-06-26 00:00:00,Withdrawal,1946.14
2521,435,2026-03-19 00:00:00,Buy,3097.14
2522,843,2021-07-16 00:00:00,Withdrawal,5352.18
2523,434,2020-06-29 00:00:00,Buy,3571.91
2524,646,2020-07-13 00:00:00,Withdrawal,1721.94
2525,1037,2025-12-29 00:00:00,Sell,37088.27
2526,494,2025-07-20 00:00:00,Sell,4341.73
2527,235,2020-05-12 00:00:00,Dividend,25755.44
2528,414,2024-12-17 00:00:00,Withdrawal,10036.89
2529,767,2022-02-23 00:00:00,Buy,2832.19
2530,370,2026-05-14 00:00:00,Contribution,2607.5
2531,1165,2021-03-04 00:00:00,Contribution,4798.77
2532,213,2023-04-09 00:00:00,Buy,11293.92
2533,560,2026-04-30 00:00:00,Buy,12790.06
2534,999,2024-07-13 00:00:00,Contribution,77050.9
2535,1179,2022-01-06 00:00:00,Buy,5768.39
2536,138,2026-02-28 00:00:00,Withdrawal,7457.78
2537,1322,2023-08-29 00:00:00,Contribution,5220.1
2538,1085,2020-01-14 00:00:00,Contribution,12479.65
2539,598,2022-07-14 00:00:00,Sell,8570.66
2540,672,2022-06-15 00:00:00,Contribution,10626.26
2541,1411,2022-04-09 00:00:00,Sell,2420.45
2542,1061,2026-03-09 00:00:00,Buy,3972.94
2543,914,2025-07-09 00:00:00,Sell,1401.43
2544,677,2023-10-17 00:00:00,Sell,5750.75
2545,1415,2020-11-27 00:00:00,Rebalance,886.4
2546,794,2025-03-29 00:00:00,Dividend,1551.04
2547,985,2021-05-25 00:00:00,Contribution,13906.5
2548,191,2025-11-01 00:00:00,Dividend,1645.24
2549,433,2025-01-28 00:00:00,Withdrawal,4339.02
2550,930,2020-12-14 00:00:00,Contribution,14078.02
2551,1207,2021-04-29 00:00:00,Buy,842.42
2552,220,2021-12-10 00:00:00,Buy,20566.87
2553,270,2025-02-07 00:00:00,Sell,6608.76
2554,326,2026-04-29 00:00:00,Contribution,24660.76
2555,852,2020-07-23 00:00:00,Buy,6777.33
2556,691,2020-12-13 00:00:00,Buy,7337.58
2557,895,2020-02-27 00:00:00,Sell,5277.26
2558,67,2026-05-04 00:00:00,Sell,3140.13
2559,215,2023-12-17 00:00:00,Sell,5739.17
2560,740,2025-03-07 00:00:00,Buy,14273.76
2561,1463,2023-06-12 00:00:00,Buy,2230.37
2562,1452,2026-05-24 00:00:00,Rebalance,5232.77
2563,996,2022-02-06 00:00:00,Buy,4370.23
2564,581,2026-03-18 00:00:00,Sell,7207.78
2565,1356,2020-10-11 00:00:00,Dividend,1790.37
2566,812,2023-04-25 00:00:00,Sell,5104.86
2567,618,2021-03-07 00:00:00,Contribution,3437.74
2568,980,2025-09-28 00:00:00,Contribution,1304.18
2569,1223,2022-04-24 00:00:00,Buy,5218.78
2570,981,2020-05-24 00:00:00,Contribution,1267.77
2571,1210,2024-04-22 00:00:00,Buy,437.62
2572,1188,2021-09-27 00:00:00,Buy,1405.04
2573,628,2022-04-26 00:00:00,Withdrawal,9223.8
2574,1319,2021-05-22 00:00:00,Contribution,20458.6
2575,426,2024-03-25 00:00:00,Buy,3480.29
2576,252,2024-05-26 00:00:00,Buy,5607.69
2577,110,2021-09-07 00:00:00,Sell,2960.56
2578,1127,2024-11-27 00:00:00,Buy,50252.8
2579,1147,2020-03-30 00:00:00,Withdrawal,9191.33
2580,334,2021-08-13 00:00:00,Dividend,520.07
2581,1343,2024-07-01 00:00:00,Sell,1572.39
2582,1457,2023-11-22 00:00:00,Contribution,1679.27
2583,250,2021-03-28 00:00:00,Contribution,13165.43
2584,1354,2022-08-01 00:00:00,Sell,3910.88
2585,1408,2025-02-03 00:00:00,Buy,3960.4
2586,924,2020-07-16 00:00:00,Buy,4783.67
2587,13,2023-02-04 00:00:00,Buy,12051.83
2588,225,2021-02-24 00:00:00,Contribution,7406.45
2589,398,2024-04-10 00:00:00,Rebalance,4585.07
2590,45,2024-08-19 00:00:00,Contribution,1148.93
2591,126,2022-11-11 00:00:00,Buy,6983.16
2592,219,2021-08-07 00:00:00,Buy,3726.46
2593,847,2024-04-10 00:00:00,Buy,26644.37
2594,73,2022-09-07 00:00:00,Contribution,8949.7
2595,1473,2026-01-29 00:00:00,Buy,3817.82
2596,1416,2022-06-16 00:00:00,Buy,6314.9
2597,1383,2021-04-22 00:00:00,Contribution,1402.7
2598,904,2024-12-14 00:00:00,Buy,720.54
2599,1035,2024-09-29 00:00:00,Contribution,9304.2
2600,429,2022-11-11 00:00:00,Withdrawal,17397.86
2601,1080,2021-05-07 00:00:00,Sell,82774.88
2602,196,2025-02-19 00:00:00,Rebalance,2326.67
2603,18,2025-04-09 00:00:00,Sell,6782.52
2604,658,2023-05-19 00:00:00,Sell,4098.52
2605,960,2020-06-22 00:00:00,Sell,25154.47
2606,832,2020-08-01 00:00:00,Rebalance,7418.3
2607,440,2025-06-02 00:00:00,Sell,1174.5
2608,1298,2025-09-23 00:00:00,Rebalance,20370.3
2609,1374,2020-06-02 00:00:00,Sell,23332.37
2610,389,2022-01-10 00:00:00,Dividend,4583.96
2611,1362,2025-01-22 00:00:00,Contribution,6091
2612,580,2022-03-16 00:00:00,Buy,1643.61
2613,301,2021-02-22 00:00:00,Buy,9957.69
2614,1006,2024-06-23 00:00:00,Contribution,3678.16
2615,1177,2023-10-28 00:00:00,Contribution,17807.96
2616,176,2025-10-04 00:00:00,Sell,8957.4
2617,1178,2022-09-29 00:00:00,Buy,3516.97
2618,1215,2024-12-15 00:00:00,Contribution,19664.14
2619,766,2025-05-02 00:00:00,Contribution,5207.11
2620,620,2026-01-03 00:00:00,Sell,8582.76
2621,99,2023-10-23 00:00:00,Buy,8755.32
2622,473,2025-04-11 00:00:00,Buy,22880.68
2623,1024,2024-10-07 00:00:00,Sell,3118.27
2624,1192,2020-04-08 00:00:00,Sell,12527.94
2625,773,2025-09-27 00:00:00,Contribution,5683.92
2626,1109,2024-11-24 00:00:00,Buy,67826.18
2627,391,2025-11-17 00:00:00,Buy,6291.24
2628,570,2021-10-31 00:00:00,Sell,10447.21
2629,635,2024-02-20 00:00:00,Dividend,5333.94
2630,321,2022-06-26 00:00:00,Buy,18375
2631,867,2020-11-22 00:00:00,Buy,9275.91
2632,665,2021-10-13 00:00:00,Buy,8468.25
2633,1076,2022-03-31 00:00:00,Buy,5175.59
2634,197,2024-06-15 00:00:00,Sell,57585.09
2635,401,2022-08-03 00:00:00,Contribution,1811.53
2636,667,2021-07-11 00:00:00,Contribution,2837.1
2637,42,2024-03-07 00:00:00,Contribution,1852.72
2638,1065,2024-10-17 00:00:00,Contribution,2974.25
2639,265,2024-12-16 00:00:00,Contribution,11431.86
2640,418,2022-12-24 00:00:00,Contribution,2115.42
2641,1390,2022-01-24 00:00:00,Buy,2585.79
2642,1023,2020-07-10 00:00:00,Contribution,2068.68
2643,238,2023-12-20 00:00:00,Buy,11484.08
2644,96,2022-11-26 00:00:00,Buy,8516.91
2645,803,2025-06-26 00:00:00,Rebalance,23526.71
2646,1401,2024-03-12 00:00:00,Buy,2710.66
2647,1316,2022-10-06 00:00:00,Sell,9675.27
2648,272,2020-01-30 00:00:00,Buy,3812.63
2649,90,2024-06-23 00:00:00,Buy,3726.15
2650,418,2025-06-12 00:00:00,Rebalance,7036.45
2651,63,2024-11-29 00:00:00,Contribution,6309.97
2652,1139,2021-07-05 00:00:00,Contribution,23486.47
2653,453,2023-09-03 00:00:00,Buy,2013.48
2654,728,2021-06-15 00:00:00,Dividend,6863.31
2655,1465,2024-11-27 00:00:00,Buy,4332.46
2656,764,2023-08-16 00:00:00,Rebalance,6414.58
2657,382,2023-12-04 00:00:00,Buy,12074.34
2658,1373,2021-08-15 00:00:00,Sell,1576.25
2659,1178,2023-07-06 00:00:00,Sell,17306.53
2660,229,2020-10-26 00:00:00,Contribution,10433.99
2661,1140,2025-02-27 00:00:00,Contribution,3937.34
2662,1360,2023-07-09 00:00:00,Rebalance,3146.11
2663,664,2025-07-31 00:00:00,Contribution,1318.82
2664,326,2023-06-22 00:00:00,Buy,3819.6
2665,1156,2023-05-13 00:00:00,Buy,45672.19
2666,1391,2024-02-09 00:00:00,Dividend,36514.75
2667,1178,2025-09-06 00:00:00,Sell,7523.09
2668,1313,2022-05-23 00:00:00,Buy,33071.17
2669,1287,2024-10-30 00:00:00,Buy,6995.28
2670,558,2025-10-31 00:00:00,Sell,14057.16
2671,978,2024-08-16 00:00:00,Rebalance,3104.74
2672,684,2020-12-12 00:00:00,Sell,5419.97
2673,170,2022-07-17 00:00:00,Withdrawal,6068.81
2674,696,2023-07-15 00:00:00,Buy,6741.78
2675,936,2021-01-12 00:00:00,Withdrawal,5787.57
2676,441,2025-02-17 00:00:00,Buy,1739.35
2677,559,2021-07-03 00:00:00,Dividend,7893.23
2678,270,2025-09-02 00:00:00,Dividend,11845.5
2679,578,2024-11-21 00:00:00,Buy,2921.87
2680,1115,2025-09-11 00:00:00,Withdrawal,8970.37
2681,79,2026-01-01 00:00:00,Withdrawal,29120.77
2682,1285,2024-08-09 00:00:00,Buy,4826.88
2683,383,2020-05-15 00:00:00,Contribution,16139.35
2684,258,2024-12-20 00:00:00,Withdrawal,183.61
2685,621,2026-03-17 00:00:00,Buy,8688.07
2686,1429,2020-06-23 00:00:00,Buy,5359.11
2687,646,2026-04-30 00:00:00,Buy,1454.72
2688,1497,2025-03-28 00:00:00,Rebalance,5200.29
2689,1273,2026-05-19 00:00:00,Sell,1226.94
2690,1402,2022-05-17 00:00:00,Buy,2509.39
2691,1117,2023-11-27 00:00:00,Contribution,1663.38
2692,1414,2025-07-08 00:00:00,Buy,5380.39
2693,539,2026-03-01 00:00:00,Contribution,2132.16
2694,905,2022-10-13 00:00:00,Rebalance,595.42
2695,1249,2022-04-03 00:00:00,Buy,3348.77
2696,1123,2021-03-24 00:00:00,Sell,6786.19
2697,140,2020-04-01 00:00:00,Withdrawal,2302.95
2698,1149,2021-03-23 00:00:00,Contribution,4674.57
2699,841,2021-07-09 00:00:00,Buy,5418.93
2700,680,2025-02-08 00:00:00,Rebalance,10113.33
2701,153,2023-09-07 00:00:00,Sell,777.45
2702,295,2025-05-09 00:00:00,Dividend,6528.36
2703,785,2025-07-11 00:00:00,Contribution,13297.19
2704,739,2023-06-11 00:00:00,Buy,47100.8
2705,430,2022-01-05 00:00:00,Contribution,2174.28
2706,1139,2025-04-04 00:00:00,Sell,11900.58
2707,322,2022-11-24 00:00:00,Buy,9612.46
2708,194,2023-04-29 00:00:00,Sell,4712.63
2709,893,2022-01-20 00:00:00,Withdrawal,8414.55
2710,743,2021-08-22 00:00:00,Rebalance,11498.12
2711,21,2021-05-06 00:00:00,Buy,4330.28
2712,683,2021-06-27 00:00:00,Dividend,4965.31
2713,1161,2020-06-05 00:00:00,Sell,4873.04
2714,276,2024-02-14 00:00:00,Contribution,4542.69
2715,800,2025-04-23 00:00:00,Buy,486.98
2716,1342,2024-05-19 00:00:00,Buy,1352.43
2717,313,2022-05-04 00:00:00,Sell,12820.58
2718,122,2023-10-19 00:00:00,Buy,10404.78
2719,565,2020-05-12 00:00:00,Dividend,19624.36
2720,1472,2025-10-17 00:00:00,Buy,3885.26
2721,556,2021-02-27 00:00:00,Buy,16783.28
2722,74,2024-08-23 00:00:00,Rebalance,15717.78
2723,553,2020-11-02 00:00:00,Sell,8026.91
2724,229,2026-03-28 00:00:00,Buy,1655.18
2725,872,2024-12-21 00:00:00,Contribution,16667.4
2726,1012,2024-08-14 00:00:00,Sell,4835.36
2727,215,2021-03-23 00:00:00,Buy,9524.78
2728,1473,2024-08-27 00:00:00,Sell,15824.89
2729,1432,2020-09-22 00:00:00,Dividend,7236.41
2730,792,2026-04-04 00:00:00,Buy,897.73
2731,1478,2020-01-04 00:00:00,Withdrawal,8522.85
2732,1072,2020-04-14 00:00:00,Buy,3813.67
2733,1209,2022-06-24 00:00:00,Dividend,4249.38
2734,193,2026-05-30 00:00:00,Dividend,5261.63
2735,1223,2021-08-13 00:00:00,Sell,1735.81
2736,196,2024-10-30 00:00:00,Rebalance,23923.7
2737,1361,2022-06-17 00:00:00,Withdrawal,1405.45
2738,996,2020-08-07 00:00:00,Withdrawal,18581.24
2739,1385,2021-01-28 00:00:00,Buy,5347.1
2740,1022,2026-05-19 00:00:00,Buy,5635.95
2741,622,2020-07-25 00:00:00,Buy,27031.9
2742,1225,2023-06-06 00:00:00,Dividend,1948.74
2743,1071,2021-01-15 00:00:00,Contribution,5689.11
2744,380,2025-06-08 00:00:00,Sell,12757.46
2745,506,2023-08-03 00:00:00,Buy,10586.5
2746,1165,2020-11-28 00:00:00,Contribution,3921.63
2747,1370,2024-10-21 00:00:00,Buy,6006.93
2748,777,2025-07-17 00:00:00,Rebalance,10331.51
2749,907,2020-03-30 00:00:00,Sell,1471.49
2750,1056,2025-03-07 00:00:00,Buy,5073.57
2751,39,2022-07-02 00:00:00,Rebalance,16550.46
2752,1073,2025-10-15 00:00:00,Dividend,9268.46
2753,269,2022-11-12 00:00:00,Buy,1750.93
2754,329,2026-02-17 00:00:00,Contribution,41248.64
2755,783,2021-09-26 00:00:00,Buy,5881.76
2756,641,2023-02-13 00:00:00,Contribution,16794.99
2757,350,2023-02-10 00:00:00,Buy,480.82
2758,99,2020-07-22 00:00:00,Contribution,56374.17
2759,670,2024-03-25 00:00:00,Sell,3918.13
2760,200,2025-12-09 00:00:00,Buy,6726.04
2761,603,2022-05-20 00:00:00,Dividend,1557.45
2762,808,2025-01-20 00:00:00,Dividend,13902.36
2763,895,2025-01-10 00:00:00,Sell,19147.84
2764,880,2024-09-20 00:00:00,Buy,6069.22
2765,533,2024-07-20 00:00:00,Withdrawal,608.33
2766,1201,2023-04-29 00:00:00,Rebalance,5644.04
2767,1244,2024-03-26 00:00:00,Buy,1942.01
2768,710,2021-06-11 00:00:00,Contribution,14541.32
2769,801,2026-05-28 00:00:00,Sell,19200.51
2770,636,2022-06-11 00:00:00,Buy,16369.21
2771,1385,2025-04-15 00:00:00,Buy,2474.39
2772,353,2020-09-17 00:00:00,Buy,2532.85
2773,510,2023-02-26 00:00:00,Contribution,1048.95
2774,1042,2020-03-18 00:00:00,Rebalance,15067.11
2775,558,2021-03-01 00:00:00,Sell,4066.96
2776,900,2023-04-06 00:00:00,Dividend,9295.49
2777,8,2025-03-04 00:00:00,Rebalance,1246.82
2778,573,2024-11-25 00:00:00,Dividend,2303.86
2779,299,2021-09-26 00:00:00,Dividend,4715.93
2780,388,2021-07-13 00:00:00,Withdrawal,55248.92
2781,1336,2024-09-12 00:00:00,Buy,1087.15
2782,102,2023-09-23 00:00:00,Buy,6889.64
2783,365,2021-09-27 00:00:00,Contribution,30086.25
2784,881,2021-07-22 00:00:00,Sell,18217.36
2785,704,2021-06-30 00:00:00,Buy,1683.81
2786,1289,2022-01-03 00:00:00,Sell,14571.73
2787,327,2024-06-05 00:00:00,Contribution,27269.84
2788,184,2022-06-09 00:00:00,Rebalance,3038.64
2789,134,2020-03-22 00:00:00,Buy,2914.66
2790,186,2021-05-04 00:00:00,Buy,10692.06
2791,717,2024-09-16 00:00:00,Buy,13715.09
2792,1451,2023-03-06 00:00:00,Contribution,3773.2
2793,1447,2021-10-17 00:00:00,Buy,25897.07
2794,1253,2020-06-04 00:00:00,Sell,847.25
2795,86,2020-12-16 00:00:00,Buy,1137.08
2796,685,2024-11-11 00:00:00,Sell,1951.43
2797,46,2020-09-15 00:00:00,Contribution,13469.62
2798,176,2023-03-17 00:00:00,Buy,6036.33
2799,1261,2025-11-24 00:00:00,Sell,13403.26
2800,1154,2025-03-29 00:00:00,Withdrawal,3365.61
2801,586,2025-10-10 00:00:00,Buy,19937.32
2802,1262,2026-02-08 00:00:00,Withdrawal,95781.88
2803,879,2023-04-20 00:00:00,Buy,23885.03
2804,335,2026-04-08 00:00:00,Buy,87340.24
2805,1263,2024-08-25 00:00:00,Buy,4659.11
2806,1381,2021-12-19 00:00:00,Withdrawal,2273.96
2807,193,2025-10-01 00:00:00,Contribution,3979.55
2808,1318,2025-10-14 00:00:00,Dividend,34181.63
2809,927,2021-12-04 00:00:00,Sell,3446.87
2810,283,2020-10-17 00:00:00,Sell,10229.15
2811,265,2021-01-06 00:00:00,Dividend,17525.12
2812,107,2023-08-19 00:00:00,Buy,4789.08
2813,432,2022-01-10 00:00:00,Buy,4100.14
2814,152,2023-05-01 00:00:00,Buy,3413.01
2815,631,2025-11-15 00:00:00,Dividend,27277.64
2816,285,2025-06-13 00:00:00,Contribution,4426.43
2817,771,2026-04-14 00:00:00,Withdrawal,4444.59
2818,280,2024-05-29 00:00:00,Buy,4799.83
2819,523,2021-04-29 00:00:00,Withdrawal,5264.03
2820,411,2025-05-03 00:00:00,Buy,2799.8
2821,656,2025-01-24 00:00:00,Sell,2109.08
2822,545,2022-03-07 00:00:00,Contribution,5391.71
2823,894,2023-12-25 00:00:00,Buy,32610.81
2824,1184,2023-06-22 00:00:00,Sell,14360.45
2825,514,2020-01-05 00:00:00,Contribution,1222.53
2826,457,2024-03-25 00:00:00,Dividend,6367.7
2827,504,2025-10-26 00:00:00,Buy,2775.42
2828,663,2020-11-25 00:00:00,Buy,15793.13
2829,48,2022-09-18 00:00:00,Dividend,2404.7
2830,616,2025-01-06 00:00:00,Dividend,4282.82
2831,1451,2023-07-20 00:00:00,Contribution,6290.19
2832,1254,2020-08-09 00:00:00,Sell,7986.82
2833,334,2021-06-02 00:00:00,Buy,12972.47
2834,528,2021-05-16 00:00:00,Contribution,2338.18
2835,152,2024-06-09 00:00:00,Buy,16892.74
2836,1136,2025-04-20 00:00:00,Contribution,3735.64
2837,77,2024-01-20 00:00:00,Contribution,2271.34
2838,1079,2022-11-21 00:00:00,Buy,39751.79
2839,1468,2023-11-12 00:00:00,Withdrawal,18683.57
2840,688,2020-01-29 00:00:00,Rebalance,3392.18
2841,1451,2022-06-07 00:00:00,Sell,6441.45
2842,821,2024-02-21 00:00:00,Contribution,11230.75
2843,113,2023-11-07 00:00:00,Dividend,2362.22
2844,346,2020-11-19 00:00:00,Sell,1172.99
2845,1034,2021-07-02 00:00:00,Sell,2553.58
2846,657,2020-07-23 00:00:00,Contribution,50083.57
2847,220,2025-09-22 00:00:00,Contribution,22458.89
2848,1136,2020-10-24 00:00:00,Withdrawal,16277.32
2849,1061,2022-07-17 00:00:00,Sell,5573.27
2850,455,2020-06-24 00:00:00,Buy,7296.99
2851,1384,2022-03-16 00:00:00,Rebalance,4169.5
2852,1220,2020-02-21 00:00:00,Contribution,3336.3
2853,1078,2020-11-30 00:00:00,Contribution,60588.69
2854,608,2020-08-05 00:00:00,Buy,3443.56
2855,106,2023-08-09 00:00:00,Rebalance,6411.77
2856,755,2020-03-30 00:00:00,Buy,9309.96
2857,1467,2026-02-09 00:00:00,Sell,2987.46
2858,1371,2025-12-16 00:00:00,Buy,11936.87
2859,228,2025-08-30 00:00:00,Contribution,9952.62
2860,1079,2021-03-09 00:00:00,Withdrawal,1748.75
2861,367,2020-01-23 00:00:00,Contribution,2663.88
2862,963,2025-09-29 00:00:00,Sell,63777.83
2863,958,2023-09-21 00:00:00,Buy,9154
2864,806,2020-01-07 00:00:00,Dividend,1673.85
2865,999,2023-11-23 00:00:00,Contribution,25405.36
2866,914,2021-01-28 00:00:00,Sell,1949.4
2867,310,2020-10-16 00:00:00,Sell,14536.96
2868,794,2021-11-23 00:00:00,Buy,8125.36
2869,1490,2023-01-17 00:00:00,Buy,5870.36
2870,268,2022-12-31 00:00:00,Withdrawal,6156.77
2871,1476,2021-03-15 00:00:00,Buy,19069.73
2872,1446,2025-03-26 00:00:00,Buy,1165.51
2873,536,2024-08-02 00:00:00,Withdrawal,7512.51
2874,531,2025-07-09 00:00:00,Contribution,4276.81
2875,713,2024-02-26 00:00:00,Rebalance,3790.54
2876,769,2024-08-30 00:00:00,Buy,2769.12
2877,1088,2023-09-30 00:00:00,Rebalance,3195.44
2878,371,2024-08-17 00:00:00,Sell,7949.24
2879,1459,2024-09-09 00:00:00,Rebalance,2685.05
2880,1451,2021-01-14 00:00:00,Contribution,1079.64
2881,750,2025-03-28 00:00:00,Sell,1094.73
2882,786,2022-08-23 00:00:00,Buy,687.92
2883,124,2024-01-15 00:00:00,Dividend,3764.92
2884,628,2024-12-04 00:00:00,Buy,4980.79
2885,1201,2023-05-14 00:00:00,Buy,10636.39
2886,1494,2023-03-19 00:00:00,Withdrawal,19893.38
2887,152,2020-12-28 00:00:00,Sell,14460
2888,217,2023-12-02 00:00:00,Buy,421.43
2889,966,2024-07-10 00:00:00,Dividend,6011.45
2890,999,2024-11-08 00:00:00,Contribution,1534.61
2891,990,2024-05-12 00:00:00,Buy,7077.15
2892,382,2022-08-11 00:00:00,Contribution,4441.89
2893,352,2025-12-31 00:00:00,Dividend,1086.99
2894,661,2020-02-07 00:00:00,Rebalance,1573.22
2895,294,2026-03-25 00:00:00,Withdrawal,9573.57
2896,167,2023-06-09 00:00:00,Buy,1542.87
2897,219,2024-07-05 00:00:00,Buy,7157.41
2898,1425,2020-07-21 00:00:00,Buy,4845.95
2899,1084,2024-10-20 00:00:00,Buy,13214.34
2900,58,2020-01-24 00:00:00,Rebalance,23540.22
2901,1079,2025-01-10 00:00:00,Contribution,7688.73
2902,1289,2026-03-14 00:00:00,Dividend,3856.21
2903,112,2025-10-11 00:00:00,Contribution,15013.82
2904,1330,2022-05-12 00:00:00,Sell,3724.7
2905,1167,2021-03-26 00:00:00,Buy,4324.08
2906,56,2024-05-13 00:00:00,Contribution,10954.15
2907,809,2025-05-14 00:00:00,Buy,3118.12
2908,1020,2021-02-26 00:00:00,Dividend,1191.81
2909,1195,2026-04-11 00:00:00,Contribution,25962.46
2910,923,2025-09-05 00:00:00,Contribution,11253.08
2911,629,2021-12-19 00:00:00,Buy,4584.5
2912,146,2022-01-24 00:00:00,Buy,10342.17
2913,339,2021-05-03 00:00:00,Rebalance,2731.63
2914,300,2020-11-18 00:00:00,Sell,13053.27
2915,1086,2022-10-31 00:00:00,Buy,681.8
2916,672,2024-07-21 00:00:00,Buy,5576.32
2917,324,2024-06-30 00:00:00,Buy,2026.47
2918,1450,2020-12-05 00:00:00,Buy,24520.44
2919,873,2025-06-07 00:00:00,Buy,5842.13
2920,759,2020-11-24 00:00:00,Sell,5256.78
2921,795,2026-05-20 00:00:00,Contribution,4951.88
2922,1357,2021-08-04 00:00:00,Buy,9704.53
2923,1433,2024-01-08 00:00:00,Contribution,3305.53
2924,913,2022-04-20 00:00:00,Sell,3548.08
2925,1197,2026-03-18 00:00:00,Contribution,9097.11
2926,348,2022-07-03 00:00:00,Buy,590.96
2927,1425,2021-04-04 00:00:00,Sell,2951.05
2928,1394,2021-11-04 00:00:00,Buy,4431.61
2929,1361,2020-01-04 00:00:00,Contribution,11242.66
2930,1092,2022-08-14 00:00:00,Buy,76421.34
2931,119,2026-01-13 00:00:00,Dividend,1022.1
2932,367,2020-07-06 00:00:00,Withdrawal,2262.23
2933,92,2024-06-15 00:00:00,Contribution,8491.14
2934,910,2022-02-27 00:00:00,Contribution,14346.38
2935,992,2025-06-25 00:00:00,Buy,4301.14
2936,1237,2023-10-26 00:00:00,Withdrawal,5602.76
2937,131,2021-05-28 00:00:00,Buy,6856.65
2938,1356,2022-08-12 00:00:00,Buy,4907.06
2939,574,2022-04-21 00:00:00,Contribution,3624.42
2940,402,2023-11-08 00:00:00,Sell,2163.31
2941,1247,2023-12-19 00:00:00,Buy,5411.85
2942,614,2024-01-02 00:00:00,Rebalance,2104.63
2943,935,2025-11-17 00:00:00,Withdrawal,2401.67
2944,909,2022-05-18 00:00:00,Buy,1270.97
2945,892,2026-04-30 00:00:00,Sell,7299.66
2946,475,2023-07-21 00:00:00,Sell,6246.92
2947,214,2021-05-03 00:00:00,Contribution,3454.07
2948,1097,2023-12-04 00:00:00,Rebalance,7574.35
2949,1170,2024-06-06 00:00:00,Rebalance,1986.48
2950,54,2023-12-25 00:00:00,Rebalance,7091.48
2951,1210,2025-08-20 00:00:00,Contribution,22725.81
2952,428,2020-10-18 00:00:00,Rebalance,42546
2953,206,2024-06-06 00:00:00,Contribution,17008.11
2954,423,2021-06-09 00:00:00,Buy,3921.85
2955,1072,2023-05-17 00:00:00,Contribution,5994.75
2956,1121,2022-10-17 00:00:00,Withdrawal,2432.57
2957,244,2023-11-27 00:00:00,Dividend,18407.89
2958,1439,2022-09-15 00:00:00,Buy,1785.46
2959,959,2021-02-26 00:00:00,Contribution,8060.24
2960,993,2025-01-17 00:00:00,Buy,1693.78
2961,330,2023-04-12 00:00:00,Buy,2136.07
2962,914,2024-02-21 00:00:00,Contribution,4979.86
2963,1327,2025-10-29 00:00:00,Withdrawal,5133.56
2964,1276,2025-10-09 00:00:00,Contribution,1319.07
2965,125,2020-12-21 00:00:00,Contribution,899.44
2966,1177,2023-08-23 00:00:00,Buy,2380.92
2967,174,2021-10-14 00:00:00,Buy,1650.09
2968,1154,2020-09-08 00:00:00,Sell,4780.92
2969,387,2020-10-16 00:00:00,Buy,8220
2970,224,2023-03-26 00:00:00,Buy,4794.42
2971,1253,2023-01-06 00:00:00,Withdrawal,10693.28
2972,1272,2022-03-26 00:00:00,Contribution,8668.46
2973,1016,2025-07-30 00:00:00,Sell,26765.31
2974,1145,2023-09-20 00:00:00,Buy,5599.44
2975,1198,2024-05-01 00:00:00,Buy,29556.74
2976,674,2024-01-15 00:00:00,Withdrawal,2952.98
2977,1258,2020-01-18 00:00:00,Withdrawal,9156.24
2978,135,2020-01-20 00:00:00,Sell,2619.69
2979,1035,2024-04-26 00:00:00,Withdrawal,7247.11
2980,487,2025-02-27 00:00:00,Buy,10362.07
2981,1205,2021-10-20 00:00:00,Rebalance,62789.61
2982,886,2020-11-09 00:00:00,Buy,2230.2
2983,294,2025-01-14 00:00:00,Dividend,30531.37
2984,116,2023-07-24 00:00:00,Sell,3376.04
2985,1435,2025-01-03 00:00:00,Buy,9561.36
2986,1476,2026-01-08 00:00:00,Sell,10577.45
2987,46,2024-10-25 00:00:00,Buy,2453.5
2988,788,2025-08-11 00:00:00,Buy,4801.09
2989,65,2025-09-08 00:00:00,Contribution,2344.61
2990,1154,2024-11-03 00:00:00,Rebalance,16348.92
2991,531,2024-05-28 00:00:00,Buy,19083.36
2992,621,2023-10-25 00:00:00,Withdrawal,1693.06
2993,602,2022-05-24 00:00:00,Buy,4475.08
2994,1440,2020-04-08 00:00:00,Buy,6156.49
2995,462,2021-10-26 00:00:00,Contribution,2259.17
2996,622,2023-01-17 00:00:00,Buy,651.56
2997,274,2023-09-13 00:00:00,Sell,10364.03
2998,309,2022-11-16 00:00:00,Sell,1266.52
2999,989,2023-10-11 00:00:00,Sell,5487.3
3000,514,2020-01-18 00:00:00,Buy,56745.95
3001,1087,2021-05-10 00:00:00,Sell,770.08
3002,10,2023-06-22 00:00:00,Sell,5164.75
3003,125,2021-06-25 00:00:00,Sell,17400.53
3004,374,2022-02-14 00:00:00,Rebalance,5753.11
3005,1444,2025-06-13 00:00:00,Sell,8112.89
3006,1197,2025-01-05 00:00:00,Buy,15763.68
3007,962,2021-11-22 00:00:00,Withdrawal,1014.71
3008,488,2021-08-02 00:00:00,Withdrawal,9649.11
3009,1226,2021-06-30 00:00:00,Buy,3837.5
3010,1113,2026-02-19 00:00:00,Sell,12602.97
3011,65,2026-03-08 00:00:00,Buy,8871.19
3012,908,2022-12-08 00:00:00,Buy,11210.92
3013,1194,2021-07-11 00:00:00,Contribution,16307.15
3014,726,2022-08-19 00:00:00,Withdrawal,8003.12
3015,596,2022-03-18 00:00:00,Dividend,2265.4
3016,122,2022-11-22 00:00:00,Sell,20963.35
3017,441,2021-02-25 00:00:00,Dividend,12410.66
3018,372,2024-04-01 00:00:00,Withdrawal,12641.21
3019,1386,2021-09-21 00:00:00,Buy,1640.21
3020,868,2025-10-14 00:00:00,Buy,4814.59
3021,1465,2022-04-08 00:00:00,Contribution,5024.38
3022,1063,2021-02-20 00:00:00,Buy,2472.79
3023,743,2025-07-18 00:00:00,Rebalance,18990.43
3024,144,2022-10-21 00:00:00,Sell,15845.85
3025,1379,2025-08-30 00:00:00,Buy,3569.19
3026,687,2025-11-30 00:00:00,Contribution,8571.34
3027,341,2024-07-10 00:00:00,Buy,4470.42
3028,190,2023-07-30 00:00:00,Contribution,8541.04
3029,1461,2020-01-21 00:00:00,Buy,47161.62
3030,601,2023-02-02 00:00:00,Buy,2739.42
3031,1457,2021-08-01 00:00:00,Dividend,3312.32
3032,1018,2023-10-19 00:00:00,Sell,7574.47
3033,1042,2023-07-06 00:00:00,Contribution,2516.99
3034,1359,2022-12-25 00:00:00,Buy,2584.23
3035,545,2023-09-01 00:00:00,Withdrawal,7304.9
3036,717,2020-12-06 00:00:00,Withdrawal,12768.01
3037,1057,2025-08-31 00:00:00,Rebalance,2590.01
3038,693,2020-06-20 00:00:00,Contribution,4407.66
3039,545,2026-03-03 00:00:00,Sell,2907.68
3040,5,2025-09-09 00:00:00,Buy,46644
3041,611,2023-09-06 00:00:00,Sell,7291.18
3042,325,2025-01-23 00:00:00,Rebalance,7558.51
3043,1091,2021-11-12 00:00:00,Buy,4995.36
3044,936,2023-09-12 00:00:00,Buy,3064.92
3045,123,2021-02-09 00:00:00,Buy,51909.45
3046,775,2024-02-24 00:00:00,Contribution,1565.51
3047,315,2025-12-05 00:00:00,Buy,20338.44
3048,835,2022-12-06 00:00:00,Sell,17845.36
3049,593,2021-07-21 00:00:00,Dividend,2786.05
3050,333,2022-01-25 00:00:00,Rebalance,2507.12
3051,724,2024-06-07 00:00:00,Dividend,4247.2
3052,57,2025-04-15 00:00:00,Rebalance,401.02
3053,274,2021-03-15 00:00:00,Contribution,2816.29
3054,992,2025-03-25 00:00:00,Buy,3806.29
3055,497,2021-03-02 00:00:00,Contribution,11136.59
3056,1452,2020-09-05 00:00:00,Contribution,15351
3057,1147,2022-05-18 00:00:00,Rebalance,5171.06
3058,147,2020-09-19 00:00:00,Dividend,22696.34
3059,1003,2025-08-23 00:00:00,Dividend,1344.97
3060,1028,2023-09-27 00:00:00,Buy,67857.83
3061,1365,2021-12-06 00:00:00,Buy,29210.9
3062,627,2025-07-20 00:00:00,Withdrawal,44549.69
3063,673,2021-08-31 00:00:00,Buy,5714.01
3064,786,2023-12-17 00:00:00,Sell,1942.5
3065,896,2024-04-16 00:00:00,Withdrawal,1738.75
3066,1488,2024-10-21 00:00:00,Buy,833.59
3067,689,2022-07-12 00:00:00,Sell,28561.6
3068,160,2026-04-12 00:00:00,Buy,4663.55
3069,1118,2024-10-28 00:00:00,Buy,2874.24
3070,125,2023-12-02 00:00:00,Dividend,60229.5
3071,612,2022-06-29 00:00:00,Buy,17356.36
3072,633,2020-09-02 00:00:00,Sell,6687.51
3073,15,2021-08-17 00:00:00,Dividend,2286.72
3074,676,2022-06-05 00:00:00,Rebalance,550.87
3075,584,2021-06-07 00:00:00,Contribution,5828.28
3076,1017,2020-08-27 00:00:00,Contribution,5979.91
3077,452,2024-10-08 00:00:00,Sell,12156.53
3078,1018,2022-09-19 00:00:00,Sell,8228.25
3079,104,2023-08-21 00:00:00,Contribution,22591.4
3080,1318,2020-10-02 00:00:00,Sell,7976.67
3081,152,2021-10-27 00:00:00,Rebalance,3925.37
3082,652,2021-03-21 00:00:00,Buy,5382.67
3083,1240,2025-10-09 00:00:00,Rebalance,1366.25
3084,99,2023-09-22 00:00:00,Contribution,1905.77
3085,1350,2022-06-25 00:00:00,Sell,15963.21
3086,830,2025-03-05 00:00:00,Contribution,1790.68
3087,655,2024-12-24 00:00:00,Withdrawal,3170.71
3088,337,2024-08-22 00:00:00,Dividend,1510.48
3089,410,2025-01-21 00:00:00,Withdrawal,4238.17
3090,796,2026-03-27 00:00:00,Sell,29007.74
3091,175,2024-07-25 00:00:00,Contribution,3355.28
3092,374,2020-07-26 00:00:00,Buy,10950.33
3093,780,2025-07-13 00:00:00,Buy,3788.46
3094,806,2024-05-29 00:00:00,Contribution,3531.79
3095,638,2023-11-20 00:00:00,Buy,14621.97
3096,868,2025-01-30 00:00:00,Sell,13386.97
3097,1412,2025-01-23 00:00:00,Sell,15424.2
3098,1127,2025-09-04 00:00:00,Sell,4642.77
3099,1336,2020-09-18 00:00:00,Withdrawal,1416.68
3100,1136,2024-10-10 00:00:00,Rebalance,4966.53
3101,13,2024-08-23 00:00:00,Dividend,2735.43
3102,1099,2020-05-05 00:00:00,Contribution,11467.44
3103,1198,2021-01-19 00:00:00,Buy,2009.96
3104,1393,2021-04-13 00:00:00,Sell,5385.94
3105,806,2020-02-22 00:00:00,Sell,9553
3106,366,2023-12-21 00:00:00,Contribution,3728
3107,234,2021-08-31 00:00:00,Sell,186518.53
3108,422,2022-12-25 00:00:00,Dividend,16417.8
3109,1372,2026-03-08 00:00:00,Contribution,3803.34
3110,667,2022-04-21 00:00:00,Sell,8668.99
3111,111,2020-01-31 00:00:00,Buy,6464.09
3112,1055,2024-12-27 00:00:00,Buy,1444.63
3113,22,2025-08-29 00:00:00,Buy,4017.11
3114,1429,2021-10-23 00:00:00,Buy,10129.35
3115,59,2023-11-15 00:00:00,Buy,2233.66
3116,448,2023-05-02 00:00:00,Rebalance,483.74
3117,4,2020-07-30 00:00:00,Sell,5358.78
3118,1055,2026-02-06 00:00:00,Withdrawal,5089.88
3119,1375,2020-11-04 00:00:00,Buy,7880.14
3120,929,2023-11-29 00:00:00,Sell,13822.4
3121,1280,2020-08-22 00:00:00,Contribution,5019.71
3122,842,2024-01-28 00:00:00,Buy,1577.45
3123,130,2022-09-24 00:00:00,Buy,13945.75
3124,205,2021-11-07 00:00:00,Withdrawal,16316.69
3125,488,2025-05-28 00:00:00,Dividend,3117
3126,698,2022-03-03 00:00:00,Contribution,8500.69
3127,150,2025-12-12 00:00:00,Buy,9319.1
3128,1328,2020-10-13 00:00:00,Rebalance,3486.85
3129,413,2021-08-18 00:00:00,Contribution,2455.37
3130,1409,2025-11-25 00:00:00,Rebalance,845.38
3131,543,2023-10-04 00:00:00,Buy,31649.63
3132,1493,2024-05-08 00:00:00,Sell,8464.21
3133,1463,2022-02-05 00:00:00,Buy,2736.07
3134,651,2020-11-22 00:00:00,Buy,40040.91
3135,1075,2025-09-19 00:00:00,Buy,12628.5
3136,943,2022-10-11 00:00:00,Buy,5523.94
3137,975,2026-03-29 00:00:00,Withdrawal,16549.37
3138,1310,2024-08-02 00:00:00,Dividend,33143.71
3139,38,2024-12-13 00:00:00,Rebalance,1919.64
3140,99,2023-08-07 00:00:00,Withdrawal,7181.21
3141,252,2020-08-04 00:00:00,Sell,1018.74
3142,1256,2023-05-05 00:00:00,Rebalance,13091.9
3143,318,2022-10-12 00:00:00,Buy,10600.74
3144,150,2021-07-15 00:00:00,Contribution,23703.38
3145,1010,2020-06-23 00:00:00,Dividend,9375.99
3146,1135,2021-05-07 00:00:00,Contribution,13164.82
3147,1046,2022-11-01 00:00:00,Contribution,3736.23
3148,278,2024-06-22 00:00:00,Contribution,4024.17
3149,125,2024-08-09 00:00:00,Withdrawal,5336.38
3150,261,2024-04-24 00:00:00,Dividend,2807.11
3151,1231,2022-08-08 00:00:00,Contribution,10090.1
3152,76,2020-08-10 00:00:00,Contribution,12531.76
3153,642,2020-10-01 00:00:00,Sell,9941.59
3154,1318,2023-06-13 00:00:00,Buy,19048.86
3155,648,2021-02-03 00:00:00,Withdrawal,6266.26
3156,553,2021-07-26 00:00:00,Contribution,22859.84
3157,578,2025-04-20 00:00:00,Sell,9004.27
3158,1175,2026-04-12 00:00:00,Contribution,1346.49
3159,1112,2021-10-24 00:00:00,Buy,21054.43
3160,1086,2020-04-23 00:00:00,Withdrawal,12012.71
3161,1053,2023-10-05 00:00:00,Buy,11739.2
3162,169,2021-09-03 00:00:00,Buy,1359.94
3163,1215,2023-04-03 00:00:00,Rebalance,31194.23
3164,1483,2022-11-27 00:00:00,Contribution,3509.2
3165,564,2020-09-24 00:00:00,Buy,11916.94
3166,280,2024-04-03 00:00:00,Sell,11451.83
3167,503,2021-04-28 00:00:00,Dividend,7551.82
3168,1103,2026-04-10 00:00:00,Buy,9095.76
3169,183,2024-06-18 00:00:00,Withdrawal,17076.33
3170,181,2021-04-01 00:00:00,Withdrawal,8890.67
3171,148,2020-08-18 00:00:00,Withdrawal,9581.32
3172,555,2022-03-24 00:00:00,Contribution,4937.11
3173,562,2025-10-19 00:00:00,Sell,825.73
3174,769,2024-10-16 00:00:00,Buy,5680.72
3175,319,2021-06-10 00:00:00,Buy,2811.41
3176,238,2023-08-16 00:00:00,Rebalance,1867.22
3177,486,2024-04-15 00:00:00,Buy,9295.51
3178,690,2026-01-21 00:00:00,Dividend,3379.81
3179,573,2024-01-23 00:00:00,Rebalance,9739.12
3180,753,2025-04-22 00:00:00,Buy,4466.92
3181,1019,2023-05-13 00:00:00,Sell,9061.75
3182,880,2022-03-05 00:00:00,Buy,11551.69
3183,1120,2021-03-19 00:00:00,Buy,5679.23
3184,315,2021-11-02 00:00:00,Buy,4122.75
3185,352,2023-11-28 00:00:00,Contribution,1190.16
3186,223,2023-04-03 00:00:00,Contribution,169980.26
3187,1112,2021-07-22 00:00:00,Dividend,9317.05
3188,1198,2026-01-04 00:00:00,Dividend,7894.1
3189,1249,2023-06-20 00:00:00,Buy,8544.18
3190,754,2021-04-29 00:00:00,Sell,5403.33
3191,963,2024-02-28 00:00:00,Dividend,7650.29
3192,462,2023-05-07 00:00:00,Buy,40548.41
3193,459,2026-01-18 00:00:00,Buy,10489.5
3194,975,2021-07-24 00:00:00,Sell,4210.08
3195,957,2025-10-09 00:00:00,Contribution,17013.14
3196,169,2022-10-11 00:00:00,Buy,4311.09
3197,92,2025-04-04 00:00:00,Contribution,2226.92
3198,556,2025-10-15 00:00:00,Sell,14677.59
3199,284,2022-10-26 00:00:00,Buy,3009.32
3200,899,2023-05-07 00:00:00,Rebalance,17432.58
3201,1200,2021-06-29 00:00:00,Contribution,12133.75
3202,1390,2021-07-01 00:00:00,Dividend,4414.7
3203,985,2024-02-04 00:00:00,Buy,11796.19
3204,1033,2025-01-09 00:00:00,Contribution,1017.35
3205,995,2024-09-13 00:00:00,Buy,8429.49
3206,815,2026-02-09 00:00:00,Buy,5582.92
3207,280,2025-04-01 00:00:00,Dividend,4243.06
3208,1165,2021-07-27 00:00:00,Rebalance,9491.21
3209,781,2020-03-06 00:00:00,Buy,13673.54
3210,617,2023-06-05 00:00:00,Buy,10583.47
3211,30,2024-07-02 00:00:00,Buy,3400.07
3212,729,2020-10-05 00:00:00,Buy,18916.09
3213,355,2022-03-13 00:00:00,Sell,2553.61
3214,466,2021-06-04 00:00:00,Buy,4454.55
3215,124,2023-07-11 00:00:00,Withdrawal,112.73
3216,1062,2025-02-04 00:00:00,Sell,625.82
3217,1013,2023-09-14 00:00:00,Buy,10655.85
3218,1483,2024-10-11 00:00:00,Contribution,1222.5
3219,1048,2022-05-24 00:00:00,Contribution,4336.82
3220,756,2023-10-28 00:00:00,Buy,6666.42
3221,563,2023-12-17 00:00:00,Contribution,4423.37
3222,855,2024-10-02 00:00:00,Sell,5371.84
3223,85,2020-11-04 00:00:00,Rebalance,3279.08
3224,30,2020-09-16 00:00:00,Sell,2676.02
3225,380,2023-12-27 00:00:00,Buy,8849.05
3226,1123,2021-03-18 00:00:00,Contribution,2776.51
3227,1092,2023-02-20 00:00:00,Rebalance,97303.55
3228,550,2025-03-07 00:00:00,Dividend,3585.04
3229,385,2024-06-12 00:00:00,Sell,15959.67
3230,915,2023-05-18 00:00:00,Buy,10866.87
3231,372,2021-10-16 00:00:00,Contribution,2856.67
3232,1175,2021-06-30 00:00:00,Sell,816.59
3233,292,2024-04-10 00:00:00,Dividend,927.86
3234,1478,2020-07-08 00:00:00,Rebalance,2615.22
3235,219,2022-06-28 00:00:00,Buy,8881.17
3236,105,2020-04-15 00:00:00,Buy,12068.66
3237,744,2023-01-31 00:00:00,Contribution,1151.46
3238,901,2023-11-05 00:00:00,Withdrawal,4009.52
3239,181,2023-10-14 00:00:00,Sell,4326.64
3240,173,2021-07-09 00:00:00,Dividend,2881.61
3241,1231,2020-12-01 00:00:00,Withdrawal,8282.17
3242,1074,2024-04-23 00:00:00,Contribution,2794.77
3243,1053,2021-11-28 00:00:00,Contribution,6393.77
3244,1414,2025-08-03 00:00:00,Buy,17627.48
3245,267,2023-10-24 00:00:00,Buy,11001.58
3246,923,2025-06-23 00:00:00,Sell,11436.43
3247,218,2024-05-15 00:00:00,Contribution,79552.96
3248,1016,2021-01-15 00:00:00,Sell,2048.48
3249,1459,2021-09-22 00:00:00,Sell,7535.54
3250,1491,2021-07-21 00:00:00,Buy,11040.11
3251,302,2023-07-23 00:00:00,Contribution,2907.53
3252,1155,2024-11-23 00:00:00,Buy,2364.13
3253,382,2026-04-28 00:00:00,Rebalance,10241.68
3254,735,2020-07-06 00:00:00,Buy,1038.17
3255,1188,2020-08-14 00:00:00,Withdrawal,13832.06
3256,865,2025-12-18 00:00:00,Contribution,4328.42
3257,486,2025-04-27 00:00:00,Buy,5573.86
3258,379,2020-01-21 00:00:00,Buy,2676.69
3259,348,2024-06-02 00:00:00,Contribution,14323.49
3260,1497,2023-01-30 00:00:00,Sell,6164.42
3261,1172,2025-12-22 00:00:00,Contribution,33723.05
3262,126,2025-04-23 00:00:00,Sell,12900.19
3263,818,2023-09-06 00:00:00,Buy,2906.68
3264,333,2022-08-06 00:00:00,Buy,9225.26
3265,696,2022-10-23 00:00:00,Sell,1795.89
3266,756,2020-04-27 00:00:00,Sell,12329.77
3267,1212,2021-06-01 00:00:00,Contribution,9854.69
3268,1046,2025-04-01 00:00:00,Buy,7584.98
3269,58,2021-12-16 00:00:00,Sell,5641.12
3270,1416,2021-01-20 00:00:00,Buy,6455.15
3271,941,2020-07-19 00:00:00,Buy,6078.27
3272,968,2021-12-15 00:00:00,Contribution,21257.56
3273,983,2024-02-11 00:00:00,Sell,10278.38
3274,423,2021-04-08 00:00:00,Sell,251.72
3275,199,2020-11-25 00:00:00,Buy,2661.15
3276,1384,2020-07-25 00:00:00,Dividend,10798.12
3277,918,2020-02-29 00:00:00,Contribution,8505.06
3278,24,2021-09-02 00:00:00,Sell,6710.63
3279,584,2022-02-19 00:00:00,Rebalance,2842.91
3280,1393,2025-07-18 00:00:00,Rebalance,19419.18
3281,793,2020-10-02 00:00:00,Rebalance,3235.4
3282,923,2020-01-02 00:00:00,Contribution,3325.22
3283,1277,2020-05-31 00:00:00,Contribution,1668.33
3284,1432,2026-02-26 00:00:00,Buy,13506.78
3285,43,2021-04-21 00:00:00,Sell,4441.52
3286,957,2025-01-07 00:00:00,Contribution,714.96
3287,951,2021-12-25 00:00:00,Buy,2105.88
3288,934,2025-01-25 00:00:00,Buy,7301.21
3289,1263,2023-06-22 00:00:00,Buy,4860.47
3290,890,2020-08-18 00:00:00,Contribution,8962.38
3291,929,2022-06-24 00:00:00,Buy,32504.12
3292,244,2022-11-15 00:00:00,Dividend,10717.03
3293,1441,2025-01-07 00:00:00,Buy,9380.05
3294,455,2025-07-20 00:00:00,Buy,18557.14
3295,63,2024-10-18 00:00:00,Dividend,7606.24
3296,1078,2023-12-02 00:00:00,Withdrawal,9619.24
3297,526,2021-11-18 00:00:00,Buy,3356.4
3298,73,2021-07-03 00:00:00,Buy,1765.53
3299,1356,2022-05-10 00:00:00,Rebalance,28831.83
3300,825,2025-05-10 00:00:00,Buy,2673.59
3301,1076,2023-02-17 00:00:00,Sell,12145.75
3302,410,2023-03-09 00:00:00,Withdrawal,2146.08
3303,298,2022-04-26 00:00:00,Buy,11283.21
3304,326,2024-10-20 00:00:00,Rebalance,1279.25
3305,1159,2024-02-23 00:00:00,Withdrawal,7854.65
3306,499,2024-08-27 00:00:00,Rebalance,2556.24
3307,509,2026-01-31 00:00:00,Contribution,23118.96
3308,1069,2021-06-24 00:00:00,Sell,160062.56
3309,110,2020-08-28 00:00:00,Contribution,10974.95
3310,1325,2025-07-16 00:00:00,Buy,23065.02
3311,16,2023-01-19 00:00:00,Sell,4275.29
3312,912,2024-07-07 00:00:00,Contribution,9320.33
3313,1295,2020-03-04 00:00:00,Buy,3867.49
3314,45,2020-11-16 00:00:00,Buy,579.56
3315,383,2023-12-04 00:00:00,Contribution,6349.87
3316,1260,2023-11-26 00:00:00,Dividend,4327.44
3317,114,2025-05-21 00:00:00,Rebalance,6461.8
3318,274,2021-06-01 00:00:00,Buy,6307.14
3319,742,2025-02-08 00:00:00,Withdrawal,12144.98
3320,261,2024-04-28 00:00:00,Withdrawal,1438.86
3321,1012,2023-02-26 00:00:00,Buy,3026.96
3322,458,2024-10-09 00:00:00,Buy,34041.71
3323,657,2022-02-10 00:00:00,Buy,2016.69
3324,1234,2020-06-04 00:00:00,Withdrawal,2051.69
3325,892,2020-11-28 00:00:00,Buy,2119.48
3326,850,2020-02-12 00:00:00,Buy,708.48
3327,464,2021-06-21 00:00:00,Contribution,21142.12
3328,1180,2021-09-15 00:00:00,Contribution,7273.53
3329,404,2024-04-14 00:00:00,Dividend,13385.08
3330,1484,2021-04-17 00:00:00,Dividend,1229.19
3331,823,2022-09-04 00:00:00,Buy,2995.2
3332,1037,2023-01-09 00:00:00,Withdrawal,6298.75
3333,368,2023-09-01 00:00:00,Withdrawal,722.12
3334,1414,2021-06-24 00:00:00,Buy,5191.59
3335,311,2020-12-04 00:00:00,Withdrawal,17293.17
3336,464,2024-06-22 00:00:00,Rebalance,1600.34
3337,995,2023-05-13 00:00:00,Buy,2190.45
3338,520,2024-11-28 00:00:00,Buy,1023.57
3339,707,2020-02-27 00:00:00,Buy,26831.28
3340,85,2022-11-08 00:00:00,Sell,4581.31
3341,141,2022-02-18 00:00:00,Buy,3583.69
3342,531,2021-05-30 00:00:00,Buy,3631.94
3343,366,2025-03-10 00:00:00,Contribution,19246.06
3344,246,2021-05-30 00:00:00,Buy,3140.75
3345,530,2021-10-19 00:00:00,Buy,8006.51
3346,908,2023-05-26 00:00:00,Buy,2123.15
3347,1495,2025-04-08 00:00:00,Buy,3069.47
3348,1186,2020-05-16 00:00:00,Buy,1055.52
3349,133,2025-03-19 00:00:00,Buy,9755.44
3350,1252,2021-05-08 00:00:00,Sell,14185.15
3351,811,2022-10-28 00:00:00,Sell,5749.79
3352,1115,2022-02-16 00:00:00,Buy,1127.26
3353,397,2023-10-29 00:00:00,Rebalance,866.57
3354,573,2024-12-07 00:00:00,Sell,2077.72
3355,1213,2022-03-06 00:00:00,Withdrawal,19702.58
3356,1094,2022-03-10 00:00:00,Withdrawal,18012.2
3357,765,2024-06-15 00:00:00,Buy,106191.92
3358,1027,2025-05-09 00:00:00,Contribution,2321.16
3359,26,2026-02-18 00:00:00,Buy,2888.06
3360,3,2021-09-20 00:00:00,Buy,6560.72
3361,419,2023-06-23 00:00:00,Buy,7594.56
3362,1073,2020-02-26 00:00:00,Rebalance,26354.65
3363,473,2020-07-04 00:00:00,Buy,3373.79
3364,606,2024-02-26 00:00:00,Buy,1937.54
3365,1107,2022-02-13 00:00:00,Withdrawal,67548.76
3366,961,2025-01-01 00:00:00,Buy,30986.69
3367,1137,2020-05-19 00:00:00,Buy,10582.4
3368,1436,2023-03-26 00:00:00,Buy,34295.1
3369,782,2023-06-21 00:00:00,Sell,6345.32
3370,1436,2024-01-29 00:00:00,Buy,17381.76
3371,119,2024-08-30 00:00:00,Buy,12304.82
3372,378,2021-08-22 00:00:00,Contribution,14916.67
3373,156,2020-03-24 00:00:00,Dividend,768.61
3374,1306,2020-08-11 00:00:00,Buy,6112.89
3375,1092,2020-05-18 00:00:00,Withdrawal,3732.4
3376,51,2023-06-20 00:00:00,Sell,3367.94
3377,1294,2020-01-27 00:00:00,Buy,4074.3
3378,1319,2022-04-05 00:00:00,Rebalance,1781.05
3379,400,2025-02-03 00:00:00,Withdrawal,15798.35
3380,1035,2025-07-27 00:00:00,Dividend,8411.71
3381,264,2021-04-14 00:00:00,Buy,7133.98
3382,434,2020-09-10 00:00:00,Contribution,8770.77
3383,549,2020-09-29 00:00:00,Sell,14002.5
3384,1370,2022-03-12 00:00:00,Rebalance,10737.03
3385,1352,2023-11-18 00:00:00,Dividend,2265.36
3386,765,2023-07-07 00:00:00,Withdrawal,14923.67
3387,552,2022-02-13 00:00:00,Withdrawal,3271.06
3388,837,2025-05-25 00:00:00,Withdrawal,2118.82
3389,376,2021-01-03 00:00:00,Buy,11271.86
3390,61,2020-09-14 00:00:00,Buy,6226.93
3391,1141,2026-04-08 00:00:00,Withdrawal,7513.09
3392,20,2022-04-03 00:00:00,Contribution,23219.59
3393,1014,2020-06-15 00:00:00,Withdrawal,13388.46
3394,565,2020-02-05 00:00:00,Contribution,2743.38
3395,363,2025-06-20 00:00:00,Withdrawal,2761.31
3396,1293,2023-07-15 00:00:00,Buy,7561.98
3397,383,2022-03-14 00:00:00,Buy,3594.52
3398,1025,2020-05-23 00:00:00,Sell,4237.28
3399,1179,2021-12-16 00:00:00,Buy,2491.86
3400,15,2023-06-05 00:00:00,Rebalance,1196.26
3401,854,2021-07-16 00:00:00,Contribution,9697.84
3402,745,2026-04-07 00:00:00,Buy,29117.52
3403,44,2022-11-03 00:00:00,Contribution,3702.93
3404,1109,2020-09-06 00:00:00,Buy,5248.1
3405,861,2024-05-22 00:00:00,Buy,2177.11
3406,1125,2022-01-01 00:00:00,Contribution,7938.76
3407,982,2020-07-14 00:00:00,Buy,7417.23
3408,215,2021-05-23 00:00:00,Withdrawal,5855.07
3409,306,2024-01-24 00:00:00,Sell,4116.71
3410,525,2020-03-08 00:00:00,Sell,8399.22
3411,1380,2021-10-20 00:00:00,Sell,1898.25
3412,504,2024-05-14 00:00:00,Buy,4648.6
3413,725,2026-04-14 00:00:00,Sell,21369.89
3414,181,2023-07-26 00:00:00,Buy,3194.34
3415,1408,2024-05-30 00:00:00,Buy,45913.27
3416,1059,2022-06-28 00:00:00,Buy,1440.53
3417,833,2020-03-19 00:00:00,Withdrawal,2614.13
3418,486,2021-08-04 00:00:00,Contribution,8914.73
3419,1036,2020-04-15 00:00:00,Dividend,9116.86
3420,1199,2020-04-26 00:00:00,Withdrawal,1050.13
3421,1119,2022-02-16 00:00:00,Buy,1104.08
3422,1163,2025-11-24 00:00:00,Buy,16849.29
3423,51,2023-09-19 00:00:00,Buy,3604.79
3424,911,2026-04-17 00:00:00,Sell,1860.77
3425,406,2021-01-12 00:00:00,Buy,17196.05
3426,579,2023-12-17 00:00:00,Buy,6134.15
3427,1129,2023-06-16 00:00:00,Contribution,4301.65
3428,89,2020-07-14 00:00:00,Sell,9244.82
3429,1071,2022-05-23 00:00:00,Dividend,13473.9
3430,889,2025-08-17 00:00:00,Sell,2793.21
3431,656,2024-05-08 00:00:00,Withdrawal,19528.7
3432,66,2024-11-03 00:00:00,Sell,5403.23
3433,1462,2021-06-02 00:00:00,Dividend,4301.01
3434,455,2024-07-29 00:00:00,Contribution,6469.82
3435,442,2025-04-25 00:00:00,Withdrawal,2225.36
3436,762,2020-01-28 00:00:00,Buy,4042.87
3437,719,2025-09-26 00:00:00,Buy,3631.74
3438,1001,2020-11-11 00:00:00,Contribution,5312.95
3439,385,2025-11-04 00:00:00,Buy,12472.76
3440,425,2021-12-02 00:00:00,Buy,1123.31
3441,455,2020-03-01 00:00:00,Withdrawal,1682.22
3442,650,2024-04-20 00:00:00,Contribution,16627.54
3443,754,2020-10-28 00:00:00,Buy,27563.22
3444,613,2022-09-06 00:00:00,Buy,20061.11
3445,33,2025-05-11 00:00:00,Contribution,9832.67
3446,949,2025-10-29 00:00:00,Withdrawal,3045.25
3447,1240,2026-02-01 00:00:00,Rebalance,2503.83
3448,85,2023-06-14 00:00:00,Buy,19185.47
3449,286,2021-12-21 00:00:00,Sell,2326.94
3450,161,2023-08-19 00:00:00,Buy,2553.28
3451,3,2022-07-05 00:00:00,Buy,6454.47
3452,338,2024-11-23 00:00:00,Buy,6423.01
3453,1292,2020-06-01 00:00:00,Buy,6295.47
3454,44,2024-04-18 00:00:00,Buy,2927.29
3455,141,2025-01-30 00:00:00,Rebalance,6474.65
3456,431,2022-05-26 00:00:00,Buy,5909.99
3457,902,2024-10-03 00:00:00,Buy,2303.18
3458,324,2025-10-21 00:00:00,Withdrawal,1680.43
3459,823,2025-05-10 00:00:00,Rebalance,6081.86
3460,1459,2024-02-23 00:00:00,Dividend,2801.01
3461,215,2022-11-19 00:00:00,Sell,8393.58
3462,1023,2023-12-07 00:00:00,Dividend,6996.68
3463,278,2020-01-28 00:00:00,Sell,5793.09
3464,55,2024-02-08 00:00:00,Contribution,2796.44
3465,1215,2024-02-12 00:00:00,Buy,6153.48
3466,848,2022-05-28 00:00:00,Sell,11637.45
3467,1195,2024-06-22 00:00:00,Withdrawal,2797.39
3468,1169,2024-02-04 00:00:00,Buy,8445.66
3469,312,2022-01-27 00:00:00,Buy,16078.96
3470,251,2023-11-09 00:00:00,Buy,12117.46
3471,1118,2020-07-14 00:00:00,Buy,3262.04
3472,1345,2023-10-21 00:00:00,Buy,8650.28
3473,1489,2025-06-15 00:00:00,Rebalance,2612.1
3474,499,2023-03-11 00:00:00,Sell,5141.38
3475,898,2026-05-24 00:00:00,Dividend,5376.73
3476,726,2020-01-10 00:00:00,Contribution,2218.63
3477,1134,2024-02-16 00:00:00,Rebalance,2433.32
3478,1316,2025-10-22 00:00:00,Sell,6163.78
3479,1413,2024-05-14 00:00:00,Sell,2204.35
3480,193,2023-11-11 00:00:00,Sell,36848.12
3481,446,2022-05-11 00:00:00,Buy,25634.36
3482,1091,2022-04-01 00:00:00,Sell,8166.25
3483,1203,2020-01-15 00:00:00,Dividend,13662.78
3484,1319,2024-07-30 00:00:00,Withdrawal,6272.94
3485,378,2021-01-25 00:00:00,Dividend,1713.39
3486,1127,2023-10-20 00:00:00,Buy,17073.13
3487,627,2023-12-23 00:00:00,Sell,11437.05
3488,1212,2025-09-23 00:00:00,Rebalance,33781.84
3489,525,2024-07-10 00:00:00,Buy,7042.55
3490,38,2021-01-21 00:00:00,Contribution,2147.97
3491,1205,2024-12-07 00:00:00,Sell,7634.74
3492,724,2023-04-13 00:00:00,Buy,6251.84
3493,527,2025-03-29 00:00:00,Contribution,19582.98
3494,1127,2022-09-29 00:00:00,Buy,10588.1
3495,740,2020-05-08 00:00:00,Dividend,7988.4
3496,261,2022-08-24 00:00:00,Rebalance,13187.11
3497,1273,2026-03-02 00:00:00,Withdrawal,6845.92
3498,349,2022-08-05 00:00:00,Buy,8907.13
3499,975,2022-05-10 00:00:00,Buy,7924.54
3500,915,2024-08-11 00:00:00,Buy,6921.66
3501,670,2021-09-15 00:00:00,Contribution,877.46
3502,104,2021-07-08 00:00:00,Buy,5308.73
3503,1148,2021-12-12 00:00:00,Contribution,6850.37
3504,898,2022-02-18 00:00:00,Buy,2711.73
3505,191,2024-04-06 00:00:00,Contribution,2274.88
3506,139,2022-01-16 00:00:00,Buy,8314.44
3507,548,2021-01-09 00:00:00,Sell,2145.66
3508,472,2023-09-03 00:00:00,Buy,1786.93
3509,346,2025-11-03 00:00:00,Buy,6480.59
3510,1378,2021-10-07 00:00:00,Buy,1990.05
3511,155,2020-12-09 00:00:00,Buy,9132.58
3512,765,2024-03-20 00:00:00,Buy,4085.87
3513,372,2024-08-04 00:00:00,Buy,4580.02
3514,935,2025-03-16 00:00:00,Contribution,6821.32
3515,525,2025-11-15 00:00:00,Withdrawal,1734.55
3516,580,2021-06-16 00:00:00,Buy,2844.75
3517,1442,2024-01-28 00:00:00,Buy,2040.58
3518,49,2023-10-05 00:00:00,Contribution,1497.74
3519,996,2026-02-04 00:00:00,Contribution,3086.16
3520,606,2021-07-01 00:00:00,Buy,24172.06
3521,636,2023-05-10 00:00:00,Buy,10637.3
3522,587,2021-06-30 00:00:00,Buy,6895.3
3523,1438,2020-03-11 00:00:00,Buy,8161.84
3524,384,2026-05-29 00:00:00,Buy,46223.84
3525,620,2021-12-16 00:00:00,Rebalance,21706.51
3526,1053,2025-08-26 00:00:00,Buy,3625.31
3527,24,2020-07-31 00:00:00,Buy,16391.83
3528,770,2023-12-05 00:00:00,Sell,5931.27
3529,719,2022-05-04 00:00:00,Buy,18570.31
3530,882,2021-01-01 00:00:00,Sell,5067.16
3531,76,2022-01-27 00:00:00,Withdrawal,2896.4
3532,28,2021-02-07 00:00:00,Rebalance,4284.3
3533,1248,2020-12-18 00:00:00,Rebalance,3361.42
3534,13,2025-01-17 00:00:00,Sell,11696.31
3535,782,2022-08-10 00:00:00,Buy,2793.05
3536,435,2022-08-29 00:00:00,Sell,11766.15
3537,467,2022-03-20 00:00:00,Sell,12646.7
3538,50,2023-12-13 00:00:00,Sell,1255.04
3539,976,2026-05-04 00:00:00,Contribution,2910.32
3540,1175,2023-08-20 00:00:00,Rebalance,12874.92
3541,1322,2021-04-17 00:00:00,Buy,1482.43
3542,1281,2025-12-22 00:00:00,Dividend,1933.06
3543,1374,2022-06-07 00:00:00,Withdrawal,9440.97
3544,254,2025-07-12 00:00:00,Dividend,5483.01
3545,628,2020-02-09 00:00:00,Dividend,1121.67
3546,408,2025-02-01 00:00:00,Buy,13302.61
3547,110,2021-08-24 00:00:00,Sell,591.86
3548,183,2024-09-04 00:00:00,Sell,5942.95
3549,669,2023-11-20 00:00:00,Dividend,7915.3
3550,1125,2025-12-09 00:00:00,Dividend,18446.46
3551,987,2022-10-04 00:00:00,Dividend,4542.31
3552,1369,2025-05-23 00:00:00,Dividend,11357.5
3553,174,2024-08-31 00:00:00,Dividend,3245.48
3554,528,2022-04-06 00:00:00,Rebalance,48401.36
3555,147,2024-11-21 00:00:00,Contribution,6555.99
3556,1418,2020-12-01 00:00:00,Rebalance,6141.1
3557,363,2025-03-22 00:00:00,Dividend,1964.27
3558,270,2021-09-18 00:00:00,Sell,7745.05
3559,399,2024-07-04 00:00:00,Contribution,35952.81
3560,1056,2021-08-24 00:00:00,Sell,3664.04
3561,744,2021-09-11 00:00:00,Buy,4220.89
3562,1430,2020-11-20 00:00:00,Buy,759.33
3563,1238,2022-08-16 00:00:00,Buy,2148.22
3564,1485,2020-12-15 00:00:00,Withdrawal,1799.94
3565,12,2026-02-13 00:00:00,Sell,1349.92
3566,1423,2024-06-04 00:00:00,Buy,6981.67
3567,27,2020-06-10 00:00:00,Withdrawal,4321.78
3568,418,2026-05-10 00:00:00,Contribution,7705.35
3569,1155,2025-03-22 00:00:00,Buy,24794.48
3570,553,2020-07-02 00:00:00,Rebalance,10795.37
3571,1385,2023-04-16 00:00:00,Dividend,4533.31
3572,1118,2020-03-05 00:00:00,Rebalance,14433.7
3573,128,2024-06-23 00:00:00,Buy,40369.73
3574,1259,2020-10-19 00:00:00,Dividend,4801.67
3575,798,2023-03-24 00:00:00,Buy,16517.4
3576,291,2021-05-18 00:00:00,Sell,5441.37
3577,222,2023-11-21 00:00:00,Buy,1430.64
3578,695,2020-12-02 00:00:00,Sell,6583.38
3579,545,2021-01-27 00:00:00,Buy,29540.19
3580,275,2020-07-21 00:00:00,Rebalance,35802.19
3581,983,2023-04-23 00:00:00,Rebalance,11267.18
3582,1053,2021-01-10 00:00:00,Withdrawal,5672.37
3583,273,2024-04-15 00:00:00,Contribution,5760.99
3584,1323,2022-05-17 00:00:00,Buy,9167.58
3585,1076,2020-10-13 00:00:00,Dividend,7012.11
3586,1163,2025-09-27 00:00:00,Buy,5720.61
3587,991,2022-06-20 00:00:00,Sell,1929.08
3588,978,2025-07-14 00:00:00,Sell,35855
3589,1340,2025-03-14 00:00:00,Buy,6036.71
3590,951,2025-05-12 00:00:00,Buy,15750.43
3591,735,2022-03-12 00:00:00,Buy,19664.09
3592,186,2026-03-25 00:00:00,Contribution,7960.48
3593,402,2023-03-20 00:00:00,Rebalance,3357.8
3594,898,2023-01-23 00:00:00,Buy,13651.95
3595,804,2023-05-21 00:00:00,Sell,10266.82
3596,1382,2026-04-24 00:00:00,Buy,2102.1
3597,320,2026-05-16 00:00:00,Buy,11211.83
3598,60,2025-03-19 00:00:00,Dividend,6022.46
3599,94,2026-02-24 00:00:00,Withdrawal,1369.09
3600,1033,2024-07-30 00:00:00,Sell,5504.21
3601,553,2024-03-07 00:00:00,Contribution,4328.18
3602,1279,2023-03-08 00:00:00,Rebalance,3998.56
3603,888,2024-05-16 00:00:00,Rebalance,1632.54
3604,170,2020-09-04 00:00:00,Dividend,13340.16
3605,1237,2022-06-29 00:00:00,Sell,9362.67
3606,86,2022-06-10 00:00:00,Buy,5859.1
3607,1437,2022-04-24 00:00:00,Buy,11509.07
3608,1154,2021-09-21 00:00:00,Contribution,9663.22
3609,317,2022-04-26 00:00:00,Buy,12734.25
3610,1061,2024-12-21 00:00:00,Withdrawal,2183.05
3611,1271,2026-01-30 00:00:00,Sell,1639.38
3612,944,2024-03-09 00:00:00,Buy,5752.32
3613,106,2023-05-01 00:00:00,Buy,13635.82
3614,967,2023-03-25 00:00:00,Contribution,6493.91
3615,1048,2021-06-02 00:00:00,Buy,8922.17
3616,7,2026-05-17 00:00:00,Sell,2225.03
3617,886,2023-08-08 00:00:00,Sell,1023.44
3618,597,2023-05-01 00:00:00,Buy,4421.02
3619,659,2024-10-06 00:00:00,Contribution,3031.77
3620,446,2020-04-26 00:00:00,Contribution,2874.26
3621,491,2021-05-30 00:00:00,Dividend,12685.76
3622,1195,2020-07-31 00:00:00,Buy,33448.61
3623,1236,2021-08-13 00:00:00,Buy,3624.35
3624,857,2024-07-12 00:00:00,Sell,1797.4
3625,689,2023-07-21 00:00:00,Buy,3506.31
3626,147,2020-06-11 00:00:00,Dividend,30536.35
3627,1008,2021-09-08 00:00:00,Sell,42889.48
3628,526,2020-04-20 00:00:00,Contribution,14383.14
3629,292,2024-05-09 00:00:00,Sell,16551.18
3630,349,2024-11-15 00:00:00,Buy,5180.16
3631,369,2021-02-23 00:00:00,Sell,2738.49
3632,158,2020-04-19 00:00:00,Dividend,2404.8
3633,985,2024-01-20 00:00:00,Buy,28229.33
3634,613,2022-06-20 00:00:00,Rebalance,7776.48
3635,1306,2025-12-09 00:00:00,Dividend,2270.78
3636,84,2021-11-18 00:00:00,Dividend,1976.24
3637,532,2025-07-11 00:00:00,Contribution,7178.89
3638,1238,2020-01-24 00:00:00,Contribution,2609
3639,1290,2020-12-10 00:00:00,Rebalance,29071.99
3640,982,2024-03-29 00:00:00,Buy,12686.24
3641,1253,2026-02-11 00:00:00,Sell,1281.19
3642,1012,2021-02-17 00:00:00,Buy,7724.84
3643,1045,2025-06-26 00:00:00,Withdrawal,2622.59
3644,64,2020-04-25 00:00:00,Contribution,20063.83
3645,838,2022-01-23 00:00:00,Sell,5382.26
3646,1262,2020-07-26 00:00:00,Sell,720.69
3647,1217,2024-06-14 00:00:00,Buy,15690.74
3648,1431,2026-05-14 00:00:00,Withdrawal,6400.14
3649,412,2022-11-10 00:00:00,Contribution,10440.27
3650,22,2021-09-09 00:00:00,Buy,2920.44
3651,854,2024-10-07 00:00:00,Contribution,7525.87
3652,776,2022-10-10 00:00:00,Buy,2288.93
3653,571,2026-04-30 00:00:00,Contribution,17334.54
3654,709,2020-03-17 00:00:00,Sell,11440.44
3655,506,2024-09-07 00:00:00,Rebalance,11535.83
3656,1115,2020-03-03 00:00:00,Buy,6475.55
3657,752,2020-04-01 00:00:00,Buy,15604.13
3658,1066,2025-08-06 00:00:00,Contribution,34326.3
3659,455,2023-03-25 00:00:00,Contribution,7922.12
3660,311,2020-02-27 00:00:00,Dividend,8450.84
3661,1004,2021-08-12 00:00:00,Buy,6205.09
3662,1026,2023-09-16 00:00:00,Sell,2530.97
3663,162,2022-02-01 00:00:00,Buy,7207.24
3664,676,2024-10-01 00:00:00,Contribution,1398.34
3665,990,2023-11-16 00:00:00,Sell,765.89
3666,1324,2025-08-04 00:00:00,Contribution,20599.83
3667,507,2020-05-17 00:00:00,Buy,5845.78
3668,1467,2023-07-04 00:00:00,Sell,3222.46
3669,504,2021-06-12 00:00:00,Sell,1780.83
3670,1481,2021-10-04 00:00:00,Withdrawal,6825.01
3671,250,2022-10-20 00:00:00,Withdrawal,2791.05
3672,961,2025-11-09 00:00:00,Buy,4335.9
3673,38,2024-08-14 00:00:00,Buy,940.52
3674,10,2024-04-14 00:00:00,Rebalance,8739.49
3675,282,2022-01-07 00:00:00,Rebalance,6838.3
3676,544,2023-05-15 00:00:00,Sell,3047.17
3677,956,2026-01-19 00:00:00,Rebalance,3799.55
3678,11,2024-07-01 00:00:00,Buy,1065.53
3679,505,2021-09-02 00:00:00,Contribution,7786.81
3680,180,2020-11-22 00:00:00,Sell,8081.16
3681,168,2022-10-01 00:00:00,Dividend,4077.05
3682,1018,2022-11-07 00:00:00,Buy,7733.9
3683,148,2022-01-11 00:00:00,Sell,8299.51
3684,1032,2025-10-02 00:00:00,Sell,9612.92
3685,427,2023-12-18 00:00:00,Buy,2069.63
3686,1340,2021-08-03 00:00:00,Sell,1810.37
3687,1177,2020-08-15 00:00:00,Rebalance,5391.61
3688,195,2021-09-13 00:00:00,Contribution,4796.81
3689,661,2021-12-26 00:00:00,Rebalance,15356.98
3690,851,2026-01-28 00:00:00,Buy,4225.27
3691,9,2023-03-06 00:00:00,Contribution,3664.13
3692,874,2024-04-09 00:00:00,Withdrawal,10021.69
3693,896,2023-12-03 00:00:00,Buy,28719.15
3694,1463,2022-10-02 00:00:00,Contribution,4626.25
3695,1024,2025-10-15 00:00:00,Sell,17033.56
3696,300,2024-05-13 00:00:00,Buy,1767.54
3697,255,2023-02-27 00:00:00,Buy,16429.98
3698,990,2020-02-07 00:00:00,Buy,2696.57
3699,1420,2024-06-19 00:00:00,Sell,1858.25
3700,503,2025-11-15 00:00:00,Contribution,870.55
3701,1426,2021-04-25 00:00:00,Sell,99120.59
3702,1067,2023-03-26 00:00:00,Buy,8099.13
3703,1051,2022-08-31 00:00:00,Contribution,2046.86
3704,66,2023-05-01 00:00:00,Rebalance,666.59
3705,1495,2022-12-01 00:00:00,Withdrawal,11480.81
3706,544,2022-05-10 00:00:00,Buy,11414.71
3707,42,2022-08-18 00:00:00,Sell,15423.36
3708,406,2023-01-30 00:00:00,Sell,19438.82
3709,791,2021-03-14 00:00:00,Buy,3214.93
3710,1257,2025-12-20 00:00:00,Withdrawal,2951.17
3711,1357,2025-09-23 00:00:00,Contribution,1438.61
3712,778,2022-03-08 00:00:00,Buy,3071.57
3713,1049,2022-03-07 00:00:00,Buy,1952.61
3714,1326,2021-01-26 00:00:00,Sell,68819.38
3715,158,2023-06-17 00:00:00,Buy,5373.44
3716,1139,2023-01-21 00:00:00,Buy,3777.48
3717,1471,2022-03-06 00:00:00,Contribution,7263.28
3718,755,2023-11-22 00:00:00,Contribution,7637.23
3719,127,2023-04-15 00:00:00,Sell,14065.48
3720,595,2023-03-14 00:00:00,Sell,7327.2
3721,395,2025-01-22 00:00:00,Buy,5844.08
3722,517,2025-03-07 00:00:00,Rebalance,2804.98
3723,1233,2023-03-02 00:00:00,Contribution,38440.27
3724,608,2020-09-24 00:00:00,Rebalance,4163.21
3725,431,2025-07-16 00:00:00,Withdrawal,2985.69
3726,1233,2021-10-15 00:00:00,Buy,3281.55
3727,691,2024-12-21 00:00:00,Buy,3051.12
3728,920,2021-01-14 00:00:00,Buy,26673.42
3729,944,2020-03-15 00:00:00,Buy,11502.53
3730,478,2024-12-20 00:00:00,Buy,2129.68
3731,577,2025-03-23 00:00:00,Contribution,38404.76
3732,330,2020-12-09 00:00:00,Buy,4909.13
3733,223,2023-11-19 00:00:00,Buy,960.27
3734,1467,2023-04-29 00:00:00,Sell,775.51
3735,824,2026-05-31 00:00:00,Sell,4204.1
3736,1004,2025-08-10 00:00:00,Withdrawal,2024.63
3737,1280,2023-07-31 00:00:00,Sell,2160.51
3738,1203,2025-06-29 00:00:00,Sell,8124.51
3739,1425,2024-09-18 00:00:00,Sell,5978.25
3740,588,2024-02-26 00:00:00,Rebalance,983.34
3741,511,2023-05-24 00:00:00,Sell,1893.48
3742,343,2022-04-09 00:00:00,Sell,23251.55
3743,725,2024-02-16 00:00:00,Contribution,7089.84
3744,1493,2025-07-07 00:00:00,Sell,6198.63
3745,136,2024-02-03 00:00:00,Buy,9536.06
3746,613,2021-01-15 00:00:00,Contribution,437.18
3747,1234,2020-04-21 00:00:00,Dividend,27135.57
3748,1176,2020-04-19 00:00:00,Dividend,4219.52
3749,508,2024-03-08 00:00:00,Contribution,6487.5
3750,122,2020-03-21 00:00:00,Withdrawal,6648
3751,580,2025-11-04 00:00:00,Dividend,30207.6
3752,719,2021-09-29 00:00:00,Buy,18206.03
3753,472,2025-01-19 00:00:00,Dividend,3916.4
3754,25,2023-01-08 00:00:00,Rebalance,3342.21
3755,1363,2025-11-20 00:00:00,Contribution,10765.35
3756,462,2025-03-01 00:00:00,Dividend,10123.93
3757,188,2023-08-02 00:00:00,Buy,727.13
3758,265,2020-07-25 00:00:00,Buy,2394.26
3759,186,2022-07-15 00:00:00,Sell,11661.12
3760,1462,2020-09-29 00:00:00,Rebalance,10937.11
3761,901,2025-04-01 00:00:00,Sell,3868.79
3762,1148,2023-07-18 00:00:00,Buy,3194.33
3763,1345,2020-01-07 00:00:00,Rebalance,12087.07
3764,600,2022-07-31 00:00:00,Contribution,2762.04
3765,1484,2024-12-28 00:00:00,Buy,8356.26
3766,1234,2024-02-29 00:00:00,Dividend,14618.25
3767,1259,2020-07-28 00:00:00,Buy,3876.05
3768,478,2020-01-06 00:00:00,Buy,38555.03
3769,148,2020-07-05 00:00:00,Rebalance,2840.6
3770,94,2021-06-21 00:00:00,Rebalance,18110.81
3771,1350,2021-03-26 00:00:00,Rebalance,8100.62
3772,936,2023-03-22 00:00:00,Buy,13274.04
3773,556,2024-07-24 00:00:00,Dividend,6826.66
3774,122,2022-07-22 00:00:00,Contribution,3064.73
3775,58,2025-02-24 00:00:00,Contribution,19137.03
3776,1272,2021-01-01 00:00:00,Sell,4503.58
3777,773,2022-01-14 00:00:00,Buy,9370.85
3778,524,2021-09-03 00:00:00,Withdrawal,7122.07
3779,393,2021-12-20 00:00:00,Sell,8509.28
3780,180,2024-12-04 00:00:00,Buy,24939.93
3781,1442,2022-07-09 00:00:00,Sell,3349.9
3782,1138,2020-02-01 00:00:00,Contribution,1074.7
3783,859,2025-05-02 00:00:00,Sell,1810.44
3784,501,2020-06-08 00:00:00,Dividend,5902.09
3785,39,2024-05-02 00:00:00,Dividend,2592.22
3786,178,2022-12-25 00:00:00,Buy,961.28
3787,464,2023-06-28 00:00:00,Buy,21357.58
3788,1154,2020-06-13 00:00:00,Sell,9564.25
3789,124,2020-08-07 00:00:00,Withdrawal,5266.3
3790,136,2025-03-07 00:00:00,Sell,4758.88
3791,1110,2023-06-18 00:00:00,Sell,1457.18
3792,962,2022-02-07 00:00:00,Withdrawal,5316.69
3793,416,2020-01-22 00:00:00,Buy,8185.91
3794,161,2020-12-16 00:00:00,Contribution,11457.82
3795,728,2025-07-26 00:00:00,Rebalance,5426.82
3796,881,2024-04-08 00:00:00,Withdrawal,20969.59
3797,137,2024-12-10 00:00:00,Buy,3624.53
3798,1192,2020-12-07 00:00:00,Sell,553.86
3799,807,2023-08-03 00:00:00,Dividend,4980.08
3800,465,2025-03-03 00:00:00,Buy,1171.15
3801,1313,2024-06-28 00:00:00,Buy,2163.79
3802,1135,2024-05-28 00:00:00,Buy,3563.43
3803,1355,2025-10-24 00:00:00,Buy,25862.01
3804,1360,2024-11-24 00:00:00,Rebalance,2566.81
3805,173,2021-08-14 00:00:00,Contribution,1980.78
3806,1420,2021-05-22 00:00:00,Buy,4013.19
3807,55,2022-06-27 00:00:00,Dividend,3175.26
3808,389,2020-11-26 00:00:00,Buy,1585.05
3809,370,2021-11-04 00:00:00,Buy,1877.11
3810,748,2020-10-08 00:00:00,Rebalance,5999.75
3811,701,2020-03-08 00:00:00,Contribution,15856.56
3812,87,2025-05-21 00:00:00,Withdrawal,3538.87
3813,164,2024-10-17 00:00:00,Sell,10569.6
3814,523,2024-02-07 00:00:00,Buy,3634.11
3815,75,2025-04-29 00:00:00,Rebalance,22072.11
3816,772,2024-03-31 00:00:00,Withdrawal,2910.58
3817,1215,2025-08-26 00:00:00,Contribution,1231.49
3818,527,2024-12-22 00:00:00,Rebalance,1843.98
3819,489,2020-06-13 00:00:00,Contribution,2188.57
3820,964,2022-04-06 00:00:00,Contribution,756.62
3821,346,2020-08-11 00:00:00,Buy,21481.76
3822,605,2024-09-20 00:00:00,Rebalance,16143
3823,699,2024-04-16 00:00:00,Buy,1337.57
3824,768,2022-06-12 00:00:00,Sell,1596.46
3825,548,2022-07-21 00:00:00,Buy,8428.03
3826,465,2021-06-02 00:00:00,Buy,32697.5
3827,1293,2022-10-19 00:00:00,Sell,3901.14
3828,1190,2023-10-16 00:00:00,Buy,6083.51
3829,800,2025-09-03 00:00:00,Rebalance,3892.76
3830,944,2024-09-09 00:00:00,Buy,2489.83
3831,148,2021-05-14 00:00:00,Withdrawal,7720.07
3832,329,2021-04-10 00:00:00,Rebalance,4202.74
3833,1262,2024-09-11 00:00:00,Rebalance,9370.84
3834,771,2024-02-05 00:00:00,Rebalance,9486.52
3835,1114,2021-06-17 00:00:00,Withdrawal,12723.58
3836,952,2023-06-17 00:00:00,Sell,4087.11
3837,1132,2021-09-25 00:00:00,Buy,19849.21
3838,989,2020-06-26 00:00:00,Dividend,22680.4
3839,199,2023-12-07 00:00:00,Sell,3942.84
3840,1444,2020-05-02 00:00:00,Rebalance,5702.49
3841,524,2025-08-18 00:00:00,Rebalance,9799.4
3842,765,2023-07-29 00:00:00,Buy,32960.8
3843,311,2022-01-18 00:00:00,Withdrawal,5107.19
3844,80,2025-06-12 00:00:00,Buy,4020.01
3845,104,2024-05-29 00:00:00,Dividend,8314.38
3846,1486,2021-06-30 00:00:00,Sell,3834.42
3847,652,2021-08-26 00:00:00,Rebalance,51149.97
3848,504,2025-06-11 00:00:00,Withdrawal,7827.25
3849,1174,2026-04-02 00:00:00,Buy,9600.22
3850,490,2022-05-09 00:00:00,Buy,3260.38
3851,1292,2024-01-20 00:00:00,Buy,13476.09
3852,279,2026-04-17 00:00:00,Sell,12128.56
3853,1219,2023-04-18 00:00:00,Buy,7786.55
3854,534,2021-03-15 00:00:00,Sell,23198.76
3855,626,2022-07-15 00:00:00,Contribution,16677.32
3856,1190,2025-09-13 00:00:00,Buy,11527.21
3857,712,2020-03-17 00:00:00,Sell,9885.35
3858,1274,2020-11-28 00:00:00,Buy,3099.24
3859,1148,2020-12-09 00:00:00,Buy,2227.41
3860,756,2021-06-01 00:00:00,Buy,2990.34
3861,1351,2023-04-13 00:00:00,Sell,17196.27
3862,792,2021-10-04 00:00:00,Contribution,15788.41
3863,233,2021-03-02 00:00:00,Sell,12519.68
3864,988,2022-04-05 00:00:00,Rebalance,1868.95
3865,999,2020-07-05 00:00:00,Sell,2397.66
3866,1026,2021-12-26 00:00:00,Dividend,18390.38
3867,520,2025-05-16 00:00:00,Sell,16006.05
3868,972,2025-02-01 00:00:00,Dividend,4437.36
3869,1410,2025-12-22 00:00:00,Contribution,2795.54
3870,564,2025-04-06 00:00:00,Contribution,4127.5
3871,158,2022-07-18 00:00:00,Buy,2469.92
3872,978,2020-01-05 00:00:00,Sell,1289.58
3873,107,2023-04-08 00:00:00,Withdrawal,2087.52
3874,602,2024-09-27 00:00:00,Rebalance,1589.33
3875,414,2022-03-19 00:00:00,Sell,853.65
3876,454,2021-11-16 00:00:00,Rebalance,16332.36
3877,1180,2024-09-03 00:00:00,Buy,35057.97
3878,755,2021-12-07 00:00:00,Buy,7755.4
3879,1325,2021-03-09 00:00:00,Dividend,7602.35
3880,1169,2024-08-27 00:00:00,Sell,19519.99
3881,378,2022-01-16 00:00:00,Buy,2553.91
3882,1373,2024-10-22 00:00:00,Sell,3388.16
3883,669,2022-01-28 00:00:00,Rebalance,2335.7
3884,78,2026-03-02 00:00:00,Buy,19811.96
3885,884,2020-04-06 00:00:00,Rebalance,3144.48
3886,1386,2023-05-04 00:00:00,Buy,2514.56
3887,6,2025-08-30 00:00:00,Dividend,10387.69
3888,1060,2021-08-01 00:00:00,Contribution,3809.64
3889,1078,2021-12-13 00:00:00,Sell,6098.58
3890,1280,2023-01-24 00:00:00,Sell,1777.29
3891,943,2026-04-09 00:00:00,Buy,8621.45
3892,18,2023-01-12 00:00:00,Sell,10248.69
3893,1399,2022-12-20 00:00:00,Contribution,5801.77
3894,680,2024-08-08 00:00:00,Dividend,29305.33
3895,204,2025-11-11 00:00:00,Withdrawal,19821.53
3896,75,2023-04-16 00:00:00,Buy,5879.41
3897,460,2023-11-09 00:00:00,Sell,907.35
3898,439,2025-10-30 00:00:00,Buy,2565.08
3899,575,2023-08-29 00:00:00,Sell,1752.39
3900,294,2023-01-01 00:00:00,Buy,10617.6
3901,1119,2025-10-09 00:00:00,Buy,361.23
3902,1431,2023-07-09 00:00:00,Sell,8976.74
3903,905,2025-07-14 00:00:00,Sell,25798.12
3904,872,2026-02-07 00:00:00,Rebalance,3893.45
3905,870,2020-07-28 00:00:00,Sell,2040.51
3906,1468,2024-12-19 00:00:00,Buy,18735.08
3907,1095,2023-12-19 00:00:00,Contribution,26226.17
3908,738,2021-10-11 00:00:00,Contribution,18039.49
3909,400,2021-09-02 00:00:00,Buy,1228.52
3910,830,2022-10-01 00:00:00,Withdrawal,1121.19
3911,646,2024-10-03 00:00:00,Withdrawal,751.62
3912,1333,2024-08-01 00:00:00,Buy,4094.85
3913,776,2021-06-06 00:00:00,Contribution,10918.81
3914,933,2022-12-17 00:00:00,Dividend,6479.73
3915,1418,2023-11-09 00:00:00,Buy,2255.02
3916,1229,2020-10-20 00:00:00,Contribution,12848.76
3917,700,2025-04-24 00:00:00,Buy,8487.29
3918,1201,2024-09-24 00:00:00,Buy,58429.86
3919,134,2022-05-11 00:00:00,Withdrawal,4951.84
3920,849,2021-10-30 00:00:00,Sell,11546.26
3921,523,2024-03-16 00:00:00,Buy,1406.93
3922,1477,2025-09-29 00:00:00,Dividend,7932.77
3923,956,2022-11-25 00:00:00,Rebalance,4518.38
3924,677,2020-10-14 00:00:00,Sell,21729.46
3925,1269,2024-11-08 00:00:00,Sell,1520.15
3926,15,2024-03-18 00:00:00,Rebalance,1003.84
3927,408,2021-10-09 00:00:00,Withdrawal,6160.39
3928,880,2020-11-15 00:00:00,Dividend,3917.42
3929,292,2024-05-13 00:00:00,Contribution,2861.84
3930,1494,2025-12-14 00:00:00,Buy,3312.87
3931,816,2025-12-18 00:00:00,Buy,1705.38
3932,1122,2022-09-24 00:00:00,Buy,665.7
3933,1090,2021-07-20 00:00:00,Contribution,8124.18
3934,952,2023-12-05 00:00:00,Buy,718.23
3935,1362,2023-05-17 00:00:00,Buy,1835.1
3936,69,2022-06-25 00:00:00,Dividend,6439.64
3937,186,2022-09-06 00:00:00,Sell,21705.91
3938,103,2020-12-22 00:00:00,Withdrawal,28834.95
3939,718,2024-07-05 00:00:00,Sell,11179.55
3940,943,2024-01-09 00:00:00,Contribution,8045.54
3941,707,2025-04-12 00:00:00,Sell,3633.93
3942,638,2021-12-25 00:00:00,Sell,9600.27
3943,469,2023-03-09 00:00:00,Sell,7444.01
3944,1062,2024-01-06 00:00:00,Rebalance,16086.38
3945,884,2022-05-22 00:00:00,Contribution,3244.19
3946,165,2021-06-04 00:00:00,Buy,4241.93
3947,419,2021-10-21 00:00:00,Buy,2057.78
3948,68,2024-04-22 00:00:00,Sell,2056.98
3949,1176,2021-02-02 00:00:00,Sell,4748.9
3950,498,2024-04-06 00:00:00,Contribution,6151.65
3951,1387,2021-01-22 00:00:00,Sell,9879.41
3952,179,2022-07-09 00:00:00,Dividend,2285.26
3953,215,2022-03-06 00:00:00,Sell,18053.71
3954,1500,2022-05-21 00:00:00,Dividend,42833.46
3955,119,2024-05-19 00:00:00,Sell,26272.8
3956,23,2021-06-25 00:00:00,Buy,4463.75
3957,861,2021-08-30 00:00:00,Sell,12990.16
3958,631,2024-09-06 00:00:00,Contribution,1745.05
3959,443,2023-06-19 00:00:00,Sell,15961.82
3960,413,2020-03-26 00:00:00,Sell,17405.82
3961,415,2020-03-27 00:00:00,Sell,28338.6
3962,606,2021-01-29 00:00:00,Rebalance,7074.19
3963,1083,2022-11-07 00:00:00,Withdrawal,43843.35
3964,204,2022-06-20 00:00:00,Sell,3106.75
3965,399,2023-05-24 00:00:00,Withdrawal,2132.49
3966,1026,2023-11-05 00:00:00,Sell,6331.46
3967,906,2023-04-19 00:00:00,Withdrawal,5609.84
3968,1344,2021-03-26 00:00:00,Buy,1980.15
3969,1321,2020-05-01 00:00:00,Contribution,7833.94
3970,793,2024-10-18 00:00:00,Buy,6527.27
3971,928,2022-12-08 00:00:00,Sell,20332.17
3972,83,2023-06-12 00:00:00,Sell,5362.75
3973,1484,2025-03-19 00:00:00,Contribution,494.93
3974,557,2020-11-23 00:00:00,Sell,3776.84
3975,1300,2025-08-19 00:00:00,Buy,18653.57
3976,379,2020-12-04 00:00:00,Rebalance,5804.44
3977,951,2020-06-08 00:00:00,Contribution,23335.83
3978,621,2026-03-03 00:00:00,Sell,7624.54
3979,508,2022-06-23 00:00:00,Buy,752.23
3980,648,2025-10-01 00:00:00,Dividend,19192.38
3981,463,2023-07-02 00:00:00,Sell,1478.15
3982,649,2025-06-27 00:00:00,Buy,3817.46
3983,190,2022-12-13 00:00:00,Sell,3110.42
3984,710,2023-04-16 00:00:00,Rebalance,3432.51
3985,1052,2023-08-08 00:00:00,Sell,1793.76
3986,1127,2024-08-08 00:00:00,Contribution,6676.62
3987,758,2020-09-23 00:00:00,Buy,15352.79
3988,415,2025-03-17 00:00:00,Withdrawal,8198.27
3989,856,2021-11-24 00:00:00,Buy,69435.9
3990,858,2021-06-24 00:00:00,Rebalance,64120.67
3991,1200,2020-07-22 00:00:00,Buy,1257.47
3992,546,2020-04-22 00:00:00,Buy,713.81
3993,279,2024-02-15 00:00:00,Buy,3773.04
3994,415,2025-09-01 00:00:00,Rebalance,1199.68
3995,1026,2023-09-21 00:00:00,Withdrawal,11336.73
3996,491,2023-04-12 00:00:00,Contribution,8618.49
3997,186,2025-09-24 00:00:00,Buy,39039.74
3998,535,2025-03-05 00:00:00,Buy,630.72
3999,436,2022-01-06 00:00:00,Withdrawal,7366.86
4000,1096,2020-10-06 00:00:00,Buy,2871.91
4001,205,2021-07-08 00:00:00,Contribution,15709.25
4002,985,2024-02-08 00:00:00,Withdrawal,15892.09
4003,1308,2024-08-26 00:00:00,Rebalance,30132.52
4004,179,2024-08-21 00:00:00,Dividend,5060.43
4005,442,2022-06-08 00:00:00,Withdrawal,10679.02
4006,1249,2021-11-15 00:00:00,Contribution,3208.9
4007,1146,2022-10-25 00:00:00,Buy,6913.7
4008,398,2021-12-26 00:00:00,Dividend,1071.63
4009,1380,2021-01-08 00:00:00,Sell,372.91
4010,1348,2023-01-12 00:00:00,Buy,3109.79
4011,1247,2025-05-25 00:00:00,Dividend,4581.41
4012,1336,2020-05-20 00:00:00,Contribution,19507.39
4013,1352,2024-04-07 00:00:00,Sell,23435.13
4014,573,2023-08-29 00:00:00,Withdrawal,1398.85
4015,219,2020-02-23 00:00:00,Withdrawal,13577.89
4016,1213,2022-05-04 00:00:00,Sell,1710.15
4017,334,2020-04-03 00:00:00,Buy,17335.14
4018,821,2025-02-01 00:00:00,Buy,8850.84
4019,762,2023-10-09 00:00:00,Dividend,3265.38
4020,1301,2025-08-21 00:00:00,Buy,8469.69
4021,726,2023-11-07 00:00:00,Rebalance,7497.17
4022,152,2021-07-18 00:00:00,Sell,2525.54
4023,830,2023-12-07 00:00:00,Withdrawal,503.67
4024,430,2025-02-07 00:00:00,Withdrawal,8592.85
4025,1364,2025-10-03 00:00:00,Dividend,3553.74
4026,804,2021-09-04 00:00:00,Sell,4681.88
4027,757,2024-02-03 00:00:00,Dividend,5791.84
4028,447,2023-01-07 00:00:00,Buy,18010.84
4029,112,2024-07-19 00:00:00,Buy,33028.43
4030,152,2025-01-14 00:00:00,Sell,2657.01
4031,1422,2024-05-27 00:00:00,Dividend,999.45
4032,1397,2025-10-01 00:00:00,Contribution,444.4
4033,593,2023-08-18 00:00:00,Buy,18499.3
4034,740,2023-04-11 00:00:00,Buy,10135.35
4035,1498,2022-05-05 00:00:00,Sell,798.35
4036,1272,2021-03-19 00:00:00,Contribution,10710.98
4037,1301,2023-01-19 00:00:00,Buy,4721.63
4038,877,2021-10-10 00:00:00,Withdrawal,2993.71
4039,974,2024-08-04 00:00:00,Buy,9245.98
4040,124,2022-10-24 00:00:00,Sell,5908.85
4041,671,2021-12-28 00:00:00,Rebalance,790.11
4042,1159,2021-09-08 00:00:00,Buy,280.58
4043,336,2024-12-08 00:00:00,Buy,31124.02
4044,804,2022-01-12 00:00:00,Contribution,2941.2
4045,1315,2020-07-04 00:00:00,Sell,1414.98
4046,1133,2022-02-13 00:00:00,Sell,18420.68
4047,1026,2020-10-07 00:00:00,Buy,1230.68
4048,1031,2026-04-07 00:00:00,Withdrawal,3661.37
4049,572,2025-04-12 00:00:00,Buy,9126.27
4050,986,2024-01-15 00:00:00,Buy,7792.81
4051,120,2022-06-29 00:00:00,Rebalance,4403.23
4052,535,2021-11-28 00:00:00,Buy,9265.82
4053,993,2025-06-04 00:00:00,Dividend,6102.82
4054,1047,2024-04-09 00:00:00,Rebalance,269.35
4055,443,2022-01-26 00:00:00,Sell,4872.59
4056,730,2024-08-20 00:00:00,Buy,18701.91
4057,969,2021-02-16 00:00:00,Contribution,42127.02
4058,363,2023-06-03 00:00:00,Rebalance,3958.11
4059,400,2022-03-04 00:00:00,Sell,8430.15
4060,872,2020-11-30 00:00:00,Contribution,13280.22
4061,1011,2025-03-31 00:00:00,Buy,24418.88
4062,382,2026-04-17 00:00:00,Buy,55624.66
4063,1377,2021-05-19 00:00:00,Dividend,12954.81
4064,568,2024-07-28 00:00:00,Rebalance,7500
4065,925,2023-08-23 00:00:00,Withdrawal,2810.66
4066,249,2023-10-06 00:00:00,Contribution,4176.97
4067,1133,2025-11-09 00:00:00,Withdrawal,1227.16
4068,929,2022-01-28 00:00:00,Sell,10287.91
4069,931,2024-12-07 00:00:00,Rebalance,7988.01
4070,1320,2024-12-02 00:00:00,Buy,3762.52
4071,1021,2021-09-21 00:00:00,Dividend,4098.71
4072,978,2020-01-08 00:00:00,Withdrawal,4525.02
4073,785,2023-09-29 00:00:00,Buy,6168.35
4074,91,2021-01-26 00:00:00,Rebalance,15550
4075,1165,2022-07-31 00:00:00,Buy,1394.89
4076,27,2023-02-11 00:00:00,Contribution,9655.07
4077,820,2023-01-09 00:00:00,Buy,3234.29
4078,527,2021-09-14 00:00:00,Sell,2607.6
4079,631,2023-05-29 00:00:00,Sell,1127.53
4080,1453,2024-08-01 00:00:00,Sell,1391.93
4081,359,2022-04-29 00:00:00,Buy,1674.89
4082,347,2024-10-27 00:00:00,Buy,9021.92
4083,1439,2025-05-21 00:00:00,Buy,2879.42
4084,226,2023-04-18 00:00:00,Buy,4755.24
4085,524,2023-03-27 00:00:00,Sell,9791.25
4086,572,2020-04-16 00:00:00,Buy,9601.92
4087,180,2023-09-28 00:00:00,Buy,20384.84
4088,29,2026-05-02 00:00:00,Buy,2954.63
4089,257,2024-03-15 00:00:00,Buy,8862.16
4090,271,2026-05-18 00:00:00,Sell,4470.16
4091,752,2021-04-29 00:00:00,Buy,3321.39
4092,1488,2022-03-16 00:00:00,Rebalance,4073.47
4093,843,2024-12-09 00:00:00,Buy,5469.73
4094,1282,2025-12-31 00:00:00,Sell,3431.95
4095,499,2022-12-19 00:00:00,Buy,7030.18
4096,784,2023-07-29 00:00:00,Rebalance,1831.35
4097,1175,2024-06-28 00:00:00,Dividend,3691.59
4098,680,2023-01-01 00:00:00,Sell,5982.56
4099,476,2024-10-18 00:00:00,Rebalance,3731.88
4100,505,2023-09-23 00:00:00,Sell,6254.11
4101,585,2024-05-26 00:00:00,Buy,9803.19
4102,695,2024-04-23 00:00:00,Sell,26641.25
4103,200,2021-12-19 00:00:00,Rebalance,85.79
4104,357,2020-01-06 00:00:00,Contribution,5198.1
4105,931,2026-02-05 00:00:00,Sell,3822.03
4106,812,2022-09-28 00:00:00,Rebalance,14462.48
4107,430,2026-05-22 00:00:00,Contribution,15404.91
4108,1143,2024-09-07 00:00:00,Buy,10256.64
4109,123,2022-02-06 00:00:00,Buy,30502.87
4110,1067,2021-02-02 00:00:00,Buy,6220.34
4111,1013,2026-03-20 00:00:00,Dividend,2743.91
4112,28,2021-06-28 00:00:00,Dividend,10758.83
4113,11,2022-02-10 00:00:00,Contribution,7437.95
4114,583,2025-01-09 00:00:00,Rebalance,494.41
4115,131,2022-08-14 00:00:00,Buy,6102.35
4116,6,2024-09-14 00:00:00,Sell,3717.23
4117,611,2024-08-31 00:00:00,Withdrawal,12885.84
4118,1192,2021-01-18 00:00:00,Sell,9900.89
4119,129,2024-12-20 00:00:00,Contribution,2936.67
4120,502,2020-02-05 00:00:00,Sell,3632.69
4121,593,2023-10-12 00:00:00,Dividend,7255.8
4122,244,2026-04-12 00:00:00,Buy,1961.7
4123,419,2025-06-09 00:00:00,Buy,3325.88
4124,145,2023-07-23 00:00:00,Dividend,3890.89
4125,1067,2022-04-03 00:00:00,Rebalance,9129.8
4126,929,2022-05-19 00:00:00,Withdrawal,38570.99
4127,867,2023-06-17 00:00:00,Sell,1178.36
4128,614,2025-10-11 00:00:00,Withdrawal,4889.03
4129,1040,2021-12-20 00:00:00,Contribution,2835.9
4130,661,2021-04-25 00:00:00,Dividend,3912.33
4131,1385,2023-09-03 00:00:00,Sell,6886.49
4132,1309,2023-09-07 00:00:00,Sell,3890.84
4133,1141,2020-04-13 00:00:00,Rebalance,7821.59
4134,1268,2022-06-01 00:00:00,Buy,3265.63
4135,1230,2023-06-06 00:00:00,Contribution,1262.04
4136,701,2021-03-11 00:00:00,Dividend,3981.25
4137,726,2024-12-03 00:00:00,Rebalance,1535.1
4138,810,2023-04-04 00:00:00,Sell,770.81
4139,973,2025-11-21 00:00:00,Sell,6110.01
4140,656,2021-03-29 00:00:00,Sell,21583.77
4141,842,2023-09-14 00:00:00,Rebalance,2022.78
4142,945,2023-11-25 00:00:00,Sell,31136.26
4143,820,2020-02-25 00:00:00,Dividend,3958.81
4144,209,2022-10-19 00:00:00,Sell,26684.52
4145,811,2021-11-30 00:00:00,Dividend,8660.52
4146,21,2023-03-29 00:00:00,Rebalance,26296.44
4147,1208,2021-05-10 00:00:00,Sell,6669.51
4148,1202,2022-12-11 00:00:00,Rebalance,3015.67
4149,348,2021-09-22 00:00:00,Dividend,2759.01
4150,854,2022-06-01 00:00:00,Sell,1255.94
4151,118,2023-03-04 00:00:00,Buy,2491.14
4152,712,2021-11-08 00:00:00,Buy,13158.32
4153,1255,2025-02-05 00:00:00,Sell,4119.87
4154,199,2022-04-24 00:00:00,Sell,5627.77
4155,963,2023-10-25 00:00:00,Contribution,9229.25
4156,1335,2020-05-20 00:00:00,Contribution,5906.53
4157,1444,2024-03-13 00:00:00,Withdrawal,30424.89
4158,190,2022-11-09 00:00:00,Buy,17401.64
4159,919,2023-11-16 00:00:00,Sell,831.45
4160,424,2024-08-20 00:00:00,Sell,1011.51
4161,981,2021-01-24 00:00:00,Rebalance,13255.5
4162,938,2025-10-23 00:00:00,Buy,1170.88
4163,241,2023-04-22 00:00:00,Buy,5924.7
4164,428,2021-12-11 00:00:00,Contribution,18197.4
4165,202,2026-01-04 00:00:00,Sell,3854.98
4166,776,2023-08-09 00:00:00,Buy,37888.33
4167,145,2020-06-03 00:00:00,Withdrawal,6521.73
4168,126,2022-08-15 00:00:00,Contribution,8597.71
4169,90,2023-09-17 00:00:00,Sell,3304.3
4170,1018,2023-05-05 00:00:00,Buy,9873.7
4171,68,2020-09-08 00:00:00,Sell,10805.49
4172,593,2022-02-18 00:00:00,Buy,2770.1
4173,1317,2022-10-05 00:00:00,Withdrawal,3372.79
4174,813,2021-10-04 00:00:00,Rebalance,6848.69
4175,497,2021-08-29 00:00:00,Buy,786.86
4176,533,2020-05-18 00:00:00,Contribution,11948.29
4177,1428,2020-07-12 00:00:00,Withdrawal,12945
4178,872,2022-04-12 00:00:00,Buy,27550.57
4179,576,2023-06-10 00:00:00,Dividend,1549.2
4180,500,2022-12-05 00:00:00,Dividend,3397.74
4181,215,2025-04-04 00:00:00,Buy,3171.78
4182,1158,2024-06-30 00:00:00,Buy,3840.77
4183,556,2020-01-15 00:00:00,Buy,4848.48
4184,126,2021-07-20 00:00:00,Withdrawal,20191.79
4185,1403,2025-10-10 00:00:00,Sell,1015.18
4186,632,2025-10-17 00:00:00,Buy,8698.35
4187,768,2020-04-20 00:00:00,Contribution,6496.18
4188,592,2024-01-18 00:00:00,Dividend,12774.74
4189,1019,2020-12-27 00:00:00,Withdrawal,7543.63
4190,1470,2023-04-13 00:00:00,Buy,2040.34
4191,457,2024-05-28 00:00:00,Dividend,1591.05
4192,771,2025-01-10 00:00:00,Buy,1036.78
4193,562,2022-11-23 00:00:00,Sell,1852.7
4194,844,2021-02-21 00:00:00,Contribution,8902.32
4195,728,2021-12-18 00:00:00,Sell,46952
4196,1412,2023-09-22 00:00:00,Buy,1272.85
4197,1022,2023-07-16 00:00:00,Sell,9540.5
4198,1322,2023-07-19 00:00:00,Buy,6223.56
4199,618,2025-09-16 00:00:00,Buy,18989.1
4200,150,2025-11-23 00:00:00,Buy,4403.54
4201,376,2026-03-10 00:00:00,Sell,1397.91
4202,987,2022-06-19 00:00:00,Rebalance,10551.1
4203,203,2021-06-09 00:00:00,Buy,1993.7
4204,451,2024-04-09 00:00:00,Dividend,5021.87
4205,1234,2020-08-29 00:00:00,Buy,4278.94
4206,567,2025-12-31 00:00:00,Withdrawal,11318.13
4207,562,2024-10-15 00:00:00,Sell,765.67
4208,111,2020-02-22 00:00:00,Sell,25323.76
4209,322,2026-01-06 00:00:00,Sell,3606.44
4210,1455,2021-11-26 00:00:00,Dividend,25339.3
4211,973,2026-05-03 00:00:00,Dividend,4017.75
4212,35,2024-06-27 00:00:00,Sell,6656.74
4213,931,2020-03-19 00:00:00,Sell,4234.13
4214,753,2022-02-13 00:00:00,Buy,4339.24
4215,1105,2022-06-23 00:00:00,Buy,7913.86
4216,518,2022-04-03 00:00:00,Rebalance,10035.49
4217,67,2020-08-16 00:00:00,Dividend,7464.75
4218,158,2022-07-06 00:00:00,Buy,1635.87
4219,873,2020-05-24 00:00:00,Dividend,10213.32
4220,1301,2025-09-08 00:00:00,Sell,24745.77
4221,502,2023-02-14 00:00:00,Withdrawal,3501.92
4222,450,2025-08-11 00:00:00,Sell,113740.35
4223,927,2022-11-01 00:00:00,Buy,4509.83
4224,998,2021-11-17 00:00:00,Buy,111883.22
4225,1343,2025-07-14 00:00:00,Rebalance,6596.59
4226,1055,2020-08-23 00:00:00,Sell,18575.66
4227,1410,2020-09-19 00:00:00,Withdrawal,6261.86
4228,109,2024-08-05 00:00:00,Dividend,10459.77
4229,440,2024-11-19 00:00:00,Buy,2097.83
4230,271,2025-02-13 00:00:00,Sell,4045.63
4231,884,2025-09-21 00:00:00,Contribution,8032.89
4232,709,2022-12-20 00:00:00,Sell,6926.67
4233,759,2021-07-11 00:00:00,Buy,2925.25
4234,1471,2020-08-07 00:00:00,Buy,12110.21
4235,689,2024-12-18 00:00:00,Rebalance,1099.28
4236,1465,2024-04-27 00:00:00,Contribution,2059.24
4237,419,2024-06-09 00:00:00,Rebalance,33766.15
4238,960,2022-04-05 00:00:00,Buy,1521.97
4239,39,2021-07-26 00:00:00,Buy,10979.94
4240,553,2021-06-07 00:00:00,Buy,4159.54
4241,833,2024-06-12 00:00:00,Rebalance,2762.4
4242,1015,2023-05-21 00:00:00,Dividend,1578.57
4243,764,2020-09-13 00:00:00,Sell,4918.36
4244,757,2020-12-19 00:00:00,Sell,5367.07
4245,280,2025-09-05 00:00:00,Sell,14455.01
4246,907,2022-05-27 00:00:00,Rebalance,3040.53
4247,839,2022-12-27 00:00:00,Buy,2973.53
4248,828,2025-09-19 00:00:00,Withdrawal,28662.08
4249,614,2024-01-27 00:00:00,Contribution,3086.55
4250,1192,2024-09-27 00:00:00,Buy,3387.38
4251,1241,2025-11-28 00:00:00,Buy,3733.74
4252,769,2021-02-02 00:00:00,Withdrawal,6105.23
4253,39,2023-09-06 00:00:00,Contribution,2168.81
4254,254,2020-12-14 00:00:00,Dividend,10480.79
4255,1234,2026-05-31 00:00:00,Contribution,2106.59
4256,538,2021-11-23 00:00:00,Contribution,3409.99
4257,360,2022-12-20 00:00:00,Contribution,5833.41
4258,767,2021-02-23 00:00:00,Buy,13835.82
4259,551,2025-11-17 00:00:00,Dividend,2376.39
4260,1342,2024-03-02 00:00:00,Contribution,3625.42
4261,752,2020-12-17 00:00:00,Dividend,21376.84
4262,1096,2024-12-30 00:00:00,Withdrawal,5932.2
4263,129,2023-02-13 00:00:00,Sell,3073.99
4264,13,2021-04-24 00:00:00,Buy,22835
4265,236,2026-04-24 00:00:00,Contribution,15415.2
4266,133,2025-12-24 00:00:00,Contribution,7194.02
4267,493,2022-10-01 00:00:00,Buy,3737.81
4268,703,2022-04-15 00:00:00,Rebalance,6219.34
4269,612,2026-01-05 00:00:00,Withdrawal,31464.71
4270,265,2021-05-20 00:00:00,Contribution,2973.48
4271,1144,2023-05-17 00:00:00,Rebalance,11852.96
4272,266,2025-12-28 00:00:00,Sell,29514.7
4273,1271,2021-11-13 00:00:00,Sell,2837.63
4274,10,2021-09-13 00:00:00,Contribution,9386.82
4275,708,2025-07-21 00:00:00,Sell,11446.55
4276,421,2022-11-05 00:00:00,Rebalance,4214.91
4277,867,2020-02-15 00:00:00,Rebalance,5424.45
4278,421,2024-10-20 00:00:00,Withdrawal,2630.1
4279,518,2026-01-08 00:00:00,Buy,3900.53
4280,1423,2022-01-22 00:00:00,Sell,10690.82
4281,53,2021-04-20 00:00:00,Sell,13646.1
4282,391,2025-03-02 00:00:00,Rebalance,25209.3
4283,217,2022-03-04 00:00:00,Dividend,3131.66
4284,1119,2021-03-29 00:00:00,Rebalance,13623.99
4285,1443,2023-01-24 00:00:00,Dividend,2255.99
4286,231,2022-04-29 00:00:00,Rebalance,10932.85
4287,1308,2025-05-04 00:00:00,Withdrawal,8849.45
4288,175,2023-07-08 00:00:00,Buy,8710.36
4289,806,2024-09-16 00:00:00,Withdrawal,20074.14
4290,1047,2022-10-23 00:00:00,Withdrawal,23895.6
4291,1,2024-12-08 00:00:00,Rebalance,5544.19
4292,194,2025-01-13 00:00:00,Sell,17966.96
4293,1330,2024-05-03 00:00:00,Withdrawal,6232.67
4294,1173,2023-06-28 00:00:00,Buy,1418.58
4295,1476,2024-05-19 00:00:00,Buy,1223.85
4296,683,2022-11-27 00:00:00,Buy,3302.02
4297,1465,2020-11-20 00:00:00,Withdrawal,13731.59
4298,1417,2024-08-31 00:00:00,Sell,16597.84
4299,380,2024-06-02 00:00:00,Rebalance,10890.63
4300,1469,2022-10-17 00:00:00,Contribution,656.09
4301,1391,2024-03-02 00:00:00,Rebalance,15373.73
4302,558,2023-08-12 00:00:00,Rebalance,3647.29
4303,230,2023-03-08 00:00:00,Contribution,3253.16
4304,346,2020-03-09 00:00:00,Contribution,1926.27
4305,568,2022-03-11 00:00:00,Sell,6051.91
4306,742,2022-01-26 00:00:00,Buy,6928.92
4307,1238,2022-08-17 00:00:00,Sell,2870.97
4308,207,2021-03-16 00:00:00,Dividend,9500.67
4309,136,2024-05-17 00:00:00,Sell,6079.82
4310,46,2023-12-22 00:00:00,Withdrawal,1048.03
4311,1344,2021-04-18 00:00:00,Buy,9609.05
4312,941,2020-04-23 00:00:00,Sell,2647.5
4313,744,2020-02-18 00:00:00,Buy,2286.17
4314,856,2023-09-28 00:00:00,Sell,5568.39
4315,1439,2023-03-07 00:00:00,Dividend,6302.12
4316,1102,2021-04-03 00:00:00,Buy,776.39
4317,1211,2020-01-05 00:00:00,Dividend,3102.63
4318,1009,2025-01-11 00:00:00,Sell,2633.41
4319,221,2022-02-21 00:00:00,Withdrawal,5076.56
4320,358,2022-10-21 00:00:00,Sell,24511.63
4321,228,2021-08-17 00:00:00,Buy,3041.72
4322,904,2025-10-18 00:00:00,Withdrawal,11598.5
4323,901,2023-10-17 00:00:00,Buy,3277.64
4324,658,2021-06-06 00:00:00,Dividend,6513.87
4325,565,2025-06-21 00:00:00,Withdrawal,37828.06
4326,584,2023-03-16 00:00:00,Buy,7578.65
4327,1032,2024-12-13 00:00:00,Contribution,2527.54
4328,320,2024-10-04 00:00:00,Buy,7509.96
4329,967,2025-01-14 00:00:00,Buy,21663.57
4330,797,2024-09-20 00:00:00,Buy,1447.07
4331,1296,2023-05-30 00:00:00,Buy,3366.23
4332,335,2023-09-25 00:00:00,Rebalance,21790.81
4333,705,2021-09-08 00:00:00,Sell,35951.1
4334,861,2024-10-20 00:00:00,Sell,5714.69
4335,1439,2020-09-30 00:00:00,Sell,18430.09
4336,1480,2023-12-20 00:00:00,Sell,3849.53
4337,197,2021-09-06 00:00:00,Contribution,3462.99
4338,754,2024-07-09 00:00:00,Sell,9232.38
4339,916,2021-03-19 00:00:00,Withdrawal,4187.99
4340,1091,2025-02-05 00:00:00,Contribution,12368.75
4341,762,2026-05-19 00:00:00,Rebalance,2080.95
4342,710,2022-04-29 00:00:00,Buy,15220.18
4343,1316,2023-09-05 00:00:00,Buy,17612.87
4344,1165,2023-04-09 00:00:00,Contribution,31129.33
4345,114,2025-03-03 00:00:00,Rebalance,8482.17
4346,875,2020-04-23 00:00:00,Dividend,14683.42
4347,1296,2024-05-18 00:00:00,Sell,2919.54
4348,131,2022-08-19 00:00:00,Contribution,10098.5
4349,1452,2022-05-21 00:00:00,Buy,4546.06
4350,672,2023-11-22 00:00:00,Buy,8176.46
4351,1462,2021-03-25 00:00:00,Buy,20769.4
4352,454,2025-08-30 00:00:00,Buy,6879.77
4353,517,2021-04-07 00:00:00,Contribution,11687.37
4354,698,2026-02-04 00:00:00,Buy,13118.74
4355,997,2020-06-08 00:00:00,Withdrawal,1258.97
4356,1107,2021-04-20 00:00:00,Buy,6698.88
4357,605,2025-01-30 00:00:00,Buy,29995.49
4358,986,2020-02-09 00:00:00,Sell,4509.31
4359,1301,2024-10-21 00:00:00,Contribution,6929.93
4360,638,2020-07-12 00:00:00,Dividend,2721.12
4361,689,2022-07-21 00:00:00,Sell,3233.05
4362,398,2022-02-11 00:00:00,Dividend,9831.2
4363,1236,2025-10-19 00:00:00,Rebalance,9927.32
4364,814,2022-03-16 00:00:00,Sell,7128.22
4365,971,2024-04-16 00:00:00,Contribution,22454.31
4366,922,2025-12-05 00:00:00,Sell,10306.9
4367,1040,2025-05-17 00:00:00,Buy,24896.73
4368,159,2025-05-08 00:00:00,Buy,33065.61
4369,88,2025-02-17 00:00:00,Rebalance,12737.14
4370,668,2025-08-16 00:00:00,Rebalance,6416.25
4371,1081,2026-01-21 00:00:00,Contribution,25640.96
4372,564,2022-02-07 00:00:00,Buy,3055.39
4373,1241,2025-09-07 00:00:00,Contribution,3915.44
4374,1419,2025-12-08 00:00:00,Rebalance,10744.53
4375,1473,2024-06-11 00:00:00,Buy,3138.73
4376,472,2021-03-23 00:00:00,Buy,1855.12
4377,491,2020-08-28 00:00:00,Buy,6413.7
4378,539,2026-02-05 00:00:00,Buy,15419.16
4379,556,2020-08-12 00:00:00,Buy,14327.25
4380,205,2024-09-03 00:00:00,Sell,7931.46
4381,950,2020-03-24 00:00:00,Contribution,18679.72
4382,1012,2023-12-25 00:00:00,Buy,4103.99
4383,975,2020-01-03 00:00:00,Sell,2555.22
4384,1180,2024-07-08 00:00:00,Buy,4376.62
4385,390,2023-12-31 00:00:00,Rebalance,3153.51
4386,821,2023-09-17 00:00:00,Sell,4645.59
4387,666,2022-02-20 00:00:00,Contribution,6023.53
4388,919,2023-07-25 00:00:00,Buy,40850.45
4389,587,2021-08-17 00:00:00,Buy,12125.23
4390,724,2025-06-11 00:00:00,Withdrawal,7563.11
4391,472,2024-10-22 00:00:00,Rebalance,15349.7
4392,599,2021-02-10 00:00:00,Buy,2222.5
4393,698,2025-10-30 00:00:00,Buy,47264.82
4394,527,2022-05-06 00:00:00,Buy,14272.28
4395,758,2023-08-09 00:00:00,Buy,1557.11
4396,91,2023-09-25 00:00:00,Buy,12083.49
4397,1151,2021-04-05 00:00:00,Buy,5609.79
4398,494,2026-05-01 00:00:00,Buy,7978.99
4399,1105,2021-09-30 00:00:00,Contribution,2830.72
4400,1059,2021-05-27 00:00:00,Rebalance,2210.66
4401,1395,2022-04-12 00:00:00,Contribution,28931.91
4402,849,2023-07-01 00:00:00,Buy,3236.59
4403,301,2026-02-08 00:00:00,Rebalance,48619.8
4404,1227,2021-11-11 00:00:00,Buy,11927.37
4405,799,2020-04-08 00:00:00,Sell,21666.58
4406,907,2020-07-22 00:00:00,Contribution,1657.36
4407,1284,2020-09-21 00:00:00,Buy,6853.01
4408,1038,2022-11-24 00:00:00,Buy,9087.52
4409,627,2021-02-10 00:00:00,Rebalance,3278.67
4410,598,2026-04-03 00:00:00,Sell,2318.81
4411,189,2024-05-11 00:00:00,Contribution,18648.85
4412,1363,2026-04-17 00:00:00,Buy,8907.76
4413,1500,2025-05-12 00:00:00,Sell,62449.11
4414,876,2024-02-21 00:00:00,Buy,13616.1
4415,801,2020-12-13 00:00:00,Sell,4855.89
4416,1465,2023-01-25 00:00:00,Contribution,5502.77
4417,1204,2022-06-20 00:00:00,Dividend,1378.57
4418,445,2020-05-18 00:00:00,Buy,8666.16
4419,825,2020-12-05 00:00:00,Contribution,83520.58
4420,259,2021-10-22 00:00:00,Dividend,3224.78
4421,62,2022-02-27 00:00:00,Withdrawal,6202.62
4422,887,2020-12-16 00:00:00,Contribution,2750.52
4423,850,2024-10-16 00:00:00,Buy,4499.71
4424,650,2021-03-25 00:00:00,Sell,1295.71
4425,998,2020-10-11 00:00:00,Contribution,40621.22
4426,299,2022-11-17 00:00:00,Buy,4197.93
4427,771,2025-09-07 00:00:00,Withdrawal,2964.89
4428,1359,2025-08-02 00:00:00,Withdrawal,4197.99
4429,1395,2024-01-21 00:00:00,Contribution,9670.92
4430,281,2024-08-13 00:00:00,Buy,435.6
4431,977,2025-03-26 00:00:00,Buy,11356.84
4432,1310,2023-09-30 00:00:00,Sell,5408.63
4433,261,2025-07-03 00:00:00,Contribution,3178.56
4434,1155,2023-08-25 00:00:00,Sell,6535.51
4435,577,2022-07-15 00:00:00,Sell,2154.11
4436,149,2024-08-29 00:00:00,Sell,2323.33
4437,228,2020-03-23 00:00:00,Sell,1218.56
4438,1038,2025-04-02 00:00:00,Buy,9039.84
4439,1216,2026-03-11 00:00:00,Buy,1235.75
4440,1203,2023-10-04 00:00:00,Sell,1097.98
4441,1227,2023-11-05 00:00:00,Buy,24832.56
4442,996,2022-07-30 00:00:00,Sell,2916.55
4443,828,2024-03-10 00:00:00,Withdrawal,12282
4444,909,2020-08-06 00:00:00,Contribution,3600.45
4445,872,2021-09-06 00:00:00,Buy,3874.87
4446,1062,2020-04-13 00:00:00,Dividend,3061.48
4447,1134,2024-09-15 00:00:00,Contribution,5808.51
4448,693,2021-06-04 00:00:00,Buy,23079.7
4449,1201,2020-09-20 00:00:00,Contribution,24759.73
4450,1095,2024-04-30 00:00:00,Contribution,19275.03
4451,278,2024-11-22 00:00:00,Rebalance,1586.32
4452,547,2022-05-21 00:00:00,Withdrawal,5716.08
4453,1482,2024-03-09 00:00:00,Contribution,1164.61
4454,492,2020-06-25 00:00:00,Contribution,5957.65
4455,801,2022-10-27 00:00:00,Dividend,3672.29
4456,788,2020-12-20 00:00:00,Contribution,3211.01
4457,344,2020-11-30 00:00:00,Buy,3243.94
4458,854,2020-11-20 00:00:00,Sell,4806.26
4459,844,2024-04-28 00:00:00,Buy,2707.22
4460,313,2023-12-25 00:00:00,Rebalance,3010.87
4461,827,2023-04-06 00:00:00,Contribution,9030.56
4462,655,2024-06-13 00:00:00,Sell,1841.24
4463,5,2021-02-11 00:00:00,Contribution,6903.15
4464,1058,2023-01-15 00:00:00,Buy,2360.34
4465,1370,2022-08-29 00:00:00,Withdrawal,10911.45
4466,198,2021-06-03 00:00:00,Buy,3437.9
4467,137,2025-04-13 00:00:00,Buy,2216.96
4468,345,2022-08-31 00:00:00,Buy,1465.72
4469,994,2023-02-25 00:00:00,Buy,1584.47
4470,48,2023-03-09 00:00:00,Sell,10604.27
4471,1216,2020-04-26 00:00:00,Contribution,6908.35
4472,933,2024-02-21 00:00:00,Sell,2975.02
4473,533,2024-07-18 00:00:00,Buy,11574.08
4474,946,2024-04-09 00:00:00,Contribution,5174.24
4475,1448,2023-08-02 00:00:00,Sell,3393.98
4476,520,2020-07-06 00:00:00,Sell,8661.39
4477,1180,2020-02-19 00:00:00,Sell,10129.52
4478,449,2020-10-11 00:00:00,Rebalance,5426.81
4479,460,2024-05-24 00:00:00,Contribution,2877.2
4480,258,2024-01-27 00:00:00,Buy,33439.58
4481,1181,2020-06-07 00:00:00,Sell,8131.6
4482,437,2025-11-12 00:00:00,Buy,1684.7
4483,1007,2023-09-17 00:00:00,Contribution,15639.28
4484,1124,2020-02-24 00:00:00,Buy,5536.7
4485,649,2022-02-06 00:00:00,Dividend,4091.76
4486,310,2021-11-11 00:00:00,Buy,2573.45
4487,1382,2022-05-21 00:00:00,Rebalance,14731.91
4488,473,2020-01-11 00:00:00,Sell,1177.35
4489,379,2023-11-11 00:00:00,Contribution,6246.67
4490,860,2023-06-18 00:00:00,Buy,2401.65
4491,96,2021-12-02 00:00:00,Sell,5119.09
4492,1180,2020-03-01 00:00:00,Buy,11187.36
4493,806,2024-10-04 00:00:00,Buy,4315.2
4494,1354,2026-02-12 00:00:00,Buy,2907.55
4495,805,2021-01-12 00:00:00,Withdrawal,5163.49
4496,944,2023-11-09 00:00:00,Rebalance,16295.97
4497,1000,2020-09-18 00:00:00,Withdrawal,3715.06
4498,751,2023-09-13 00:00:00,Dividend,13556.66
4499,377,2023-10-23 00:00:00,Buy,20961.82
4500,506,2026-04-29 00:00:00,Withdrawal,1260.85
4501,970,2022-06-02 00:00:00,Dividend,9369.28
4502,1290,2025-09-29 00:00:00,Dividend,741.02
4503,683,2021-05-29 00:00:00,Buy,3345.51
4504,493,2023-11-22 00:00:00,Sell,9116.46
4505,830,2026-02-04 00:00:00,Dividend,19245.07
4506,446,2021-05-15 00:00:00,Buy,5464.24
4507,1462,2021-06-14 00:00:00,Contribution,3844.04
4508,1002,2025-12-04 00:00:00,Contribution,14523.68
4509,353,2023-01-19 00:00:00,Rebalance,4079.56
4510,1301,2025-11-25 00:00:00,Withdrawal,7644.81
4511,237,2026-03-04 00:00:00,Sell,1443.85
4512,176,2023-04-15 00:00:00,Sell,5485.98
4513,373,2023-09-09 00:00:00,Sell,1022.03
4514,561,2022-01-25 00:00:00,Sell,14482.51
4515,647,2025-07-23 00:00:00,Sell,1181.38
4516,274,2021-02-07 00:00:00,Rebalance,12788.06
4517,432,2025-09-21 00:00:00,Dividend,1078.29
4518,169,2025-07-12 00:00:00,Sell,7724.36
4519,502,2023-04-09 00:00:00,Contribution,13308.66
4520,36,2023-05-27 00:00:00,Rebalance,22487.5
4521,493,2023-09-27 00:00:00,Contribution,2378.4
4522,1467,2025-03-29 00:00:00,Contribution,1374.3
4523,790,2024-02-10 00:00:00,Rebalance,42485.37
4524,931,2022-11-22 00:00:00,Buy,8006
4525,192,2025-01-24 00:00:00,Sell,13071.13
4526,48,2025-03-09 00:00:00,Rebalance,4177.43
4527,1374,2022-02-21 00:00:00,Sell,1528
4528,1234,2022-10-27 00:00:00,Sell,9234.45
4529,572,2024-05-30 00:00:00,Dividend,2975.59
4530,407,2024-08-02 00:00:00,Sell,3919.74
4531,716,2026-01-22 00:00:00,Dividend,20746.46
4532,375,2021-10-03 00:00:00,Contribution,5733.84
4533,570,2021-10-17 00:00:00,Dividend,139142.36
4534,1021,2020-08-02 00:00:00,Sell,12043.66
4535,1216,2021-10-01 00:00:00,Rebalance,12467.59
4536,1306,2023-10-21 00:00:00,Buy,12739.26
4537,1451,2025-04-11 00:00:00,Buy,10923.28
4538,45,2021-08-11 00:00:00,Dividend,7133.9
4539,81,2022-03-24 00:00:00,Buy,21670.53
4540,642,2022-12-21 00:00:00,Buy,6636.02
4541,388,2023-10-19 00:00:00,Dividend,19134.29
4542,875,2021-02-09 00:00:00,Contribution,21504.13
4543,507,2021-06-13 00:00:00,Dividend,4442.31
4544,1296,2025-11-17 00:00:00,Buy,14484.93
4545,758,2024-08-19 00:00:00,Contribution,7723.39
4546,365,2026-03-07 00:00:00,Withdrawal,110922.54
4547,153,2025-09-20 00:00:00,Contribution,2899.26
4548,720,2023-10-01 00:00:00,Sell,6998.24
4549,988,2022-09-09 00:00:00,Buy,3029.39
4550,110,2025-03-06 00:00:00,Contribution,64810.94
4551,1376,2020-03-14 00:00:00,Rebalance,6194.77
4552,528,2020-05-20 00:00:00,Buy,5219.42
4553,416,2020-04-03 00:00:00,Dividend,6710.3
4554,921,2022-01-21 00:00:00,Contribution,1324.33
4555,1308,2026-05-21 00:00:00,Buy,3050.04
4556,87,2021-04-28 00:00:00,Buy,9685.94
4557,482,2022-11-04 00:00:00,Contribution,19307.66
4558,418,2025-12-23 00:00:00,Withdrawal,6936.95
4559,354,2023-09-20 00:00:00,Buy,399.51
4560,1016,2022-12-17 00:00:00,Withdrawal,7618.46
4561,1060,2021-01-25 00:00:00,Dividend,9192.58
4562,619,2021-07-08 00:00:00,Contribution,10767.95
4563,988,2022-10-30 00:00:00,Dividend,3098.82
4564,159,2021-11-25 00:00:00,Contribution,21250.79
4565,729,2022-06-21 00:00:00,Buy,6515.53
4566,575,2022-03-04 00:00:00,Rebalance,3982.64
4567,1218,2021-12-10 00:00:00,Sell,2016.69
4568,234,2023-09-27 00:00:00,Sell,2332.34
4569,347,2025-12-09 00:00:00,Withdrawal,40463.7
4570,54,2024-10-02 00:00:00,Sell,2332.26
4571,1137,2023-03-14 00:00:00,Dividend,7170.25
4572,1297,2022-04-29 00:00:00,Buy,6251.73
4573,839,2020-01-26 00:00:00,Contribution,3638.21
4574,646,2024-03-20 00:00:00,Sell,8384.23
4575,1437,2021-10-12 00:00:00,Rebalance,8514.81
4576,1338,2024-04-22 00:00:00,Buy,5914.99
4577,165,2024-03-05 00:00:00,Dividend,748.79
4578,606,2025-07-30 00:00:00,Contribution,8255.84
4579,881,2021-11-08 00:00:00,Contribution,13783.52
4580,1490,2021-02-14 00:00:00,Sell,10185.16
4581,714,2021-09-08 00:00:00,Rebalance,4817.58
4582,158,2021-11-21 00:00:00,Withdrawal,12070.17
4583,1460,2020-05-28 00:00:00,Rebalance,3060.06
4584,1206,2022-09-21 00:00:00,Contribution,2994.75
4585,1344,2021-09-04 00:00:00,Withdrawal,5106.2
4586,710,2021-08-18 00:00:00,Buy,7380.55
4587,1207,2025-03-07 00:00:00,Buy,3353.32
4588,612,2023-08-01 00:00:00,Withdrawal,1425.34
4589,316,2021-12-12 00:00:00,Rebalance,13987.32
4590,1000,2026-03-24 00:00:00,Rebalance,6405.34
4591,52,2020-05-13 00:00:00,Sell,7159.56
4592,21,2026-05-31 00:00:00,Contribution,7382.75
4593,358,2026-05-07 00:00:00,Contribution,2901.41
4594,1466,2024-01-01 00:00:00,Rebalance,26471.53
4595,943,2021-09-28 00:00:00,Contribution,3292.85
4596,1287,2024-01-02 00:00:00,Buy,1056.2
4597,1173,2021-06-17 00:00:00,Rebalance,2680.31
4598,993,2020-10-31 00:00:00,Dividend,16467.94
4599,880,2025-07-24 00:00:00,Buy,15852.62
4600,284,2021-07-05 00:00:00,Contribution,912.44
4601,881,2025-05-15 00:00:00,Buy,14188.23
4602,232,2025-08-09 00:00:00,Withdrawal,4726.38
4603,1379,2021-10-23 00:00:00,Sell,5308.77
4604,39,2020-06-10 00:00:00,Dividend,938.39
4605,1333,2024-02-05 00:00:00,Buy,298.69
4606,243,2025-06-04 00:00:00,Buy,1619.32
4607,184,2025-07-07 00:00:00,Buy,16535.74
4608,415,2023-05-17 00:00:00,Buy,3459.56
4609,665,2020-01-04 00:00:00,Buy,5347.04
4610,1436,2022-07-23 00:00:00,Contribution,2270.02
4611,779,2020-05-14 00:00:00,Contribution,5784.25
4612,582,2025-12-14 00:00:00,Sell,14411.41
4613,1458,2025-04-06 00:00:00,Withdrawal,4474.94
4614,1184,2020-04-07 00:00:00,Dividend,679.35
4615,910,2020-01-21 00:00:00,Dividend,3680.52
4616,1362,2026-01-28 00:00:00,Buy,13066.96
4617,1428,2025-09-04 00:00:00,Rebalance,4640.22
4618,387,2021-02-19 00:00:00,Buy,6009.05
4619,1230,2026-01-14 00:00:00,Buy,5815.15
4620,1499,2023-09-04 00:00:00,Sell,10079.81
4621,1252,2023-01-28 00:00:00,Rebalance,4251.6
4622,1229,2021-04-28 00:00:00,Contribution,10222.62
4623,854,2025-11-09 00:00:00,Withdrawal,1198.27
4624,577,2024-02-28 00:00:00,Buy,18238.39
4625,1178,2024-03-29 00:00:00,Sell,7381.18
4626,1176,2021-04-22 00:00:00,Contribution,1292.94
4627,1264,2023-04-29 00:00:00,Contribution,3098.84
4628,310,2022-04-05 00:00:00,Contribution,3565.14
4629,1362,2025-10-28 00:00:00,Dividend,3545.38
4630,917,2024-10-20 00:00:00,Contribution,8469.93
4631,1357,2020-04-17 00:00:00,Buy,3018.19
4632,534,2021-02-07 00:00:00,Contribution,3073.74
4633,1094,2022-11-14 00:00:00,Withdrawal,8660.34
4634,1239,2025-09-04 00:00:00,Rebalance,8028.23
4635,744,2025-12-08 00:00:00,Buy,1769.75
4636,466,2024-07-07 00:00:00,Sell,3777.78
4637,1057,2021-04-11 00:00:00,Buy,24424.14
4638,376,2025-12-27 00:00:00,Buy,4368.2
4639,105,2020-07-01 00:00:00,Rebalance,6953.91
4640,550,2025-05-05 00:00:00,Contribution,3853.53
4641,860,2026-03-26 00:00:00,Buy,43548.25
4642,1224,2022-04-26 00:00:00,Sell,14503.81
4643,462,2025-05-09 00:00:00,Dividend,8123.87
4644,810,2026-01-16 00:00:00,Buy,5286.1
4645,1454,2021-07-11 00:00:00,Sell,1474.53
4646,37,2020-02-12 00:00:00,Buy,1934.93
4647,162,2024-11-28 00:00:00,Withdrawal,14237.63
4648,822,2023-02-04 00:00:00,Buy,4952.19
4649,722,2025-07-24 00:00:00,Buy,6423.66
4650,1040,2022-08-08 00:00:00,Buy,12130.72
4651,274,2024-06-16 00:00:00,Contribution,1412.81
4652,459,2024-12-23 00:00:00,Withdrawal,5127.17
4653,1300,2022-06-22 00:00:00,Withdrawal,2972.09
4654,439,2020-01-19 00:00:00,Buy,4773.2
4655,210,2024-04-03 00:00:00,Contribution,6282.04
4656,121,2022-10-03 00:00:00,Contribution,6648.24
4657,995,2024-11-02 00:00:00,Buy,8827.02
4658,1334,2020-11-14 00:00:00,Rebalance,30570.67
4659,523,2026-03-08 00:00:00,Buy,5381.58
4660,144,2020-02-06 00:00:00,Withdrawal,5656.57
4661,1089,2026-01-13 00:00:00,Buy,14081.74
4662,223,2023-06-10 00:00:00,Withdrawal,4321.25
4663,915,2020-07-07 00:00:00,Buy,17069.55
4664,604,2023-09-25 00:00:00,Rebalance,5799.33
4665,472,2024-11-13 00:00:00,Buy,16085.5
4666,721,2023-02-15 00:00:00,Contribution,3534.2
4667,1400,2021-10-25 00:00:00,Buy,1927.37
4668,996,2020-09-24 00:00:00,Sell,3042.73
4669,1254,2021-03-15 00:00:00,Withdrawal,2397.8
4670,1221,2025-05-24 00:00:00,Contribution,32615
4671,785,2020-03-05 00:00:00,Contribution,2129.12
4672,953,2022-01-26 00:00:00,Buy,4189.23
4673,238,2020-11-25 00:00:00,Sell,11154.65
4674,652,2025-11-03 00:00:00,Contribution,7725.03
4675,1363,2020-01-07 00:00:00,Buy,2448.42
4676,1274,2024-04-17 00:00:00,Buy,4962.14
4677,17,2020-10-11 00:00:00,Contribution,3910.38
4678,1054,2023-02-15 00:00:00,Buy,646.3
4679,110,2025-05-19 00:00:00,Sell,6979.37
4680,181,2020-10-27 00:00:00,Buy,6537.28
4681,1110,2020-01-12 00:00:00,Contribution,2873.67
4682,688,2026-03-23 00:00:00,Buy,7594.69
4683,1333,2021-07-03 00:00:00,Buy,486.78
4684,722,2023-08-28 00:00:00,Buy,552.72
4685,1058,2022-11-01 00:00:00,Dividend,51468.8
4686,75,2020-11-17 00:00:00,Buy,1208.45
4687,204,2020-11-23 00:00:00,Contribution,3587.72
4688,865,2020-06-19 00:00:00,Buy,3516.92
4689,647,2020-04-28 00:00:00,Rebalance,23566.66
4690,1070,2026-04-25 00:00:00,Sell,19264.82
4691,542,2020-01-29 00:00:00,Withdrawal,1614.34
4692,577,2024-10-25 00:00:00,Buy,2511.26
4693,1307,2020-11-21 00:00:00,Dividend,3042.13
4694,596,2024-10-13 00:00:00,Dividend,12721.58
4695,1219,2023-09-08 00:00:00,Withdrawal,5552.64
4696,568,2025-11-27 00:00:00,Rebalance,18603.31
4697,709,2024-06-13 00:00:00,Contribution,3860.31
4698,57,2021-05-19 00:00:00,Rebalance,5882.67
4699,267,2026-03-26 00:00:00,Sell,8827.82
4700,1413,2023-04-15 00:00:00,Sell,1124.56
4701,779,2024-06-23 00:00:00,Withdrawal,1027.39
4702,952,2022-05-13 00:00:00,Buy,4484.09
4703,375,2025-02-05 00:00:00,Buy,3907.88
4704,583,2022-11-12 00:00:00,Contribution,6276.94
4705,1264,2022-08-28 00:00:00,Buy,31359.04
4706,643,2022-08-01 00:00:00,Sell,14623.06
4707,1029,2024-08-31 00:00:00,Contribution,4288.62
4708,1391,2025-08-12 00:00:00,Buy,27050.24
4709,837,2023-02-09 00:00:00,Buy,14038.8
4710,736,2022-03-12 00:00:00,Withdrawal,1934.25
4711,487,2022-08-23 00:00:00,Contribution,4358.76
4712,761,2023-02-18 00:00:00,Buy,7956.36
4713,167,2021-03-08 00:00:00,Buy,2121.19
4714,846,2020-11-25 00:00:00,Rebalance,32687.12
4715,1344,2022-07-12 00:00:00,Contribution,7372.71
4716,414,2024-02-02 00:00:00,Withdrawal,1258.82
4717,647,2022-06-15 00:00:00,Buy,5648.83
4718,613,2026-03-23 00:00:00,Buy,781.96
4719,478,2021-04-10 00:00:00,Contribution,10281.82
4720,1454,2026-04-19 00:00:00,Rebalance,14446.1
4721,1442,2020-11-28 00:00:00,Buy,11207.84
4722,972,2024-01-25 00:00:00,Withdrawal,2926.66
4723,197,2020-07-07 00:00:00,Contribution,3601.4
4724,104,2025-10-01 00:00:00,Withdrawal,5803.44
4725,456,2024-11-28 00:00:00,Buy,34385.64
4726,441,2021-03-21 00:00:00,Withdrawal,11627.1
4727,1370,2022-11-20 00:00:00,Withdrawal,826.39
4728,350,2025-11-27 00:00:00,Rebalance,5471.05
4729,231,2024-05-29 00:00:00,Buy,4827.94
4730,891,2023-03-29 00:00:00,Dividend,74928.84
4731,514,2024-05-04 00:00:00,Sell,10043.15
4732,495,2024-07-03 00:00:00,Dividend,7522.86
4733,395,2025-01-11 00:00:00,Buy,20405.67
4734,1004,2026-02-05 00:00:00,Buy,4322.67
4735,35,2020-11-19 00:00:00,Contribution,2888.89
4736,704,2020-07-12 00:00:00,Rebalance,23799.99
4737,1206,2021-11-28 00:00:00,Sell,8458.73
4738,844,2021-02-17 00:00:00,Sell,2870.95
4739,1324,2025-05-16 00:00:00,Buy,18318.81
4740,805,2025-05-20 00:00:00,Buy,2692.19
4741,1439,2023-07-20 00:00:00,Contribution,6480.31
4742,1329,2023-03-11 00:00:00,Rebalance,10672.43
4743,1226,2021-10-21 00:00:00,Buy,4483.87
4744,387,2023-11-29 00:00:00,Rebalance,3860.23
4745,483,2024-09-03 00:00:00,Buy,6055.26
4746,1287,2020-06-03 00:00:00,Contribution,3473.47
4747,770,2024-05-22 00:00:00,Dividend,7702.17
4748,15,2024-11-10 00:00:00,Sell,18329.01
4749,852,2022-05-18 00:00:00,Buy,15869.86
4750,470,2026-04-30 00:00:00,Dividend,15833.26
4751,874,2024-09-11 00:00:00,Withdrawal,7283.56
4752,106,2020-09-01 00:00:00,Dividend,111881.02
4753,380,2020-12-11 00:00:00,Rebalance,1600.98
4754,208,2025-03-18 00:00:00,Buy,39173.6
4755,243,2022-03-03 00:00:00,Withdrawal,5496.04
4756,677,2024-07-08 00:00:00,Sell,3699.42
4757,1213,2025-03-25 00:00:00,Contribution,16051.83
4758,1120,2020-04-21 00:00:00,Sell,18581.15
4759,883,2020-01-01 00:00:00,Withdrawal,1552.8
4760,1103,2021-03-30 00:00:00,Buy,1589.24
4761,1045,2023-08-03 00:00:00,Withdrawal,11744.53
4762,648,2022-09-27 00:00:00,Sell,8403.66
4763,1367,2022-09-11 00:00:00,Rebalance,29183.91
4764,766,2023-11-30 00:00:00,Rebalance,19739.8
4765,1018,2021-09-22 00:00:00,Buy,1838.12
4766,450,2021-08-31 00:00:00,Sell,2846.52
4767,715,2024-08-10 00:00:00,Contribution,7132.58
4768,1188,2020-05-26 00:00:00,Sell,26017
4769,1172,2022-12-14 00:00:00,Withdrawal,10198.59
4770,997,2020-02-12 00:00:00,Dividend,1529.7
4771,1115,2021-05-10 00:00:00,Sell,6776.4
4772,970,2022-05-01 00:00:00,Sell,1586.28
4773,1051,2025-06-09 00:00:00,Buy,726.28
4774,617,2020-04-22 00:00:00,Rebalance,5419.07
4775,1197,2023-09-02 00:00:00,Dividend,13301.89
4776,36,2022-12-25 00:00:00,Contribution,5142.69
4777,1122,2021-06-06 00:00:00,Contribution,2480.55
4778,920,2024-12-13 00:00:00,Contribution,3217.45
4779,539,2024-02-11 00:00:00,Sell,19996.27
4780,749,2021-11-19 00:00:00,Buy,22783.95
4781,853,2023-07-10 00:00:00,Buy,4501.74
4782,1088,2022-06-28 00:00:00,Contribution,6913.06
4783,322,2026-03-02 00:00:00,Buy,5442.83
4784,915,2022-08-13 00:00:00,Rebalance,2481.3
4785,718,2021-05-14 00:00:00,Dividend,5159.62
4786,775,2020-03-20 00:00:00,Sell,4390.7
4787,388,2020-10-06 00:00:00,Sell,1874.56
4788,467,2025-07-29 00:00:00,Rebalance,23101.47
4789,1321,2024-06-30 00:00:00,Withdrawal,4539.53
4790,1026,2026-03-28 00:00:00,Sell,16412.46
4791,1483,2025-03-14 00:00:00,Buy,7148.44
4792,1120,2022-07-10 00:00:00,Contribution,13108.12
4793,890,2020-08-11 00:00:00,Sell,4029.69
4794,1425,2022-12-12 00:00:00,Sell,2564.46
4795,567,2025-06-14 00:00:00,Sell,2232.08
4796,1339,2022-05-03 00:00:00,Sell,7104.17
4797,728,2024-12-31 00:00:00,Sell,18791.59
4798,1470,2022-03-11 00:00:00,Withdrawal,6918.12
4799,1110,2024-03-27 00:00:00,Buy,2532.26
4800,169,2022-12-10 00:00:00,Dividend,3551.4
4801,1067,2020-07-08 00:00:00,Sell,3597.02
4802,1098,2022-07-23 00:00:00,Buy,2361.57
4803,822,2025-03-08 00:00:00,Rebalance,689.48
4804,636,2022-12-25 00:00:00,Dividend,23617.5
4805,1468,2022-02-08 00:00:00,Buy,1694.71
4806,1380,2022-12-22 00:00:00,Buy,6782.89
4807,1139,2022-06-06 00:00:00,Withdrawal,16191.77
4808,17,2023-04-30 00:00:00,Dividend,9882.14
4809,1178,2024-01-04 00:00:00,Buy,14383.71
4810,614,2024-10-13 00:00:00,Sell,3805.33
4811,271,2025-11-02 00:00:00,Buy,3531.96
4812,654,2022-12-14 00:00:00,Buy,3819.3
4813,1113,2026-03-20 00:00:00,Sell,1699.32
4814,458,2023-11-05 00:00:00,Buy,5039.55
4815,1190,2024-08-14 00:00:00,Buy,1862.1
4816,352,2022-10-19 00:00:00,Withdrawal,3950.61
4817,375,2023-08-02 00:00:00,Dividend,1851.81
4818,427,2022-05-11 00:00:00,Withdrawal,24621.6
4819,344,2021-04-13 00:00:00,Sell,19059.75
4820,264,2020-03-16 00:00:00,Sell,7917.15
4821,596,2020-06-17 00:00:00,Rebalance,3048.44
4822,1243,2021-05-07 00:00:00,Contribution,4712.6
4823,90,2022-12-29 00:00:00,Dividend,2974.74
4824,1331,2025-01-09 00:00:00,Rebalance,1554.95
4825,820,2025-03-15 00:00:00,Sell,4913.75
4826,1450,2021-11-20 00:00:00,Sell,16226.43
4827,537,2025-01-08 00:00:00,Dividend,4829.93
4828,1155,2021-03-29 00:00:00,Sell,19448.7
4829,800,2025-05-08 00:00:00,Buy,31126.78
4830,1225,2025-12-13 00:00:00,Sell,2630.22
4831,726,2021-04-23 00:00:00,Dividend,45168.69
4832,1493,2021-10-06 00:00:00,Sell,4533.23
4833,644,2020-06-24 00:00:00,Contribution,2480.5
4834,546,2022-02-11 00:00:00,Contribution,37701.66
4835,102,2021-06-18 00:00:00,Sell,4692.23
4836,1285,2023-10-18 00:00:00,Buy,36093.94
4837,90,2021-06-20 00:00:00,Rebalance,7238.16
4838,434,2025-09-18 00:00:00,Buy,2681.05
4839,742,2025-05-02 00:00:00,Rebalance,4408.47
4840,814,2020-09-09 00:00:00,Sell,10863.57
4841,738,2023-12-15 00:00:00,Dividend,3492.66
4842,856,2021-01-30 00:00:00,Contribution,3124.27
4843,788,2023-06-25 00:00:00,Withdrawal,4719.96
4844,1381,2024-02-20 00:00:00,Dividend,590.04
4845,878,2020-07-29 00:00:00,Dividend,20627.03
4846,168,2020-12-12 00:00:00,Contribution,32600.02
4847,51,2020-07-29 00:00:00,Buy,12585.42
4848,531,2023-04-09 00:00:00,Rebalance,2924.63
4849,936,2026-04-22 00:00:00,Sell,1909.49
4850,160,2025-04-23 00:00:00,Buy,4661.91
4851,820,2022-09-06 00:00:00,Withdrawal,13735.1
4852,1233,2023-11-02 00:00:00,Sell,2748.97
4853,442,2021-09-07 00:00:00,Contribution,834.05
4854,1485,2023-08-20 00:00:00,Withdrawal,2690.91
4855,1330,2024-10-23 00:00:00,Contribution,7973.8
4856,407,2025-01-09 00:00:00,Dividend,8519.47
4857,356,2020-11-19 00:00:00,Contribution,6237.69
4858,506,2022-06-20 00:00:00,Sell,5333.65
4859,274,2022-07-21 00:00:00,Withdrawal,1976.99
4860,834,2025-03-02 00:00:00,Dividend,20723.36
4861,51,2023-10-08 00:00:00,Rebalance,3203.66
4862,678,2022-02-15 00:00:00,Rebalance,3600.41
4863,1000,2023-12-08 00:00:00,Buy,11450.95
4864,944,2021-06-12 00:00:00,Contribution,5963.71
4865,538,2020-02-04 00:00:00,Sell,740.45
4866,223,2024-03-03 00:00:00,Buy,1841.15
4867,1155,2021-09-19 00:00:00,Buy,6450.42
4868,794,2023-01-25 00:00:00,Buy,1288.96
4869,535,2020-10-07 00:00:00,Dividend,5010.35
4870,501,2024-04-12 00:00:00,Buy,9117.77
4871,301,2020-10-30 00:00:00,Rebalance,11785.98
4872,676,2022-05-23 00:00:00,Buy,5289.04
4873,35,2023-03-10 00:00:00,Buy,1745.52
4874,531,2024-07-24 00:00:00,Contribution,11496.86
4875,785,2022-12-10 00:00:00,Buy,1508.7
4876,510,2025-10-07 00:00:00,Contribution,3169.59
4877,1390,2026-01-06 00:00:00,Contribution,8024.03
4878,640,2021-11-10 00:00:00,Buy,2199.09
4879,1225,2023-06-02 00:00:00,Buy,5406.75
4880,1182,2026-02-10 00:00:00,Sell,4372.94
4881,853,2024-08-21 00:00:00,Withdrawal,6594.6
4882,1423,2021-06-03 00:00:00,Sell,3452.77
4883,188,2021-02-27 00:00:00,Sell,5020.5
4884,1444,2022-05-09 00:00:00,Buy,12204.18
4885,243,2021-01-26 00:00:00,Sell,8401.97
4886,331,2024-07-10 00:00:00,Sell,3721.51
4887,866,2022-10-31 00:00:00,Rebalance,7998.25
4888,400,2023-02-14 00:00:00,Buy,3029.6
4889,875,2020-09-30 00:00:00,Buy,3291.93
4890,1481,2024-12-27 00:00:00,Buy,4566.72
4891,886,2024-04-15 00:00:00,Rebalance,11321.68
4892,1033,2026-02-20 00:00:00,Buy,2623.75
4893,146,2022-07-23 00:00:00,Sell,5159.02
4894,938,2020-01-02 00:00:00,Buy,5588.45
4895,721,2021-01-20 00:00:00,Buy,23938.13
4896,645,2020-10-05 00:00:00,Buy,13867.28
4897,610,2022-08-20 00:00:00,Contribution,4553.91
4898,1247,2024-07-13 00:00:00,Buy,2083.2
4899,43,2021-03-22 00:00:00,Dividend,20055.43
4900,1031,2024-02-23 00:00:00,Sell,4852.18
4901,263,2020-05-21 00:00:00,Withdrawal,939.92
4902,448,2021-04-14 00:00:00,Buy,8689.05
4903,70,2022-01-10 00:00:00,Rebalance,3934.23
4904,1313,2025-02-22 00:00:00,Withdrawal,30426.41
4905,584,2023-09-25 00:00:00,Buy,59708.37
4906,1470,2026-01-28 00:00:00,Withdrawal,20318.18
4907,1416,2025-12-07 00:00:00,Buy,17394.98
4908,854,2022-11-03 00:00:00,Contribution,5662.49
4909,187,2022-01-03 00:00:00,Buy,1821.68
4910,707,2022-01-28 00:00:00,Dividend,3580.17
4911,1224,2021-02-24 00:00:00,Dividend,2159.16
4912,884,2022-05-12 00:00:00,Contribution,9059.69
4913,596,2021-09-17 00:00:00,Buy,9569.46
4914,1006,2022-07-08 00:00:00,Contribution,15223.5
4915,242,2023-09-23 00:00:00,Sell,24086.85
4916,1101,2021-11-27 00:00:00,Sell,1922.09
4917,106,2023-11-22 00:00:00,Buy,9065.97
4918,255,2022-02-13 00:00:00,Contribution,14232.02
4919,822,2026-05-22 00:00:00,Buy,1530.4
4920,565,2021-12-11 00:00:00,Withdrawal,9866.37
4921,1092,2023-09-01 00:00:00,Sell,2090.25
4922,1258,2024-07-03 00:00:00,Contribution,6440.23
4923,112,2025-04-09 00:00:00,Sell,13425.68
4924,510,2021-09-24 00:00:00,Buy,20022.97
4925,952,2026-01-06 00:00:00,Sell,24962.67
4926,1192,2021-06-15 00:00:00,Contribution,10374.72
4927,1108,2024-11-22 00:00:00,Contribution,2280.63
4928,18,2022-12-18 00:00:00,Contribution,3803.03
4929,5,2021-09-22 00:00:00,Contribution,11529.64
4930,742,2020-03-25 00:00:00,Contribution,2111.65
4931,762,2020-02-15 00:00:00,Sell,7016.96
4932,634,2025-03-12 00:00:00,Sell,33665.47
4933,962,2026-05-28 00:00:00,Dividend,15334.07
4934,354,2020-07-25 00:00:00,Contribution,10484.81
4935,849,2024-05-11 00:00:00,Buy,998.34
4936,896,2023-06-12 00:00:00,Sell,4913.9
4937,738,2021-10-08 00:00:00,Contribution,3716.66
4938,1212,2020-09-17 00:00:00,Rebalance,11649.1
4939,603,2026-04-10 00:00:00,Buy,4573.82
4940,657,2022-04-04 00:00:00,Contribution,2637.55
4941,549,2023-11-23 00:00:00,Sell,4642.23
4942,1255,2021-08-29 00:00:00,Sell,4352.8
4943,1045,2022-12-18 00:00:00,Dividend,3771.35
4944,1001,2024-01-26 00:00:00,Sell,14937.33
4945,334,2024-09-03 00:00:00,Buy,943.2
4946,1365,2022-05-28 00:00:00,Sell,7265.5
4947,693,2023-02-25 00:00:00,Buy,4510.57
4948,1050,2025-06-29 00:00:00,Withdrawal,41250.32
4949,1426,2021-11-02 00:00:00,Buy,7187.87
4950,1425,2020-05-28 00:00:00,Withdrawal,1960.95
4951,1182,2024-03-10 00:00:00,Rebalance,2402.85
4952,1042,2021-07-17 00:00:00,Withdrawal,986.14
4953,551,2023-12-16 00:00:00,Dividend,1157.03
4954,114,2022-11-25 00:00:00,Rebalance,6434.48
4955,657,2025-05-31 00:00:00,Buy,6189.71
4956,714,2022-06-10 00:00:00,Buy,42107.75
4957,266,2020-12-13 00:00:00,Sell,7626.32
4958,1298,2022-03-28 00:00:00,Withdrawal,25152.54
4959,1061,2022-11-14 00:00:00,Contribution,4826.72
4960,1072,2024-05-31 00:00:00,Sell,653.7
4961,915,2024-03-08 00:00:00,Buy,7308.31
4962,804,2024-04-06 00:00:00,Sell,17745.28
4963,1168,2023-11-17 00:00:00,Rebalance,31774.57
4964,1274,2020-09-25 00:00:00,Sell,3934.57
4965,713,2020-04-08 00:00:00,Contribution,6139.05
4966,1424,2021-01-24 00:00:00,Rebalance,10524.54
4967,1224,2023-02-05 00:00:00,Contribution,2402.14
4968,334,2025-01-20 00:00:00,Dividend,1227.12
4969,271,2020-05-08 00:00:00,Rebalance,2598.2
4970,254,2020-12-25 00:00:00,Contribution,3511.13
4971,318,2021-01-29 00:00:00,Contribution,1793.98
4972,280,2026-04-01 00:00:00,Buy,5446.86
4973,737,2026-01-26 00:00:00,Contribution,4785.72
4974,998,2025-04-27 00:00:00,Sell,2139.02
4975,1365,2022-03-27 00:00:00,Buy,7316.14
4976,594,2025-10-29 00:00:00,Buy,15852.24
4977,922,2021-01-05 00:00:00,Sell,10594.11
4978,982,2020-04-09 00:00:00,Sell,1773.67
4979,804,2025-11-19 00:00:00,Withdrawal,1487.79
4980,253,2021-08-13 00:00:00,Withdrawal,27349.49
4981,573,2020-10-13 00:00:00,Contribution,8532.67
4982,1245,2025-04-04 00:00:00,Sell,1094.95
4983,477,2025-06-24 00:00:00,Buy,23449.33
4984,54,2021-01-09 00:00:00,Buy,9116.86
4985,543,2023-07-14 00:00:00,Sell,14260.81
4986,1238,2025-11-08 00:00:00,Contribution,5919.69
4987,1101,2020-09-26 00:00:00,Sell,2509.25
4988,120,2023-01-13 00:00:00,Withdrawal,13713.39
4989,718,2025-11-11 00:00:00,Rebalance,5208.71
4990,839,2021-10-03 00:00:00,Buy,60130.09
4991,1477,2021-06-12 00:00:00,Rebalance,7301.73
4992,1150,2023-09-22 00:00:00,Contribution,7364.58
4993,564,2021-02-22 00:00:00,Buy,5037.45
4994,647,2024-02-11 00:00:00,Dividend,10564.81
4995,427,2023-09-22 00:00:00,Rebalance,3377.1
4996,1353,2025-08-13 00:00:00,Contribution,13040.36
4997,754,2020-08-24 00:00:00,Rebalance,11092.26
4998,1004,2024-01-13 00:00:00,Contribution,4278.09
4999,36,2025-07-31 00:00:00,Contribution,6884.51
5000,1288,2020-05-11 00:00:00,Rebalance,2615.99
5001,941,2025-07-06 00:00:00,Withdrawal,15583.02
5002,1231,2025-02-16 00:00:00,Dividend,2365.24
5003,616,2024-07-26 00:00:00,Contribution,3691.59
5004,789,2025-03-26 00:00:00,Buy,1582.6
5005,912,2024-11-27 00:00:00,Contribution,5142.83
5006,1051,2025-03-19 00:00:00,Sell,4271.5
5007,456,2023-10-05 00:00:00,Sell,2296.41
5008,626,2020-02-21 00:00:00,Buy,4018.56
5009,804,2025-02-06 00:00:00,Dividend,14102.38
5010,1249,2020-11-29 00:00:00,Buy,18193.38
5011,1050,2025-03-06 00:00:00,Buy,15623.61
5012,1294,2020-10-03 00:00:00,Withdrawal,8139.2
5013,888,2024-04-04 00:00:00,Contribution,6675.45
5014,690,2023-05-14 00:00:00,Sell,5656.64
5015,307,2025-03-14 00:00:00,Buy,15905.58
5016,937,2021-02-04 00:00:00,Contribution,5684.16
5017,1062,2022-06-17 00:00:00,Dividend,8894.35
5018,1325,2025-02-12 00:00:00,Sell,1917.46
5019,559,2021-08-24 00:00:00,Buy,17187.93
5020,471,2020-10-23 00:00:00,Rebalance,19896.37
5021,123,2025-06-17 00:00:00,Sell,10120.65
5022,553,2025-03-23 00:00:00,Contribution,44585.69
5023,345,2026-04-02 00:00:00,Rebalance,6382.89
5024,553,2024-02-23 00:00:00,Sell,16398.11
5025,941,2023-05-31 00:00:00,Buy,5533.47
5026,996,2020-02-29 00:00:00,Buy,8840.3
5027,438,2022-10-27 00:00:00,Contribution,10745.14
5028,1049,2024-10-10 00:00:00,Withdrawal,23116.93
5029,1140,2024-08-08 00:00:00,Rebalance,2767.57
5030,873,2020-10-21 00:00:00,Buy,12590.75
5031,1067,2021-10-07 00:00:00,Dividend,36645.82
5032,424,2025-05-18 00:00:00,Dividend,19988.02
5033,863,2024-06-30 00:00:00,Withdrawal,41715.43
5034,295,2020-07-24 00:00:00,Buy,8633.8
5035,1114,2021-12-14 00:00:00,Contribution,5723.88
5036,710,2023-01-04 00:00:00,Rebalance,5281.5
5037,732,2022-10-27 00:00:00,Buy,50919.73
5038,209,2026-05-30 00:00:00,Buy,4622.75
5039,659,2021-03-16 00:00:00,Contribution,8480.67
5040,1172,2020-09-04 00:00:00,Sell,7203.21
5041,1294,2024-10-08 00:00:00,Withdrawal,7680.24
5042,267,2023-05-20 00:00:00,Withdrawal,18651.7
5043,1265,2020-03-11 00:00:00,Buy,3611.38
5044,797,2022-06-18 00:00:00,Sell,13095.62
5045,1125,2020-03-21 00:00:00,Rebalance,1593.5
5046,1460,2024-03-08 00:00:00,Sell,15612.78
5047,76,2022-05-05 00:00:00,Sell,42205.87
5048,363,2021-12-26 00:00:00,Dividend,1335.62
5049,589,2020-12-05 00:00:00,Buy,4816.5
5050,625,2023-01-29 00:00:00,Sell,16321.06
5051,11,2022-02-16 00:00:00,Contribution,8229.07
5052,912,2023-07-20 00:00:00,Withdrawal,8378.29
5053,638,2025-01-25 00:00:00,Sell,8975.68
5054,1490,2020-06-27 00:00:00,Sell,21353.97
5055,298,2025-08-06 00:00:00,Contribution,26534.52
5056,1126,2025-11-12 00:00:00,Withdrawal,4054.46
5057,822,2024-11-02 00:00:00,Sell,12031.25
5058,312,2022-10-29 00:00:00,Dividend,4040.13
5059,183,2021-06-22 00:00:00,Buy,3767.19
5060,705,2020-06-24 00:00:00,Contribution,8816.29
5061,456,2022-05-05 00:00:00,Buy,1886.5
5062,1433,2025-05-13 00:00:00,Buy,3132.64
5063,65,2021-09-13 00:00:00,Buy,8199.54
5064,1371,2020-12-07 00:00:00,Sell,7804.24
5065,529,2025-02-12 00:00:00,Contribution,1778.82
5066,378,2020-04-17 00:00:00,Sell,3296.39
5067,456,2022-09-08 00:00:00,Buy,5087.61
5068,104,2022-10-11 00:00:00,Buy,13087.34
5069,1223,2026-01-24 00:00:00,Contribution,1580.79
5070,1220,2021-12-31 00:00:00,Contribution,3864.72
5071,229,2022-01-23 00:00:00,Contribution,5340.6
5072,239,2021-08-08 00:00:00,Withdrawal,1787.38
5073,210,2022-08-25 00:00:00,Dividend,29298.81
5074,1081,2025-05-22 00:00:00,Buy,1947.07
5075,1082,2021-10-12 00:00:00,Contribution,3295.36
5076,777,2020-04-13 00:00:00,Buy,6354.62
5077,963,2021-07-05 00:00:00,Buy,5044.65
5078,861,2023-01-28 00:00:00,Buy,20879
5079,612,2020-05-02 00:00:00,Buy,2645.66
5080,1077,2020-10-27 00:00:00,Sell,1246.98
5081,167,2021-10-07 00:00:00,Contribution,3486.08
5082,639,2025-12-03 00:00:00,Contribution,5880.32
5083,477,2020-04-04 00:00:00,Buy,3023.25
5084,998,2024-06-07 00:00:00,Sell,3251.82
5085,753,2023-12-02 00:00:00,Contribution,11810.22
5086,1229,2022-02-28 00:00:00,Sell,1540.58
5087,482,2024-03-23 00:00:00,Sell,3148.05
5088,355,2020-02-27 00:00:00,Sell,5766.4
5089,1154,2024-01-16 00:00:00,Dividend,954.66
5090,325,2021-10-01 00:00:00,Rebalance,5906.14
5091,142,2022-02-08 00:00:00,Contribution,28780.77
5092,236,2021-06-09 00:00:00,Buy,6876.03
5093,1216,2020-10-05 00:00:00,Buy,13208.89
5094,1042,2023-05-20 00:00:00,Contribution,4773.79
5095,1325,2026-03-15 00:00:00,Rebalance,3745
5096,1345,2023-06-29 00:00:00,Rebalance,12329.33
5097,1195,2025-03-27 00:00:00,Buy,87131.98
5098,840,2022-01-20 00:00:00,Buy,4550.46
5099,451,2024-06-18 00:00:00,Buy,3272.95
5100,12,2024-12-22 00:00:00,Sell,15158.48
5101,692,2020-02-27 00:00:00,Rebalance,4059.07
5102,991,2022-10-30 00:00:00,Sell,9475.14
5103,37,2026-01-29 00:00:00,Buy,2188.82
5104,108,2022-05-12 00:00:00,Buy,4777.99
5105,730,2024-07-23 00:00:00,Rebalance,1310.11
5106,1056,2023-01-03 00:00:00,Sell,4064.73
5107,1011,2022-05-07 00:00:00,Sell,12129.02
5108,73,2022-03-04 00:00:00,Sell,7409.92
5109,122,2020-12-06 00:00:00,Sell,2060.19
5110,1341,2020-07-29 00:00:00,Buy,6511.32
5111,51,2021-09-19 00:00:00,Dividend,10351.76
5112,755,2022-06-29 00:00:00,Contribution,14997.13
5113,800,2026-01-20 00:00:00,Contribution,9101.58
5114,868,2025-10-25 00:00:00,Buy,12170.37
5115,429,2026-03-13 00:00:00,Dividend,15437.2
5116,149,2021-05-11 00:00:00,Withdrawal,7621.21
5117,332,2024-10-11 00:00:00,Dividend,11231.29
5118,1157,2025-06-14 00:00:00,Rebalance,7713.99
5119,515,2026-03-12 00:00:00,Contribution,2314.9
5120,1218,2023-03-31 00:00:00,Buy,626.95
5121,167,2022-12-13 00:00:00,Sell,1981.2
5122,224,2020-10-07 00:00:00,Rebalance,7587.48
5123,576,2025-11-15 00:00:00,Sell,11888.17
5124,963,2020-09-26 00:00:00,Buy,3906.66
5125,1365,2022-09-23 00:00:00,Contribution,11110.06
5126,686,2025-04-16 00:00:00,Dividend,10436.29
5127,611,2023-06-18 00:00:00,Rebalance,15395.93
5128,895,2020-09-19 00:00:00,Buy,4974.4
5129,307,2026-02-23 00:00:00,Sell,6343
5130,361,2021-04-24 00:00:00,Buy,9966.85
5131,1472,2020-08-07 00:00:00,Buy,7577.6
5132,1386,2020-02-12 00:00:00,Contribution,3760.72
5133,401,2025-06-28 00:00:00,Buy,16310.02
5134,305,2021-03-28 00:00:00,Sell,4211.86
5135,784,2024-11-21 00:00:00,Buy,21195.34
5136,1164,2025-02-27 00:00:00,Dividend,23505.41
5137,992,2025-04-02 00:00:00,Rebalance,3116.54
5138,522,2025-09-21 00:00:00,Contribution,1113.74
5139,455,2024-09-09 00:00:00,Withdrawal,15647.37
5140,1415,2024-02-10 00:00:00,Contribution,1888.39
5141,753,2020-09-15 00:00:00,Sell,18559.66
5142,1375,2021-07-30 00:00:00,Rebalance,1547.59
5143,395,2025-03-04 00:00:00,Rebalance,7726.43
5144,939,2025-03-21 00:00:00,Rebalance,3433.39
5145,555,2021-07-18 00:00:00,Rebalance,5346.31
5146,1486,2023-05-11 00:00:00,Buy,1181.63
5147,431,2025-05-19 00:00:00,Contribution,8345.04
5148,665,2023-12-06 00:00:00,Rebalance,4024.89
5149,1279,2020-11-21 00:00:00,Contribution,13153.92
5150,1365,2025-06-26 00:00:00,Buy,10001.15
5151,1449,2023-05-10 00:00:00,Sell,1608.38
5152,505,2023-01-05 00:00:00,Sell,1166.84
5153,43,2020-03-01 00:00:00,Withdrawal,1183.03
5154,397,2021-06-12 00:00:00,Contribution,2648.68
5155,134,2021-04-01 00:00:00,Contribution,2069.36
5156,422,2026-05-25 00:00:00,Rebalance,4743.89
5157,1004,2023-09-21 00:00:00,Sell,5588.32
5158,736,2023-07-02 00:00:00,Rebalance,7312.81
5159,480,2022-04-25 00:00:00,Buy,6847.42
5160,1221,2024-02-28 00:00:00,Buy,6737.86
5161,996,2022-12-09 00:00:00,Dividend,3385.4
5162,1460,2023-02-25 00:00:00,Withdrawal,3127.63
5163,845,2023-06-25 00:00:00,Dividend,4469.2
5164,1109,2025-03-29 00:00:00,Contribution,8386.96
5165,816,2021-10-10 00:00:00,Withdrawal,607.67
5166,1334,2024-07-09 00:00:00,Dividend,2336.61
5167,6,2023-03-10 00:00:00,Rebalance,1193.03
5168,597,2023-08-06 00:00:00,Buy,2843.84
5169,730,2025-01-17 00:00:00,Buy,8765.44
5170,464,2025-08-26 00:00:00,Contribution,9088.7
5171,547,2025-09-22 00:00:00,Sell,2123.89
5172,694,2020-08-17 00:00:00,Dividend,26114.07
5173,1267,2024-07-31 00:00:00,Dividend,10384.05
5174,686,2021-09-12 00:00:00,Buy,16409.85
5175,408,2025-08-28 00:00:00,Withdrawal,4425.04
5176,345,2022-04-28 00:00:00,Sell,1356.77
5177,1403,2024-12-14 00:00:00,Dividend,6314.24
5178,41,2023-03-13 00:00:00,Withdrawal,5760.66
5179,1199,2024-09-27 00:00:00,Contribution,28799.75
5180,178,2021-04-29 00:00:00,Dividend,2573.32
5181,162,2023-05-25 00:00:00,Buy,7476.9
5182,873,2024-06-14 00:00:00,Sell,3884.21
5183,205,2025-08-23 00:00:00,Withdrawal,945.52
5184,630,2026-03-15 00:00:00,Sell,384.73
5185,281,2025-08-03 00:00:00,Buy,6107.18
5186,377,2021-01-15 00:00:00,Sell,20654.6
5187,976,2024-01-02 00:00:00,Withdrawal,3293.91
5188,1489,2025-02-20 00:00:00,Dividend,12132.27
5189,966,2021-01-21 00:00:00,Sell,8623.14
5190,738,2021-02-11 00:00:00,Withdrawal,14382.73
5191,895,2023-05-19 00:00:00,Sell,3927.72
5192,476,2025-07-28 00:00:00,Contribution,3172.46
5193,637,2026-05-20 00:00:00,Rebalance,3960.15
5194,128,2020-03-17 00:00:00,Sell,3491.41
5195,41,2021-05-11 00:00:00,Buy,6532.78
5196,721,2022-08-15 00:00:00,Buy,11512.75
5197,1334,2021-02-20 00:00:00,Buy,8797.25
5198,822,2020-07-07 00:00:00,Contribution,10120.18
5199,984,2024-07-06 00:00:00,Rebalance,10645.9
5200,351,2021-03-29 00:00:00,Buy,9992.53
5201,887,2024-10-15 00:00:00,Buy,936.41
5202,493,2020-09-28 00:00:00,Buy,1813.4
5203,943,2022-08-15 00:00:00,Withdrawal,10751.69
5204,266,2021-02-20 00:00:00,Sell,5673.79
5205,147,2021-12-23 00:00:00,Dividend,3863.28
5206,1333,2024-09-28 00:00:00,Buy,21121.87
5207,1186,2024-04-04 00:00:00,Contribution,6369
5208,117,2026-04-23 00:00:00,Buy,26208.06
5209,547,2025-02-28 00:00:00,Dividend,4299.43
5210,979,2021-04-12 00:00:00,Contribution,2946.01
5211,1049,2024-08-10 00:00:00,Sell,4206.36
5212,153,2024-07-16 00:00:00,Sell,12710.96
5213,1146,2024-05-06 00:00:00,Contribution,13245.31
5214,1239,2022-08-25 00:00:00,Sell,28114.09
5215,1364,2026-04-19 00:00:00,Withdrawal,5004.93
5216,1018,2020-10-08 00:00:00,Contribution,1733.83
5217,1494,2022-05-10 00:00:00,Contribution,1405.94
5218,997,2020-11-25 00:00:00,Buy,9797.81
5219,295,2025-11-02 00:00:00,Buy,7413.88
5220,978,2021-03-28 00:00:00,Withdrawal,18489.27
5221,167,2020-04-18 00:00:00,Dividend,9815.43
5222,971,2022-06-03 00:00:00,Buy,5634.4
5223,938,2021-04-26 00:00:00,Sell,4161.95
5224,985,2023-03-21 00:00:00,Sell,2072.94
5225,1040,2020-08-27 00:00:00,Buy,7080.59
5226,412,2022-06-16 00:00:00,Buy,5156.15
5227,343,2020-01-20 00:00:00,Buy,47027.09
5228,585,2023-01-21 00:00:00,Sell,5011.03
5229,1449,2022-04-14 00:00:00,Rebalance,8475.43
5230,979,2021-05-21 00:00:00,Buy,1011.8
5231,1376,2025-02-03 00:00:00,Withdrawal,28054.98
5232,1309,2023-01-08 00:00:00,Buy,2297.17
5233,599,2024-04-18 00:00:00,Sell,548.67
5234,432,2023-12-09 00:00:00,Buy,7764.98
5235,581,2025-09-27 00:00:00,Rebalance,14728.54
5236,1471,2025-03-31 00:00:00,Dividend,1426.54
5237,12,2024-08-01 00:00:00,Sell,5037.01
5238,914,2024-02-08 00:00:00,Sell,1617.25
5239,462,2023-10-21 00:00:00,Buy,1385.28
5240,516,2025-06-07 00:00:00,Rebalance,1325.93
5241,944,2025-10-28 00:00:00,Dividend,8516.89
5242,347,2023-12-12 00:00:00,Rebalance,873.32
5243,550,2026-05-27 00:00:00,Withdrawal,2839.59
5244,1375,2024-03-22 00:00:00,Withdrawal,5247.73
5245,471,2025-05-20 00:00:00,Sell,13127.98
5246,1351,2022-05-28 00:00:00,Buy,5323.79
5247,708,2025-02-20 00:00:00,Sell,20881.25
5248,454,2023-02-12 00:00:00,Buy,41034.74
5249,1187,2024-08-16 00:00:00,Dividend,7329.45
5250,259,2022-04-15 00:00:00,Sell,4352.87
5251,1077,2020-02-25 00:00:00,Sell,1608.38
5252,47,2022-04-15 00:00:00,Buy,3004.07
5253,1279,2021-11-10 00:00:00,Sell,13702.73
5254,41,2021-09-23 00:00:00,Buy,16167.66
5255,181,2021-11-14 00:00:00,Sell,8528.43
5256,462,2020-10-10 00:00:00,Contribution,1353.22
5257,432,2023-04-18 00:00:00,Contribution,3993.21
5258,944,2023-08-25 00:00:00,Dividend,6070.66
5259,802,2026-04-12 00:00:00,Buy,10609.53
5260,1079,2021-11-14 00:00:00,Sell,3144.27
5261,1010,2022-11-07 00:00:00,Sell,12973.69
5262,1400,2023-12-09 00:00:00,Rebalance,1035.68
5263,866,2020-06-24 00:00:00,Withdrawal,16617.61
5264,1093,2024-06-22 00:00:00,Sell,5347.69
5265,720,2020-03-21 00:00:00,Withdrawal,4717.42
5266,1333,2020-09-09 00:00:00,Rebalance,3668.79
5267,630,2026-01-16 00:00:00,Contribution,1152.85
5268,792,2022-12-06 00:00:00,Withdrawal,633.03
5269,907,2024-02-23 00:00:00,Dividend,4600.49
5270,843,2025-10-20 00:00:00,Sell,1055.68
5271,687,2025-07-17 00:00:00,Sell,5780.84
5272,460,2021-12-12 00:00:00,Buy,5151.05
5273,188,2022-09-12 00:00:00,Buy,3934.76
5274,162,2024-02-22 00:00:00,Buy,11205.38
5275,51,2022-06-30 00:00:00,Buy,18409.16
5276,797,2026-03-01 00:00:00,Withdrawal,5466.4
5277,1243,2021-12-31 00:00:00,Buy,25223.26
5278,772,2025-04-25 00:00:00,Contribution,7048.63
5279,928,2025-08-11 00:00:00,Dividend,29691.16
5280,989,2020-10-12 00:00:00,Contribution,5967.89
5281,758,2025-09-25 00:00:00,Contribution,1279.92
5282,521,2022-08-09 00:00:00,Buy,6052.37
5283,922,2022-04-11 00:00:00,Contribution,2715.06
5284,1207,2025-09-11 00:00:00,Contribution,7556.78
5285,400,2023-02-04 00:00:00,Contribution,521.43
5286,1492,2020-03-11 00:00:00,Rebalance,3688.21
5287,883,2021-06-25 00:00:00,Rebalance,2029.6
5288,551,2024-09-24 00:00:00,Contribution,22356.76
5289,1224,2020-04-10 00:00:00,Buy,14807.6
5290,1279,2020-09-30 00:00:00,Rebalance,2265.03
5291,185,2022-10-28 00:00:00,Rebalance,575.49
5292,104,2021-08-09 00:00:00,Buy,14784.79
5293,515,2023-03-25 00:00:00,Buy,1409.5
5294,1481,2025-06-19 00:00:00,Buy,1605.01
5295,508,2025-11-24 00:00:00,Sell,7544.26
5296,479,2025-02-28 00:00:00,Buy,4495.45
5297,1416,2023-02-10 00:00:00,Dividend,3375.4
5298,587,2022-04-22 00:00:00,Contribution,540.52
5299,392,2025-02-19 00:00:00,Buy,1816.98
5300,306,2026-05-06 00:00:00,Buy,9019.55
5301,1453,2022-01-27 00:00:00,Buy,83170.87
5302,10,2020-01-23 00:00:00,Buy,22009.73
5303,46,2021-11-12 00:00:00,Withdrawal,5764.7
5304,1107,2021-08-08 00:00:00,Sell,4463.46
5305,1302,2023-04-21 00:00:00,Buy,4616.28
5306,1463,2021-04-18 00:00:00,Dividend,6962.46
5307,358,2026-01-09 00:00:00,Contribution,1583.06
5308,624,2020-01-06 00:00:00,Buy,4820.76
5309,257,2023-12-16 00:00:00,Contribution,42890.57
5310,1385,2024-10-06 00:00:00,Buy,11683.12
5311,1286,2023-09-19 00:00:00,Sell,2522.92
5312,662,2025-09-07 00:00:00,Sell,3128.78
5313,558,2023-01-13 00:00:00,Sell,14392.66
5314,66,2023-10-02 00:00:00,Buy,45466.77
5315,1468,2020-06-14 00:00:00,Buy,10580.24
5316,476,2020-05-22 00:00:00,Buy,8809.22
5317,1299,2021-04-16 00:00:00,Sell,13140.51
5318,332,2024-07-28 00:00:00,Buy,16762.36
5319,1175,2023-06-08 00:00:00,Sell,13446.16
5320,895,2026-01-13 00:00:00,Contribution,1219.59
5321,675,2024-11-22 00:00:00,Sell,24800.77
5322,929,2020-01-01 00:00:00,Sell,5025.77
5323,908,2025-04-23 00:00:00,Contribution,3826.09
5324,187,2021-11-13 00:00:00,Contribution,15908.33
5325,334,2021-04-13 00:00:00,Buy,3717.16
5326,676,2021-01-15 00:00:00,Withdrawal,2864.39
5327,742,2025-03-10 00:00:00,Withdrawal,10865.77
5328,1323,2024-07-26 00:00:00,Contribution,8998.35
5329,104,2021-10-12 00:00:00,Contribution,6266.46
5330,432,2020-12-03 00:00:00,Buy,931.88
5331,1060,2024-07-27 00:00:00,Buy,11978.94
5332,1201,2023-10-16 00:00:00,Rebalance,11485.34
5333,491,2020-11-27 00:00:00,Contribution,13951.8
5334,345,2021-05-29 00:00:00,Withdrawal,1976.79
5335,1452,2023-11-19 00:00:00,Withdrawal,7024.69
5336,1273,2024-01-20 00:00:00,Dividend,8409.91
5337,230,2025-10-19 00:00:00,Rebalance,3774.27
5338,1085,2023-07-24 00:00:00,Sell,3686.59
5339,790,2023-09-09 00:00:00,Sell,6425.28
5340,1446,2020-07-24 00:00:00,Buy,6693.18
5341,1364,2021-06-16 00:00:00,Contribution,5280.16
5342,519,2020-09-08 00:00:00,Contribution,10194.87
5343,1281,2021-10-01 00:00:00,Buy,4815.23
5344,951,2023-05-06 00:00:00,Buy,2180.25
5345,914,2020-01-17 00:00:00,Contribution,5394.83
5346,74,2022-03-20 00:00:00,Contribution,4571.38
5347,1500,2022-06-05 00:00:00,Sell,5017.09
5348,24,2025-01-08 00:00:00,Contribution,7423.04
5349,765,2022-04-10 00:00:00,Withdrawal,12933.38
5350,652,2022-03-12 00:00:00,Buy,7804.15
5351,281,2024-05-23 00:00:00,Rebalance,5756.43
5352,1028,2024-05-30 00:00:00,Dividend,9559.99
5353,155,2022-09-24 00:00:00,Dividend,2625.47
5354,931,2024-04-18 00:00:00,Buy,3388.3
5355,284,2023-02-07 00:00:00,Buy,3341.35
5356,741,2025-02-18 00:00:00,Buy,2403.38
5357,134,2021-03-12 00:00:00,Buy,3087.02
5358,228,2023-05-05 00:00:00,Contribution,37633.43
5359,968,2020-02-18 00:00:00,Withdrawal,5910.82
5360,556,2021-10-25 00:00:00,Buy,10839.55
5361,330,2020-04-29 00:00:00,Dividend,952.19
5362,385,2022-07-31 00:00:00,Withdrawal,1612.65
5363,1319,2022-01-07 00:00:00,Buy,2855.01
5364,949,2023-10-18 00:00:00,Rebalance,7123.27
5365,815,2023-09-03 00:00:00,Buy,5962.23
5366,1474,2021-08-03 00:00:00,Dividend,2198.7
5367,1108,2025-03-05 00:00:00,Buy,4344.44
5368,693,2021-10-09 00:00:00,Contribution,6423.48
5369,1032,2024-02-12 00:00:00,Dividend,4526.14
5370,173,2026-03-15 00:00:00,Rebalance,3524.1
5371,518,2024-05-25 00:00:00,Dividend,5582.24
5372,1436,2025-10-20 00:00:00,Buy,7139.33
5373,1098,2024-02-23 00:00:00,Contribution,3716.77
5374,628,2024-10-01 00:00:00,Dividend,5112.57
5375,171,2025-05-19 00:00:00,Buy,62487.97
5376,1064,2025-05-09 00:00:00,Rebalance,4863.58
5377,1330,2025-01-10 00:00:00,Sell,7881.15
5378,1016,2024-12-15 00:00:00,Withdrawal,45621.31
5379,269,2026-02-25 00:00:00,Buy,17559.25
5380,524,2020-08-26 00:00:00,Withdrawal,17898.67
5381,767,2020-04-27 00:00:00,Buy,3015.18
5382,1228,2022-10-16 00:00:00,Buy,7497.77
5383,287,2024-07-06 00:00:00,Withdrawal,1361.55
5384,217,2021-07-12 00:00:00,Buy,7778.75
5385,1357,2023-06-21 00:00:00,Buy,10509.09
5386,687,2025-06-21 00:00:00,Buy,739
5387,538,2024-06-02 00:00:00,Sell,3549.96
5388,1128,2024-06-24 00:00:00,Buy,3890.43
5389,377,2021-09-08 00:00:00,Sell,5488.21
5390,372,2020-12-20 00:00:00,Buy,9484.09
5391,1189,2021-07-09 00:00:00,Buy,1300.85
5392,531,2020-10-02 00:00:00,Rebalance,12658.15
5393,885,2024-12-10 00:00:00,Sell,2097.92
5394,1256,2024-02-03 00:00:00,Buy,19000.99
5395,1287,2026-04-06 00:00:00,Contribution,20243.88
5396,1092,2020-03-26 00:00:00,Sell,25668.49
5397,735,2022-08-22 00:00:00,Buy,7985.57
5398,1371,2025-09-30 00:00:00,Buy,8081.83
5399,882,2025-12-12 00:00:00,Dividend,4945.58
5400,1240,2020-07-04 00:00:00,Dividend,8907.07
5401,1130,2022-01-13 00:00:00,Buy,966.54
5402,1175,2020-04-12 00:00:00,Contribution,7645.6
5403,848,2025-04-26 00:00:00,Sell,39003.25
5404,837,2025-05-02 00:00:00,Buy,3770.44
5405,1027,2021-10-18 00:00:00,Sell,26060.67
5406,442,2024-05-02 00:00:00,Rebalance,9144.54
5407,948,2023-02-04 00:00:00,Sell,6873.07
5408,1474,2023-07-19 00:00:00,Sell,5864.59
5409,468,2024-11-23 00:00:00,Buy,20249.88
5410,353,2021-07-14 00:00:00,Contribution,6337.1
5411,752,2021-03-11 00:00:00,Buy,13176.59
5412,81,2021-05-24 00:00:00,Withdrawal,1335.74
5413,599,2020-04-13 00:00:00,Rebalance,456.85
5414,157,2023-12-21 00:00:00,Sell,6404.83
5415,1072,2021-10-13 00:00:00,Sell,1362.74
5416,1110,2023-01-10 00:00:00,Dividend,17043.75
5417,311,2025-09-18 00:00:00,Buy,1418.12
5418,1179,2026-01-08 00:00:00,Rebalance,28511.42
5419,1452,2022-04-03 00:00:00,Contribution,10314.15
5420,1255,2025-11-16 00:00:00,Withdrawal,5439.23
5421,1454,2023-03-08 00:00:00,Dividend,14188.27
5422,638,2020-04-16 00:00:00,Contribution,12743.3
5423,1180,2021-10-12 00:00:00,Withdrawal,5214.9
5424,1396,2025-03-27 00:00:00,Contribution,11746.22
5425,933,2023-11-18 00:00:00,Buy,10309.98
5426,164,2023-04-18 00:00:00,Withdrawal,6635.89
5427,1128,2022-07-28 00:00:00,Rebalance,5466.1
5428,1412,2023-06-29 00:00:00,Buy,17174.01
5429,1479,2023-04-15 00:00:00,Contribution,3406.74
5430,217,2025-01-24 00:00:00,Dividend,14542.36
5431,328,2023-04-08 00:00:00,Sell,2271.07
5432,76,2022-08-12 00:00:00,Buy,7422.9
5433,982,2022-10-22 00:00:00,Contribution,3063.61
5434,1342,2021-05-19 00:00:00,Buy,3048.74
5435,1005,2025-06-09 00:00:00,Contribution,6875.6
5436,978,2022-12-14 00:00:00,Buy,12347.02
5437,748,2020-10-25 00:00:00,Sell,2136.5
5438,448,2026-03-10 00:00:00,Buy,2848.43
5439,1189,2026-03-21 00:00:00,Sell,6372.03
5440,109,2020-04-25 00:00:00,Rebalance,2429.93
5441,750,2021-11-23 00:00:00,Dividend,40293.07
5442,701,2022-09-12 00:00:00,Dividend,39392.87
5443,900,2020-07-30 00:00:00,Buy,13670.68
5444,1403,2021-01-20 00:00:00,Sell,3485.51
5445,791,2022-07-21 00:00:00,Rebalance,19825.54
5446,1114,2022-06-09 00:00:00,Contribution,5192.12
5447,324,2025-06-05 00:00:00,Contribution,8092.85
5448,765,2020-02-12 00:00:00,Sell,1114.39
5449,172,2020-11-27 00:00:00,Buy,1264.66
5450,71,2020-03-28 00:00:00,Buy,1079.88
5451,1085,2023-09-12 00:00:00,Buy,4941.57
5452,882,2021-08-15 00:00:00,Sell,20635.6
5453,762,2022-10-26 00:00:00,Buy,10871.41
5454,1015,2023-06-21 00:00:00,Rebalance,2219.42
5455,1224,2023-12-13 00:00:00,Rebalance,5200.19
5456,1402,2022-07-07 00:00:00,Withdrawal,15362.45
5457,1300,2022-01-15 00:00:00,Buy,10676.72
5458,506,2025-07-08 00:00:00,Contribution,9839.2
5459,22,2020-02-05 00:00:00,Buy,19307.7
5460,841,2023-03-26 00:00:00,Dividend,10577.69
5461,624,2020-08-18 00:00:00,Contribution,16312.25
5462,1495,2026-05-15 00:00:00,Contribution,3547.66
5463,1330,2021-03-21 00:00:00,Contribution,15914.72
5464,634,2023-10-30 00:00:00,Buy,6025.18
5465,391,2024-02-28 00:00:00,Contribution,5643.46
5466,1156,2022-04-05 00:00:00,Sell,17820.76
5467,488,2022-04-08 00:00:00,Dividend,2839.99
5468,194,2020-08-29 00:00:00,Buy,9745.64
5469,1184,2025-12-13 00:00:00,Sell,1011.3
5470,1085,2025-02-25 00:00:00,Sell,1115.45
5471,679,2024-08-09 00:00:00,Dividend,15109.7
5472,330,2023-04-05 00:00:00,Sell,1442.04
5473,815,2020-12-29 00:00:00,Rebalance,10572.31
5474,867,2020-05-31 00:00:00,Withdrawal,6904.35
5475,686,2026-05-27 00:00:00,Withdrawal,7704.55
5476,550,2020-12-08 00:00:00,Rebalance,6709.29
5477,694,2022-10-25 00:00:00,Buy,718.31
5478,590,2021-09-30 00:00:00,Rebalance,1938.43
5479,927,2025-12-29 00:00:00,Sell,12277.75
5480,622,2023-10-09 00:00:00,Sell,27290.36
5481,416,2025-12-19 00:00:00,Withdrawal,2640.7
5482,1381,2020-08-16 00:00:00,Dividend,1818.96
5483,643,2022-01-06 00:00:00,Contribution,5074.07
5484,355,2025-02-27 00:00:00,Buy,26722.63
5485,63,2022-03-24 00:00:00,Sell,3888.61
5486,146,2022-04-07 00:00:00,Buy,7017.25
5487,668,2021-03-03 00:00:00,Dividend,11527.94
5488,257,2021-01-25 00:00:00,Contribution,1624.12
5489,416,2025-04-10 00:00:00,Sell,4102.89
5490,221,2020-04-18 00:00:00,Buy,13585.71
5491,961,2020-04-05 00:00:00,Contribution,14574.85
5492,551,2020-11-27 00:00:00,Contribution,18474.15
5493,510,2025-10-16 00:00:00,Buy,6932.06
5494,1339,2021-12-19 00:00:00,Rebalance,5669.69
5495,1250,2020-07-11 00:00:00,Contribution,1628.3
5496,551,2020-06-05 00:00:00,Dividend,10191.47
5497,889,2020-01-22 00:00:00,Rebalance,2001.33
5498,1210,2021-01-02 00:00:00,Buy,13891.1
5499,842,2024-04-18 00:00:00,Buy,20852.98
5500,310,2020-01-12 00:00:00,Buy,13352.93
5501,327,2022-05-22 00:00:00,Sell,4033.34
5502,592,2023-06-12 00:00:00,Buy,2318.18
5503,497,2020-07-26 00:00:00,Dividend,18016.99
5504,751,2024-12-07 00:00:00,Buy,3470.99
5505,697,2022-05-17 00:00:00,Buy,4431.86
5506,632,2023-10-30 00:00:00,Sell,7626.91
5507,756,2020-03-13 00:00:00,Contribution,3811.11
5508,1377,2020-06-06 00:00:00,Buy,2968.2
5509,1212,2021-08-12 00:00:00,Buy,5897.37
5510,32,2020-04-03 00:00:00,Dividend,12511.85
5511,1002,2023-03-20 00:00:00,Dividend,1847.34
5512,524,2026-02-25 00:00:00,Rebalance,21157.91
5513,1199,2025-06-24 00:00:00,Dividend,4057.52
5514,117,2022-12-04 00:00:00,Buy,8427.48
5515,305,2020-12-30 00:00:00,Buy,5659.39
5516,1218,2024-12-08 00:00:00,Rebalance,7925.94
5517,940,2024-02-19 00:00:00,Dividend,4547.29
5518,1265,2022-01-27 00:00:00,Contribution,5179.36
5519,1263,2021-04-04 00:00:00,Rebalance,3242.29
5520,1270,2023-07-19 00:00:00,Buy,16809.16
5521,1352,2023-08-02 00:00:00,Sell,3560.42
5522,851,2020-10-20 00:00:00,Buy,19079.31
5523,196,2021-11-28 00:00:00,Sell,3014.55
5524,779,2022-01-20 00:00:00,Contribution,12913.93
5525,268,2026-04-19 00:00:00,Sell,5565.58
5526,1167,2022-05-02 00:00:00,Contribution,22514.14
5527,1051,2026-01-15 00:00:00,Rebalance,41471.15
5528,1108,2021-12-06 00:00:00,Sell,2342.29
5529,7,2023-03-23 00:00:00,Sell,17819.45
5530,1462,2020-11-09 00:00:00,Rebalance,4533.2
5531,1391,2021-10-01 00:00:00,Withdrawal,6975.42
5532,635,2022-06-30 00:00:00,Contribution,3146.89
5533,783,2021-12-24 00:00:00,Buy,22685.82
5534,561,2024-12-08 00:00:00,Buy,5953.81
5535,1261,2026-04-01 00:00:00,Rebalance,5967.48
5536,233,2021-07-22 00:00:00,Buy,2496.04
5537,1452,2022-01-05 00:00:00,Dividend,2084.54
5538,1324,2023-06-11 00:00:00,Sell,11671.07
5539,180,2023-07-09 00:00:00,Buy,26385.37
5540,889,2024-12-22 00:00:00,Buy,16546.13
5541,152,2022-07-07 00:00:00,Sell,1037.94
5542,183,2024-11-16 00:00:00,Rebalance,28091.36
5543,16,2025-04-29 00:00:00,Buy,1124.93
5544,568,2025-06-06 00:00:00,Sell,4532.66
5545,794,2024-10-26 00:00:00,Buy,36241.39
5546,800,2020-07-02 00:00:00,Sell,7594.45
5547,70,2024-11-02 00:00:00,Rebalance,9552.11
5548,922,2023-06-13 00:00:00,Sell,15418.41
5549,658,2026-01-03 00:00:00,Contribution,6349.17
5550,134,2021-10-31 00:00:00,Rebalance,7094.14
5551,1311,2026-01-15 00:00:00,Withdrawal,14443.14
5552,658,2025-01-26 00:00:00,Buy,4996.45
5553,1129,2020-06-03 00:00:00,Rebalance,14847.06
5554,333,2021-01-22 00:00:00,Dividend,12401.96
5555,253,2022-02-12 00:00:00,Contribution,6011
5556,940,2025-04-23 00:00:00,Withdrawal,863.39
5557,10,2024-05-04 00:00:00,Withdrawal,7414.88
5558,1094,2024-06-01 00:00:00,Buy,18655.22
5559,92,2024-08-25 00:00:00,Withdrawal,17476.57
5560,359,2024-11-05 00:00:00,Buy,4342.67
5561,1289,2026-03-31 00:00:00,Sell,7349.64
5562,602,2023-01-03 00:00:00,Contribution,1438.64
5563,269,2020-08-06 00:00:00,Buy,1512.2
5564,49,2025-04-09 00:00:00,Dividend,4621.54
5565,988,2023-08-28 00:00:00,Withdrawal,2454.7
5566,1139,2021-05-31 00:00:00,Sell,4955.01
5567,1007,2024-10-03 00:00:00,Withdrawal,2483.74
5568,122,2022-06-25 00:00:00,Buy,2680.88
5569,1282,2021-12-27 00:00:00,Dividend,9939.75
5570,1080,2026-01-06 00:00:00,Buy,2154.42
5571,666,2020-06-20 00:00:00,Dividend,17143.69
5572,1057,2024-02-11 00:00:00,Sell,1713.34
5573,1134,2026-04-17 00:00:00,Buy,4840.11
5574,1053,2020-01-22 00:00:00,Dividend,2948.8
5575,58,2021-04-18 00:00:00,Buy,11292.84
5576,786,2022-03-07 00:00:00,Buy,3887.52
5577,72,2024-02-08 00:00:00,Contribution,26522.24
5578,1144,2020-06-01 00:00:00,Rebalance,10252.18
5579,1467,2025-05-14 00:00:00,Buy,1685.96
5580,181,2022-08-24 00:00:00,Rebalance,3888.52
5581,366,2025-09-28 00:00:00,Buy,2741.61
5582,308,2024-11-23 00:00:00,Withdrawal,4515.07
5583,775,2026-04-08 00:00:00,Contribution,1785.6
5584,241,2025-09-27 00:00:00,Sell,1706.19
5585,125,2021-09-07 00:00:00,Dividend,2897.64
5586,128,2020-02-29 00:00:00,Buy,5630.25
5587,32,2026-05-14 00:00:00,Withdrawal,8930.36
5588,330,2022-08-28 00:00:00,Buy,6006.58
5589,1434,2023-05-14 00:00:00,Buy,37494.41
5590,357,2022-08-22 00:00:00,Buy,80785.77
5591,957,2021-12-03 00:00:00,Buy,70364.41
5592,506,2023-02-26 00:00:00,Withdrawal,3159.59
5593,1487,2025-08-19 00:00:00,Sell,2823.41
5594,790,2023-07-15 00:00:00,Dividend,5038.83
5595,924,2020-02-03 00:00:00,Withdrawal,21810.22
5596,1454,2021-02-09 00:00:00,Contribution,6998.57
5597,1019,2022-01-10 00:00:00,Buy,7919.08
5598,17,2021-02-17 00:00:00,Buy,2266.57
5599,461,2023-12-11 00:00:00,Withdrawal,5145.09
5600,589,2022-08-18 00:00:00,Buy,42959.04
5601,457,2024-06-13 00:00:00,Buy,5590.25
5602,1118,2026-02-05 00:00:00,Buy,3164.94
5603,270,2021-11-26 00:00:00,Buy,3250.7
5604,311,2021-04-27 00:00:00,Sell,1251.72
5605,849,2020-05-06 00:00:00,Sell,78615.79
5606,925,2021-08-05 00:00:00,Sell,6702.47
5607,835,2021-04-22 00:00:00,Withdrawal,10447.32
5608,126,2021-01-21 00:00:00,Sell,28438.11
5609,928,2021-04-04 00:00:00,Dividend,44862.43
5610,1310,2023-08-14 00:00:00,Rebalance,16521.2
5611,483,2022-06-13 00:00:00,Dividend,14431.86
5612,572,2020-05-02 00:00:00,Sell,2087.17
5613,1377,2025-12-09 00:00:00,Sell,7061.13
5614,780,2025-11-11 00:00:00,Buy,13155.85
5615,572,2022-07-31 00:00:00,Buy,1124.31
5616,1269,2023-05-13 00:00:00,Buy,7072.58
5617,1465,2020-10-16 00:00:00,Contribution,2512.29
5618,610,2022-06-30 00:00:00,Rebalance,2291.25
5619,540,2025-07-03 00:00:00,Contribution,7355.26
5620,548,2024-03-31 00:00:00,Contribution,3128.91
5621,1132,2025-02-17 00:00:00,Sell,4484.5
5622,309,2023-11-27 00:00:00,Dividend,1928.15
5623,1486,2023-12-06 00:00:00,Sell,21846.99
5624,816,2020-03-13 00:00:00,Withdrawal,18742.95
5625,954,2024-08-13 00:00:00,Dividend,10734.4
5626,1449,2024-03-04 00:00:00,Rebalance,6929.87
5627,843,2024-10-14 00:00:00,Withdrawal,11214.38
5628,98,2023-03-12 00:00:00,Dividend,4197.43
5629,571,2026-03-16 00:00:00,Buy,23979.32
5630,1010,2024-08-18 00:00:00,Buy,6138.56
5631,359,2024-12-05 00:00:00,Sell,34431.62
5632,1344,2020-01-01 00:00:00,Dividend,67344.58
5633,211,2020-11-12 00:00:00,Dividend,3415.08
5634,464,2022-03-04 00:00:00,Rebalance,6633.82
5635,917,2022-05-06 00:00:00,Buy,6627.42
5636,1292,2022-06-16 00:00:00,Withdrawal,16159.83
5637,782,2021-05-13 00:00:00,Sell,15816.58
5638,678,2020-03-02 00:00:00,Buy,6254.03
5639,1421,2020-09-26 00:00:00,Buy,6506.81
5640,1137,2023-09-06 00:00:00,Sell,2173.88
5641,1469,2025-07-23 00:00:00,Contribution,995.45
5642,103,2023-03-08 00:00:00,Dividend,3305.75
5643,801,2025-08-30 00:00:00,Buy,1609.38
5644,841,2022-04-07 00:00:00,Rebalance,18245.22
5645,1448,2023-12-17 00:00:00,Sell,1332.4
5646,532,2020-01-03 00:00:00,Withdrawal,5965.86
5647,210,2020-08-01 00:00:00,Buy,23093.37
5648,702,2023-07-12 00:00:00,Sell,3519.8
5649,741,2025-03-04 00:00:00,Buy,6702.07
5650,519,2021-01-30 00:00:00,Contribution,4377.31
5651,694,2026-03-27 00:00:00,Dividend,4350.55
5652,231,2022-11-14 00:00:00,Buy,15863.66
5653,1176,2022-05-03 00:00:00,Buy,28351.67
5654,609,2024-11-02 00:00:00,Sell,10017.57
5655,1461,2024-07-13 00:00:00,Dividend,5104.98
5656,612,2022-02-25 00:00:00,Buy,3756.4
5657,317,2020-02-21 00:00:00,Sell,9246.54
5658,379,2021-07-19 00:00:00,Buy,18942.82
5659,164,2023-05-10 00:00:00,Buy,6097.56
5660,656,2024-03-12 00:00:00,Buy,2910.48
5661,832,2025-08-26 00:00:00,Withdrawal,6679.13
5662,485,2022-11-01 00:00:00,Contribution,13979.37
5663,1418,2025-05-27 00:00:00,Contribution,9701.73
5664,863,2023-08-12 00:00:00,Contribution,6052.6
5665,761,2020-05-01 00:00:00,Contribution,8733.5
5666,1293,2025-01-08 00:00:00,Rebalance,14223.83
5667,501,2026-04-26 00:00:00,Buy,6301.41
5668,104,2020-04-18 00:00:00,Sell,21076.66
5669,1382,2020-07-23 00:00:00,Buy,5232
5670,865,2026-05-12 00:00:00,Contribution,3842.06
5671,1191,2020-08-09 00:00:00,Dividend,9273.18
5672,1265,2020-07-25 00:00:00,Rebalance,539.31
5673,1285,2026-04-28 00:00:00,Contribution,6873.97
5674,1317,2020-08-13 00:00:00,Rebalance,3652.57
5675,189,2021-11-06 00:00:00,Rebalance,3189.83
5676,954,2022-12-21 00:00:00,Sell,1569.01
5677,296,2021-04-18 00:00:00,Sell,4072.74
5678,1468,2025-06-15 00:00:00,Buy,11470.26
5679,785,2024-02-14 00:00:00,Sell,5416.74
5680,367,2022-09-04 00:00:00,Buy,261.2
5681,1256,2026-04-09 00:00:00,Rebalance,10191.62
5682,410,2021-03-30 00:00:00,Sell,2127.18
5683,1444,2022-09-28 00:00:00,Rebalance,10883.87
5684,1408,2021-12-19 00:00:00,Contribution,6378.15
5685,992,2022-09-05 00:00:00,Contribution,5017.26
5686,1140,2021-07-11 00:00:00,Dividend,2744.08
5687,642,2024-07-16 00:00:00,Contribution,9751.59
5688,1011,2023-08-27 00:00:00,Withdrawal,9960.53
5689,1269,2023-02-08 00:00:00,Buy,24982.28
5690,471,2023-03-27 00:00:00,Sell,2050.24
5691,166,2024-05-01 00:00:00,Withdrawal,12472.41
5692,473,2025-12-09 00:00:00,Buy,492.8
5693,317,2021-06-21 00:00:00,Buy,5392.07
5694,968,2023-08-08 00:00:00,Contribution,5737.27
5695,1119,2023-02-27 00:00:00,Contribution,9647.63
5696,363,2026-05-14 00:00:00,Withdrawal,21134.05
5697,989,2020-01-22 00:00:00,Buy,10930.93
5698,154,2024-04-12 00:00:00,Rebalance,9825.85
5699,649,2025-05-26 00:00:00,Buy,2975.94
5700,64,2022-10-24 00:00:00,Rebalance,1328.83
5701,1096,2021-07-07 00:00:00,Withdrawal,14429.72
5702,174,2022-05-28 00:00:00,Buy,3180.24
5703,581,2026-05-22 00:00:00,Sell,2366.49
5704,369,2026-01-23 00:00:00,Contribution,8467.26
5705,797,2023-01-09 00:00:00,Withdrawal,3720.76
5706,145,2021-08-02 00:00:00,Dividend,5135.2
5707,144,2025-06-22 00:00:00,Contribution,14682.18
5708,599,2022-07-08 00:00:00,Contribution,3340.44
5709,535,2020-01-30 00:00:00,Buy,13573.99
5710,839,2021-10-24 00:00:00,Sell,2704.62
5711,978,2023-10-30 00:00:00,Contribution,20942.41
5712,103,2025-03-19 00:00:00,Contribution,5285.41
5713,743,2022-03-26 00:00:00,Dividend,19719.82
5714,329,2025-02-22 00:00:00,Sell,1263.73
5715,101,2023-08-13 00:00:00,Contribution,21411.67
5716,641,2020-04-16 00:00:00,Withdrawal,2751.18
5717,1192,2022-06-23 00:00:00,Withdrawal,10283.26
5718,1033,2023-06-28 00:00:00,Withdrawal,2396.6
5719,1377,2025-04-30 00:00:00,Rebalance,11472.39
5720,1112,2023-03-17 00:00:00,Buy,3318.26
5721,390,2023-07-26 00:00:00,Buy,4079.04
5722,910,2020-08-31 00:00:00,Withdrawal,18976.78
5723,1343,2023-04-10 00:00:00,Buy,9175.76
5724,40,2022-04-05 00:00:00,Buy,38471.54
5725,837,2021-11-26 00:00:00,Rebalance,31896.93
5726,1439,2026-03-19 00:00:00,Buy,4724.74
5727,233,2025-04-04 00:00:00,Dividend,2054.14
5728,870,2021-07-13 00:00:00,Buy,1799.28
5729,200,2021-09-12 00:00:00,Dividend,12065.17
5730,920,2021-07-04 00:00:00,Contribution,7087.02
5731,1291,2022-11-18 00:00:00,Dividend,959.32
5732,822,2020-03-09 00:00:00,Contribution,14833.38
5733,1375,2025-09-29 00:00:00,Rebalance,1034.52
5734,70,2022-01-30 00:00:00,Contribution,8079.81
5735,457,2021-07-10 00:00:00,Sell,4964.21
5736,1170,2022-03-15 00:00:00,Buy,8498.73
5737,792,2024-02-28 00:00:00,Dividend,10004.81
5738,1147,2025-10-22 00:00:00,Rebalance,1665.03
5739,1261,2022-05-30 00:00:00,Sell,15097.08
5740,166,2022-10-12 00:00:00,Buy,4547.98
5741,27,2024-07-17 00:00:00,Buy,8449.84
5742,399,2025-03-08 00:00:00,Buy,22912.07
5743,976,2020-10-10 00:00:00,Withdrawal,11049.06
5744,385,2022-12-28 00:00:00,Withdrawal,13570.95
5745,295,2024-02-25 00:00:00,Contribution,3296.37
5746,790,2025-11-03 00:00:00,Withdrawal,7992.35
5747,674,2023-12-26 00:00:00,Sell,16468.99
5748,1049,2021-10-30 00:00:00,Withdrawal,7291.71
5749,43,2021-07-12 00:00:00,Contribution,2299.06
5750,1277,2023-12-17 00:00:00,Sell,10566.75
5751,367,2024-03-06 00:00:00,Contribution,3446.21
5752,1496,2025-03-14 00:00:00,Rebalance,343.24
5753,185,2021-12-22 00:00:00,Buy,17176.71
5754,19,2020-04-06 00:00:00,Dividend,4148.59
5755,57,2024-11-09 00:00:00,Withdrawal,9324.48
5756,502,2022-10-09 00:00:00,Sell,1964.88
5757,372,2020-11-21 00:00:00,Sell,5636.07
5758,1037,2020-07-30 00:00:00,Contribution,3076.76
5759,874,2023-08-27 00:00:00,Dividend,4627.55
5760,185,2020-11-09 00:00:00,Sell,2066.72
5761,838,2022-06-29 00:00:00,Withdrawal,890.32
5762,164,2024-11-28 00:00:00,Withdrawal,23100.24
5763,664,2024-03-01 00:00:00,Contribution,3248.89
5764,242,2025-12-07 00:00:00,Dividend,14652.62
5765,661,2020-07-12 00:00:00,Sell,1593.51
5766,452,2025-08-31 00:00:00,Withdrawal,484.71
5767,618,2024-08-07 00:00:00,Sell,5802.24
5768,637,2020-03-31 00:00:00,Rebalance,18408.56
5769,399,2024-09-10 00:00:00,Buy,3718.07
5770,1258,2022-06-27 00:00:00,Withdrawal,6110.83
5771,1340,2020-04-28 00:00:00,Withdrawal,841.14
5772,1061,2020-12-14 00:00:00,Rebalance,3286.96
5773,1094,2026-05-18 00:00:00,Sell,8511.2
5774,1177,2020-06-19 00:00:00,Contribution,18819.77
5775,1168,2020-04-20 00:00:00,Withdrawal,3382.21
5776,1455,2021-10-26 00:00:00,Contribution,1935.04
5777,668,2020-12-14 00:00:00,Contribution,4423.08
5778,657,2025-04-19 00:00:00,Buy,16646.09
5779,1145,2020-01-30 00:00:00,Buy,5647.99
5780,767,2025-04-13 00:00:00,Buy,4089.7
5781,52,2021-12-25 00:00:00,Buy,4598.6
5782,488,2020-04-17 00:00:00,Buy,3309.03
5783,1239,2024-02-22 00:00:00,Sell,22882.71
5784,642,2020-12-29 00:00:00,Sell,43806.75
5785,895,2023-04-10 00:00:00,Buy,9300.31
5786,1248,2021-03-25 00:00:00,Rebalance,1800.38
5787,299,2020-02-13 00:00:00,Contribution,16435.05
5788,864,2025-03-12 00:00:00,Dividend,3139.76
5789,1487,2020-03-14 00:00:00,Withdrawal,7973.03
5790,649,2022-05-19 00:00:00,Buy,9931.31
5791,1478,2023-07-09 00:00:00,Withdrawal,20944.11
5792,736,2022-12-28 00:00:00,Buy,824
5793,1235,2024-01-24 00:00:00,Dividend,7759.31
5794,301,2021-12-29 00:00:00,Sell,2434.2
5795,138,2024-04-09 00:00:00,Buy,11158.28
5796,1084,2025-11-29 00:00:00,Sell,10492.25
5797,725,2022-03-18 00:00:00,Sell,1165.12
5798,915,2023-01-09 00:00:00,Withdrawal,8706.76
5799,1009,2026-01-13 00:00:00,Withdrawal,1128.17
5800,1347,2024-11-27 00:00:00,Withdrawal,18996.14
5801,956,2020-07-04 00:00:00,Sell,6469.02
5802,1140,2021-01-10 00:00:00,Buy,3997.25
5803,1484,2025-08-02 00:00:00,Rebalance,3640.04
5804,845,2020-03-22 00:00:00,Buy,3954.33
5805,152,2024-02-13 00:00:00,Rebalance,7612.13
5806,563,2020-03-10 00:00:00,Buy,15201.26
5807,872,2024-10-30 00:00:00,Rebalance,2311.37
5808,985,2022-04-04 00:00:00,Sell,3150.4
5809,1351,2025-12-03 00:00:00,Sell,7043.02
5810,646,2025-06-28 00:00:00,Contribution,4526.25
5811,528,2024-08-14 00:00:00,Dividend,16875.4
5812,1452,2021-04-27 00:00:00,Contribution,3806.46
5813,1211,2020-12-27 00:00:00,Contribution,21301.26
5814,1061,2023-07-28 00:00:00,Buy,5627.37
5815,81,2021-08-14 00:00:00,Sell,7172.6
5816,765,2024-04-27 00:00:00,Sell,3358.11
5817,1273,2021-03-01 00:00:00,Buy,2507.05
5818,560,2025-08-19 00:00:00,Sell,9002.02
5819,355,2021-08-19 00:00:00,Dividend,8343.23
5820,270,2024-08-18 00:00:00,Buy,2713.41
5821,11,2025-03-02 00:00:00,Dividend,21747.1
5822,1338,2020-01-30 00:00:00,Withdrawal,3290.48
5823,1203,2020-01-30 00:00:00,Sell,6427.22
5824,1282,2023-04-28 00:00:00,Buy,4969.23
5825,1287,2020-01-07 00:00:00,Buy,560.63
5826,971,2022-02-22 00:00:00,Sell,2169.03
5827,494,2022-05-01 00:00:00,Buy,5266.97
5828,330,2023-02-19 00:00:00,Dividend,3338.3
5829,1490,2025-02-23 00:00:00,Contribution,24335.04
5830,308,2023-01-25 00:00:00,Sell,2471.26
5831,630,2021-05-02 00:00:00,Buy,5107.99
5832,1094,2022-01-28 00:00:00,Buy,9050.08
5833,1019,2024-10-26 00:00:00,Buy,11909.72
5834,500,2025-08-01 00:00:00,Sell,16088.1
5835,978,2022-08-19 00:00:00,Rebalance,5640.64
5836,294,2022-10-26 00:00:00,Sell,14844.46
5837,1171,2020-05-15 00:00:00,Contribution,14209.09
5838,1485,2024-04-09 00:00:00,Contribution,3993.16
5839,510,2025-01-08 00:00:00,Contribution,1872.46
5840,1444,2020-12-29 00:00:00,Withdrawal,1255.37
5841,1357,2021-12-09 00:00:00,Buy,1032.09
5842,1406,2025-06-14 00:00:00,Buy,3901.94
5843,1168,2021-10-18 00:00:00,Buy,5318.78
5844,1431,2022-03-31 00:00:00,Buy,2856.33
5845,134,2020-09-27 00:00:00,Buy,2649.16
5846,208,2022-07-30 00:00:00,Buy,16335.5
5847,1404,2023-10-19 00:00:00,Buy,5156.75
5848,1105,2025-06-20 00:00:00,Contribution,1542.79
5849,846,2021-03-21 00:00:00,Sell,21911.06
5850,858,2021-07-15 00:00:00,Sell,10296.29
5851,1256,2021-04-24 00:00:00,Buy,7580.82
5852,1278,2020-09-11 00:00:00,Sell,6007.58
5853,774,2022-04-19 00:00:00,Buy,29395.98
5854,538,2020-11-28 00:00:00,Buy,3967.71
5855,170,2026-02-14 00:00:00,Contribution,4891.37
5856,757,2024-11-19 00:00:00,Buy,8527.94
5857,953,2020-07-02 00:00:00,Buy,1289.27
5858,778,2020-06-07 00:00:00,Buy,15280.37
5859,590,2026-01-06 00:00:00,Buy,3339.63
5860,649,2025-01-01 00:00:00,Sell,4355.14
5861,1286,2024-06-19 00:00:00,Contribution,16667.93
5862,599,2021-03-25 00:00:00,Buy,10719.65
5863,111,2024-10-11 00:00:00,Dividend,3492.53
5864,1364,2024-11-19 00:00:00,Buy,3886.97
5865,447,2022-09-15 00:00:00,Withdrawal,19397.92
5866,106,2020-03-01 00:00:00,Buy,22462.19
5867,601,2022-12-13 00:00:00,Buy,3329.84
5868,1474,2022-04-07 00:00:00,Withdrawal,2477.33
5869,1242,2023-07-05 00:00:00,Contribution,2049.47
5870,573,2025-05-12 00:00:00,Withdrawal,5388.45
5871,409,2025-12-29 00:00:00,Withdrawal,4192.47
5872,871,2026-04-22 00:00:00,Contribution,12537.17
5873,445,2026-02-24 00:00:00,Sell,7494.05
5874,632,2024-10-11 00:00:00,Rebalance,2474.87
5875,402,2024-03-17 00:00:00,Rebalance,4934.42
5876,113,2026-03-25 00:00:00,Sell,1593.74
5877,670,2023-06-07 00:00:00,Sell,91515.81
5878,639,2025-06-26 00:00:00,Buy,50762.03
5879,659,2021-12-02 00:00:00,Buy,5994.38
5880,1382,2024-10-25 00:00:00,Buy,9874.15
5881,803,2025-01-21 00:00:00,Rebalance,3454.14
5882,585,2026-01-29 00:00:00,Buy,7933.58
5883,426,2024-05-29 00:00:00,Rebalance,24574.52
5884,953,2020-12-29 00:00:00,Buy,1988.54
5885,1104,2021-08-22 00:00:00,Contribution,7875.09
5886,737,2020-01-19 00:00:00,Sell,4281.66
5887,524,2021-08-27 00:00:00,Contribution,11569.49
5888,175,2025-10-16 00:00:00,Buy,7707.52
5889,1334,2024-03-05 00:00:00,Sell,3253.97
5890,166,2020-09-07 00:00:00,Sell,24589.63
5891,1169,2020-01-12 00:00:00,Buy,7097.71
5892,1405,2023-11-17 00:00:00,Contribution,24318.78
5893,456,2020-09-02 00:00:00,Withdrawal,3883.44
5894,810,2025-02-26 00:00:00,Contribution,8411.42
5895,1024,2021-07-21 00:00:00,Buy,5399.37
5896,1426,2023-04-06 00:00:00,Sell,2547.5
5897,820,2022-06-27 00:00:00,Sell,10174.8
5898,72,2020-02-24 00:00:00,Buy,6116.84
5899,666,2026-04-08 00:00:00,Buy,12197.38
5900,938,2020-01-13 00:00:00,Buy,55329.59
5901,1055,2023-03-04 00:00:00,Buy,2774.87
5902,889,2022-06-02 00:00:00,Dividend,822.25
5903,541,2020-04-02 00:00:00,Withdrawal,20653.76
5904,502,2021-08-31 00:00:00,Buy,4237.99
5905,870,2022-07-29 00:00:00,Contribution,5499.93
5906,388,2023-12-24 00:00:00,Buy,4939.07
5907,439,2026-05-29 00:00:00,Contribution,4402.64
5908,1397,2022-05-10 00:00:00,Buy,24750.29
5909,965,2020-01-21 00:00:00,Dividend,4448.57
5910,637,2022-09-14 00:00:00,Buy,3694.38
5911,929,2022-12-24 00:00:00,Buy,967.21
5912,7,2021-11-27 00:00:00,Rebalance,11558.43
5913,1381,2020-01-31 00:00:00,Buy,5991.86
5914,1317,2024-07-10 00:00:00,Contribution,5490.82
5915,567,2024-06-14 00:00:00,Buy,9636.1
5916,508,2023-09-10 00:00:00,Sell,2104.21
5917,70,2022-06-18 00:00:00,Rebalance,8406.51
5918,344,2022-03-10 00:00:00,Dividend,15474.7
5919,939,2024-08-30 00:00:00,Rebalance,6415.84
5920,577,2020-02-03 00:00:00,Contribution,7022.8
5921,360,2024-01-25 00:00:00,Contribution,1663.57
5922,1468,2020-01-10 00:00:00,Contribution,52045.75
5923,1154,2023-12-09 00:00:00,Sell,9202.32
5924,873,2023-03-06 00:00:00,Rebalance,1187.2
5925,143,2020-12-04 00:00:00,Rebalance,8496.9
5926,127,2024-07-03 00:00:00,Dividend,2903.04
5927,492,2020-01-10 00:00:00,Contribution,1974.34
5928,1368,2023-12-18 00:00:00,Sell,3150.23
5929,1007,2024-08-09 00:00:00,Dividend,3456.96
5930,645,2022-08-31 00:00:00,Contribution,14272.17
5931,1158,2024-09-28 00:00:00,Buy,30639.94
5932,1435,2023-05-11 00:00:00,Withdrawal,4160.35
5933,1059,2020-01-19 00:00:00,Withdrawal,7591.36
5934,1015,2022-02-24 00:00:00,Buy,9133.64
5935,371,2022-11-01 00:00:00,Sell,5411.75
5936,1479,2021-11-23 00:00:00,Contribution,13836.05
5937,1444,2022-03-11 00:00:00,Dividend,6269.48
5938,1318,2023-03-10 00:00:00,Rebalance,3906.56
5939,351,2023-02-09 00:00:00,Dividend,4366.87
5940,762,2021-08-22 00:00:00,Sell,3458.2
5941,1200,2024-12-17 00:00:00,Contribution,29991.8
5942,806,2026-02-07 00:00:00,Buy,2325.45
5943,239,2024-09-08 00:00:00,Sell,5357.13
5944,1033,2020-01-08 00:00:00,Dividend,5397.94
5945,1474,2022-07-21 00:00:00,Buy,3384.59
5946,736,2020-07-19 00:00:00,Buy,5758.24
5947,1176,2023-12-17 00:00:00,Buy,7167.72
5948,1180,2021-08-30 00:00:00,Buy,1424.99
5949,340,2020-02-27 00:00:00,Rebalance,8640.72
5950,185,2023-11-17 00:00:00,Dividend,2706.98
5951,878,2025-08-13 00:00:00,Buy,79045.67
5952,914,2022-07-15 00:00:00,Withdrawal,13195.32
5953,1057,2025-08-17 00:00:00,Buy,3750.56
5954,713,2024-07-31 00:00:00,Buy,8362.07
5955,1477,2020-08-05 00:00:00,Sell,1719.66
5956,342,2020-12-11 00:00:00,Sell,4097.08
5957,1076,2022-02-09 00:00:00,Sell,2489.32
5958,64,2025-06-21 00:00:00,Buy,8908.01
5959,1116,2024-08-09 00:00:00,Contribution,13878.37
5960,4,2021-12-28 00:00:00,Sell,9544.44
5961,14,2021-03-03 00:00:00,Buy,11092.91
5962,1002,2022-04-07 00:00:00,Sell,3328.79
5963,600,2020-10-15 00:00:00,Withdrawal,8409.34
5964,313,2025-01-10 00:00:00,Contribution,3180.01
5965,798,2021-11-20 00:00:00,Sell,22012.17
5966,894,2025-09-21 00:00:00,Contribution,2671.83
5967,678,2025-08-11 00:00:00,Sell,1254.98
5968,927,2024-05-19 00:00:00,Buy,6134.59
5969,707,2024-01-08 00:00:00,Withdrawal,1502.89
5970,1068,2021-01-16 00:00:00,Buy,21840.74
5971,18,2020-09-11 00:00:00,Withdrawal,27308.23
5972,209,2023-07-24 00:00:00,Buy,7688.42
5973,1128,2024-08-08 00:00:00,Buy,3458.11
5974,428,2021-09-13 00:00:00,Withdrawal,6041.5
5975,399,2022-09-30 00:00:00,Contribution,11155.11
5976,1084,2020-11-10 00:00:00,Contribution,3550.79
5977,752,2021-05-28 00:00:00,Contribution,2028.38
5978,568,2021-10-01 00:00:00,Contribution,5388
5979,1372,2022-09-09 00:00:00,Withdrawal,70168.29
5980,243,2025-01-25 00:00:00,Buy,25672.78
5981,193,2025-12-11 00:00:00,Contribution,5952.09
5982,536,2020-07-09 00:00:00,Rebalance,8913.22
5983,50,2025-10-31 00:00:00,Contribution,1587.15
5984,365,2020-10-05 00:00:00,Buy,11126.45
5985,366,2020-05-15 00:00:00,Contribution,14183.6
5986,1183,2025-04-10 00:00:00,Sell,18654.44
5987,76,2022-09-08 00:00:00,Sell,9342.13
5988,989,2024-03-31 00:00:00,Buy,9845.46
5989,855,2025-06-11 00:00:00,Buy,22641.02
5990,914,2022-03-01 00:00:00,Contribution,11681.2
5991,236,2024-05-15 00:00:00,Rebalance,13915.27
5992,858,2022-10-22 00:00:00,Rebalance,1630.7
5993,969,2025-06-07 00:00:00,Contribution,7179.66
5994,683,2023-02-22 00:00:00,Rebalance,23241.23
5995,241,2021-05-20 00:00:00,Buy,2512.12
5996,8,2022-09-16 00:00:00,Contribution,19642.64
5997,541,2021-04-09 00:00:00,Withdrawal,32180.42
5998,547,2020-10-28 00:00:00,Buy,14663.69
5999,789,2024-04-15 00:00:00,Contribution,14213.39
6000,1101,2021-07-30 00:00:00,Contribution,32963.72
6001,693,2026-05-25 00:00:00,Sell,3816.82
6002,701,2021-07-12 00:00:00,Dividend,5551.52
6003,78,2025-01-28 00:00:00,Dividend,11630.75
6004,669,2024-01-24 00:00:00,Dividend,23329.28
6005,1046,2023-02-08 00:00:00,Sell,2505.06
6006,1385,2024-03-20 00:00:00,Contribution,10487.74
6007,251,2024-08-27 00:00:00,Buy,60557.41
6008,712,2025-08-24 00:00:00,Contribution,5001.02
6009,603,2021-11-16 00:00:00,Buy,3423.2
6010,1451,2025-07-19 00:00:00,Buy,22630.59
6011,79,2022-08-27 00:00:00,Contribution,226.14
6012,739,2024-08-31 00:00:00,Withdrawal,22196.14
6013,603,2023-02-05 00:00:00,Buy,27968.53
6014,308,2022-01-22 00:00:00,Dividend,12746.52
6015,1185,2024-05-11 00:00:00,Buy,6624.89
6016,667,2024-11-18 00:00:00,Withdrawal,3260.76
6017,1222,2020-01-07 00:00:00,Withdrawal,1280.7
6018,1008,2022-10-19 00:00:00,Dividend,8231.03
6019,301,2026-04-09 00:00:00,Rebalance,12279.82
6020,1171,2023-04-16 00:00:00,Contribution,5260.53
6021,742,2022-03-22 00:00:00,Sell,3133.92
6022,1202,2020-02-22 00:00:00,Buy,5211.81
6023,800,2026-02-25 00:00:00,Buy,5730.5
6024,222,2022-05-31 00:00:00,Buy,9831.4
6025,122,2025-11-14 00:00:00,Buy,2843.07
6026,1147,2024-07-20 00:00:00,Rebalance,6327.26
6027,1023,2025-09-15 00:00:00,Sell,1780.61
6028,688,2022-02-24 00:00:00,Contribution,4414.28
6029,1321,2020-06-12 00:00:00,Contribution,5225.23
6030,1104,2024-10-13 00:00:00,Sell,3742.9
6031,1454,2023-05-14 00:00:00,Buy,5460.11
6032,202,2021-10-06 00:00:00,Sell,3403.44
6033,1428,2022-03-23 00:00:00,Contribution,10289.08
6034,373,2021-09-01 00:00:00,Buy,3932.5
6035,1134,2022-05-28 00:00:00,Contribution,2967.92
6036,703,2025-01-08 00:00:00,Buy,4563.85
6037,727,2025-01-08 00:00:00,Buy,2554.41
6038,489,2022-07-28 00:00:00,Rebalance,7824.77
6039,518,2021-02-17 00:00:00,Contribution,5476.64
6040,803,2025-01-07 00:00:00,Contribution,12056.06
6041,249,2022-04-03 00:00:00,Sell,2652.16
6042,1184,2021-02-18 00:00:00,Buy,9210.8
6043,531,2021-11-12 00:00:00,Rebalance,1947.46
6044,681,2020-07-18 00:00:00,Rebalance,4994.45
6045,1302,2021-06-21 00:00:00,Buy,6166.99
6046,197,2021-03-29 00:00:00,Contribution,9084.46
6047,512,2024-08-13 00:00:00,Withdrawal,6503.95
6048,1483,2024-01-06 00:00:00,Buy,26642.63
6049,54,2023-05-17 00:00:00,Rebalance,40730.67
6050,819,2025-08-22 00:00:00,Rebalance,15079.21
6051,1203,2025-04-27 00:00:00,Buy,14981.43
6052,600,2024-03-05 00:00:00,Contribution,29519.46
6053,210,2022-01-13 00:00:00,Rebalance,1130.56
6054,367,2021-09-21 00:00:00,Contribution,3171.65
6055,1167,2020-03-23 00:00:00,Dividend,10071.39
6056,210,2022-08-17 00:00:00,Withdrawal,4519.05
6057,274,2024-11-21 00:00:00,Contribution,1703.33
6058,1393,2021-09-17 00:00:00,Sell,9495.65
6059,1381,2020-07-30 00:00:00,Rebalance,1348.6
6060,1001,2025-07-22 00:00:00,Buy,4345.93
6061,1330,2024-07-07 00:00:00,Dividend,2328.72
6062,1416,2022-07-12 00:00:00,Withdrawal,1764.5
6063,1330,2022-02-08 00:00:00,Buy,15046.57
6064,899,2020-03-03 00:00:00,Contribution,8549.11
6065,18,2025-06-19 00:00:00,Buy,4458.91
6066,652,2024-05-17 00:00:00,Rebalance,4960.74
6067,839,2023-10-12 00:00:00,Buy,26458.95
6068,645,2021-03-06 00:00:00,Sell,6624.02
6069,673,2021-04-09 00:00:00,Dividend,38616.1
6070,446,2025-09-25 00:00:00,Rebalance,49011.8
6071,642,2020-01-25 00:00:00,Rebalance,7538.42
6072,1248,2020-07-02 00:00:00,Buy,4573.43
6073,1137,2025-01-15 00:00:00,Rebalance,3916.51
6074,756,2020-10-09 00:00:00,Withdrawal,1900.37
6075,616,2021-12-09 00:00:00,Withdrawal,16060.77
6076,248,2022-01-20 00:00:00,Withdrawal,10122.02
6077,127,2025-01-14 00:00:00,Buy,18606.38
6078,1417,2020-04-09 00:00:00,Dividend,3765.57
6079,1432,2025-03-11 00:00:00,Sell,12477.47
6080,649,2021-10-30 00:00:00,Buy,2895.99
6081,460,2020-05-19 00:00:00,Withdrawal,914.94
6082,120,2024-10-31 00:00:00,Sell,6639.49
6083,399,2021-04-17 00:00:00,Withdrawal,3331.31
6084,1301,2025-05-08 00:00:00,Withdrawal,5369.71
6085,839,2020-05-07 00:00:00,Contribution,32276.98
6086,1452,2025-12-17 00:00:00,Buy,4084.25
6087,1074,2021-02-25 00:00:00,Buy,25710.58
6088,1423,2023-03-02 00:00:00,Buy,2876.43
6089,199,2023-12-30 00:00:00,Rebalance,2115.03
6090,1047,2023-11-27 00:00:00,Buy,10975.24
6091,435,2023-06-14 00:00:00,Withdrawal,2450.27
6092,1058,2025-08-15 00:00:00,Buy,38370.33
6093,455,2021-10-19 00:00:00,Sell,5393.73
6094,252,2024-05-10 00:00:00,Contribution,7180.91
6095,781,2024-10-23 00:00:00,Sell,156.04
6096,728,2020-02-14 00:00:00,Rebalance,1662.04
6097,54,2021-10-30 00:00:00,Sell,19032.93
6098,942,2020-06-23 00:00:00,Sell,1616.25
6099,1422,2023-03-11 00:00:00,Rebalance,6442.62
6100,177,2024-08-07 00:00:00,Sell,6405.68
6101,865,2023-03-16 00:00:00,Sell,19155.02
6102,1490,2024-08-14 00:00:00,Sell,11509.47
6103,1049,2024-06-25 00:00:00,Sell,7012.75
6104,496,2020-05-08 00:00:00,Sell,7072.18
6105,118,2023-02-04 00:00:00,Buy,12942.49
6106,1011,2023-01-14 00:00:00,Sell,9072.09
6107,1054,2020-05-12 00:00:00,Contribution,2975.93
6108,1443,2025-08-05 00:00:00,Buy,1348
6109,828,2020-03-16 00:00:00,Contribution,4341.4
6110,1217,2024-06-14 00:00:00,Sell,11165.15
6111,1377,2020-07-20 00:00:00,Buy,5455.95
6112,644,2025-11-30 00:00:00,Buy,61451.66
6113,177,2023-09-21 00:00:00,Buy,6113.31
6114,135,2024-01-18 00:00:00,Withdrawal,9022.82
6115,739,2024-08-18 00:00:00,Buy,3062.73
6116,179,2024-03-01 00:00:00,Dividend,11686.5
6117,919,2021-05-18 00:00:00,Sell,1786.88
6118,89,2024-09-29 00:00:00,Buy,4570.94
6119,609,2021-12-11 00:00:00,Sell,17444.38
6120,1123,2022-04-05 00:00:00,Buy,18999.99
6121,61,2020-03-09 00:00:00,Sell,1778.33
6122,252,2021-02-27 00:00:00,Sell,3589.53
6123,161,2020-06-24 00:00:00,Contribution,12106.28
6124,432,2024-03-07 00:00:00,Sell,4997.75
6125,1031,2024-10-12 00:00:00,Buy,3170.87
6126,129,2024-04-18 00:00:00,Rebalance,4869.92
6127,1227,2022-08-19 00:00:00,Buy,3440.14
6128,128,2024-08-03 00:00:00,Buy,1395.57
6129,627,2020-09-17 00:00:00,Contribution,15660.46
6130,1299,2026-02-07 00:00:00,Sell,33596.29
6131,203,2025-03-24 00:00:00,Dividend,40410.62
6132,337,2024-03-04 00:00:00,Withdrawal,13698.02
6133,823,2020-10-15 00:00:00,Rebalance,26767.76
6134,1031,2024-12-03 00:00:00,Contribution,14759.42
6135,792,2021-07-15 00:00:00,Buy,26941.85
6136,721,2023-04-04 00:00:00,Contribution,12004.59
6137,117,2020-08-30 00:00:00,Contribution,1084.29
6138,814,2026-03-31 00:00:00,Contribution,8129.01
6139,1128,2022-08-02 00:00:00,Contribution,724.34
6140,1127,2025-07-04 00:00:00,Rebalance,3201.71
6141,1223,2022-04-22 00:00:00,Buy,10848.55
6142,602,2023-02-24 00:00:00,Sell,1005.55
6143,1257,2021-06-21 00:00:00,Sell,4626.28
6144,1370,2025-01-25 00:00:00,Rebalance,28034.48
6145,823,2023-03-02 00:00:00,Rebalance,8294.95
6146,887,2026-01-22 00:00:00,Buy,1255.59
6147,258,2024-01-07 00:00:00,Contribution,3477.02
6148,320,2022-07-20 00:00:00,Buy,512.44
6149,411,2023-05-04 00:00:00,Buy,5042.22
6150,128,2021-03-10 00:00:00,Buy,6211.82
6151,80,2020-11-10 00:00:00,Contribution,3766.55
6152,423,2025-03-05 00:00:00,Contribution,13416.4
6153,1229,2021-07-29 00:00:00,Sell,17005.68
6154,1465,2021-02-05 00:00:00,Withdrawal,23765.87
6155,311,2021-08-05 00:00:00,Withdrawal,6857.82
6156,929,2025-02-01 00:00:00,Sell,3267.41
6157,1316,2023-11-13 00:00:00,Sell,7281.68
6158,167,2024-08-20 00:00:00,Withdrawal,2990.5
6159,1268,2023-01-23 00:00:00,Contribution,1670.72
6160,1112,2020-06-27 00:00:00,Dividend,11875.82
6161,782,2024-07-13 00:00:00,Buy,14978.63
6162,1156,2023-08-28 00:00:00,Withdrawal,8562.74
6163,692,2021-02-09 00:00:00,Dividend,29909.28
6164,358,2021-10-08 00:00:00,Buy,7080.84
6165,1372,2025-05-25 00:00:00,Sell,11350.56
6166,1260,2026-05-25 00:00:00,Rebalance,2261.91
6167,784,2022-10-15 00:00:00,Withdrawal,6486.83
6168,949,2022-05-27 00:00:00,Dividend,2109.25
6169,363,2025-03-19 00:00:00,Withdrawal,4079
6170,510,2020-06-15 00:00:00,Buy,19733.04
6171,1020,2024-02-28 00:00:00,Buy,30151.62
6172,123,2022-05-02 00:00:00,Buy,5506.67
6173,487,2026-02-24 00:00:00,Contribution,6624.58
6174,572,2025-04-15 00:00:00,Contribution,5143.58
6175,1304,2020-01-17 00:00:00,Buy,1854.74
6176,958,2024-11-27 00:00:00,Sell,13648.19
6177,831,2022-12-24 00:00:00,Buy,22631.95
6178,192,2024-07-17 00:00:00,Buy,3610.66
6179,1330,2024-09-05 00:00:00,Sell,3307.55
6180,401,2022-07-08 00:00:00,Contribution,2273.19
6181,982,2021-10-02 00:00:00,Buy,27903.83
6182,697,2024-07-19 00:00:00,Contribution,15119.61
6183,908,2020-10-01 00:00:00,Buy,1532.02
6184,1337,2024-10-26 00:00:00,Buy,10386.69
6185,1432,2025-10-20 00:00:00,Contribution,4246.45
6186,72,2022-12-07 00:00:00,Withdrawal,8867.39
6187,852,2020-07-24 00:00:00,Dividend,1932.13
6188,1010,2020-07-04 00:00:00,Buy,18991.16
6189,1167,2025-06-24 00:00:00,Rebalance,19481.25
6190,457,2021-06-04 00:00:00,Buy,2901.5
6191,247,2023-01-19 00:00:00,Buy,4787.49
6192,95,2021-02-23 00:00:00,Contribution,4206.94
6193,1298,2026-04-23 00:00:00,Dividend,6469.27
6194,117,2024-08-07 00:00:00,Buy,724.93
6195,852,2026-03-09 00:00:00,Buy,10310.42
6196,1174,2021-09-21 00:00:00,Dividend,2959.74
6197,944,2021-03-18 00:00:00,Withdrawal,6253.42
6198,1249,2022-06-21 00:00:00,Buy,3452.8
6199,931,2021-10-07 00:00:00,Contribution,1792.47
6200,1390,2022-02-27 00:00:00,Contribution,3277.49
6201,556,2022-04-20 00:00:00,Buy,17178.96
6202,590,2021-10-09 00:00:00,Buy,14135.44
6203,652,2020-07-01 00:00:00,Sell,5792.23
6204,420,2022-03-26 00:00:00,Contribution,3790.3
6205,909,2025-03-17 00:00:00,Buy,9814.15
6206,29,2024-10-23 00:00:00,Contribution,3058.82
6207,57,2025-05-14 00:00:00,Contribution,65778.83
6208,445,2021-01-15 00:00:00,Rebalance,5548.31
6209,313,2021-10-20 00:00:00,Contribution,3262.42
6210,57,2026-02-01 00:00:00,Dividend,6305.98
6211,1247,2021-02-05 00:00:00,Buy,8124.48
6212,63,2023-02-04 00:00:00,Withdrawal,11469.77
6213,373,2024-09-20 00:00:00,Buy,5884.81
6214,53,2024-09-17 00:00:00,Sell,30039.65
6215,730,2022-10-27 00:00:00,Rebalance,5553.5
6216,29,2025-03-12 00:00:00,Buy,6359.83
6217,1424,2022-11-28 00:00:00,Buy,4648.91
6218,386,2026-01-17 00:00:00,Buy,18617.65
6219,1290,2022-09-19 00:00:00,Buy,3070.53
6220,1326,2024-04-08 00:00:00,Sell,22059.14
6221,651,2024-04-03 00:00:00,Rebalance,2810.25
6222,834,2023-06-17 00:00:00,Buy,22862.94
6223,1203,2026-03-28 00:00:00,Sell,861.21
6224,1433,2025-08-29 00:00:00,Withdrawal,3803.97
6225,1413,2024-04-06 00:00:00,Sell,3552.83
6226,564,2021-04-20 00:00:00,Sell,9810.71
6227,1042,2023-04-03 00:00:00,Contribution,5218.48
6228,574,2022-12-22 00:00:00,Rebalance,10475.87
6229,871,2022-05-29 00:00:00,Contribution,16809.41
6230,862,2021-04-29 00:00:00,Rebalance,4569.08
6231,71,2022-04-28 00:00:00,Withdrawal,4953.82
6232,131,2020-01-13 00:00:00,Contribution,1539.32
6233,606,2021-06-27 00:00:00,Sell,16318.25
6234,1066,2024-06-08 00:00:00,Rebalance,2819.39
6235,1464,2025-04-02 00:00:00,Contribution,16890.2
6236,539,2020-07-13 00:00:00,Buy,6773.22
6237,922,2026-03-20 00:00:00,Contribution,5322.58
6238,434,2023-09-08 00:00:00,Contribution,6312.69
6239,1004,2023-10-22 00:00:00,Contribution,21193.75
6240,377,2025-11-05 00:00:00,Contribution,6880.59
6241,110,2020-03-31 00:00:00,Contribution,4200.05
6242,284,2020-08-31 00:00:00,Buy,15424.98
6243,371,2023-01-27 00:00:00,Dividend,11809.94
6244,1479,2022-08-24 00:00:00,Contribution,16925.24
6245,961,2020-09-03 00:00:00,Contribution,23185.04
6246,796,2020-09-03 00:00:00,Sell,4025.96
6247,136,2021-10-28 00:00:00,Dividend,34965.75
6248,542,2024-09-13 00:00:00,Dividend,2303.81
6249,1051,2024-08-23 00:00:00,Withdrawal,4971.22
6250,520,2023-12-13 00:00:00,Sell,5873.39
6251,415,2022-06-11 00:00:00,Buy,11973.7
6252,1319,2020-08-04 00:00:00,Sell,5695.46
6253,103,2020-07-10 00:00:00,Sell,17748.89
6254,120,2025-04-06 00:00:00,Withdrawal,23942.06
6255,1370,2024-06-21 00:00:00,Contribution,3983.43
6256,606,2025-08-03 00:00:00,Sell,3086.46
6257,704,2020-01-22 00:00:00,Withdrawal,2608.8
6258,1176,2021-06-21 00:00:00,Withdrawal,5447.86
6259,1248,2024-09-19 00:00:00,Sell,4135.31
6260,259,2021-12-01 00:00:00,Buy,7592.8
6261,537,2025-06-19 00:00:00,Sell,9680.74
6262,1107,2022-09-25 00:00:00,Rebalance,6756.93
6263,1070,2021-11-18 00:00:00,Buy,2474.93
6264,1138,2024-12-10 00:00:00,Sell,1866.99
6265,818,2021-01-31 00:00:00,Contribution,6804.42
6266,1130,2020-01-30 00:00:00,Contribution,17547.95
6267,348,2022-05-04 00:00:00,Contribution,5112.65
6268,1296,2025-03-26 00:00:00,Withdrawal,3069.5
6269,1085,2025-02-04 00:00:00,Withdrawal,7219.07
6270,943,2022-08-21 00:00:00,Buy,5347.97
6271,1057,2022-07-11 00:00:00,Contribution,2187.44
6272,804,2025-01-22 00:00:00,Dividend,2221.64
6273,1045,2020-12-15 00:00:00,Buy,4778.09
6274,485,2021-10-31 00:00:00,Sell,2322.51
6275,1269,2021-08-08 00:00:00,Buy,9905.4
6276,1478,2020-08-27 00:00:00,Buy,40268.26
6277,212,2020-04-08 00:00:00,Sell,5632.21
6278,453,2023-05-16 00:00:00,Buy,15914.53
6279,1149,2023-06-08 00:00:00,Contribution,6322.97
6280,323,2023-06-01 00:00:00,Sell,7162.91
6281,578,2020-12-13 00:00:00,Rebalance,15375.94
6282,922,2026-03-08 00:00:00,Buy,14554.01
6283,977,2025-03-29 00:00:00,Sell,3138.28
6284,1089,2024-03-20 00:00:00,Buy,4185.1
6285,1074,2021-04-16 00:00:00,Buy,8706.04
6286,1110,2025-08-14 00:00:00,Sell,3686.48
6287,495,2025-06-04 00:00:00,Dividend,1649.61
6288,439,2020-12-07 00:00:00,Buy,11098.11
6289,859,2020-05-26 00:00:00,Contribution,10206.75
6290,795,2020-11-27 00:00:00,Sell,25770.96
6291,982,2020-07-23 00:00:00,Buy,15666.94
6292,762,2026-01-03 00:00:00,Buy,23966.53
6293,1226,2024-08-30 00:00:00,Buy,2489.23
6294,923,2023-05-09 00:00:00,Contribution,7989.4
6295,496,2025-01-14 00:00:00,Buy,4817.37
6296,1008,2020-01-11 00:00:00,Buy,3574.77
6297,704,2026-03-19 00:00:00,Contribution,1106.56
6298,1184,2024-03-06 00:00:00,Contribution,21057.87
6299,1339,2020-05-29 00:00:00,Buy,31613
6300,1196,2022-07-09 00:00:00,Withdrawal,8248.27
6301,1281,2021-02-17 00:00:00,Sell,3049.77
6302,975,2023-03-13 00:00:00,Sell,16077.65
6303,1199,2020-02-24 00:00:00,Sell,612.92
6304,601,2021-08-06 00:00:00,Sell,3515.12
6305,676,2020-07-03 00:00:00,Buy,4584.94
6306,434,2026-05-28 00:00:00,Sell,3793.75
6307,869,2022-12-15 00:00:00,Rebalance,5602.02
6308,165,2025-01-10 00:00:00,Withdrawal,9172.73
6309,402,2023-05-05 00:00:00,Buy,9542.41
6310,844,2022-09-09 00:00:00,Contribution,9719.99
6311,1348,2020-07-21 00:00:00,Buy,18207.68
6312,708,2024-09-26 00:00:00,Buy,11918.02
6313,469,2020-09-09 00:00:00,Contribution,1696.34
6314,235,2024-10-26 00:00:00,Buy,10992.63
6315,765,2023-09-10 00:00:00,Rebalance,9227.92
6316,1196,2021-03-30 00:00:00,Buy,37671.47
6317,600,2024-06-24 00:00:00,Rebalance,5205.96
6318,1064,2025-05-23 00:00:00,Dividend,2814.24
6319,1211,2024-06-22 00:00:00,Rebalance,2449.66
6320,491,2021-04-05 00:00:00,Sell,15204.99
6321,1142,2023-02-05 00:00:00,Buy,1482.95
6322,725,2021-10-19 00:00:00,Buy,5392.51
6323,708,2025-09-21 00:00:00,Buy,16413.08
6324,293,2025-05-31 00:00:00,Rebalance,8875.67
6325,699,2025-02-17 00:00:00,Sell,2266.64
6326,121,2023-08-04 00:00:00,Sell,7025.62
6327,138,2023-09-11 00:00:00,Buy,2783.42
6328,1243,2025-01-31 00:00:00,Sell,16069.51
6329,549,2022-10-13 00:00:00,Buy,2863.14
6330,1090,2021-09-12 00:00:00,Dividend,4557.16
6331,1282,2025-07-20 00:00:00,Buy,12847.87
6332,54,2026-03-31 00:00:00,Contribution,26162.25
6333,671,2023-04-22 00:00:00,Rebalance,9984.46
6334,1086,2026-02-11 00:00:00,Contribution,38339.01
6335,254,2022-11-04 00:00:00,Rebalance,5203.76
6336,686,2020-12-11 00:00:00,Sell,1574.71
6337,1296,2022-07-17 00:00:00,Withdrawal,4189.49
6338,448,2024-10-17 00:00:00,Contribution,10262.67
6339,519,2022-12-29 00:00:00,Buy,1497.57
6340,66,2020-11-05 00:00:00,Dividend,7965.77
6341,416,2022-11-22 00:00:00,Sell,36776.37
6342,9,2025-05-28 00:00:00,Contribution,30845.5
6343,676,2025-10-04 00:00:00,Buy,34780.48
6344,953,2020-09-29 00:00:00,Contribution,44005.53
6345,454,2024-11-28 00:00:00,Rebalance,16734.58
6346,554,2020-09-14 00:00:00,Sell,435.7
6347,429,2022-10-11 00:00:00,Rebalance,6449.69
6348,720,2020-04-09 00:00:00,Rebalance,6270.46
6349,1275,2020-06-01 00:00:00,Buy,6680.05
6350,94,2024-09-26 00:00:00,Sell,33476.91
6351,853,2023-07-21 00:00:00,Contribution,3724.43
6352,980,2020-10-20 00:00:00,Contribution,3131.94
6353,249,2024-12-05 00:00:00,Withdrawal,15192.88
6354,1353,2025-01-03 00:00:00,Sell,4597.4
6355,702,2023-02-25 00:00:00,Dividend,27890.06
6356,1273,2023-11-10 00:00:00,Dividend,11571.63
6357,863,2026-03-15 00:00:00,Sell,13497.03
6358,1071,2023-02-16 00:00:00,Rebalance,4079.43
6359,580,2024-08-24 00:00:00,Buy,25259.72
6360,124,2023-05-17 00:00:00,Rebalance,1248.29
6361,1344,2024-01-11 00:00:00,Sell,8062.82
6362,563,2022-07-23 00:00:00,Buy,23592.42
6363,791,2026-05-26 00:00:00,Contribution,2760.08
6364,173,2022-02-04 00:00:00,Contribution,16150.16
6365,105,2022-01-09 00:00:00,Sell,3034.98
6366,680,2025-07-31 00:00:00,Contribution,863.28
6367,1462,2024-05-21 00:00:00,Buy,42707.57
6368,1344,2022-07-21 00:00:00,Sell,842.83
6369,616,2022-11-26 00:00:00,Dividend,8975.93
6370,376,2021-09-13 00:00:00,Withdrawal,25787.58
6371,333,2020-01-04 00:00:00,Contribution,10645.13
6372,1494,2021-05-12 00:00:00,Sell,20243.63
6373,1188,2022-09-04 00:00:00,Buy,30539.97
6374,782,2020-01-18 00:00:00,Withdrawal,1436.17
6375,1285,2025-02-11 00:00:00,Withdrawal,7403.37
6376,1034,2025-04-20 00:00:00,Withdrawal,2650.3
6377,1238,2023-09-14 00:00:00,Buy,10183.46
6378,1394,2024-02-22 00:00:00,Buy,3897.06
6379,777,2022-12-31 00:00:00,Buy,6595.29
6380,1192,2024-02-04 00:00:00,Withdrawal,15669.11
6381,247,2024-01-26 00:00:00,Buy,7844.26
6382,87,2020-08-21 00:00:00,Sell,4223.44
6383,737,2026-05-25 00:00:00,Contribution,635.29
6384,1222,2022-09-08 00:00:00,Sell,4534.25
6385,920,2020-06-20 00:00:00,Sell,7227.31
6386,846,2024-04-23 00:00:00,Withdrawal,3026.94
6387,339,2020-07-11 00:00:00,Contribution,3998.57
6388,433,2026-03-05 00:00:00,Buy,10765.92
6389,264,2024-08-23 00:00:00,Contribution,862.07
6390,1230,2024-05-29 00:00:00,Withdrawal,5327.37
6391,604,2020-09-20 00:00:00,Rebalance,1642.87
6392,151,2025-12-30 00:00:00,Contribution,3905.81
6393,399,2023-03-24 00:00:00,Dividend,13461.05
6394,156,2021-03-31 00:00:00,Rebalance,9544.44
6395,1003,2026-05-06 00:00:00,Sell,21285.5
6396,284,2022-05-24 00:00:00,Dividend,5076.94
6397,1300,2025-01-18 00:00:00,Contribution,7274.35
6398,497,2021-01-19 00:00:00,Sell,5265.47
6399,1070,2021-02-23 00:00:00,Contribution,9602.09
6400,825,2024-04-14 00:00:00,Contribution,11397.52
6401,122,2025-10-05 00:00:00,Contribution,29045.46
6402,1347,2020-11-07 00:00:00,Buy,3744.85
6403,1154,2023-12-05 00:00:00,Withdrawal,67063.83
6404,194,2023-06-24 00:00:00,Dividend,4093.24
6405,704,2023-05-26 00:00:00,Buy,1110.86
6406,403,2021-04-20 00:00:00,Withdrawal,9628.39
6407,1060,2020-02-17 00:00:00,Sell,3158.51
6408,1364,2020-03-30 00:00:00,Sell,2093.8
6409,1375,2020-11-23 00:00:00,Dividend,2766.72
6410,59,2023-04-30 00:00:00,Contribution,6694.62
6411,1316,2024-07-15 00:00:00,Contribution,7142.88
6412,810,2024-09-29 00:00:00,Sell,3886.66
6413,472,2022-05-10 00:00:00,Contribution,13211.84
6414,1424,2023-06-04 00:00:00,Sell,18482.05
6415,745,2024-03-22 00:00:00,Rebalance,8178.65
6416,724,2022-10-16 00:00:00,Contribution,4148.26
6417,1169,2020-05-11 00:00:00,Rebalance,7301.28
6418,1248,2022-02-03 00:00:00,Buy,8689.75
6419,153,2022-06-02 00:00:00,Dividend,8702.81
6420,326,2025-06-17 00:00:00,Dividend,13853.55
6421,484,2022-02-21 00:00:00,Sell,11632.32
6422,933,2024-10-02 00:00:00,Contribution,20898.32
6423,234,2023-04-24 00:00:00,Sell,5324.26
6424,905,2025-11-08 00:00:00,Sell,12618.27
6425,197,2020-05-10 00:00:00,Rebalance,25513.36
6426,1381,2022-12-28 00:00:00,Sell,6993.46
6427,975,2022-04-15 00:00:00,Buy,15961.02
6428,180,2025-05-19 00:00:00,Contribution,38495.36
6429,123,2020-04-30 00:00:00,Sell,4403.79
6430,310,2025-12-06 00:00:00,Contribution,2302.13
6431,481,2023-04-13 00:00:00,Buy,2724.1
6432,116,2023-11-11 00:00:00,Buy,2151.77
6433,361,2025-06-27 00:00:00,Contribution,1698
6434,1404,2025-11-23 00:00:00,Withdrawal,7870.26
6435,553,2022-08-27 00:00:00,Buy,4482.33
6436,995,2021-06-09 00:00:00,Dividend,15116.07
6437,603,2025-12-29 00:00:00,Buy,6276.08
6438,342,2020-01-03 00:00:00,Withdrawal,1307.04
6439,766,2024-03-31 00:00:00,Sell,2901.75
6440,257,2025-05-09 00:00:00,Buy,7166.67
6441,336,2022-08-29 00:00:00,Buy,3410.73
6442,198,2025-08-28 00:00:00,Buy,3256.88
6443,679,2025-12-02 00:00:00,Buy,2432.24
6444,690,2021-01-22 00:00:00,Dividend,6429.08
6445,1338,2023-05-28 00:00:00,Rebalance,14961.76
6446,1112,2024-08-29 00:00:00,Dividend,10288.56
6447,803,2026-03-12 00:00:00,Withdrawal,31029.93
6448,1478,2025-10-27 00:00:00,Contribution,2348.35
6449,223,2020-01-19 00:00:00,Dividend,9510.69
6450,747,2022-06-01 00:00:00,Sell,6819.13
6451,1182,2024-04-06 00:00:00,Sell,5786.13
6452,1342,2022-03-21 00:00:00,Withdrawal,6848.39
6453,978,2024-09-06 00:00:00,Contribution,7881.38
6454,513,2025-08-12 00:00:00,Dividend,15700.69
6455,80,2024-11-30 00:00:00,Sell,3284.19
6456,7,2024-02-05 00:00:00,Buy,2472.36
6457,1251,2022-07-16 00:00:00,Buy,4687.33
6458,891,2022-08-08 00:00:00,Rebalance,3353
6459,1250,2022-07-26 00:00:00,Sell,3354.77
6460,518,2020-03-15 00:00:00,Dividend,5309.2
6461,548,2023-01-24 00:00:00,Contribution,9055.72
6462,41,2023-05-30 00:00:00,Contribution,8725.94
6463,1036,2024-05-06 00:00:00,Withdrawal,6805.7
6464,539,2023-07-23 00:00:00,Buy,5924.66
6465,721,2021-04-14 00:00:00,Dividend,6006.91
6466,1152,2025-03-07 00:00:00,Withdrawal,12649.59
6467,1367,2023-06-10 00:00:00,Sell,2984.2
6468,446,2022-09-11 00:00:00,Contribution,4075.11
6469,1174,2024-01-17 00:00:00,Buy,2852.85
6470,661,2020-08-09 00:00:00,Contribution,3297.45
6471,738,2023-04-03 00:00:00,Buy,12707.44
6472,1172,2025-07-05 00:00:00,Sell,5706.81
6473,487,2023-04-20 00:00:00,Dividend,4770.91
6474,444,2024-07-18 00:00:00,Buy,5773.08
6475,1402,2024-01-02 00:00:00,Buy,2570.87
6476,1073,2024-06-07 00:00:00,Buy,4056.86
6477,315,2023-09-10 00:00:00,Buy,14256.5
6478,616,2022-01-28 00:00:00,Withdrawal,4330.62
6479,1053,2025-10-11 00:00:00,Contribution,3199.38
6480,647,2024-04-28 00:00:00,Dividend,25244.09
6481,35,2025-07-31 00:00:00,Sell,1883.98
6482,1023,2024-12-07 00:00:00,Contribution,19114.25
6483,722,2023-01-13 00:00:00,Sell,2689.23
6484,582,2023-11-16 00:00:00,Contribution,7834.56
6485,210,2026-04-27 00:00:00,Sell,3380.45
6486,1262,2025-12-22 00:00:00,Dividend,15174.25
6487,1438,2024-08-09 00:00:00,Buy,13120.93
6488,1429,2023-11-22 00:00:00,Withdrawal,1621.67
6489,782,2023-04-21 00:00:00,Buy,13114.54
6490,375,2020-03-07 00:00:00,Rebalance,24100.84
6491,1418,2024-04-18 00:00:00,Rebalance,1639.27
6492,835,2023-07-23 00:00:00,Dividend,17269.02
6493,420,2023-03-15 00:00:00,Sell,9004.04
6494,458,2025-03-07 00:00:00,Contribution,8262.9
6495,150,2020-04-28 00:00:00,Buy,9281.03
6496,1165,2022-01-10 00:00:00,Contribution,29836.89
6497,1288,2025-12-31 00:00:00,Buy,22654.68
6498,634,2020-05-06 00:00:00,Withdrawal,35864.19
6499,1176,2023-08-17 00:00:00,Sell,2424.67
6500,533,2021-02-06 00:00:00,Contribution,6003.66
6501,935,2021-07-04 00:00:00,Withdrawal,5493.96
6502,17,2021-03-11 00:00:00,Sell,14452.31
6503,756,2021-03-06 00:00:00,Rebalance,60935.51
6504,509,2021-05-11 00:00:00,Withdrawal,5582.25
6505,1076,2021-10-20 00:00:00,Contribution,2557.76
6506,88,2022-10-12 00:00:00,Buy,12011.04
6507,200,2023-03-16 00:00:00,Contribution,11324.2
6508,1145,2023-11-25 00:00:00,Withdrawal,1412.16
6509,140,2025-05-31 00:00:00,Contribution,9031.46
6510,746,2024-06-18 00:00:00,Sell,16114.2
6511,114,2025-08-09 00:00:00,Rebalance,1062.89
6512,929,2022-12-25 00:00:00,Sell,2125.03
6513,762,2020-12-30 00:00:00,Contribution,35779.38
6514,869,2024-03-20 00:00:00,Sell,23786.07
6515,762,2024-11-10 00:00:00,Buy,15680.05
6516,410,2025-01-15 00:00:00,Buy,6802.2
6517,675,2025-01-29 00:00:00,Sell,1737.25
6518,462,2024-05-15 00:00:00,Rebalance,13781.96
6519,1403,2021-08-30 00:00:00,Contribution,36811.32
6520,269,2025-11-06 00:00:00,Contribution,7613.05
6521,950,2025-01-27 00:00:00,Withdrawal,1906.61
6522,789,2021-12-17 00:00:00,Rebalance,4261.17
6523,831,2022-07-27 00:00:00,Sell,782.02
6524,1477,2026-03-17 00:00:00,Withdrawal,29815.94
6525,924,2022-04-03 00:00:00,Buy,1940.26
6526,292,2021-12-15 00:00:00,Contribution,4570.97
6527,706,2025-04-06 00:00:00,Dividend,15218.06
6528,804,2026-05-20 00:00:00,Withdrawal,1885.6
6529,1137,2025-05-10 00:00:00,Withdrawal,3844.11
6530,825,2023-12-27 00:00:00,Dividend,24466.12
6531,258,2023-03-01 00:00:00,Buy,3521.37
6532,69,2024-06-11 00:00:00,Withdrawal,2802.08
6533,1086,2021-01-29 00:00:00,Buy,29093.98
6534,1022,2022-09-21 00:00:00,Withdrawal,9561.42
6535,606,2025-11-06 00:00:00,Sell,2739.85
6536,1051,2025-08-03 00:00:00,Contribution,11878.08
6537,860,2020-05-25 00:00:00,Buy,3356.03
6538,1115,2024-11-18 00:00:00,Contribution,4940.49
6539,954,2024-09-08 00:00:00,Contribution,16260.76
6540,4,2025-05-26 00:00:00,Sell,15381.76
6541,161,2023-06-25 00:00:00,Withdrawal,23552.06
6542,1454,2023-07-26 00:00:00,Buy,18929.78
6543,1185,2020-01-28 00:00:00,Sell,3890.4
6544,193,2020-05-14 00:00:00,Rebalance,5523.72
6545,1405,2021-05-02 00:00:00,Buy,12559.54
6546,608,2022-07-23 00:00:00,Sell,1910.58
6547,1354,2020-09-08 00:00:00,Sell,3779.13
6548,771,2022-06-02 00:00:00,Rebalance,2359.64
6549,945,2022-09-07 00:00:00,Buy,3144.08
6550,409,2020-04-18 00:00:00,Buy,15234.57
6551,357,2022-08-17 00:00:00,Dividend,1389.92
6552,764,2020-04-21 00:00:00,Dividend,1544.43
6553,532,2021-10-15 00:00:00,Withdrawal,7873.59
6554,162,2021-04-17 00:00:00,Buy,4432.96
6555,1286,2020-10-17 00:00:00,Withdrawal,182.39
6556,795,2022-03-28 00:00:00,Sell,8762.86
6557,1006,2021-05-20 00:00:00,Contribution,7801.04
6558,119,2026-01-24 00:00:00,Buy,19859.42
6559,586,2022-07-21 00:00:00,Buy,2699.67
6560,1182,2025-10-01 00:00:00,Withdrawal,2046.1
6561,676,2022-01-14 00:00:00,Buy,13159.95
6562,1103,2022-07-28 00:00:00,Buy,2515.98
6563,252,2021-12-18 00:00:00,Buy,2275.08
6564,1440,2024-01-07 00:00:00,Contribution,8738.35
6565,1480,2020-04-23 00:00:00,Sell,6699.15
6566,82,2020-10-01 00:00:00,Buy,1760.93
6567,1105,2020-05-02 00:00:00,Rebalance,904.15
6568,981,2023-12-08 00:00:00,Buy,2524.35
6569,1352,2020-05-18 00:00:00,Rebalance,14906.69
6570,807,2022-07-26 00:00:00,Dividend,5937.49
6571,1370,2020-01-11 00:00:00,Rebalance,20266.36
6572,970,2025-07-21 00:00:00,Rebalance,8559.28
6573,165,2022-02-09 00:00:00,Contribution,12314.14
6574,600,2026-02-26 00:00:00,Contribution,6134.22
6575,5,2025-09-17 00:00:00,Sell,4384.3
6576,1371,2022-03-08 00:00:00,Buy,12843.43
6577,1431,2025-07-18 00:00:00,Buy,40466.22
6578,272,2024-03-09 00:00:00,Dividend,17593.69
6579,681,2024-03-22 00:00:00,Contribution,7289.21
6580,643,2025-02-01 00:00:00,Dividend,4785.82
6581,626,2023-03-04 00:00:00,Contribution,2390.37
6582,819,2021-11-04 00:00:00,Sell,3237.4
6583,229,2023-02-16 00:00:00,Contribution,2876.65
6584,494,2024-10-23 00:00:00,Buy,3496.42
6585,1233,2022-12-01 00:00:00,Rebalance,29970.54
6586,898,2025-02-25 00:00:00,Withdrawal,75447.81
6587,760,2021-02-09 00:00:00,Dividend,8444.79
6588,1142,2023-09-06 00:00:00,Rebalance,5077.41
6589,240,2023-10-29 00:00:00,Dividend,17268.64
6590,1270,2022-05-24 00:00:00,Buy,3842.47
6591,1478,2020-03-01 00:00:00,Contribution,3295.57
6592,1355,2023-11-18 00:00:00,Buy,8697.97
6593,1098,2023-07-17 00:00:00,Sell,13959.85
6594,134,2020-01-04 00:00:00,Rebalance,7451.74
6595,1446,2024-06-24 00:00:00,Buy,2826.7
6596,570,2025-07-21 00:00:00,Withdrawal,3273.21
6597,536,2020-05-01 00:00:00,Contribution,5727.83
6598,234,2022-01-08 00:00:00,Rebalance,8366.22
6599,28,2025-09-25 00:00:00,Buy,12414.63
6600,526,2024-11-01 00:00:00,Buy,15438.03
6601,381,2024-08-25 00:00:00,Buy,7063.92
6602,752,2025-09-03 00:00:00,Buy,4620.8
6603,1059,2020-01-20 00:00:00,Buy,4686.09
6604,696,2024-04-24 00:00:00,Sell,2765.38
6605,1139,2021-05-08 00:00:00,Contribution,4007.05
6606,315,2025-05-09 00:00:00,Buy,3286.83
6607,987,2020-05-01 00:00:00,Buy,2539.06
6608,1035,2021-12-02 00:00:00,Buy,7988.28
6609,13,2024-06-26 00:00:00,Buy,7297.16
6610,374,2021-01-27 00:00:00,Contribution,2271.42
6611,309,2024-06-05 00:00:00,Contribution,5626.62
6612,633,2021-09-29 00:00:00,Contribution,2736.43
6613,747,2020-09-01 00:00:00,Withdrawal,5064.23
6614,5,2021-04-29 00:00:00,Dividend,5991.33
6615,707,2020-01-14 00:00:00,Sell,8937.83
6616,216,2023-01-20 00:00:00,Buy,35046.91
6617,391,2025-09-14 00:00:00,Rebalance,3941.08
6618,1112,2020-10-04 00:00:00,Contribution,8021.59
6619,639,2023-09-29 00:00:00,Dividend,910.14
6620,620,2025-06-27 00:00:00,Contribution,4302.06
6621,711,2021-07-04 00:00:00,Contribution,17942.89
6622,507,2024-08-15 00:00:00,Buy,1520.77
6623,252,2024-01-14 00:00:00,Contribution,9956.89
6624,1192,2025-03-24 00:00:00,Rebalance,1625.42
6625,1036,2023-10-15 00:00:00,Contribution,10230.56
6626,681,2020-03-04 00:00:00,Buy,8088.09
6627,503,2020-08-12 00:00:00,Dividend,14001.28
6628,244,2021-04-27 00:00:00,Sell,3978.92
6629,537,2021-12-29 00:00:00,Contribution,11372.95
6630,797,2022-11-04 00:00:00,Dividend,8359.05
6631,988,2023-04-30 00:00:00,Contribution,8601.33
6632,684,2024-09-02 00:00:00,Buy,16310.5
6633,1154,2024-11-24 00:00:00,Dividend,23356.74
6634,643,2021-05-05 00:00:00,Contribution,18176.24
6635,213,2021-11-03 00:00:00,Contribution,2609.84
6636,655,2025-11-13 00:00:00,Rebalance,6762.88
6637,1318,2023-11-11 00:00:00,Contribution,15318.24
6638,501,2026-02-21 00:00:00,Rebalance,9294.2
6639,7,2025-10-04 00:00:00,Sell,1562.44
6640,936,2022-04-28 00:00:00,Dividend,18132.1
6641,54,2025-11-11 00:00:00,Contribution,7733.15
6642,641,2020-11-10 00:00:00,Dividend,3075.43
6643,65,2024-06-08 00:00:00,Withdrawal,3247.73
6644,696,2021-04-05 00:00:00,Buy,15072.08
6645,1496,2021-06-16 00:00:00,Contribution,4612.39
6646,977,2024-06-14 00:00:00,Buy,14610.48
6647,585,2026-02-18 00:00:00,Dividend,1779.95
6648,1382,2024-11-03 00:00:00,Sell,7225.56
6649,308,2025-07-02 00:00:00,Buy,7682.51
6650,592,2021-04-02 00:00:00,Sell,12445.81
6651,63,2024-09-09 00:00:00,Withdrawal,4745.41
6652,1367,2020-08-11 00:00:00,Sell,1481.93
6653,260,2022-09-22 00:00:00,Buy,1977.12
6654,6,2020-12-31 00:00:00,Contribution,6848.78
6655,435,2021-11-04 00:00:00,Sell,1067.37
6656,502,2025-03-08 00:00:00,Buy,10745.56
6657,120,2026-04-07 00:00:00,Dividend,6723.83
6658,402,2021-08-30 00:00:00,Buy,1698.27
6659,1200,2024-06-07 00:00:00,Buy,10466.37
6660,1091,2022-06-25 00:00:00,Buy,5530.1
6661,696,2022-02-24 00:00:00,Contribution,13544.56
6662,902,2020-09-28 00:00:00,Sell,3976.44
6663,433,2020-09-09 00:00:00,Buy,6982.49
6664,322,2026-03-31 00:00:00,Sell,11671.94
6665,702,2023-09-15 00:00:00,Contribution,4183.55
6666,531,2024-05-08 00:00:00,Dividend,4583.61
6667,1188,2024-01-30 00:00:00,Withdrawal,1494.5
6668,1056,2024-09-07 00:00:00,Buy,5091.01
6669,1148,2024-12-14 00:00:00,Buy,45706.2
6670,449,2022-08-07 00:00:00,Contribution,3465.04
6671,610,2020-08-01 00:00:00,Buy,822.19
6672,364,2020-07-05 00:00:00,Dividend,8898.74
6673,771,2022-01-03 00:00:00,Sell,2708.62
6674,1481,2023-08-22 00:00:00,Sell,5593.82
6675,1414,2023-09-27 00:00:00,Buy,9983.71
6676,209,2024-04-21 00:00:00,Rebalance,4400.17
6677,1210,2020-09-29 00:00:00,Buy,7966.72
6678,1430,2021-08-19 00:00:00,Sell,2386.85
6679,132,2020-05-18 00:00:00,Sell,6846.74
6680,456,2022-07-01 00:00:00,Withdrawal,8080.63
6681,137,2025-06-05 00:00:00,Buy,11377.7
6682,541,2022-05-01 00:00:00,Sell,3568.47
6683,96,2024-09-17 00:00:00,Dividend,3264.13
6684,1400,2023-08-18 00:00:00,Buy,5388.81
6685,485,2025-03-17 00:00:00,Buy,2559.08
6686,968,2022-12-18 00:00:00,Rebalance,25843.61
6687,360,2020-02-20 00:00:00,Sell,2897.47
6688,995,2020-08-26 00:00:00,Buy,9093.63
6689,967,2021-05-08 00:00:00,Buy,7128.5
6690,1165,2022-12-19 00:00:00,Sell,4028.45
6691,1444,2023-11-29 00:00:00,Dividend,30764.6
6692,1371,2022-06-20 00:00:00,Buy,5008.51
6693,389,2026-04-07 00:00:00,Buy,23627.83
6694,697,2020-10-14 00:00:00,Sell,12899.07
6695,914,2022-03-25 00:00:00,Buy,14546.29
6696,1226,2020-04-10 00:00:00,Sell,15731.64
6697,890,2024-03-28 00:00:00,Rebalance,13893.64
6698,935,2021-06-10 00:00:00,Dividend,2866.45
6699,590,2023-04-26 00:00:00,Rebalance,8561.62
6700,1224,2024-08-05 00:00:00,Contribution,757.27
6701,105,2023-09-04 00:00:00,Rebalance,34597.49
6702,1104,2022-06-13 00:00:00,Rebalance,3460.21
6703,857,2025-09-21 00:00:00,Buy,1863.63
6704,224,2020-04-01 00:00:00,Buy,2765.22
6705,1345,2023-01-19 00:00:00,Buy,2834.51
6706,862,2020-12-30 00:00:00,Sell,12399.13
6707,414,2020-04-20 00:00:00,Sell,8798.6
6708,1426,2021-04-05 00:00:00,Buy,3702
6709,151,2022-07-25 00:00:00,Rebalance,401.66
6710,1416,2024-01-11 00:00:00,Buy,9612.64
6711,511,2022-10-08 00:00:00,Contribution,11942
6712,603,2020-07-18 00:00:00,Dividend,4018.51
6713,284,2023-04-26 00:00:00,Contribution,1184.48
6714,883,2020-01-15 00:00:00,Buy,6863.17
6715,804,2026-01-14 00:00:00,Contribution,1242.06
6716,312,2025-02-18 00:00:00,Contribution,8047.27
6717,664,2022-06-21 00:00:00,Buy,20133.43
6718,1067,2022-02-10 00:00:00,Buy,23010.49
6719,1355,2025-07-16 00:00:00,Buy,9958.62
6720,1404,2020-10-13 00:00:00,Rebalance,5695.94
6721,1358,2023-06-10 00:00:00,Rebalance,7118.83
6722,627,2021-06-28 00:00:00,Withdrawal,2157.85
6723,621,2020-05-24 00:00:00,Withdrawal,15955.29
6724,640,2020-12-24 00:00:00,Rebalance,3523.24
6725,57,2023-01-31 00:00:00,Contribution,4396.3
6726,703,2022-08-22 00:00:00,Sell,1783.04
6727,1225,2020-11-01 00:00:00,Buy,6057.2
6728,1332,2024-12-09 00:00:00,Withdrawal,35011.08
6729,1371,2024-12-09 00:00:00,Sell,6308.89
6730,117,2025-06-09 00:00:00,Buy,12824.3
6731,1268,2026-05-23 00:00:00,Sell,6204.22
6732,1016,2024-09-24 00:00:00,Withdrawal,4414.98
6733,320,2021-12-27 00:00:00,Dividend,21895.06
6734,974,2020-04-06 00:00:00,Contribution,3062.01
6735,425,2020-04-10 00:00:00,Contribution,6861.6
6736,1054,2024-07-18 00:00:00,Buy,2540.2
6737,186,2025-10-23 00:00:00,Rebalance,22491.72
6738,818,2023-10-12 00:00:00,Buy,28622.71
6739,207,2024-08-18 00:00:00,Contribution,8948.39
6740,402,2023-12-14 00:00:00,Buy,2888.32
6741,1166,2021-09-23 00:00:00,Sell,2710.84
6742,1402,2023-03-25 00:00:00,Sell,7471.38
6743,740,2026-02-18 00:00:00,Contribution,6631.7
6744,1236,2020-07-23 00:00:00,Sell,4402.85
6745,454,2023-08-03 00:00:00,Buy,4518.56
6746,161,2024-04-04 00:00:00,Rebalance,17658.14
6747,1360,2021-09-07 00:00:00,Buy,2953.3
6748,926,2024-08-29 00:00:00,Buy,4181.29
6749,53,2025-10-11 00:00:00,Withdrawal,2044.28
6750,382,2026-02-02 00:00:00,Buy,1735.53
6751,688,2021-12-04 00:00:00,Dividend,4934.86
6752,641,2021-07-05 00:00:00,Contribution,6127.93
6753,1049,2021-02-22 00:00:00,Buy,4237.41
6754,1127,2021-11-26 00:00:00,Buy,1703.54
6755,48,2022-11-25 00:00:00,Dividend,5303.48
6756,814,2024-11-12 00:00:00,Buy,16188.13
6757,27,2021-09-21 00:00:00,Rebalance,11512.06
6758,936,2025-06-23 00:00:00,Dividend,5355.71
6759,463,2024-03-19 00:00:00,Sell,8211.81
6760,937,2024-08-11 00:00:00,Buy,1716.94
6761,637,2024-09-09 00:00:00,Buy,2341.11
6762,1263,2026-03-29 00:00:00,Withdrawal,11594.7
6763,1427,2025-05-06 00:00:00,Dividend,4465.62
6764,395,2024-04-24 00:00:00,Buy,9607.26
6765,259,2023-09-12 00:00:00,Contribution,3722.35
6766,1138,2021-09-22 00:00:00,Withdrawal,11964.72
6767,153,2020-02-18 00:00:00,Withdrawal,23699.07
6768,1397,2025-08-21 00:00:00,Buy,4191.87
6769,485,2020-05-19 00:00:00,Buy,16292.16
6770,1144,2020-02-20 00:00:00,Withdrawal,3551.1
6771,960,2026-05-19 00:00:00,Rebalance,1392.98
6772,670,2021-02-14 00:00:00,Withdrawal,9171.11
6773,950,2024-01-17 00:00:00,Buy,2910.55
6774,97,2020-12-02 00:00:00,Withdrawal,9897.29
6775,1428,2020-04-14 00:00:00,Dividend,6772.55
6776,534,2022-09-19 00:00:00,Sell,3685.82
6777,233,2025-06-02 00:00:00,Rebalance,2500.97
6778,927,2020-12-12 00:00:00,Buy,10915.05
6779,665,2022-03-08 00:00:00,Withdrawal,6152.64
6780,1396,2020-03-25 00:00:00,Buy,5854.01
6781,116,2025-09-26 00:00:00,Buy,4373.5
6782,413,2024-07-28 00:00:00,Buy,3317.58
6783,1484,2022-11-07 00:00:00,Buy,10298.63
6784,1118,2024-06-21 00:00:00,Buy,5328.35
6785,1393,2024-07-02 00:00:00,Contribution,5705.37
6786,319,2022-11-15 00:00:00,Sell,9419.03
6787,1313,2024-04-14 00:00:00,Dividend,958.21
6788,528,2021-01-04 00:00:00,Buy,4486.17
6789,1017,2023-06-16 00:00:00,Buy,4247.12
6790,1051,2025-10-22 00:00:00,Buy,8540.71
6791,235,2025-05-08 00:00:00,Withdrawal,4782.52
6792,156,2025-05-04 00:00:00,Withdrawal,3920.95
6793,884,2021-12-18 00:00:00,Buy,792.49
6794,401,2024-01-31 00:00:00,Dividend,1200.9
6795,553,2022-08-14 00:00:00,Buy,1339.83
6796,686,2022-03-19 00:00:00,Buy,6571.33
6797,334,2022-08-24 00:00:00,Contribution,1148.52
6798,973,2023-10-05 00:00:00,Buy,13259.81
6799,755,2021-09-11 00:00:00,Sell,7098.35
6800,690,2025-06-22 00:00:00,Buy,11617.66
6801,259,2022-03-18 00:00:00,Sell,8984.4
6802,1135,2022-11-21 00:00:00,Contribution,3118.32
6803,1418,2023-06-06 00:00:00,Dividend,3759.54
6804,684,2025-01-07 00:00:00,Buy,3400.49
6805,383,2022-06-21 00:00:00,Withdrawal,5567.61
6806,157,2024-11-02 00:00:00,Withdrawal,12678.8
6807,1073,2022-11-07 00:00:00,Buy,8134.23
6808,312,2025-01-28 00:00:00,Buy,9060.85
6809,1035,2022-03-16 00:00:00,Buy,2628.31
6810,1395,2023-06-22 00:00:00,Dividend,29720.47
6811,1327,2025-03-23 00:00:00,Buy,3171.51
6812,676,2025-12-16 00:00:00,Rebalance,3163.13
6813,899,2022-08-26 00:00:00,Sell,2817.13
6814,986,2023-12-31 00:00:00,Dividend,12188.63
6815,905,2024-05-11 00:00:00,Withdrawal,1858
6816,971,2022-08-18 00:00:00,Buy,622.22
6817,427,2021-12-17 00:00:00,Buy,4777.75
6818,435,2024-02-14 00:00:00,Dividend,11533.97
6819,1365,2024-08-09 00:00:00,Withdrawal,9387.74
6820,760,2023-03-09 00:00:00,Contribution,13907.29
6821,207,2025-08-30 00:00:00,Buy,1645.02
6822,478,2022-08-19 00:00:00,Dividend,4325.39
6823,1385,2023-05-31 00:00:00,Buy,2246.62
6824,1356,2022-12-19 00:00:00,Contribution,5842.66
6825,1421,2020-03-29 00:00:00,Withdrawal,13008.41
6826,610,2021-03-14 00:00:00,Buy,26118.84
6827,1449,2025-04-14 00:00:00,Withdrawal,449.23
6828,1216,2023-06-05 00:00:00,Contribution,41219.17
6829,1367,2020-08-29 00:00:00,Sell,10821.38
6830,560,2020-11-25 00:00:00,Buy,3395.86
6831,259,2024-07-16 00:00:00,Buy,7165.18
6832,1276,2020-06-12 00:00:00,Buy,11150.15
6833,854,2023-10-13 00:00:00,Contribution,4212.18
6834,1159,2020-03-22 00:00:00,Sell,1885.02
6835,185,2025-01-07 00:00:00,Buy,1395.22
6836,633,2025-11-04 00:00:00,Dividend,3665.51
6837,928,2022-01-02 00:00:00,Withdrawal,1372.49
6838,1479,2021-12-29 00:00:00,Sell,5528.15
6839,1374,2025-01-05 00:00:00,Sell,4601.3
6840,579,2021-05-03 00:00:00,Contribution,9211.83
6841,869,2021-06-17 00:00:00,Sell,25831.09
6842,1448,2024-07-28 00:00:00,Withdrawal,4336.09
6843,1471,2023-12-12 00:00:00,Buy,1368.99
6844,834,2022-05-07 00:00:00,Buy,1864.17
6845,943,2022-05-08 00:00:00,Contribution,4435.25
6846,14,2022-12-29 00:00:00,Sell,23138.95
6847,1030,2021-08-25 00:00:00,Rebalance,4840.92
6848,393,2021-10-08 00:00:00,Buy,4524.82
6849,248,2021-03-25 00:00:00,Sell,2030.28
6850,1105,2023-12-19 00:00:00,Contribution,8956.3
6851,1012,2020-06-13 00:00:00,Buy,4164.12
6852,772,2025-03-04 00:00:00,Sell,3535.55
6853,620,2024-11-26 00:00:00,Sell,20258.89
6854,1062,2022-03-12 00:00:00,Buy,2699.67
6855,1014,2025-10-07 00:00:00,Withdrawal,15212.66
6856,860,2025-06-09 00:00:00,Rebalance,14538.27
6857,559,2023-12-03 00:00:00,Dividend,5769.96
6858,1102,2021-07-27 00:00:00,Rebalance,12943.46
6859,231,2024-03-08 00:00:00,Sell,10487.51
6860,16,2021-11-28 00:00:00,Dividend,3479.7
6861,401,2020-08-14 00:00:00,Sell,7220.33
6862,118,2022-07-13 00:00:00,Contribution,9305.57
6863,807,2025-01-13 00:00:00,Sell,3972.74
6864,541,2020-12-04 00:00:00,Dividend,7764.29
6865,1000,2020-01-25 00:00:00,Buy,6341.49
6866,1359,2024-09-28 00:00:00,Dividend,4151.45
6867,1141,2025-10-25 00:00:00,Buy,7583.57
6868,115,2025-10-05 00:00:00,Contribution,7712.03
6869,202,2025-08-04 00:00:00,Sell,27746.27
6870,419,2020-12-27 00:00:00,Contribution,645.91
6871,1221,2020-08-18 00:00:00,Rebalance,14961.55
6872,169,2020-11-27 00:00:00,Dividend,11300.01
6873,1358,2025-01-14 00:00:00,Sell,4235.36
6874,1423,2025-10-13 00:00:00,Contribution,5405.34
6875,240,2023-04-22 00:00:00,Sell,2860.33
6876,366,2026-03-06 00:00:00,Sell,26915.75
6877,567,2021-10-11 00:00:00,Withdrawal,41511.33
6878,1415,2020-10-02 00:00:00,Buy,62985.01
6879,903,2026-01-15 00:00:00,Withdrawal,24174.02
6880,1144,2022-09-15 00:00:00,Sell,5306.54
6881,1113,2025-11-24 00:00:00,Buy,6539.59
6882,249,2024-02-01 00:00:00,Sell,8783.29
6883,269,2023-05-06 00:00:00,Buy,3604.73
6884,131,2022-11-26 00:00:00,Dividend,4319.86
6885,1012,2024-06-08 00:00:00,Dividend,2500.12
6886,1156,2025-09-01 00:00:00,Buy,3180.75
6887,984,2024-04-06 00:00:00,Rebalance,5480.64
6888,522,2023-09-28 00:00:00,Withdrawal,9437.12
6889,714,2022-01-07 00:00:00,Buy,1697.46
6890,1305,2023-04-18 00:00:00,Rebalance,35590.63
6891,1145,2023-02-21 00:00:00,Buy,6779
6892,868,2021-04-27 00:00:00,Dividend,7650.82
6893,12,2020-08-26 00:00:00,Buy,10296.82
6894,1219,2026-05-02 00:00:00,Contribution,4725.74
6895,558,2020-08-25 00:00:00,Sell,3492.15
6896,108,2021-11-19 00:00:00,Buy,14463.09
6897,1385,2025-06-13 00:00:00,Buy,15537.48
6898,550,2021-03-14 00:00:00,Buy,1466.64
6899,1109,2023-07-12 00:00:00,Buy,1348.62
6900,576,2026-04-05 00:00:00,Contribution,2636.37
6901,1356,2021-05-31 00:00:00,Buy,9377.58
6902,922,2023-08-23 00:00:00,Buy,7995.78
6903,1476,2022-10-06 00:00:00,Rebalance,11148.9
6904,597,2023-11-30 00:00:00,Sell,2314.51
6905,1423,2021-08-28 00:00:00,Buy,9933.28
6906,1389,2022-08-23 00:00:00,Buy,8603.75
6907,913,2020-10-28 00:00:00,Sell,18026.05
6908,610,2026-04-17 00:00:00,Buy,5133.28
6909,868,2024-08-27 00:00:00,Contribution,25233.72
6910,672,2021-06-13 00:00:00,Rebalance,3613.89
6911,13,2023-03-21 00:00:00,Sell,7088.94
6912,400,2021-05-19 00:00:00,Sell,32558.92
6913,1011,2024-04-07 00:00:00,Buy,15712.01
6914,363,2020-09-12 00:00:00,Contribution,2080.7
6915,1008,2020-08-16 00:00:00,Rebalance,16153.98
6916,1431,2020-08-11 00:00:00,Contribution,32936.18
6917,705,2024-01-23 00:00:00,Withdrawal,638.92
6918,174,2021-12-17 00:00:00,Withdrawal,2426.46
6919,1156,2023-05-21 00:00:00,Buy,5935.73
6920,572,2023-01-14 00:00:00,Sell,2998.81
6921,308,2023-02-22 00:00:00,Dividend,52996.17
6922,1233,2026-01-05 00:00:00,Withdrawal,11464.57
6923,1358,2025-03-28 00:00:00,Contribution,5623.1
6924,721,2022-10-06 00:00:00,Withdrawal,18503.93
6925,1130,2022-05-21 00:00:00,Sell,4317.84
6926,534,2023-02-26 00:00:00,Sell,21963.02
6927,45,2023-02-27 00:00:00,Sell,2692.69
6928,1281,2025-05-13 00:00:00,Sell,24533.48
6929,949,2024-11-25 00:00:00,Buy,16635.55
6930,524,2024-10-19 00:00:00,Contribution,7711.58
6931,999,2020-06-16 00:00:00,Rebalance,6257.83
6932,1055,2021-08-30 00:00:00,Rebalance,13488.25
6933,660,2020-08-27 00:00:00,Rebalance,1663.12
6934,1199,2021-04-16 00:00:00,Sell,2457.21
6935,178,2022-05-04 00:00:00,Sell,1826.53
6936,728,2023-07-06 00:00:00,Buy,4311.46
6937,118,2020-11-24 00:00:00,Contribution,11599.27
6938,900,2025-11-17 00:00:00,Rebalance,10278.43
6939,482,2025-08-16 00:00:00,Contribution,2704.44
6940,396,2021-11-08 00:00:00,Sell,2202.33
6941,293,2021-10-14 00:00:00,Sell,34377.59
6942,1496,2024-12-04 00:00:00,Contribution,2617.08
6943,679,2022-10-24 00:00:00,Withdrawal,1627.64
6944,869,2022-02-24 00:00:00,Sell,4294.63
6945,850,2024-07-24 00:00:00,Withdrawal,155689.62
6946,1122,2022-07-30 00:00:00,Contribution,8285.28
6947,530,2022-05-18 00:00:00,Sell,5068.03
6948,1457,2025-08-31 00:00:00,Sell,30238.78
6949,1363,2021-01-06 00:00:00,Contribution,15985.06
6950,86,2024-01-06 00:00:00,Buy,2155.2
6951,892,2025-06-17 00:00:00,Buy,80075.47
6952,883,2021-11-11 00:00:00,Rebalance,9501.21
6953,1252,2026-04-08 00:00:00,Withdrawal,2916.73
6954,1136,2020-03-22 00:00:00,Sell,8534.63
6955,695,2023-03-31 00:00:00,Rebalance,5374.07
6956,121,2020-06-08 00:00:00,Rebalance,21099.18
6957,279,2025-07-15 00:00:00,Buy,1729.9
6958,215,2025-05-10 00:00:00,Dividend,11174.72
6959,1271,2021-06-06 00:00:00,Contribution,4973.72
6960,1355,2026-02-05 00:00:00,Buy,8368.87
6961,1487,2025-11-05 00:00:00,Buy,1137.08
6962,1245,2024-04-15 00:00:00,Buy,5538.97
6963,861,2024-05-05 00:00:00,Buy,19112.5
6964,145,2021-04-02 00:00:00,Sell,859.06
6965,1095,2026-03-04 00:00:00,Sell,14427.24
6966,147,2022-04-28 00:00:00,Withdrawal,16308.99
6967,327,2024-12-19 00:00:00,Buy,14267.54
6968,804,2021-10-12 00:00:00,Dividend,2304.48
6969,1459,2024-02-16 00:00:00,Sell,14826.51
6970,134,2023-09-28 00:00:00,Buy,3323.49
6971,741,2026-01-22 00:00:00,Rebalance,5548.93
6972,345,2023-04-14 00:00:00,Buy,2851.58
6973,747,2025-05-14 00:00:00,Rebalance,4130.65
6974,282,2022-01-17 00:00:00,Contribution,25148.5
6975,46,2025-12-23 00:00:00,Sell,6283.42
6976,960,2023-06-28 00:00:00,Dividend,13057.61
6977,954,2022-03-15 00:00:00,Buy,6583.4
6978,1112,2022-08-12 00:00:00,Buy,1221.85
6979,20,2023-10-22 00:00:00,Rebalance,3185.4
6980,1168,2022-04-11 00:00:00,Buy,1821.07
6981,164,2023-04-13 00:00:00,Sell,7611.99
6982,451,2022-04-29 00:00:00,Withdrawal,9915.34
6983,718,2025-12-10 00:00:00,Contribution,13601.33
6984,424,2021-08-27 00:00:00,Sell,10603.71
6985,876,2023-03-20 00:00:00,Rebalance,18261.3
6986,491,2025-09-30 00:00:00,Buy,6248.13
6987,1377,2024-08-26 00:00:00,Dividend,7558.07
6988,1347,2024-08-26 00:00:00,Sell,32530.37
6989,1308,2025-04-08 00:00:00,Buy,11867.96
6990,756,2024-04-21 00:00:00,Contribution,18800.29
6991,105,2023-04-19 00:00:00,Sell,1994.52
6992,4,2021-09-17 00:00:00,Rebalance,42845.79
6993,1358,2021-04-16 00:00:00,Buy,27787.44
6994,1049,2024-02-06 00:00:00,Buy,24716.36
6995,738,2021-05-13 00:00:00,Dividend,5051.64
6996,343,2020-11-09 00:00:00,Buy,8689.46
6997,1347,2022-05-28 00:00:00,Withdrawal,2552.93
6998,1151,2021-12-21 00:00:00,Contribution,12245.01
6999,970,2021-08-08 00:00:00,Sell,11434.63
7000,1152,2024-11-05 00:00:00,Withdrawal,18200.23
7001,1446,2022-11-07 00:00:00,Buy,14210.89
7002,1233,2021-07-02 00:00:00,Sell,5729.57
7003,1333,2020-04-02 00:00:00,Withdrawal,22195.74
7004,185,2024-08-24 00:00:00,Contribution,3121.78
7005,980,2021-12-22 00:00:00,Dividend,9349.95
7006,399,2021-09-11 00:00:00,Sell,5609.24
7007,783,2026-02-14 00:00:00,Buy,14526.88
7008,113,2023-03-02 00:00:00,Sell,6651.36
7009,803,2022-01-16 00:00:00,Rebalance,5136.29
7010,439,2021-08-03 00:00:00,Withdrawal,3519.81
7011,129,2020-05-14 00:00:00,Buy,3749.46
7012,462,2021-01-04 00:00:00,Contribution,2796.88
7013,862,2023-12-11 00:00:00,Buy,3879.92
7014,1097,2026-01-25 00:00:00,Buy,6547.61
7015,1071,2026-02-23 00:00:00,Sell,4286.41
7016,1426,2026-01-07 00:00:00,Buy,978.5
7017,1451,2021-03-19 00:00:00,Contribution,10418.9
7018,594,2022-10-25 00:00:00,Contribution,7618.1
7019,1496,2021-08-25 00:00:00,Buy,1051.09
7020,1267,2023-01-04 00:00:00,Dividend,3473.18
7021,923,2020-03-18 00:00:00,Sell,7049.72
7022,1321,2025-08-14 00:00:00,Contribution,40285.67
7023,171,2020-03-28 00:00:00,Withdrawal,38139.64
7024,1399,2024-09-15 00:00:00,Sell,25163.75
7025,1473,2021-12-26 00:00:00,Buy,1859.81
7026,403,2021-11-20 00:00:00,Contribution,12920.97
7027,1325,2025-05-05 00:00:00,Rebalance,4009
7028,1317,2020-11-27 00:00:00,Sell,5715.45
7029,723,2026-05-02 00:00:00,Buy,7386.82
7030,1145,2024-09-13 00:00:00,Withdrawal,1294.64
7031,1328,2022-03-18 00:00:00,Withdrawal,7690.71
7032,536,2025-01-10 00:00:00,Buy,15434.66
7033,1431,2020-04-05 00:00:00,Buy,8414.61
7034,1207,2021-05-16 00:00:00,Contribution,3982.35
7035,1480,2025-02-04 00:00:00,Dividend,20387.88
7036,365,2021-02-19 00:00:00,Rebalance,12090.08
7037,163,2024-07-26 00:00:00,Buy,3052.74
7038,793,2022-04-24 00:00:00,Withdrawal,25255.78
7039,284,2022-03-31 00:00:00,Dividend,4885.68
7040,1096,2023-09-15 00:00:00,Rebalance,12148.92
7041,215,2021-05-21 00:00:00,Withdrawal,4467.94
7042,144,2020-04-24 00:00:00,Dividend,15771.22
7043,522,2021-04-19 00:00:00,Buy,7121.16
7044,165,2021-01-15 00:00:00,Sell,1331.01
7045,763,2023-06-02 00:00:00,Buy,10551.57
7046,1090,2024-10-16 00:00:00,Sell,1633.45
7047,1297,2025-08-16 00:00:00,Buy,3984.81
7048,1304,2021-06-05 00:00:00,Rebalance,11894.22
7049,460,2020-09-08 00:00:00,Buy,33613.67
7050,638,2024-04-06 00:00:00,Withdrawal,4540.54
7051,517,2023-06-17 00:00:00,Contribution,2894.27
7052,447,2020-05-14 00:00:00,Dividend,10268.39
7053,1349,2021-08-31 00:00:00,Sell,5236.83
7054,651,2023-03-21 00:00:00,Buy,7176.24
7055,1227,2023-02-04 00:00:00,Buy,5190.54
7056,515,2025-12-17 00:00:00,Contribution,11961.62
7057,451,2024-06-14 00:00:00,Sell,7262.2
7058,975,2021-05-13 00:00:00,Withdrawal,7695.2
7059,194,2022-04-13 00:00:00,Sell,879.31
7060,33,2025-06-05 00:00:00,Buy,1593.4
7061,997,2023-05-22 00:00:00,Contribution,9949.38
7062,9,2022-05-31 00:00:00,Withdrawal,5325.28
7063,354,2023-07-23 00:00:00,Buy,4035.73
7064,1156,2023-04-08 00:00:00,Buy,7403.01
7065,837,2021-08-26 00:00:00,Withdrawal,9725.32
7066,788,2022-10-25 00:00:00,Contribution,3787.64
7067,410,2022-08-22 00:00:00,Buy,1249.37
7068,223,2025-08-19 00:00:00,Dividend,10012.52
7069,1416,2021-05-16 00:00:00,Buy,8022.57
7070,1399,2023-09-26 00:00:00,Dividend,2676.02
7071,186,2024-04-20 00:00:00,Buy,3785.96
7072,1445,2020-11-09 00:00:00,Buy,14763.37
7073,292,2023-09-08 00:00:00,Rebalance,1241.19
7074,227,2020-01-23 00:00:00,Withdrawal,15169.41
7075,922,2022-03-08 00:00:00,Sell,6489.08
7076,634,2020-06-24 00:00:00,Sell,48130.12
7077,165,2024-12-28 00:00:00,Sell,2946.39
7078,379,2021-12-29 00:00:00,Withdrawal,1995.39
7079,915,2021-05-04 00:00:00,Buy,13870.19
7080,780,2021-11-29 00:00:00,Buy,30095.25
7081,802,2023-11-27 00:00:00,Buy,7639.89
7082,581,2023-09-20 00:00:00,Rebalance,5066.11
7083,465,2022-09-15 00:00:00,Contribution,2562.24
7084,1047,2020-12-09 00:00:00,Rebalance,2803.29
7085,1268,2026-04-02 00:00:00,Sell,23842.29
7086,1076,2021-12-18 00:00:00,Contribution,14111.44
7087,703,2020-11-09 00:00:00,Rebalance,10222.58
7088,1065,2025-11-15 00:00:00,Buy,29711.23
7089,555,2020-08-25 00:00:00,Buy,12303.17
7090,971,2025-01-02 00:00:00,Sell,20086.55
7091,566,2025-04-10 00:00:00,Buy,16410.29
7092,677,2022-09-09 00:00:00,Contribution,15382.46
7093,735,2021-07-24 00:00:00,Withdrawal,4052.34
7094,888,2023-08-20 00:00:00,Contribution,4478.8
7095,263,2022-08-31 00:00:00,Sell,30226.83
7096,632,2025-07-12 00:00:00,Withdrawal,12290.22
7097,1415,2024-03-08 00:00:00,Buy,2550.33
7098,403,2025-01-03 00:00:00,Sell,915.64
7099,803,2021-03-04 00:00:00,Buy,7535.73
7100,218,2025-03-05 00:00:00,Sell,1451.75
7101,381,2023-07-28 00:00:00,Sell,38292.12
7102,673,2023-12-25 00:00:00,Sell,9011.91
7103,1368,2025-11-02 00:00:00,Withdrawal,2984.06
7104,137,2024-04-19 00:00:00,Dividend,7806.52
7105,1354,2025-11-01 00:00:00,Withdrawal,6248.17
7106,1372,2024-04-22 00:00:00,Buy,4197.48
7107,430,2023-01-27 00:00:00,Buy,6095.41
7108,82,2025-11-23 00:00:00,Contribution,1242.74
7109,1315,2026-03-03 00:00:00,Dividend,2774.68
7110,1050,2025-09-25 00:00:00,Contribution,5064
7111,1235,2021-04-16 00:00:00,Sell,57105.7
7112,575,2024-10-01 00:00:00,Sell,2447.6
7113,1384,2026-02-23 00:00:00,Sell,1720.5
7114,662,2023-02-28 00:00:00,Dividend,1052.72
7115,1095,2024-01-02 00:00:00,Dividend,25733.01
7116,66,2021-12-02 00:00:00,Buy,4534.41
7117,799,2021-03-17 00:00:00,Buy,10760.09
7118,573,2022-04-14 00:00:00,Buy,15634.85
7119,1245,2024-03-06 00:00:00,Rebalance,11643.33
7120,43,2020-01-04 00:00:00,Withdrawal,9949.84
7121,340,2024-10-18 00:00:00,Contribution,2747.53
7122,1276,2025-12-23 00:00:00,Buy,1843.21
7123,452,2025-02-07 00:00:00,Buy,1615.97
7124,856,2022-02-23 00:00:00,Buy,662.36
7125,372,2024-01-15 00:00:00,Withdrawal,6437.67
7126,391,2025-04-06 00:00:00,Dividend,18922.5
7127,261,2026-02-01 00:00:00,Buy,1494.17
7128,762,2021-09-01 00:00:00,Sell,1938.88
7129,1409,2023-07-30 00:00:00,Contribution,5503.64
7130,792,2024-09-24 00:00:00,Sell,1467.75
7131,857,2024-01-23 00:00:00,Withdrawal,5137.96
7132,1304,2020-11-01 00:00:00,Sell,4050.58
7133,893,2022-08-15 00:00:00,Buy,3641.77
7134,224,2025-09-25 00:00:00,Withdrawal,5672.82
7135,1185,2026-01-17 00:00:00,Rebalance,1823.04
7136,1431,2020-01-24 00:00:00,Sell,44925.04
7137,1376,2020-03-15 00:00:00,Buy,1824.37
7138,343,2024-06-25 00:00:00,Buy,15919.64
7139,1007,2021-01-24 00:00:00,Buy,1860.17
7140,429,2021-10-24 00:00:00,Buy,7944.69
7141,797,2023-08-01 00:00:00,Rebalance,19562.6
7142,927,2020-08-04 00:00:00,Withdrawal,2825.45
7143,456,2024-05-01 00:00:00,Dividend,5730.68
7144,1297,2025-02-23 00:00:00,Sell,5666.37
7145,723,2020-05-24 00:00:00,Sell,12071.61
7146,292,2024-02-10 00:00:00,Rebalance,9841.32
7147,156,2025-07-06 00:00:00,Buy,5417.95
7148,549,2025-01-04 00:00:00,Contribution,1430.27
7149,1249,2024-09-25 00:00:00,Rebalance,1369.4
7150,504,2025-10-06 00:00:00,Dividend,8250.98
7151,1259,2022-04-29 00:00:00,Rebalance,6194.48
7152,1192,2020-02-21 00:00:00,Buy,27034.25
7153,785,2021-05-30 00:00:00,Buy,8221.97
7154,1406,2026-05-31 00:00:00,Sell,18208.23
7155,819,2020-03-15 00:00:00,Buy,17024.01
7156,149,2023-01-29 00:00:00,Contribution,76851.85
7157,1295,2025-10-18 00:00:00,Buy,2780
7158,1421,2020-12-26 00:00:00,Sell,8058.64
7159,302,2026-01-02 00:00:00,Buy,4174.8
7160,205,2026-05-05 00:00:00,Dividend,4182.43
7161,100,2021-09-01 00:00:00,Rebalance,9910.23
7162,296,2021-09-29 00:00:00,Withdrawal,9183.6
7163,288,2024-11-17 00:00:00,Buy,3935.12
7164,151,2023-07-25 00:00:00,Sell,2938.75
7165,953,2024-03-21 00:00:00,Sell,10505.01
7166,623,2021-11-14 00:00:00,Contribution,14662.7
7167,684,2022-11-25 00:00:00,Buy,3345.4
7168,861,2022-11-19 00:00:00,Buy,1304.92
7169,374,2022-01-21 00:00:00,Withdrawal,9426.59
7170,1175,2026-04-28 00:00:00,Dividend,27302.55
7171,316,2025-04-10 00:00:00,Buy,3317.15
7172,1202,2025-10-12 00:00:00,Buy,3802.75
7173,1390,2021-12-07 00:00:00,Buy,922.7
7174,1313,2022-09-28 00:00:00,Contribution,1542.04
7175,783,2024-06-01 00:00:00,Sell,11681.8
7176,1271,2024-01-11 00:00:00,Sell,2292.4
7177,245,2023-12-22 00:00:00,Dividend,11390.66
7178,454,2022-11-01 00:00:00,Withdrawal,5079.89
7179,228,2024-09-17 00:00:00,Buy,10875.2
7180,434,2025-10-30 00:00:00,Contribution,8934.87
7181,1432,2025-06-20 00:00:00,Withdrawal,960.79
7182,209,2021-09-23 00:00:00,Buy,6308.39
7183,90,2021-03-23 00:00:00,Buy,10705.66
7184,1149,2023-06-21 00:00:00,Withdrawal,7540.55
7185,1119,2020-06-13 00:00:00,Sell,7816.7
7186,509,2020-12-22 00:00:00,Buy,16799.53
7187,815,2023-04-14 00:00:00,Buy,5422.8
7188,222,2022-12-31 00:00:00,Buy,926.63
7189,18,2024-05-08 00:00:00,Sell,8721.39
7190,955,2026-04-10 00:00:00,Sell,6948.63
7191,822,2025-11-08 00:00:00,Sell,3453.97
7192,146,2020-02-22 00:00:00,Sell,3471.61
7193,1208,2023-07-26 00:00:00,Buy,1487.09
7194,1089,2026-02-26 00:00:00,Buy,5830.18
7195,335,2022-06-20 00:00:00,Buy,12891.8
7196,773,2020-12-16 00:00:00,Rebalance,559.12
7197,1278,2020-03-18 00:00:00,Contribution,14609.88
7198,1490,2026-01-27 00:00:00,Sell,6650.99
7199,366,2020-09-04 00:00:00,Buy,3211.77
7200,4,2023-02-22 00:00:00,Buy,10534.13
7201,102,2022-09-04 00:00:00,Buy,2576.6
7202,599,2020-07-05 00:00:00,Contribution,11478.98
7203,1214,2024-12-12 00:00:00,Buy,3545.86
7204,1385,2026-05-27 00:00:00,Dividend,12615.63
7205,376,2023-05-11 00:00:00,Sell,13324.41
7206,908,2022-01-19 00:00:00,Rebalance,690.99
7207,1263,2024-01-06 00:00:00,Buy,4064.71
7208,52,2025-02-01 00:00:00,Contribution,13878.37
7209,929,2022-09-12 00:00:00,Buy,8707.94
7210,232,2023-03-25 00:00:00,Rebalance,10274.71
7211,380,2022-05-07 00:00:00,Dividend,3645.13
7212,64,2022-05-20 00:00:00,Buy,869.07
7213,961,2020-12-08 00:00:00,Rebalance,5530.68
7214,939,2020-07-05 00:00:00,Buy,6530.58
7215,1458,2022-10-17 00:00:00,Dividend,4758
7216,1434,2023-08-20 00:00:00,Buy,9054.2
7217,1055,2026-01-27 00:00:00,Buy,123251.99
7218,9,2024-01-19 00:00:00,Contribution,3997.57
7219,1366,2025-08-01 00:00:00,Sell,9335.12
7220,476,2020-04-07 00:00:00,Contribution,1917.56
7221,157,2021-06-17 00:00:00,Contribution,92942.08
7222,957,2023-01-18 00:00:00,Buy,3376.99
7223,248,2023-09-05 00:00:00,Contribution,11977.2
7224,1117,2020-04-22 00:00:00,Buy,9467.74
7225,775,2022-07-22 00:00:00,Contribution,24138.21
7226,760,2025-08-04 00:00:00,Withdrawal,9412.29
7227,1201,2023-02-19 00:00:00,Dividend,4914.06
7228,43,2020-06-23 00:00:00,Rebalance,5892.73
7229,420,2021-12-30 00:00:00,Rebalance,5786.58
7230,955,2021-10-29 00:00:00,Dividend,24706.59
7231,1435,2023-08-26 00:00:00,Contribution,5028.1
7232,172,2026-04-10 00:00:00,Withdrawal,7291.25
7233,1482,2020-06-30 00:00:00,Buy,11596.21
7234,189,2021-11-10 00:00:00,Buy,3709.18
7235,69,2026-03-03 00:00:00,Withdrawal,4081.93
7236,765,2020-12-11 00:00:00,Withdrawal,7077.29
7237,716,2021-12-21 00:00:00,Withdrawal,2911.43
7238,64,2023-07-21 00:00:00,Sell,3464.5
7239,561,2022-12-08 00:00:00,Buy,3195.44
7240,770,2024-03-03 00:00:00,Buy,1228.51
7241,205,2021-05-13 00:00:00,Rebalance,11909.9
7242,346,2025-05-24 00:00:00,Buy,25063.3
7243,141,2022-08-25 00:00:00,Buy,7887.38
7244,191,2023-11-22 00:00:00,Buy,13630.84
7245,325,2022-12-29 00:00:00,Contribution,13705.93
7246,469,2022-03-28 00:00:00,Buy,5223.39
7247,46,2020-09-07 00:00:00,Sell,16131.75
7248,1259,2025-03-19 00:00:00,Buy,6326.73
7249,677,2022-12-01 00:00:00,Sell,5963.2
7250,326,2021-01-13 00:00:00,Withdrawal,1989.5
7251,58,2021-02-28 00:00:00,Dividend,12058.19
7252,646,2026-03-03 00:00:00,Sell,5097.03
7253,629,2024-08-06 00:00:00,Sell,1714.46
7254,1392,2022-07-09 00:00:00,Sell,8250.12
7255,1440,2021-05-12 00:00:00,Rebalance,523.47
7256,500,2022-10-11 00:00:00,Contribution,7299.9
7257,209,2020-01-02 00:00:00,Buy,18337.99
7258,301,2025-06-06 00:00:00,Rebalance,10740.92
7259,718,2024-11-02 00:00:00,Buy,3711.19
7260,1230,2024-08-29 00:00:00,Contribution,3739.83
7261,600,2023-01-19 00:00:00,Buy,6558.79
7262,766,2021-08-08 00:00:00,Dividend,36577.45
7263,1350,2024-05-20 00:00:00,Sell,4425.37
7264,88,2024-04-14 00:00:00,Buy,8598.76
7265,775,2021-05-31 00:00:00,Buy,36976.76
7266,632,2020-09-06 00:00:00,Contribution,9078.86
7267,1364,2024-10-19 00:00:00,Contribution,10723.22
7268,1015,2022-03-27 00:00:00,Rebalance,2630.91
7269,1445,2026-01-30 00:00:00,Contribution,6893.16
7270,503,2022-05-21 00:00:00,Contribution,6020.81
7271,570,2023-09-16 00:00:00,Sell,5734.54
7272,178,2024-11-06 00:00:00,Buy,2570.16
7273,1313,2023-03-23 00:00:00,Buy,2312.66
7274,362,2020-02-02 00:00:00,Buy,11350.17
7275,1011,2025-01-03 00:00:00,Buy,10828.38
7276,581,2025-05-13 00:00:00,Dividend,23966.28
7277,473,2021-10-24 00:00:00,Contribution,51258.41
7278,220,2021-08-07 00:00:00,Dividend,26820.98
7279,557,2026-03-24 00:00:00,Contribution,1373.67
7280,873,2023-03-28 00:00:00,Dividend,1120.29
7281,324,2024-10-04 00:00:00,Contribution,4916.28
7282,675,2020-12-04 00:00:00,Contribution,11413.82
7283,376,2020-09-29 00:00:00,Contribution,807.79
7284,967,2025-10-21 00:00:00,Sell,11381.17
7285,1136,2020-05-16 00:00:00,Buy,3501.06
7286,1378,2020-11-27 00:00:00,Withdrawal,5095.82
7287,492,2024-01-22 00:00:00,Sell,7091.52
7288,635,2025-03-23 00:00:00,Buy,6097.43
7289,266,2024-03-06 00:00:00,Withdrawal,7350.83
7290,1078,2025-09-21 00:00:00,Buy,3654.8
7291,1033,2022-01-19 00:00:00,Sell,3038.29
7292,42,2023-06-08 00:00:00,Sell,6577.53
7293,521,2022-09-04 00:00:00,Contribution,5817.11
7294,403,2023-03-27 00:00:00,Buy,34145.3
7295,511,2020-02-27 00:00:00,Sell,14304.89
7296,846,2025-03-27 00:00:00,Buy,10734.43
7297,1165,2020-02-24 00:00:00,Buy,33884.82
7298,268,2020-05-25 00:00:00,Buy,8093.3
7299,443,2026-05-12 00:00:00,Dividend,3541.94
7300,524,2021-01-19 00:00:00,Buy,7516.71
7301,898,2021-11-23 00:00:00,Buy,4083.72
7302,211,2023-07-20 00:00:00,Sell,2997.16
7303,836,2025-10-21 00:00:00,Buy,29413.82
7304,648,2023-11-18 00:00:00,Withdrawal,3266.42
7305,531,2024-11-20 00:00:00,Buy,8300.71
7306,1314,2020-06-12 00:00:00,Buy,6848.06
7307,608,2023-10-29 00:00:00,Buy,1674.57
7308,1075,2026-04-05 00:00:00,Sell,6645.01
7309,1385,2021-12-16 00:00:00,Sell,12738.25
7310,508,2020-08-17 00:00:00,Buy,4666.17
7311,236,2023-03-28 00:00:00,Buy,3532.84
7312,44,2024-11-16 00:00:00,Sell,9394.88
7313,1151,2023-04-01 00:00:00,Buy,1670.64
7314,1269,2020-08-02 00:00:00,Sell,519.11
7315,537,2022-11-07 00:00:00,Sell,9514.27
7316,837,2025-11-26 00:00:00,Withdrawal,5354.32
7317,2,2024-03-22 00:00:00,Contribution,6217.73
7318,1462,2021-11-15 00:00:00,Dividend,1579.61
7319,485,2023-10-10 00:00:00,Buy,11016.43
7320,1134,2024-04-11 00:00:00,Rebalance,1124.07
7321,1169,2026-05-14 00:00:00,Withdrawal,2797.36
7322,227,2021-04-30 00:00:00,Sell,14998.71
7323,184,2024-11-24 00:00:00,Rebalance,4551.29
7324,880,2020-02-12 00:00:00,Buy,2900.24
7325,34,2023-12-25 00:00:00,Buy,6617.03
7326,715,2025-08-14 00:00:00,Withdrawal,7202.81
7327,766,2022-10-23 00:00:00,Withdrawal,65459.39
7328,649,2022-05-11 00:00:00,Buy,1505.66
7329,437,2023-02-02 00:00:00,Rebalance,1083.94
7330,1150,2025-06-26 00:00:00,Rebalance,8114.76
7331,27,2021-10-11 00:00:00,Sell,9706.65
7332,1411,2025-02-04 00:00:00,Contribution,1847
7333,861,2025-12-12 00:00:00,Buy,1702.07
7334,640,2020-10-23 00:00:00,Buy,2676.07
7335,418,2026-03-18 00:00:00,Sell,3318.76
7336,1454,2023-09-26 00:00:00,Contribution,682.22
7337,836,2020-12-16 00:00:00,Rebalance,5829.47
7338,35,2024-12-17 00:00:00,Buy,15523.76
7339,928,2023-10-24 00:00:00,Buy,8294.86
7340,1289,2025-04-06 00:00:00,Contribution,16552.23
7341,384,2024-11-13 00:00:00,Buy,3389.83
7342,420,2021-11-08 00:00:00,Withdrawal,34469.16
7343,1077,2024-01-20 00:00:00,Contribution,1800.29
7344,773,2025-03-20 00:00:00,Buy,2562.14
7345,927,2020-03-12 00:00:00,Buy,13009.17
7346,1196,2023-01-05 00:00:00,Sell,4073.49
7347,734,2021-10-22 00:00:00,Sell,26154.09
7348,646,2020-10-09 00:00:00,Buy,9052.16
7349,857,2024-05-19 00:00:00,Withdrawal,3128.23
7350,805,2025-12-10 00:00:00,Buy,4151.14
7351,292,2023-10-19 00:00:00,Buy,2810.23
7352,1410,2020-03-29 00:00:00,Withdrawal,7359.33
7353,990,2024-03-29 00:00:00,Rebalance,7012.67
7354,1243,2023-01-11 00:00:00,Buy,25757.57
7355,824,2020-11-14 00:00:00,Rebalance,5578.69
7356,336,2023-08-31 00:00:00,Withdrawal,3035.98
7357,131,2020-02-29 00:00:00,Sell,18765.29
7358,242,2024-06-21 00:00:00,Dividend,4092.14
7359,622,2022-07-31 00:00:00,Contribution,10148.56
7360,131,2025-01-15 00:00:00,Contribution,25626.56
7361,673,2021-04-20 00:00:00,Buy,825.74
7362,97,2022-01-18 00:00:00,Buy,7729.04
7363,860,2023-01-13 00:00:00,Buy,3420.3
7364,135,2024-04-23 00:00:00,Rebalance,2310.33
7365,1030,2021-05-11 00:00:00,Buy,6001.66
7366,449,2024-08-08 00:00:00,Contribution,999.82
7367,204,2025-11-13 00:00:00,Buy,24967.78
7368,614,2025-01-05 00:00:00,Withdrawal,2243.82
7369,363,2022-08-04 00:00:00,Dividend,3553.88
7370,446,2020-02-13 00:00:00,Buy,5499.78
7371,211,2026-05-11 00:00:00,Sell,15918.95
7372,1191,2024-10-21 00:00:00,Contribution,15093.64
7373,412,2025-02-15 00:00:00,Sell,9418.28
7374,855,2022-06-16 00:00:00,Contribution,6929.52
7375,177,2024-05-25 00:00:00,Withdrawal,10957.84
7376,164,2025-01-31 00:00:00,Buy,2892.2
7377,883,2024-10-25 00:00:00,Buy,15760.01
7378,615,2026-03-30 00:00:00,Rebalance,9821.39
7379,154,2025-09-24 00:00:00,Sell,12728.27
7380,1306,2022-08-12 00:00:00,Contribution,8606.03
7381,399,2021-02-18 00:00:00,Withdrawal,2450.84
7382,270,2025-06-03 00:00:00,Buy,2585.49
7383,795,2024-07-12 00:00:00,Rebalance,31235.36
7384,728,2023-02-24 00:00:00,Contribution,2226.91
7385,143,2024-11-11 00:00:00,Withdrawal,10324.31
7386,1476,2024-04-13 00:00:00,Buy,4819.14
7387,1376,2022-01-25 00:00:00,Withdrawal,4314.47
7388,1080,2024-11-26 00:00:00,Buy,2508.39
7389,1149,2024-05-16 00:00:00,Withdrawal,3029.88
7390,34,2023-08-28 00:00:00,Withdrawal,33270.97
7391,935,2025-08-04 00:00:00,Contribution,10076.26
7392,1486,2026-02-03 00:00:00,Dividend,16122.38
7393,1043,2024-07-18 00:00:00,Buy,16691.22
7394,336,2024-04-09 00:00:00,Sell,3602.99
7395,672,2020-03-17 00:00:00,Sell,875.71
7396,959,2021-01-26 00:00:00,Dividend,1502.83
7397,393,2025-06-20 00:00:00,Sell,1445.59
7398,1306,2021-05-03 00:00:00,Sell,3103.89
7399,678,2024-05-26 00:00:00,Contribution,5143.5
7400,547,2023-03-12 00:00:00,Buy,3366.35
7401,1329,2020-04-22 00:00:00,Rebalance,9354.65
7402,825,2025-11-06 00:00:00,Contribution,5407.84
7403,216,2020-08-14 00:00:00,Dividend,5794.94
7404,409,2026-01-31 00:00:00,Buy,1063.48
7405,1158,2021-04-07 00:00:00,Contribution,4766.33
7406,1273,2024-08-15 00:00:00,Sell,18222.76
7407,1107,2023-02-14 00:00:00,Buy,9267.25
7408,189,2025-07-30 00:00:00,Withdrawal,23045.27
7409,1377,2021-08-14 00:00:00,Sell,2621.19
7410,185,2025-12-31 00:00:00,Buy,16702.03
7411,1202,2025-11-21 00:00:00,Buy,17668.43
7412,1411,2025-04-18 00:00:00,Contribution,765.83
7413,31,2021-03-10 00:00:00,Rebalance,402.16
7414,578,2021-06-15 00:00:00,Contribution,5618.21
7415,121,2025-12-24 00:00:00,Rebalance,2970.07
7416,1091,2025-04-11 00:00:00,Sell,7449.85
7417,546,2024-06-20 00:00:00,Rebalance,33821.68
7418,48,2023-04-12 00:00:00,Withdrawal,7098
7419,1471,2020-05-31 00:00:00,Buy,8226.68
7420,869,2023-02-14 00:00:00,Buy,1509.51
7421,46,2024-07-26 00:00:00,Buy,32463.62
7422,1229,2020-11-11 00:00:00,Buy,12583.63
7423,686,2025-04-21 00:00:00,Sell,8053.8
7424,520,2020-06-07 00:00:00,Dividend,4750.25
7425,1374,2024-08-07 00:00:00,Rebalance,2548.86
7426,12,2026-05-30 00:00:00,Buy,15958.53
7427,340,2021-03-22 00:00:00,Sell,3426.97
7428,776,2026-01-19 00:00:00,Sell,6702.6
7429,306,2024-09-07 00:00:00,Withdrawal,9501.2
7430,1427,2022-03-30 00:00:00,Buy,1566.32
7431,302,2020-01-11 00:00:00,Rebalance,1805.33
7432,839,2023-08-09 00:00:00,Buy,3745.7
7433,13,2023-12-10 00:00:00,Dividend,323.16
7434,1029,2024-12-08 00:00:00,Buy,6453.12
7435,725,2025-09-28 00:00:00,Sell,7161.42
7436,1404,2020-09-11 00:00:00,Buy,1675.63
7437,82,2020-05-22 00:00:00,Dividend,9170.77
7438,784,2020-05-20 00:00:00,Buy,855.4
7439,718,2025-12-31 00:00:00,Contribution,3367.34
7440,835,2020-10-25 00:00:00,Buy,15415.22
7441,714,2026-04-15 00:00:00,Rebalance,6722.13
7442,884,2025-07-01 00:00:00,Withdrawal,6028.14
7443,70,2024-06-08 00:00:00,Dividend,2336.23
7444,382,2022-10-15 00:00:00,Buy,5872.39
7445,69,2026-01-04 00:00:00,Sell,11558.71
7446,499,2023-06-28 00:00:00,Contribution,13611.61
7447,252,2025-04-01 00:00:00,Withdrawal,8525.81
7448,1474,2021-09-09 00:00:00,Dividend,1043.21
7449,761,2025-10-15 00:00:00,Sell,6150.51
7450,455,2020-10-31 00:00:00,Contribution,2635.57
7451,862,2022-09-23 00:00:00,Contribution,12581.72
7452,1350,2024-05-20 00:00:00,Buy,2585.68
7453,787,2020-12-05 00:00:00,Buy,12740.52
7454,39,2024-04-04 00:00:00,Dividend,34929.33
7455,87,2024-10-06 00:00:00,Buy,32903.16
7456,52,2020-01-06 00:00:00,Rebalance,22575.77
7457,584,2026-03-30 00:00:00,Dividend,17833.97
7458,1089,2021-01-23 00:00:00,Contribution,2074.5
7459,62,2021-07-08 00:00:00,Contribution,2874.01
7460,1057,2022-04-11 00:00:00,Buy,10091.37
7461,947,2021-07-08 00:00:00,Sell,6449.19
7462,29,2021-09-02 00:00:00,Buy,5649.58
7463,622,2024-11-22 00:00:00,Buy,23882.64
7464,1116,2023-05-12 00:00:00,Dividend,3583.52
7465,30,2021-08-19 00:00:00,Withdrawal,275.91
7466,389,2022-01-27 00:00:00,Buy,23964.57
7467,245,2023-04-14 00:00:00,Sell,14174.05
7468,659,2025-07-27 00:00:00,Contribution,44187.6
7469,146,2024-06-06 00:00:00,Dividend,28881.93
7470,1488,2021-10-29 00:00:00,Rebalance,46738.06
7471,488,2023-11-28 00:00:00,Withdrawal,4575.03
7472,613,2022-01-24 00:00:00,Withdrawal,9415.74
7473,1416,2022-10-12 00:00:00,Contribution,12300.83
7474,50,2021-03-10 00:00:00,Rebalance,10912.45
7475,1068,2021-07-06 00:00:00,Withdrawal,24063.49
7476,812,2020-02-07 00:00:00,Rebalance,8787.24
7477,860,2023-10-19 00:00:00,Buy,35367.8
7478,991,2023-01-09 00:00:00,Rebalance,6746.1
7479,245,2024-03-07 00:00:00,Contribution,6618.64
7480,1027,2025-05-09 00:00:00,Buy,1969.07
7481,195,2025-12-20 00:00:00,Buy,2235.35
7482,283,2026-03-19 00:00:00,Contribution,39857.87
7483,1050,2020-01-10 00:00:00,Sell,8007.24
7484,735,2024-12-19 00:00:00,Rebalance,12874.29
7485,1061,2024-10-25 00:00:00,Sell,28379.34
7486,667,2026-05-24 00:00:00,Withdrawal,4468.78
7487,1096,2023-05-08 00:00:00,Sell,3316.29
7488,1343,2021-01-13 00:00:00,Sell,3863.11
7489,1283,2025-11-20 00:00:00,Dividend,7145.46
7490,499,2022-06-13 00:00:00,Sell,7571.2
7491,1082,2020-11-26 00:00:00,Withdrawal,19428.61
7492,1288,2024-05-10 00:00:00,Contribution,3856.33
7493,1391,2023-11-21 00:00:00,Withdrawal,1931.53
7494,305,2022-12-31 00:00:00,Sell,949.46
7495,1274,2022-08-10 00:00:00,Contribution,11191.4
7496,1318,2024-05-17 00:00:00,Sell,7225.15
7497,1422,2023-11-28 00:00:00,Dividend,9013.78
7498,1056,2023-01-26 00:00:00,Dividend,5866.97
7499,963,2026-02-14 00:00:00,Contribution,10188.36
7500,269,2022-10-05 00:00:00,Withdrawal,3360.74
7501,366,2022-10-29 00:00:00,Buy,17134.41
7502,356,2020-08-03 00:00:00,Sell,7465.26
7503,1414,2023-03-29 00:00:00,Sell,3048.61
7504,1152,2024-09-27 00:00:00,Buy,3920.85
7505,458,2021-11-30 00:00:00,Buy,5083.34
7506,305,2024-01-30 00:00:00,Withdrawal,4576.46
7507,1309,2025-05-15 00:00:00,Dividend,15806.04
7508,1316,2021-07-02 00:00:00,Buy,55492.98
7509,701,2025-07-08 00:00:00,Sell,1741.92
7510,416,2024-01-06 00:00:00,Rebalance,12081.54
7511,1355,2021-07-24 00:00:00,Contribution,42147.8
7512,892,2025-11-20 00:00:00,Withdrawal,1583.65
7513,1375,2021-10-29 00:00:00,Dividend,1118.13
7514,1233,2024-07-30 00:00:00,Contribution,1695.85
7515,248,2025-11-18 00:00:00,Dividend,8165.38
7516,586,2023-10-07 00:00:00,Buy,3052.63
7517,1091,2022-05-03 00:00:00,Buy,2956.38
7518,12,2024-07-26 00:00:00,Buy,3736.01
7519,676,2026-02-02 00:00:00,Buy,4618.98
7520,1078,2024-10-13 00:00:00,Contribution,2682.21
7521,887,2023-10-22 00:00:00,Rebalance,5797.75
7522,945,2022-03-09 00:00:00,Buy,673.77
7523,696,2023-08-11 00:00:00,Buy,7952.77
7524,354,2022-11-15 00:00:00,Withdrawal,7010.96
7525,1294,2020-05-21 00:00:00,Sell,6039.88
7526,71,2025-08-04 00:00:00,Buy,13904.69
7527,1097,2023-05-29 00:00:00,Contribution,3095.73
7528,354,2020-11-25 00:00:00,Sell,2384.94
7529,622,2020-04-16 00:00:00,Sell,10506.47
7530,835,2025-09-18 00:00:00,Sell,4376.39
7531,815,2025-04-05 00:00:00,Withdrawal,3678.67
7532,920,2024-10-10 00:00:00,Buy,2043.02
7533,899,2025-05-23 00:00:00,Rebalance,19939.37
7534,249,2020-06-08 00:00:00,Buy,3726.35
7535,1147,2022-07-03 00:00:00,Buy,1829.51
7536,760,2025-07-09 00:00:00,Sell,14768.56
7537,1373,2021-12-22 00:00:00,Sell,5940.76
7538,1042,2025-01-18 00:00:00,Sell,1760.88
7539,333,2023-10-05 00:00:00,Buy,16677.49
7540,77,2023-07-19 00:00:00,Sell,2212.8
7541,16,2024-08-09 00:00:00,Contribution,9276.92
7542,1214,2024-03-21 00:00:00,Withdrawal,17597.06
7543,383,2023-12-19 00:00:00,Dividend,14745.72
7544,797,2025-10-05 00:00:00,Contribution,7653.27
7545,1317,2021-08-06 00:00:00,Dividend,15595.61
7546,735,2022-04-15 00:00:00,Buy,4848.68
7547,653,2020-03-29 00:00:00,Buy,8844
7548,113,2024-11-24 00:00:00,Withdrawal,13754.97
7549,1013,2025-04-13 00:00:00,Withdrawal,5257.67
7550,785,2020-05-22 00:00:00,Buy,13504.49
7551,1075,2021-10-10 00:00:00,Withdrawal,1277
7552,1447,2024-07-03 00:00:00,Sell,3422.33
7553,140,2023-03-06 00:00:00,Dividend,46072.86
7554,497,2026-01-19 00:00:00,Rebalance,14761.89
7555,262,2022-07-03 00:00:00,Contribution,5755.57
7556,985,2023-08-20 00:00:00,Buy,6020.05
7557,697,2025-03-27 00:00:00,Dividend,5415.33
7558,729,2021-04-25 00:00:00,Sell,3863.77
7559,1334,2021-04-11 00:00:00,Withdrawal,5699.81
7560,632,2023-11-03 00:00:00,Buy,25762.5
7561,1115,2020-10-18 00:00:00,Buy,32423.99
7562,953,2021-01-13 00:00:00,Buy,14282.5
7563,1029,2024-04-22 00:00:00,Sell,13026.27
7564,760,2021-09-21 00:00:00,Rebalance,627.77
7565,1243,2021-12-28 00:00:00,Buy,21847.39
7566,165,2024-01-25 00:00:00,Buy,1795.04
7567,1123,2021-10-12 00:00:00,Sell,1492.45
7568,446,2023-10-07 00:00:00,Contribution,7507.73
7569,707,2025-01-26 00:00:00,Sell,1545.32
7570,203,2023-06-27 00:00:00,Rebalance,2784.71
7571,808,2024-09-03 00:00:00,Buy,5453.78
7572,1091,2024-08-16 00:00:00,Withdrawal,57709.01
7573,1268,2024-03-10 00:00:00,Contribution,11029.8
7574,1368,2023-07-17 00:00:00,Sell,6923.31
7575,381,2026-02-27 00:00:00,Sell,6389.53
7576,738,2021-10-10 00:00:00,Withdrawal,1519.15
7577,608,2022-11-28 00:00:00,Withdrawal,42135.08
7578,874,2022-05-11 00:00:00,Buy,2255.33
7579,1339,2026-04-28 00:00:00,Contribution,14283.83
7580,1441,2022-06-13 00:00:00,Withdrawal,40554.74
7581,1113,2021-10-13 00:00:00,Buy,16087.74
7582,502,2023-12-01 00:00:00,Sell,6004.9
7583,918,2020-10-20 00:00:00,Buy,6511.46
7584,847,2024-07-22 00:00:00,Sell,13938.26
7585,1040,2021-04-06 00:00:00,Dividend,517.51
7586,291,2021-11-29 00:00:00,Sell,4741.68
7587,692,2024-09-27 00:00:00,Buy,15742.76
7588,50,2020-01-28 00:00:00,Buy,1739.21
7589,716,2021-12-09 00:00:00,Buy,3852.98
7590,1116,2023-01-23 00:00:00,Buy,7257.57
7591,823,2023-02-08 00:00:00,Sell,11965.63
7592,1445,2023-05-19 00:00:00,Withdrawal,3045.24
7593,1066,2022-08-22 00:00:00,Contribution,19698.95
7594,269,2020-08-03 00:00:00,Buy,1746.24
7595,318,2021-02-20 00:00:00,Buy,4564.18
7596,326,2026-03-31 00:00:00,Withdrawal,24036.52
7597,1233,2024-04-14 00:00:00,Buy,1274.14
7598,1363,2020-06-11 00:00:00,Rebalance,4148.71
7599,1076,2022-12-08 00:00:00,Buy,748.79
7600,1394,2022-07-04 00:00:00,Rebalance,1907.63
7601,557,2021-05-18 00:00:00,Sell,48187.93
7602,487,2021-03-22 00:00:00,Withdrawal,17306.89
7603,434,2021-09-15 00:00:00,Buy,7974.7
7604,39,2021-06-04 00:00:00,Dividend,6548.76
7605,953,2022-07-26 00:00:00,Sell,6442.1
7606,137,2023-09-29 00:00:00,Dividend,9863.46
7607,1147,2023-10-05 00:00:00,Withdrawal,5720.91
7608,435,2022-11-12 00:00:00,Buy,5043.16
7609,1050,2025-06-04 00:00:00,Buy,8810.16
7610,1334,2024-05-12 00:00:00,Rebalance,16474.92
7611,1217,2022-11-23 00:00:00,Sell,1943.73
7612,972,2024-06-06 00:00:00,Buy,15143.7
7613,620,2021-11-15 00:00:00,Dividend,602.01
7614,1101,2025-08-22 00:00:00,Sell,683.23
7615,1159,2023-04-22 00:00:00,Buy,35852.61
7616,164,2021-11-09 00:00:00,Buy,2852.6
7617,721,2023-09-07 00:00:00,Buy,6025.12
7618,1285,2024-10-07 00:00:00,Buy,10321.12
7619,1,2021-06-09 00:00:00,Rebalance,68527.97
7620,1310,2024-08-03 00:00:00,Dividend,7284.19
7621,764,2022-10-30 00:00:00,Withdrawal,10567.56
7622,275,2020-03-10 00:00:00,Withdrawal,10378.44
7623,207,2020-03-05 00:00:00,Dividend,2410.93
7624,1493,2022-12-04 00:00:00,Withdrawal,980.65
7625,799,2026-03-06 00:00:00,Sell,3961.37
7626,732,2026-05-19 00:00:00,Buy,6114.34
7627,908,2024-12-08 00:00:00,Withdrawal,7103.49
7628,557,2023-08-24 00:00:00,Buy,4380.99
7629,1445,2020-06-18 00:00:00,Buy,4855.21
7630,1151,2020-04-21 00:00:00,Buy,1515.12
7631,1133,2020-06-14 00:00:00,Sell,12253.27
7632,315,2022-12-22 00:00:00,Withdrawal,5015.58
7633,229,2021-03-01 00:00:00,Buy,2749.29
7634,1356,2025-04-06 00:00:00,Contribution,11071.97
7635,985,2026-04-30 00:00:00,Contribution,2996.9
7636,1438,2020-07-01 00:00:00,Dividend,1169.72
7637,225,2020-03-29 00:00:00,Contribution,13436.99
7638,638,2022-06-27 00:00:00,Sell,6249.48
7639,554,2025-02-26 00:00:00,Dividend,4884.76
7640,773,2024-04-04 00:00:00,Buy,13412.74
7641,808,2026-02-12 00:00:00,Contribution,16122.44
7642,565,2020-04-21 00:00:00,Buy,7137.26
7643,436,2021-01-06 00:00:00,Contribution,21845.92
7644,912,2025-04-22 00:00:00,Rebalance,13871.97
7645,1164,2023-06-19 00:00:00,Buy,5247.67
7646,720,2026-01-21 00:00:00,Buy,15589.87
7647,96,2023-08-01 00:00:00,Sell,17454.59
7648,626,2024-03-10 00:00:00,Sell,8494.34
7649,1175,2020-05-31 00:00:00,Sell,5776.04
7650,1197,2020-06-05 00:00:00,Rebalance,11185.7
7651,1355,2025-07-03 00:00:00,Buy,14479.55
7652,363,2023-01-01 00:00:00,Withdrawal,5972.94
7653,175,2020-12-21 00:00:00,Contribution,6001.04
7654,497,2021-03-06 00:00:00,Contribution,6877.41
7655,48,2021-12-13 00:00:00,Rebalance,9457.27
7656,55,2023-01-18 00:00:00,Sell,2939.07
7657,457,2022-07-16 00:00:00,Dividend,3211.74
7658,682,2020-06-25 00:00:00,Buy,22314.82
7659,457,2022-06-30 00:00:00,Buy,1960.5
7660,1353,2021-04-30 00:00:00,Buy,5442.4
7661,1441,2026-04-20 00:00:00,Buy,6252.91
7662,499,2025-04-08 00:00:00,Buy,1220.15
7663,1007,2023-08-06 00:00:00,Withdrawal,1164.16
7664,490,2022-06-28 00:00:00,Dividend,3498.51
7665,508,2021-09-07 00:00:00,Sell,38431.74
7666,1102,2025-08-06 00:00:00,Buy,12361.51
7667,423,2021-11-28 00:00:00,Withdrawal,8310.48
7668,658,2021-11-21 00:00:00,Rebalance,5560.06
7669,978,2023-12-12 00:00:00,Rebalance,3592.08
7670,244,2024-03-18 00:00:00,Sell,17951.35
7671,506,2021-01-16 00:00:00,Contribution,3411.25
7672,361,2022-03-14 00:00:00,Buy,62138.87
7673,713,2026-03-06 00:00:00,Withdrawal,1929.36
7674,1019,2024-05-24 00:00:00,Buy,4118.35
7675,729,2025-02-25 00:00:00,Sell,3708.47
7676,923,2022-10-29 00:00:00,Dividend,13588.49
7677,1008,2022-02-12 00:00:00,Rebalance,16178.59
7678,648,2022-12-12 00:00:00,Sell,8302.91
7679,1227,2021-02-17 00:00:00,Buy,3958.89
7680,864,2020-11-20 00:00:00,Withdrawal,33304.22
7681,253,2024-09-29 00:00:00,Rebalance,795.55
7682,729,2021-05-03 00:00:00,Sell,5298.86
7683,927,2020-01-15 00:00:00,Buy,1768.11
7684,1287,2021-04-07 00:00:00,Buy,23867.88
7685,1279,2020-02-28 00:00:00,Buy,2851.7
7686,120,2020-10-15 00:00:00,Sell,1230.67
7687,1405,2026-04-27 00:00:00,Buy,271.06
7688,862,2021-04-07 00:00:00,Buy,19996.5
7689,1185,2022-08-19 00:00:00,Sell,5176.22
7690,422,2021-10-31 00:00:00,Withdrawal,5172.11
7691,824,2025-05-28 00:00:00,Rebalance,3241.12
7692,1041,2026-01-16 00:00:00,Withdrawal,7874.57
7693,852,2024-05-20 00:00:00,Buy,4427.84
7694,365,2022-08-10 00:00:00,Buy,7408.03
7695,105,2023-12-17 00:00:00,Rebalance,5533.27
7696,335,2021-02-21 00:00:00,Sell,6247.41
7697,983,2024-05-26 00:00:00,Contribution,529.27
7698,554,2021-04-09 00:00:00,Buy,881.02
7699,224,2021-07-15 00:00:00,Buy,44299.74
7700,60,2024-09-07 00:00:00,Buy,16279.54
7701,1103,2022-01-18 00:00:00,Buy,5274.13
7702,922,2020-05-23 00:00:00,Sell,7699.57
7703,292,2024-04-28 00:00:00,Dividend,12457.69
7704,1403,2023-10-02 00:00:00,Buy,7373.66
7705,1408,2021-01-04 00:00:00,Withdrawal,7344.52
7706,120,2024-01-06 00:00:00,Buy,3889.82
7707,714,2023-03-17 00:00:00,Buy,16893.68
7708,892,2025-12-29 00:00:00,Buy,8974.46
7709,1292,2024-08-26 00:00:00,Buy,5713.67
7710,917,2026-03-05 00:00:00,Buy,4592.91
7711,55,2021-04-27 00:00:00,Buy,9937.35
7712,480,2025-03-07 00:00:00,Dividend,7273.75
7713,1197,2020-05-23 00:00:00,Buy,24387.71
7714,68,2024-02-14 00:00:00,Sell,650.04
7715,330,2025-06-21 00:00:00,Buy,10208.06
7716,66,2021-04-25 00:00:00,Withdrawal,3888.96
7717,917,2022-01-03 00:00:00,Rebalance,18023.16
7718,976,2020-02-27 00:00:00,Buy,2961.85
7719,1167,2020-12-21 00:00:00,Contribution,3563.6
7720,1235,2026-05-14 00:00:00,Contribution,7018.45
7721,1103,2023-10-11 00:00:00,Buy,17065.86
7722,329,2020-12-27 00:00:00,Sell,5344.41
7723,885,2021-10-24 00:00:00,Contribution,9767.19
7724,332,2023-05-12 00:00:00,Buy,8168.68
7725,199,2025-04-23 00:00:00,Contribution,17925.82
7726,1364,2025-11-05 00:00:00,Contribution,1174.52
7727,977,2020-08-29 00:00:00,Contribution,3026.65
7728,393,2025-01-14 00:00:00,Withdrawal,4766.08
7729,623,2026-02-02 00:00:00,Buy,3959.37
7730,1024,2023-10-12 00:00:00,Contribution,14353.49
7731,688,2025-01-19 00:00:00,Buy,16510.72
7732,1134,2020-01-19 00:00:00,Withdrawal,14696.28
7733,549,2021-05-28 00:00:00,Buy,38209.35
7734,1231,2020-05-05 00:00:00,Sell,3987.2
7735,51,2021-08-12 00:00:00,Buy,3311.09
7736,1153,2022-05-03 00:00:00,Buy,45691.16
7737,784,2022-11-15 00:00:00,Withdrawal,3308
7738,854,2021-10-03 00:00:00,Withdrawal,29098.42
7739,1014,2025-02-04 00:00:00,Buy,14281.09
7740,354,2020-07-15 00:00:00,Buy,3858.14
7741,310,2026-01-31 00:00:00,Sell,90395.57
7742,1463,2026-01-25 00:00:00,Sell,4543.12
7743,1390,2022-04-23 00:00:00,Sell,26670.5
7744,916,2022-12-08 00:00:00,Buy,18515.37
7745,763,2020-07-23 00:00:00,Buy,5152.77
7746,1202,2023-02-14 00:00:00,Sell,2465.23
7747,240,2021-06-17 00:00:00,Withdrawal,13163.35
7748,200,2025-11-24 00:00:00,Withdrawal,4387.54
7749,180,2025-08-16 00:00:00,Dividend,3176.97
7750,412,2020-05-04 00:00:00,Contribution,4150.89
7751,871,2022-01-10 00:00:00,Sell,6205.31
7752,1496,2023-05-22 00:00:00,Buy,5696.2
7753,1098,2022-08-02 00:00:00,Sell,6483.67
7754,234,2024-11-05 00:00:00,Withdrawal,25823.84
7755,848,2024-02-02 00:00:00,Rebalance,8913.19
7756,1484,2024-01-06 00:00:00,Contribution,7558.88
7757,175,2020-08-17 00:00:00,Buy,1908.59
7758,139,2024-11-13 00:00:00,Contribution,2004.94
7759,1179,2025-09-01 00:00:00,Contribution,16061.05
7760,434,2020-03-17 00:00:00,Buy,9792.17
7761,1165,2026-03-25 00:00:00,Buy,8910.98
7762,947,2023-04-11 00:00:00,Sell,12368.84
7763,8,2023-12-29 00:00:00,Contribution,3078.9
7764,182,2022-08-01 00:00:00,Sell,22419.2
7765,1058,2022-03-01 00:00:00,Contribution,19929.57
7766,74,2026-05-23 00:00:00,Buy,3897.14
7767,414,2023-06-14 00:00:00,Dividend,13029.33
7768,1172,2023-10-03 00:00:00,Buy,18176.34
7769,1000,2025-05-24 00:00:00,Contribution,912.89
7770,795,2023-10-04 00:00:00,Contribution,8722.29
7771,817,2021-05-07 00:00:00,Buy,12531.53
7772,312,2023-02-20 00:00:00,Contribution,16121.35
7773,364,2021-03-01 00:00:00,Sell,4500.42
7774,49,2025-06-24 00:00:00,Sell,4559.2
7775,531,2020-02-28 00:00:00,Dividend,6653.19
7776,121,2022-07-04 00:00:00,Buy,10531.31
7777,1214,2020-02-15 00:00:00,Sell,12586.23
7778,163,2021-09-06 00:00:00,Buy,3403.01
7779,896,2022-11-08 00:00:00,Withdrawal,4885.21
7780,364,2023-02-20 00:00:00,Contribution,51017.17
7781,1111,2023-07-13 00:00:00,Buy,5121.58
7782,1279,2023-08-01 00:00:00,Contribution,28888.78
7783,723,2023-12-31 00:00:00,Withdrawal,2355.11
7784,668,2025-12-14 00:00:00,Sell,11191.92
7785,1113,2020-03-12 00:00:00,Withdrawal,19276.87
7786,1173,2023-01-10 00:00:00,Rebalance,7164.94
7787,113,2020-11-12 00:00:00,Rebalance,1077.41
7788,30,2025-07-23 00:00:00,Buy,2371.18
7789,62,2026-02-13 00:00:00,Dividend,6443.09
7790,118,2025-09-29 00:00:00,Sell,1391.94
7791,947,2024-02-10 00:00:00,Withdrawal,7632.68
7792,1101,2023-02-11 00:00:00,Sell,4756.01
7793,1343,2023-06-16 00:00:00,Withdrawal,12835.55
7794,859,2022-08-22 00:00:00,Rebalance,84315.77
7795,1009,2024-06-16 00:00:00,Contribution,6603.04
7796,330,2023-03-06 00:00:00,Rebalance,12966.8
7797,495,2022-06-28 00:00:00,Buy,8788.85
7798,773,2023-02-17 00:00:00,Withdrawal,4429.58
7799,1281,2023-12-02 00:00:00,Contribution,18551.99
7800,425,2025-09-07 00:00:00,Contribution,5785.96
7801,1267,2021-11-09 00:00:00,Dividend,5058.04
7802,144,2020-11-18 00:00:00,Buy,9581.65
7803,420,2023-11-29 00:00:00,Withdrawal,2366.95
7804,584,2025-04-11 00:00:00,Withdrawal,7172.09
7805,558,2022-03-16 00:00:00,Dividend,11449.45
7806,858,2020-05-08 00:00:00,Sell,1712.41
7807,1009,2022-08-20 00:00:00,Buy,26539.87
7808,1122,2023-06-30 00:00:00,Sell,18099.14
7809,1455,2025-09-12 00:00:00,Contribution,3321.58
7810,727,2022-03-27 00:00:00,Contribution,2254.52
7811,860,2025-01-28 00:00:00,Buy,7165.96
7812,197,2025-04-18 00:00:00,Contribution,10577.11
7813,244,2024-09-08 00:00:00,Buy,4097.76
7814,209,2023-06-24 00:00:00,Sell,6012.53
7815,460,2023-05-21 00:00:00,Rebalance,5114.76
7816,66,2022-11-27 00:00:00,Buy,1952.53
7817,486,2022-08-12 00:00:00,Sell,16268.17
7818,975,2020-07-28 00:00:00,Buy,17180.82
7819,720,2025-11-26 00:00:00,Buy,5421.96
7820,1379,2023-11-17 00:00:00,Sell,3700.58
7821,1219,2023-12-06 00:00:00,Buy,5465.79
7822,546,2021-08-18 00:00:00,Buy,11793.07
7823,1374,2025-06-26 00:00:00,Contribution,16119.67
7824,154,2020-07-31 00:00:00,Sell,39132.51
7825,264,2020-08-07 00:00:00,Buy,2637.03
7826,98,2021-04-15 00:00:00,Withdrawal,52288.66
7827,1162,2022-04-20 00:00:00,Sell,3974.98
7828,698,2024-04-27 00:00:00,Sell,858.9
7829,120,2022-06-02 00:00:00,Buy,7161.04
7830,1038,2020-08-28 00:00:00,Buy,5803.72
7831,590,2022-05-12 00:00:00,Sell,4046.91
7832,465,2024-11-29 00:00:00,Buy,3880.62
7833,934,2023-09-01 00:00:00,Dividend,4818.58
7834,1068,2021-09-21 00:00:00,Buy,5799.35
7835,731,2023-02-12 00:00:00,Contribution,4810.77
7836,190,2020-01-21 00:00:00,Sell,2700.93
7837,369,2025-06-29 00:00:00,Buy,1943.16
7838,263,2022-03-25 00:00:00,Contribution,2809.56
7839,1428,2023-06-12 00:00:00,Dividend,369.07
7840,328,2025-09-05 00:00:00,Buy,13194.42
7841,812,2024-01-23 00:00:00,Rebalance,11423.36
7842,915,2023-10-31 00:00:00,Buy,6728.56
7843,1294,2022-06-06 00:00:00,Sell,15286.43
7844,590,2025-10-12 00:00:00,Rebalance,6504.7
7845,833,2023-07-13 00:00:00,Buy,3266.81
7846,1107,2023-05-06 00:00:00,Buy,6353.38
7847,1186,2020-02-29 00:00:00,Buy,992.64
7848,1134,2024-01-20 00:00:00,Rebalance,3461.39
7849,1036,2024-11-05 00:00:00,Buy,15335.71
7850,201,2020-05-24 00:00:00,Contribution,4583.58
7851,15,2020-09-07 00:00:00,Buy,493.36
7852,1230,2021-02-17 00:00:00,Rebalance,18543.58
7853,1385,2021-12-24 00:00:00,Sell,8602.77
7854,1015,2023-08-26 00:00:00,Buy,6902.53
7855,1068,2023-09-17 00:00:00,Buy,1330.55
7856,1247,2025-06-28 00:00:00,Buy,17878.48
7857,92,2020-05-27 00:00:00,Buy,5348.32
7858,876,2023-08-14 00:00:00,Buy,6034.91
7859,897,2022-01-25 00:00:00,Dividend,8611.12
7860,492,2022-04-10 00:00:00,Buy,1926.3
7861,471,2021-12-15 00:00:00,Dividend,6469.07
7862,36,2024-07-16 00:00:00,Buy,30952.15
7863,943,2025-09-16 00:00:00,Buy,2599.37
7864,1488,2020-05-10 00:00:00,Buy,4628.81
7865,141,2025-06-19 00:00:00,Dividend,2426.58
7866,984,2024-09-01 00:00:00,Buy,3273.81
7867,251,2023-08-27 00:00:00,Sell,11543.79
7868,1364,2021-05-13 00:00:00,Sell,36606.58
7869,27,2023-08-24 00:00:00,Buy,1442.65
7870,833,2025-11-25 00:00:00,Rebalance,7564.55
7871,174,2024-03-12 00:00:00,Contribution,16651.76
7872,386,2022-03-27 00:00:00,Buy,17095
7873,284,2020-01-09 00:00:00,Buy,1158.45
7874,903,2025-12-06 00:00:00,Buy,9065.29
7875,518,2023-06-01 00:00:00,Contribution,4258.93
7876,633,2025-03-29 00:00:00,Sell,4356.71
7877,281,2023-01-30 00:00:00,Buy,5854.54
7878,472,2022-09-23 00:00:00,Withdrawal,6728.83
7879,303,2023-05-01 00:00:00,Dividend,11246.2
7880,1032,2023-09-19 00:00:00,Buy,1378.1
7881,1242,2020-09-15 00:00:00,Contribution,7740.04
7882,702,2024-08-30 00:00:00,Withdrawal,8871.27
7883,791,2020-07-03 00:00:00,Rebalance,4736.58
7884,1448,2021-03-23 00:00:00,Contribution,8919.84
7885,5,2024-02-07 00:00:00,Contribution,6555.06
7886,1418,2022-08-20 00:00:00,Dividend,11130.5
7887,35,2024-04-19 00:00:00,Withdrawal,7645.43
7888,1414,2022-07-17 00:00:00,Rebalance,20408.32
7889,487,2022-10-17 00:00:00,Buy,2821.28
7890,36,2020-10-31 00:00:00,Contribution,572.93
7891,436,2020-05-09 00:00:00,Contribution,7483.91
7892,1240,2025-03-27 00:00:00,Sell,5703.96
7893,508,2021-11-26 00:00:00,Buy,4695.82
7894,1402,2023-05-19 00:00:00,Sell,4227.59
7895,1397,2025-02-03 00:00:00,Sell,5055.91
7896,638,2024-11-30 00:00:00,Withdrawal,5066.76
7897,1471,2026-01-06 00:00:00,Rebalance,2652.16
7898,843,2022-11-30 00:00:00,Sell,78361.8
7899,1353,2022-12-22 00:00:00,Contribution,10223.88
7900,7,2024-09-19 00:00:00,Contribution,6004.13
7901,957,2020-11-10 00:00:00,Withdrawal,2912.39
7902,1248,2025-09-11 00:00:00,Sell,24711.04
7903,691,2024-06-10 00:00:00,Buy,1215.29
7904,108,2020-08-05 00:00:00,Contribution,3864.37
7905,1314,2022-02-16 00:00:00,Rebalance,8222.21
7906,39,2026-02-12 00:00:00,Buy,4361.4
7907,1276,2022-03-17 00:00:00,Buy,13704.83
7908,227,2024-07-13 00:00:00,Rebalance,7091.04
7909,590,2022-07-23 00:00:00,Sell,3792.27
7910,292,2022-08-19 00:00:00,Buy,34957.72
7911,1202,2020-04-09 00:00:00,Rebalance,2256.17
7912,281,2021-06-24 00:00:00,Buy,23434.03
7913,726,2022-02-09 00:00:00,Sell,7630.01
7914,1389,2024-10-01 00:00:00,Sell,19318.97
7915,898,2022-09-10 00:00:00,Contribution,12585.1
7916,1203,2023-12-04 00:00:00,Buy,65962.23
7917,984,2020-08-16 00:00:00,Contribution,11007.52
7918,764,2022-09-18 00:00:00,Rebalance,9609.84
7919,759,2026-02-10 00:00:00,Buy,7365.51
7920,696,2021-08-26 00:00:00,Contribution,6624.67
7921,720,2025-10-17 00:00:00,Buy,31409.47
7922,984,2021-04-12 00:00:00,Dividend,548.68
7923,1019,2020-03-26 00:00:00,Contribution,12011.88
7924,301,2022-07-07 00:00:00,Dividend,15946.7
7925,104,2020-04-23 00:00:00,Withdrawal,2845.65
7926,1291,2024-07-14 00:00:00,Sell,14103.33
7927,176,2020-01-19 00:00:00,Rebalance,11543.87
7928,1371,2021-05-07 00:00:00,Contribution,1722.67
7929,957,2023-07-19 00:00:00,Sell,5937.39
7930,536,2022-03-27 00:00:00,Contribution,26916.7
7931,1350,2021-05-18 00:00:00,Contribution,2437.89
7932,1490,2022-10-26 00:00:00,Buy,25829.44
7933,1394,2023-09-21 00:00:00,Sell,10301.05
7934,521,2023-03-30 00:00:00,Dividend,20686.49
7935,851,2021-04-27 00:00:00,Contribution,2114.27
7936,29,2021-10-11 00:00:00,Buy,3427.52
7937,25,2023-12-16 00:00:00,Sell,2745.04
7938,905,2021-05-25 00:00:00,Rebalance,11925.35
7939,199,2020-10-15 00:00:00,Buy,20114.89
7940,1342,2020-03-31 00:00:00,Buy,568.09
7941,904,2021-04-30 00:00:00,Buy,3200.55
7942,419,2024-03-01 00:00:00,Contribution,653.26
7943,1304,2023-01-14 00:00:00,Sell,9539.21
7944,918,2023-09-16 00:00:00,Buy,11044.48
7945,1151,2022-05-28 00:00:00,Dividend,7810.24
7946,1292,2021-06-12 00:00:00,Buy,9114.59
7947,1342,2023-09-19 00:00:00,Dividend,5080.77
7948,408,2024-11-15 00:00:00,Sell,2340.61
7949,1458,2020-09-21 00:00:00,Withdrawal,6849.2
7950,592,2025-03-26 00:00:00,Contribution,1070.32
7951,966,2023-08-19 00:00:00,Withdrawal,8123.01
7952,883,2024-06-15 00:00:00,Sell,1748.68
7953,1273,2020-07-20 00:00:00,Rebalance,2076.57
7954,179,2022-09-15 00:00:00,Withdrawal,5085.19
7955,867,2026-04-17 00:00:00,Sell,4589.99
7956,571,2023-12-05 00:00:00,Contribution,5563.54
7957,184,2025-01-13 00:00:00,Buy,10516.94
7958,1306,2020-01-09 00:00:00,Dividend,15443.31
7959,540,2024-06-13 00:00:00,Buy,2625.32
7960,289,2020-02-09 00:00:00,Sell,17374.08
7961,1179,2025-11-09 00:00:00,Dividend,7783.8
7962,500,2023-01-04 00:00:00,Contribution,10747.59
7963,454,2024-10-02 00:00:00,Buy,5176.7
7964,1363,2021-09-02 00:00:00,Withdrawal,3654.36
7965,810,2025-09-09 00:00:00,Rebalance,8583.65
7966,1406,2021-02-09 00:00:00,Withdrawal,6430.58
7967,952,2022-07-22 00:00:00,Buy,4905.1
7968,992,2021-11-11 00:00:00,Buy,8976.67
7969,85,2026-02-23 00:00:00,Buy,48518.18
7970,992,2023-07-17 00:00:00,Buy,2468.01
7971,20,2024-10-16 00:00:00,Rebalance,41168.57
7972,972,2023-08-24 00:00:00,Rebalance,7504.31
7973,181,2021-06-25 00:00:00,Withdrawal,30076.49
7974,953,2020-05-15 00:00:00,Dividend,3784.74
7975,1489,2024-12-20 00:00:00,Withdrawal,1795.58
7976,1214,2025-01-29 00:00:00,Contribution,19790.57
7977,740,2022-02-16 00:00:00,Sell,12851.85
7978,95,2023-03-31 00:00:00,Withdrawal,18799.5
7979,440,2023-08-09 00:00:00,Buy,6018.27
7980,60,2024-03-09 00:00:00,Contribution,13951.68
7981,29,2024-10-24 00:00:00,Contribution,2794.19
7982,1186,2021-12-30 00:00:00,Rebalance,7028.47
7983,724,2021-01-23 00:00:00,Buy,15885.5
7984,1386,2025-08-04 00:00:00,Buy,571.38
7985,831,2025-05-23 00:00:00,Contribution,16419.38
7986,1061,2022-04-18 00:00:00,Buy,35243.5
7987,1461,2020-01-21 00:00:00,Dividend,2488.18
7988,1119,2022-05-21 00:00:00,Withdrawal,7693.16
7989,1235,2025-01-19 00:00:00,Contribution,25188.85
7990,501,2021-07-19 00:00:00,Rebalance,1350.27
7991,694,2021-06-28 00:00:00,Buy,3197.31
7992,358,2021-05-18 00:00:00,Buy,2795.45
7993,980,2025-01-28 00:00:00,Dividend,2861.07
7994,1114,2020-07-09 00:00:00,Sell,5613.68
7995,182,2021-08-19 00:00:00,Buy,4416.08
7996,358,2022-12-04 00:00:00,Withdrawal,9037.59
7997,776,2021-12-23 00:00:00,Withdrawal,51236.69
7998,473,2025-01-30 00:00:00,Sell,1513.47
7999,343,2024-07-08 00:00:00,Rebalance,14117.05
8000,916,2020-01-15 00:00:00,Sell,5583.79
8001,439,2022-12-09 00:00:00,Sell,1404.71
8002,1145,2020-08-11 00:00:00,Dividend,18865.78
8003,267,2021-09-16 00:00:00,Withdrawal,9198.95
8004,247,2026-02-23 00:00:00,Withdrawal,26573.48
8005,539,2024-08-04 00:00:00,Buy,21676.8
8006,436,2020-10-06 00:00:00,Buy,15925.42
8007,126,2020-09-16 00:00:00,Rebalance,3466.26
8008,367,2023-05-11 00:00:00,Buy,36013.71
8009,786,2023-03-25 00:00:00,Dividend,24305.61
8010,677,2020-07-22 00:00:00,Buy,18422.53
8011,966,2025-04-03 00:00:00,Buy,9097.12
8012,327,2022-11-03 00:00:00,Rebalance,2843.15
8013,577,2023-06-18 00:00:00,Sell,3435.21
8014,9,2022-04-17 00:00:00,Withdrawal,4111.04
8015,1343,2020-10-21 00:00:00,Dividend,12062.19
8016,535,2023-11-06 00:00:00,Buy,129987.68
8017,1111,2023-11-09 00:00:00,Sell,123808.92
8018,870,2026-04-01 00:00:00,Sell,4211.3
8019,387,2026-03-11 00:00:00,Buy,8380.66
8020,299,2021-01-21 00:00:00,Contribution,3197.2
8021,154,2020-06-13 00:00:00,Sell,10607.67
8022,979,2021-10-21 00:00:00,Sell,8776.87
8023,862,2022-08-01 00:00:00,Buy,4824.97
8024,1500,2021-01-15 00:00:00,Buy,6337.9
8025,1347,2022-03-27 00:00:00,Dividend,6010.39
8026,643,2021-05-07 00:00:00,Sell,3367.78
8027,1387,2023-10-19 00:00:00,Sell,1379.44
8028,579,2024-12-25 00:00:00,Contribution,1636.04
8029,29,2020-09-30 00:00:00,Withdrawal,5520.3
8030,594,2025-07-13 00:00:00,Contribution,2500
8031,1446,2021-09-08 00:00:00,Buy,3420.52
8032,647,2021-12-18 00:00:00,Dividend,8863.98
8033,1280,2025-08-05 00:00:00,Withdrawal,3341.26
8034,648,2024-01-02 00:00:00,Sell,4252.04
8035,274,2025-11-26 00:00:00,Withdrawal,1103.17
8036,476,2025-08-07 00:00:00,Sell,10445.43
8037,1418,2025-09-04 00:00:00,Rebalance,10331.55
8038,493,2023-02-21 00:00:00,Buy,3154.61
8039,115,2021-05-03 00:00:00,Dividend,3705.82
8040,765,2020-03-04 00:00:00,Buy,16861.64
8041,1052,2021-06-03 00:00:00,Withdrawal,12010.51
8042,493,2024-03-01 00:00:00,Rebalance,12281.3
8043,813,2023-09-29 00:00:00,Dividend,13500.02
8044,1459,2024-01-10 00:00:00,Dividend,5398.78
8045,1302,2024-07-18 00:00:00,Buy,1546.51
8046,149,2025-10-02 00:00:00,Sell,10741.54
8047,402,2021-12-29 00:00:00,Withdrawal,11482.2
8048,185,2023-12-17 00:00:00,Sell,32186.68
8049,1472,2020-08-07 00:00:00,Buy,6048.28
8050,844,2023-04-26 00:00:00,Buy,3146.43
8051,1017,2024-11-13 00:00:00,Contribution,42517.15
8052,68,2022-10-22 00:00:00,Withdrawal,10407.63
8053,296,2024-12-20 00:00:00,Contribution,8078.33
8054,1418,2020-11-07 00:00:00,Sell,17096.18
8055,889,2024-09-04 00:00:00,Contribution,5987.48
8056,596,2020-11-17 00:00:00,Buy,1877.15
8057,244,2023-07-16 00:00:00,Buy,3311.92
8058,950,2020-02-14 00:00:00,Contribution,21947.87
8059,1147,2021-05-06 00:00:00,Buy,6255.48
8060,1239,2021-03-12 00:00:00,Buy,15122.57
8061,465,2020-04-07 00:00:00,Dividend,8836.71
8062,1050,2023-02-23 00:00:00,Sell,7158.42
8063,738,2023-09-19 00:00:00,Buy,10854.74
8064,200,2025-04-03 00:00:00,Buy,3730.43
8065,1248,2025-06-02 00:00:00,Contribution,1373.62
8066,1188,2021-09-05 00:00:00,Sell,2273.33
8067,1042,2023-08-19 00:00:00,Sell,6969.57
8068,1211,2025-03-13 00:00:00,Rebalance,3799.11
8069,581,2020-04-30 00:00:00,Buy,8383.24
8070,8,2025-06-09 00:00:00,Withdrawal,2069.05
8071,1004,2022-12-23 00:00:00,Contribution,5818.52
8072,1258,2023-05-21 00:00:00,Buy,54384.17
8073,1424,2020-12-26 00:00:00,Dividend,7612.1
8074,519,2023-06-07 00:00:00,Dividend,4050.53
8075,1433,2026-05-06 00:00:00,Sell,11238
8076,179,2021-12-12 00:00:00,Buy,6698.45
8077,580,2020-08-19 00:00:00,Contribution,12975.95
8078,1440,2023-07-04 00:00:00,Buy,48606.25
8079,1093,2023-04-27 00:00:00,Withdrawal,1226.78
8080,1369,2024-04-14 00:00:00,Contribution,3085.61
8081,353,2020-11-07 00:00:00,Contribution,7355.46
8082,1188,2025-09-02 00:00:00,Buy,3511.55
8083,884,2023-01-22 00:00:00,Buy,2408.67
8084,83,2024-02-27 00:00:00,Rebalance,8869.56
8085,262,2023-04-10 00:00:00,Contribution,10047.49
8086,1398,2023-07-18 00:00:00,Withdrawal,5355.41
8087,1428,2026-01-18 00:00:00,Sell,1351.03
8088,1236,2024-09-14 00:00:00,Rebalance,7392.49
8089,1336,2025-11-10 00:00:00,Withdrawal,6648.81
8090,1414,2026-05-12 00:00:00,Contribution,6127.73
8091,1119,2023-10-24 00:00:00,Dividend,16404.13
8092,1185,2022-01-24 00:00:00,Dividend,6395.01
8093,1034,2021-11-11 00:00:00,Dividend,1796.99
8094,1277,2024-08-24 00:00:00,Withdrawal,13655.44
8095,1485,2024-06-30 00:00:00,Buy,3623.94
8096,77,2025-09-06 00:00:00,Buy,15125.03
8097,745,2020-08-20 00:00:00,Withdrawal,3667.86
8098,641,2023-09-11 00:00:00,Contribution,5675.77
8099,140,2022-01-19 00:00:00,Buy,2311.62
8100,87,2021-11-24 00:00:00,Sell,4910.33
8101,520,2021-04-22 00:00:00,Sell,6335.46
8102,510,2020-04-11 00:00:00,Rebalance,1182.39
8103,744,2020-08-19 00:00:00,Withdrawal,13393.13
8104,835,2020-08-30 00:00:00,Buy,3184.06
8105,1435,2021-01-24 00:00:00,Buy,2263.42
8106,505,2020-11-15 00:00:00,Contribution,1520.2
8107,465,2023-07-21 00:00:00,Withdrawal,1071.25
8108,1211,2023-07-16 00:00:00,Contribution,116655.53
8109,365,2024-01-06 00:00:00,Buy,1871.95
8110,1147,2020-08-10 00:00:00,Sell,10359.39
8111,1163,2023-01-19 00:00:00,Rebalance,10656.19
8112,944,2021-02-01 00:00:00,Buy,7017.71
8113,394,2026-02-10 00:00:00,Dividend,6968.9
8114,688,2025-09-30 00:00:00,Rebalance,3849.12
8115,58,2025-01-10 00:00:00,Sell,2597.79
8116,776,2020-06-14 00:00:00,Buy,1906.81
8117,161,2022-04-19 00:00:00,Buy,48439.06
8118,641,2024-10-09 00:00:00,Sell,2865.75
8119,327,2024-01-06 00:00:00,Contribution,20760.17
8120,1017,2020-06-03 00:00:00,Rebalance,5439.49
8121,282,2026-03-22 00:00:00,Withdrawal,10157.17
8122,155,2023-04-27 00:00:00,Dividend,4043.52
8123,888,2020-05-07 00:00:00,Buy,10275.22
8124,1449,2026-05-10 00:00:00,Withdrawal,11887.83
8125,103,2020-03-09 00:00:00,Contribution,4585.75
8126,3,2020-02-22 00:00:00,Buy,11189.57
8127,690,2026-01-31 00:00:00,Withdrawal,5573.08
8128,1024,2024-08-14 00:00:00,Contribution,2762.49
8129,57,2020-10-04 00:00:00,Contribution,5475.67
8130,427,2020-04-06 00:00:00,Sell,3505.59
8131,429,2020-05-01 00:00:00,Dividend,14040.7
8132,1202,2026-01-09 00:00:00,Withdrawal,1590.73
8133,524,2024-05-14 00:00:00,Sell,2208.72
8134,747,2021-10-07 00:00:00,Sell,15181.01
8135,389,2022-08-30 00:00:00,Buy,4478.85
8136,290,2025-11-01 00:00:00,Buy,3720.52
8137,432,2024-08-29 00:00:00,Buy,2333.36
8138,701,2022-09-12 00:00:00,Withdrawal,3865.94
8139,410,2020-08-19 00:00:00,Sell,19825.64
8140,543,2024-07-10 00:00:00,Withdrawal,2466.4
8141,1234,2020-01-04 00:00:00,Contribution,1488.85
8142,595,2024-02-04 00:00:00,Contribution,12013.5
8143,1354,2024-01-07 00:00:00,Buy,7842.92
8144,374,2021-11-30 00:00:00,Sell,3613.16
8145,228,2020-12-12 00:00:00,Buy,2738.2
8146,18,2021-07-17 00:00:00,Buy,4868.87
8147,132,2025-11-16 00:00:00,Buy,932.03
8148,1425,2021-04-19 00:00:00,Buy,4387.44
8149,1081,2020-01-16 00:00:00,Contribution,2713.08
8150,1021,2023-11-28 00:00:00,Withdrawal,2915.62
8151,1123,2025-06-07 00:00:00,Sell,841.24
8152,156,2024-09-16 00:00:00,Dividend,2858.56
8153,26,2025-07-31 00:00:00,Sell,33751.77
8154,1340,2023-06-30 00:00:00,Sell,3984.42
8155,661,2025-11-24 00:00:00,Rebalance,3613.99
8156,357,2024-10-13 00:00:00,Sell,6494.5
8157,748,2025-11-18 00:00:00,Contribution,40623.09
8158,32,2021-10-24 00:00:00,Buy,1832.34
8159,289,2023-11-29 00:00:00,Sell,3599.44
8160,882,2022-07-08 00:00:00,Sell,2038.39
8161,235,2022-01-29 00:00:00,Buy,6519.94
8162,1233,2021-03-17 00:00:00,Withdrawal,14020.25
8163,938,2026-05-29 00:00:00,Withdrawal,12449.3
8164,559,2020-12-28 00:00:00,Buy,2068.68
8165,206,2020-04-02 00:00:00,Withdrawal,3054.65
8166,1265,2020-09-04 00:00:00,Contribution,1612.58
8167,655,2025-02-16 00:00:00,Rebalance,8023.08
8168,1042,2021-12-13 00:00:00,Buy,1974.11
8169,1033,2024-02-20 00:00:00,Sell,14008.47
8170,496,2021-02-19 00:00:00,Rebalance,11301.77
8171,592,2021-02-19 00:00:00,Buy,3364.7
8172,955,2020-09-20 00:00:00,Sell,8093.53
8173,444,2025-10-15 00:00:00,Rebalance,5377.39
8174,105,2023-07-22 00:00:00,Withdrawal,5537.53
8175,1281,2021-10-18 00:00:00,Contribution,28033.61
8176,413,2026-04-10 00:00:00,Buy,73825.73
8177,487,2024-12-25 00:00:00,Sell,4072.33
8178,346,2024-01-01 00:00:00,Buy,2439.37
8179,458,2021-01-11 00:00:00,Dividend,3814.93
8180,85,2021-12-28 00:00:00,Withdrawal,4088.58
8181,348,2025-02-18 00:00:00,Rebalance,7263.94
8182,897,2023-07-14 00:00:00,Contribution,20412.24
8183,1116,2025-11-29 00:00:00,Sell,544.86
8184,802,2023-08-07 00:00:00,Withdrawal,3720.15
8185,973,2025-05-11 00:00:00,Buy,2478.08
8186,216,2025-10-17 00:00:00,Buy,25629.4
8187,521,2026-05-05 00:00:00,Sell,3669.07
8188,903,2024-09-27 00:00:00,Withdrawal,3671.51
8189,1440,2023-08-16 00:00:00,Buy,2882.53
8190,1188,2022-03-17 00:00:00,Sell,13393.54
8191,749,2020-11-05 00:00:00,Sell,5091.05
8192,552,2021-04-17 00:00:00,Sell,20286.43
8193,1136,2021-08-18 00:00:00,Contribution,5919.1
8194,1280,2025-05-04 00:00:00,Buy,26125.06
8195,680,2021-05-01 00:00:00,Buy,13670.72
8196,27,2023-02-27 00:00:00,Buy,15598.72
8197,412,2023-06-06 00:00:00,Contribution,28963.55
8198,1208,2025-07-19 00:00:00,Buy,5937.5
8199,257,2023-07-29 00:00:00,Sell,2270.9
8200,607,2021-10-27 00:00:00,Contribution,24454.14
8201,1423,2022-12-01 00:00:00,Dividend,4493.29
8202,273,2024-07-26 00:00:00,Contribution,1440.34
8203,1180,2023-01-06 00:00:00,Buy,15490.35
8204,1080,2021-10-07 00:00:00,Buy,13905.89
8205,1191,2021-06-07 00:00:00,Sell,4737.85
8206,23,2024-07-20 00:00:00,Buy,7618.58
8207,1177,2025-07-01 00:00:00,Rebalance,2986.23
8208,475,2021-01-24 00:00:00,Sell,26452.21
8209,1200,2020-07-31 00:00:00,Buy,2757.26
8210,233,2020-06-20 00:00:00,Sell,10729.33
8211,1097,2024-06-15 00:00:00,Withdrawal,3625.41
8212,320,2020-11-20 00:00:00,Contribution,5087.27
8213,1355,2021-09-28 00:00:00,Buy,10499.55
8214,49,2026-03-27 00:00:00,Buy,30631.4
8215,1324,2026-05-21 00:00:00,Dividend,11942.72
8216,51,2026-02-20 00:00:00,Buy,2619.02
8217,809,2022-06-28 00:00:00,Contribution,6231.19
8218,1208,2021-04-13 00:00:00,Buy,8821.66
8219,954,2024-03-22 00:00:00,Sell,3574.12
8220,1107,2023-02-27 00:00:00,Withdrawal,779.8
8221,925,2020-04-25 00:00:00,Contribution,21277.09
8222,673,2022-03-03 00:00:00,Withdrawal,4889.95
8223,1181,2023-04-27 00:00:00,Sell,8718.89
8224,701,2021-09-19 00:00:00,Contribution,8724.85
8225,1065,2026-05-20 00:00:00,Withdrawal,3836.5
8226,356,2021-09-07 00:00:00,Contribution,3064.49
8227,12,2023-06-25 00:00:00,Contribution,3667.97
8228,620,2022-06-23 00:00:00,Sell,3520.72
8229,1183,2022-11-21 00:00:00,Buy,413.15
8230,746,2020-03-26 00:00:00,Withdrawal,30828.87
8231,64,2023-05-31 00:00:00,Withdrawal,1458.16
8232,725,2021-12-07 00:00:00,Dividend,3152.11
8233,1213,2025-12-22 00:00:00,Sell,34863.78
8234,721,2022-04-01 00:00:00,Contribution,20417.43
8235,408,2020-01-15 00:00:00,Contribution,7248.75
8236,713,2020-04-28 00:00:00,Dividend,14431.29
8237,1205,2023-03-30 00:00:00,Dividend,6734.34
8238,234,2023-02-23 00:00:00,Contribution,5313.75
8239,1450,2024-11-06 00:00:00,Sell,2514.64
8240,553,2023-02-16 00:00:00,Withdrawal,3686.77
8241,577,2023-01-03 00:00:00,Contribution,4672.16
8242,1030,2021-08-02 00:00:00,Withdrawal,14276.54
8243,1142,2021-10-06 00:00:00,Buy,7414.46
8244,283,2022-01-16 00:00:00,Withdrawal,11926.95
8245,318,2021-12-19 00:00:00,Rebalance,3035.45
8246,1082,2024-01-03 00:00:00,Rebalance,7034.73
8247,845,2023-11-08 00:00:00,Sell,6656.88
8248,1183,2020-09-21 00:00:00,Dividend,4925.91
8249,18,2025-10-18 00:00:00,Buy,26309.96
8250,516,2020-09-06 00:00:00,Withdrawal,7174.31
8251,1282,2025-04-09 00:00:00,Buy,4444.02
8252,556,2024-02-13 00:00:00,Buy,3132.25
8253,11,2020-11-13 00:00:00,Sell,5787.19
8254,905,2021-05-20 00:00:00,Withdrawal,3268.24
8255,134,2024-07-23 00:00:00,Rebalance,7073.04
8256,1234,2020-05-20 00:00:00,Buy,3407.81
8257,1067,2023-04-27 00:00:00,Sell,12437.16
8258,951,2020-07-29 00:00:00,Buy,22368.98
8259,451,2025-03-06 00:00:00,Buy,2225.93
8260,90,2022-10-28 00:00:00,Withdrawal,6683.5
8261,54,2023-09-30 00:00:00,Dividend,9038.67
8262,273,2020-05-19 00:00:00,Rebalance,17797.27
8263,1458,2023-11-25 00:00:00,Buy,4438.61
8264,1377,2023-05-04 00:00:00,Dividend,23488.14
8265,216,2020-09-23 00:00:00,Dividend,1334.91
8266,743,2025-11-14 00:00:00,Dividend,1163.72
8267,747,2023-02-15 00:00:00,Buy,13933.18
8268,874,2020-07-05 00:00:00,Buy,3783.89
8269,552,2024-07-22 00:00:00,Sell,2708.38
8270,916,2023-06-03 00:00:00,Sell,2672.13
8271,594,2022-08-09 00:00:00,Sell,5438.91
8272,1500,2025-12-03 00:00:00,Contribution,4371.5
8273,42,2024-07-18 00:00:00,Sell,8331.09
8274,1145,2023-12-20 00:00:00,Buy,8461.98
8275,487,2022-01-23 00:00:00,Sell,25707.43
8276,1104,2022-05-15 00:00:00,Rebalance,7342.1
8277,306,2022-06-24 00:00:00,Dividend,4491.98
8278,1498,2021-09-27 00:00:00,Buy,5210.83
8279,577,2024-07-27 00:00:00,Buy,3363.9
8280,833,2020-10-12 00:00:00,Buy,5649.38
8281,512,2021-06-07 00:00:00,Rebalance,8523.05
8282,134,2023-12-28 00:00:00,Withdrawal,11311.2
8283,757,2026-02-17 00:00:00,Contribution,8164.45
8284,211,2020-10-07 00:00:00,Sell,15740.42
8285,448,2025-07-22 00:00:00,Buy,2531.2
8286,300,2021-12-21 00:00:00,Buy,13332.73
8287,448,2023-01-02 00:00:00,Buy,7774.97
8288,905,2022-12-24 00:00:00,Rebalance,7106.19
8289,54,2024-10-29 00:00:00,Withdrawal,6915.5
8290,1316,2022-12-24 00:00:00,Buy,1596.19
8291,202,2024-10-09 00:00:00,Sell,4070.44
8292,864,2021-03-15 00:00:00,Sell,37679.49
8293,956,2025-08-17 00:00:00,Buy,3313.81
8294,264,2020-09-10 00:00:00,Dividend,13492.69
8295,1156,2021-03-03 00:00:00,Withdrawal,30931.27
8296,629,2025-04-13 00:00:00,Sell,3031.5
8297,398,2022-08-12 00:00:00,Dividend,11749.2
8298,1078,2025-01-24 00:00:00,Buy,10062.55
8299,1371,2024-02-15 00:00:00,Contribution,2802.41
8300,713,2020-02-25 00:00:00,Rebalance,8818.93
8301,1130,2023-02-25 00:00:00,Withdrawal,37888.15
8302,1415,2021-06-21 00:00:00,Rebalance,60226.58
8303,416,2021-08-18 00:00:00,Contribution,1799.53
8304,70,2025-04-27 00:00:00,Sell,25235.52
8305,1115,2025-12-01 00:00:00,Contribution,379.82
8306,638,2021-05-24 00:00:00,Buy,1962.68
8307,1213,2023-01-22 00:00:00,Contribution,1847.67
8308,579,2025-07-21 00:00:00,Sell,12437.46
8309,462,2021-09-22 00:00:00,Rebalance,12886.24
8310,827,2024-04-12 00:00:00,Buy,6213.4
8311,1403,2021-08-21 00:00:00,Dividend,867.66
8312,605,2023-11-01 00:00:00,Sell,4155.25
8313,805,2026-04-22 00:00:00,Buy,3686.67
8314,1001,2020-01-05 00:00:00,Buy,620.11
8315,232,2023-10-29 00:00:00,Buy,4541.06
8316,1237,2025-05-08 00:00:00,Withdrawal,944.87
8317,315,2025-02-17 00:00:00,Dividend,50179.32
8318,1440,2024-06-15 00:00:00,Buy,2068.36
8319,991,2025-11-24 00:00:00,Rebalance,1775.31
8320,1291,2021-10-19 00:00:00,Contribution,2300.31
8321,43,2025-10-30 00:00:00,Sell,13079.81
8322,419,2024-10-13 00:00:00,Sell,9869.25
8323,311,2024-07-23 00:00:00,Buy,2469.48
8324,257,2022-09-27 00:00:00,Withdrawal,46183.21
8325,770,2022-04-23 00:00:00,Sell,8962.17
8326,1210,2022-01-10 00:00:00,Rebalance,5056.62
8327,561,2025-06-19 00:00:00,Buy,3972.16
8328,1283,2022-11-13 00:00:00,Buy,25083.99
8329,304,2025-10-12 00:00:00,Withdrawal,9821.59
8330,1496,2021-05-05 00:00:00,Rebalance,3067.17
8331,519,2024-03-05 00:00:00,Buy,6495.8
8332,325,2021-12-08 00:00:00,Dividend,15391.68
8333,446,2020-06-17 00:00:00,Withdrawal,14886.47
8334,769,2025-10-05 00:00:00,Sell,12900.02
8335,516,2022-05-21 00:00:00,Withdrawal,16929.06
8336,238,2021-02-13 00:00:00,Buy,4117.19
8337,237,2025-06-08 00:00:00,Contribution,7111.22
8338,4,2023-05-15 00:00:00,Rebalance,8094.5
8339,1341,2023-08-31 00:00:00,Dividend,5063.48
8340,1301,2022-12-04 00:00:00,Buy,210.84
8341,392,2025-03-30 00:00:00,Dividend,3800.72
8342,983,2022-07-10 00:00:00,Sell,2427.19
8343,1193,2025-07-24 00:00:00,Contribution,14311.5
8344,784,2025-09-26 00:00:00,Contribution,1400.28
8345,32,2025-03-30 00:00:00,Withdrawal,10109.31
8346,542,2023-03-18 00:00:00,Rebalance,6720.87
8347,318,2022-04-15 00:00:00,Buy,11586.54
8348,1005,2021-07-27 00:00:00,Buy,5253.65
8349,1500,2025-05-24 00:00:00,Buy,7389.88
8350,1304,2023-03-14 00:00:00,Buy,4948.46
8351,1158,2024-05-06 00:00:00,Buy,1549.08
8352,240,2021-04-24 00:00:00,Rebalance,3094.6
8353,636,2025-07-22 00:00:00,Buy,1548.92
8354,1004,2026-01-27 00:00:00,Contribution,776.2
8355,1246,2020-06-03 00:00:00,Contribution,3144.63
8356,30,2020-10-09 00:00:00,Contribution,17850.77
8357,1394,2021-12-25 00:00:00,Withdrawal,13313.26
8358,1158,2025-06-02 00:00:00,Buy,2109.25
8359,514,2024-03-09 00:00:00,Withdrawal,3026.12
8360,872,2022-09-09 00:00:00,Sell,18433.82
8361,683,2021-09-01 00:00:00,Contribution,3956.95
8362,1331,2020-02-19 00:00:00,Buy,27825.83
8363,154,2020-12-21 00:00:00,Rebalance,3869.72
8364,145,2023-09-12 00:00:00,Dividend,9668.42
8365,1190,2024-04-05 00:00:00,Buy,5315.92
8366,272,2024-02-13 00:00:00,Buy,2653.76
8367,1099,2020-05-09 00:00:00,Withdrawal,11772.93
8368,1410,2024-08-28 00:00:00,Contribution,9514.02
8369,700,2026-03-13 00:00:00,Sell,3343.75
8370,764,2021-09-24 00:00:00,Sell,4022.94
8371,1034,2024-08-05 00:00:00,Buy,1549.73
8372,574,2024-03-30 00:00:00,Dividend,30315.68
8373,1353,2023-08-02 00:00:00,Dividend,2941.34
8374,1215,2024-11-10 00:00:00,Buy,16111.6
8375,1249,2023-06-27 00:00:00,Sell,2399.47
8376,853,2026-04-12 00:00:00,Rebalance,18501.9
8377,813,2025-10-22 00:00:00,Rebalance,1311.87
8378,389,2022-04-03 00:00:00,Buy,8648.85
8379,697,2025-01-21 00:00:00,Sell,6221.35
8380,902,2020-10-25 00:00:00,Contribution,35110.44
8381,1012,2023-08-11 00:00:00,Buy,1449.23
8382,922,2026-05-05 00:00:00,Sell,8659.45
8383,127,2024-07-26 00:00:00,Buy,13784.45
8384,1491,2022-03-19 00:00:00,Withdrawal,6642.02
8385,1425,2025-12-19 00:00:00,Sell,1031.82
8386,910,2024-06-07 00:00:00,Buy,10609.61
8387,1101,2020-07-21 00:00:00,Contribution,3605.16
8388,1022,2022-11-03 00:00:00,Contribution,13535.3
8389,1278,2023-08-31 00:00:00,Rebalance,5929.26
8390,1351,2021-04-01 00:00:00,Contribution,1356.55
8391,298,2020-04-15 00:00:00,Contribution,3695.82
8392,624,2023-10-05 00:00:00,Withdrawal,7264.46
8393,969,2020-09-25 00:00:00,Buy,11209.35
8394,1355,2024-12-09 00:00:00,Sell,4158.08
8395,1270,2024-06-04 00:00:00,Buy,1773.78
8396,1470,2024-03-25 00:00:00,Sell,18124.55
8397,575,2026-01-30 00:00:00,Withdrawal,4636.86
8398,1090,2022-03-15 00:00:00,Dividend,536.33
8399,1085,2020-07-22 00:00:00,Buy,814.11
8400,1323,2024-09-10 00:00:00,Contribution,11971.49
8401,417,2021-09-13 00:00:00,Buy,8738.03
8402,1319,2023-05-18 00:00:00,Buy,62949.73
8403,760,2021-04-10 00:00:00,Withdrawal,4222.87
8404,739,2024-01-08 00:00:00,Buy,22681.67
8405,353,2022-09-16 00:00:00,Contribution,3499.86
8406,2,2024-09-12 00:00:00,Buy,4376.75
8407,1074,2021-04-12 00:00:00,Buy,2034.53
8408,1307,2021-05-04 00:00:00,Contribution,1524.45
8409,1490,2021-04-18 00:00:00,Sell,5984.68
8410,325,2023-06-26 00:00:00,Dividend,7791.58
8411,545,2022-11-17 00:00:00,Buy,1373.33
8412,422,2021-12-23 00:00:00,Buy,1484.52
8413,1397,2021-05-31 00:00:00,Rebalance,862.05
8414,722,2021-10-21 00:00:00,Sell,1696.41
8415,231,2021-09-28 00:00:00,Dividend,14362.74
8416,1055,2021-08-07 00:00:00,Withdrawal,5033.46
8417,1100,2022-12-04 00:00:00,Withdrawal,4165.16
8418,968,2024-12-17 00:00:00,Withdrawal,17956.58
8419,773,2022-08-08 00:00:00,Buy,7238.75
8420,982,2024-04-05 00:00:00,Contribution,11695.99
8421,963,2025-10-18 00:00:00,Sell,1709.87
8422,1069,2022-02-24 00:00:00,Withdrawal,2386.04
8423,222,2022-06-06 00:00:00,Buy,5518.32
8424,307,2025-05-24 00:00:00,Sell,18020.25
8425,1134,2026-02-14 00:00:00,Withdrawal,5591.62
8426,762,2024-07-12 00:00:00,Buy,6560.69
8427,732,2020-02-13 00:00:00,Contribution,4275.94
8428,1482,2023-05-14 00:00:00,Contribution,5351.69
8429,967,2024-02-03 00:00:00,Buy,1370.88
8430,901,2020-12-23 00:00:00,Sell,10130.99
8431,947,2021-10-22 00:00:00,Sell,1383.33
8432,492,2022-05-21 00:00:00,Buy,68998.25
8433,321,2026-03-17 00:00:00,Rebalance,2888.55
8434,674,2020-01-28 00:00:00,Sell,30561.91
8435,66,2023-11-28 00:00:00,Withdrawal,48193.75
8436,222,2022-02-14 00:00:00,Buy,3856.58
8437,415,2025-12-21 00:00:00,Contribution,7843.28
8438,884,2020-02-01 00:00:00,Withdrawal,4896.74
8439,548,2023-08-26 00:00:00,Rebalance,15904.82
8440,833,2021-03-31 00:00:00,Rebalance,4823.69
8441,283,2021-04-30 00:00:00,Withdrawal,12854.28
8442,747,2025-07-11 00:00:00,Withdrawal,7223.63
8443,37,2020-02-18 00:00:00,Contribution,2113.09
8444,1266,2020-04-14 00:00:00,Buy,10351.43
8445,941,2025-03-30 00:00:00,Sell,3773.77
8446,183,2025-11-15 00:00:00,Contribution,5829.52
8447,20,2023-12-08 00:00:00,Dividend,4101.38
8448,1267,2020-04-01 00:00:00,Sell,10082.38
8449,1122,2022-09-26 00:00:00,Dividend,9056.01
8450,1418,2020-11-27 00:00:00,Rebalance,19964.18
8451,483,2022-12-15 00:00:00,Rebalance,1468.86
8452,761,2020-07-01 00:00:00,Withdrawal,1178.26
8453,713,2025-06-25 00:00:00,Buy,1392.55
8454,1034,2023-03-07 00:00:00,Buy,7403.81
8455,279,2026-05-08 00:00:00,Sell,3749.17
8456,1493,2021-10-03 00:00:00,Withdrawal,6144.16
8457,350,2020-08-27 00:00:00,Sell,2492.32
8458,19,2021-03-12 00:00:00,Withdrawal,9262.09
8459,81,2026-02-12 00:00:00,Sell,35063.57
8460,864,2021-01-11 00:00:00,Sell,6641.13
8461,492,2024-12-04 00:00:00,Sell,15047.9
8462,496,2024-08-14 00:00:00,Rebalance,4833.59
8463,1014,2021-02-02 00:00:00,Buy,19218.6
8464,258,2024-04-12 00:00:00,Dividend,6888.79
8465,1267,2023-06-25 00:00:00,Withdrawal,10946.65
8466,694,2025-10-14 00:00:00,Buy,1302.14
8467,48,2020-01-21 00:00:00,Sell,3509.81
8468,1477,2022-03-16 00:00:00,Dividend,636.02
8469,487,2021-01-22 00:00:00,Dividend,6347.65
8470,379,2021-02-07 00:00:00,Contribution,14212.83
8471,1336,2020-01-18 00:00:00,Buy,525.54
8472,1164,2022-12-12 00:00:00,Contribution,2916.68
8473,889,2025-07-07 00:00:00,Sell,15482.27
8474,1497,2021-10-04 00:00:00,Sell,15517.48
8475,544,2020-07-25 00:00:00,Buy,5582.24
8476,949,2020-08-31 00:00:00,Rebalance,365.62
8477,463,2025-06-17 00:00:00,Sell,8225.16
8478,568,2024-09-19 00:00:00,Buy,1944.07
8479,501,2021-08-24 00:00:00,Buy,8074.57
8480,289,2025-06-09 00:00:00,Contribution,6093.78
8481,570,2022-11-23 00:00:00,Rebalance,3217.83
8482,748,2023-07-30 00:00:00,Contribution,4328
8483,999,2021-03-10 00:00:00,Contribution,19091.49
8484,1167,2025-02-18 00:00:00,Contribution,727.58
8485,926,2023-11-07 00:00:00,Buy,12300.25
8486,3,2025-05-25 00:00:00,Withdrawal,4224.69
8487,1211,2021-11-24 00:00:00,Buy,4507.9
8488,676,2023-03-03 00:00:00,Buy,695.72
8489,1165,2024-02-19 00:00:00,Sell,12516.3
8490,1189,2024-12-12 00:00:00,Buy,3514.99
8491,1433,2024-09-08 00:00:00,Sell,11867.17
8492,18,2025-08-30 00:00:00,Rebalance,4363.75
8493,820,2025-07-15 00:00:00,Sell,4343.33
8494,1334,2024-11-23 00:00:00,Rebalance,45014.18
8495,1319,2024-03-20 00:00:00,Rebalance,9251.49
8496,1075,2023-10-15 00:00:00,Dividend,1065.23
8497,278,2022-06-20 00:00:00,Rebalance,1879.9
8498,504,2024-01-21 00:00:00,Sell,274.71
8499,1254,2022-06-24 00:00:00,Buy,938.01
8500,42,2023-08-30 00:00:00,Rebalance,2869.5
8501,702,2024-02-08 00:00:00,Withdrawal,4363.19
8502,1356,2021-05-18 00:00:00,Buy,2803.36
8503,1112,2023-10-15 00:00:00,Sell,2810.39
8504,1244,2023-06-02 00:00:00,Withdrawal,15686.16
8505,982,2026-02-25 00:00:00,Contribution,6687.96
8506,531,2023-12-25 00:00:00,Sell,26946.79
8507,779,2023-04-22 00:00:00,Contribution,7964.32
8508,1306,2020-12-26 00:00:00,Sell,25041.04
8509,1189,2021-08-19 00:00:00,Withdrawal,24976.28
8510,206,2022-08-25 00:00:00,Buy,4000.25
8511,1031,2022-02-13 00:00:00,Withdrawal,6693.37
8512,554,2022-04-24 00:00:00,Rebalance,26651.92
8513,1313,2023-05-07 00:00:00,Contribution,4388.52
8514,1428,2025-11-27 00:00:00,Buy,19009.68
8515,1158,2020-08-23 00:00:00,Buy,21125.82
8516,1318,2020-10-07 00:00:00,Buy,1573.88
8517,475,2020-04-01 00:00:00,Contribution,1900.84
8518,882,2021-02-11 00:00:00,Contribution,1934.93
8519,376,2023-01-09 00:00:00,Contribution,5031.84
8520,1380,2020-07-03 00:00:00,Buy,4975.01
8521,1422,2025-05-31 00:00:00,Sell,2201.53
8522,25,2024-03-05 00:00:00,Buy,3725.01
8523,197,2023-11-20 00:00:00,Dividend,1864.96
8524,992,2020-02-25 00:00:00,Dividend,4098.43
8525,1202,2020-05-28 00:00:00,Contribution,10927.1
8526,677,2025-03-18 00:00:00,Buy,1924.01
8527,964,2022-03-14 00:00:00,Dividend,11506.43
8528,668,2025-11-19 00:00:00,Buy,2217.68
8529,834,2021-10-09 00:00:00,Rebalance,3932.82
8530,635,2024-09-13 00:00:00,Sell,4700.46
8531,201,2020-01-10 00:00:00,Sell,30771.19
8532,1333,2024-07-23 00:00:00,Contribution,2878.16
8533,946,2024-03-05 00:00:00,Dividend,1984.07
8534,883,2025-06-22 00:00:00,Rebalance,32407.34
8535,1370,2020-04-03 00:00:00,Withdrawal,18935.35
8536,234,2022-02-25 00:00:00,Rebalance,4676.43
8537,1079,2022-02-13 00:00:00,Buy,2265.98
8538,1431,2024-09-12 00:00:00,Buy,2583.35
8539,291,2023-11-23 00:00:00,Withdrawal,16825.18
8540,1350,2025-08-23 00:00:00,Sell,10656.11
8541,1470,2020-06-28 00:00:00,Buy,3703.97
8542,1152,2025-08-05 00:00:00,Buy,16037.29
8543,393,2023-09-18 00:00:00,Buy,3962.18
8544,992,2021-12-28 00:00:00,Buy,1223.89
8545,520,2026-03-06 00:00:00,Contribution,27861.49
8546,1248,2021-12-12 00:00:00,Dividend,4699.77
8547,595,2025-01-25 00:00:00,Dividend,524.27
8548,247,2022-03-07 00:00:00,Sell,5358.17
8549,1492,2022-06-03 00:00:00,Buy,5376.66
8550,1197,2023-06-04 00:00:00,Rebalance,8375.11
8551,864,2021-12-12 00:00:00,Sell,2005.5
8552,1228,2023-06-28 00:00:00,Buy,2238.16
8553,736,2021-01-25 00:00:00,Rebalance,5286.18
8554,287,2025-04-03 00:00:00,Sell,7442.97
8555,881,2022-10-05 00:00:00,Rebalance,11951.42
8556,1013,2021-11-12 00:00:00,Sell,5060.9
8557,655,2022-09-29 00:00:00,Sell,5640.36
8558,866,2023-10-06 00:00:00,Sell,808.58
8559,1435,2021-10-25 00:00:00,Withdrawal,15173.52
8560,361,2023-03-19 00:00:00,Contribution,1758.21
8561,442,2024-11-03 00:00:00,Contribution,3685.87
8562,60,2025-03-28 00:00:00,Dividend,19483.46
8563,1088,2023-07-27 00:00:00,Dividend,42834.92
8564,437,2023-05-30 00:00:00,Buy,1683.71
8565,1302,2023-04-28 00:00:00,Rebalance,39855.21
8566,1092,2021-09-02 00:00:00,Buy,4288.23
8567,1287,2023-02-24 00:00:00,Buy,21410.69
8568,605,2021-09-01 00:00:00,Rebalance,6494.61
8569,1427,2024-06-24 00:00:00,Buy,62908.5
8570,816,2023-07-30 00:00:00,Dividend,7065.1
8571,692,2021-06-23 00:00:00,Buy,5402.48
8572,694,2024-11-26 00:00:00,Sell,1509.88
8573,581,2025-01-02 00:00:00,Buy,15026.76
8574,654,2021-10-14 00:00:00,Buy,6616.5
8575,1230,2023-10-12 00:00:00,Contribution,3469.05
8576,911,2022-11-24 00:00:00,Dividend,5677.51
8577,1469,2023-04-11 00:00:00,Buy,7303.69
8578,1397,2025-04-23 00:00:00,Rebalance,5722.44
8579,1483,2026-02-13 00:00:00,Withdrawal,6098.31
8580,1303,2021-07-30 00:00:00,Contribution,13074.98
8581,1093,2021-02-10 00:00:00,Buy,11639.18
8582,934,2024-03-21 00:00:00,Dividend,9798
8583,808,2021-10-13 00:00:00,Sell,1191.07
8584,533,2020-02-11 00:00:00,Withdrawal,11385.12
8585,1041,2025-04-08 00:00:00,Buy,32042.02
8586,830,2025-12-14 00:00:00,Rebalance,2426.26
8587,1010,2020-05-07 00:00:00,Contribution,9515.05
8588,573,2021-08-06 00:00:00,Sell,7106.93
8589,733,2020-07-06 00:00:00,Sell,3190.24
8590,447,2024-06-12 00:00:00,Sell,3241.9
8591,1062,2021-02-12 00:00:00,Buy,2195.18
8592,388,2021-06-14 00:00:00,Buy,5141.21
8593,370,2020-11-09 00:00:00,Withdrawal,6817.67
8594,554,2020-07-19 00:00:00,Buy,12719.49
8595,19,2024-07-28 00:00:00,Withdrawal,11018.5
8596,524,2026-01-30 00:00:00,Contribution,3390.15
8597,1130,2023-01-18 00:00:00,Sell,1362.79
8598,1438,2020-06-09 00:00:00,Buy,1180.32
8599,852,2022-05-26 00:00:00,Buy,1619.91
8600,765,2020-12-12 00:00:00,Withdrawal,21893.65
8601,905,2025-06-13 00:00:00,Sell,1282.9
8602,729,2023-02-10 00:00:00,Withdrawal,776.64
8603,1492,2023-11-30 00:00:00,Buy,8013.87
8604,953,2021-06-28 00:00:00,Buy,2409.98
8605,555,2023-04-08 00:00:00,Sell,13337.96
8606,273,2021-04-26 00:00:00,Withdrawal,2486.5
8607,230,2020-12-04 00:00:00,Dividend,1264.6
8608,351,2025-01-18 00:00:00,Sell,1120.52
8609,149,2022-12-19 00:00:00,Buy,31006.61
8610,1101,2022-01-18 00:00:00,Rebalance,2359.7
8611,190,2026-02-15 00:00:00,Contribution,1429.93
8612,65,2023-12-09 00:00:00,Sell,1697.56
8613,1353,2024-12-20 00:00:00,Withdrawal,1315.65
8614,1261,2022-06-25 00:00:00,Sell,2790.77
8615,1194,2022-03-30 00:00:00,Sell,21516.18
8616,846,2023-12-28 00:00:00,Withdrawal,11428.79
8617,1354,2023-07-04 00:00:00,Rebalance,6908.91
8618,1008,2024-11-04 00:00:00,Contribution,7751.34
8619,388,2022-11-30 00:00:00,Buy,7338.41
8620,1227,2021-01-09 00:00:00,Buy,2894.51
8621,1492,2020-03-03 00:00:00,Sell,14689.32
8622,90,2021-05-08 00:00:00,Buy,4008.07
8623,677,2023-02-05 00:00:00,Dividend,2767.5
8624,396,2021-12-28 00:00:00,Withdrawal,4202.42
8625,310,2023-02-23 00:00:00,Rebalance,9326.26
8626,584,2020-08-15 00:00:00,Sell,14198.55
8627,1441,2020-06-24 00:00:00,Withdrawal,8027.84
8628,174,2022-01-02 00:00:00,Rebalance,5383.61
8629,1065,2023-04-25 00:00:00,Rebalance,3344.41
8630,1077,2025-04-16 00:00:00,Buy,4646.18
8631,613,2026-01-12 00:00:00,Sell,3102.91
8632,579,2021-02-25 00:00:00,Sell,1558.42
8633,122,2020-12-18 00:00:00,Sell,2573.96
8634,1409,2021-09-01 00:00:00,Contribution,1124.99
8635,794,2022-05-01 00:00:00,Withdrawal,12048.36
8636,143,2023-11-22 00:00:00,Rebalance,12343.69
8637,1147,2025-04-29 00:00:00,Buy,13590.43
8638,1154,2020-06-13 00:00:00,Buy,14321.41
8639,1377,2021-04-15 00:00:00,Buy,9511.6
8640,836,2024-02-19 00:00:00,Sell,3746.54
8641,731,2024-02-04 00:00:00,Sell,15488.18
8642,275,2024-10-29 00:00:00,Contribution,1696.61
8643,1007,2024-06-23 00:00:00,Rebalance,9012.17
8644,711,2021-01-14 00:00:00,Sell,23743.5
8645,754,2020-02-29 00:00:00,Rebalance,3179.01
8646,77,2020-03-17 00:00:00,Buy,6184.65
8647,321,2022-05-08 00:00:00,Buy,649.02
8648,1302,2023-02-21 00:00:00,Withdrawal,577.2
8649,1436,2021-02-01 00:00:00,Withdrawal,4803.19
8650,1128,2025-02-21 00:00:00,Contribution,4100.29
8651,955,2025-08-06 00:00:00,Contribution,2309.29
8652,1158,2021-01-06 00:00:00,Sell,5756.85
8653,1018,2025-05-02 00:00:00,Withdrawal,1882.99
8654,161,2022-12-02 00:00:00,Rebalance,1588.93
8655,473,2024-04-06 00:00:00,Sell,13294.43
8656,1339,2021-01-18 00:00:00,Buy,1167.04
8657,1354,2025-11-30 00:00:00,Rebalance,16061.98
8658,911,2021-02-19 00:00:00,Dividend,2496.17
8659,111,2020-11-20 00:00:00,Rebalance,3519.54
8660,663,2021-09-17 00:00:00,Buy,24082.07
8661,588,2024-09-30 00:00:00,Buy,2729.75
8662,399,2024-04-19 00:00:00,Contribution,1940.48
8663,918,2023-05-28 00:00:00,Sell,23269.1
8664,366,2021-09-30 00:00:00,Sell,4788.21
8665,211,2024-05-30 00:00:00,Contribution,4743.35
8666,718,2023-01-30 00:00:00,Buy,11368.24
8667,152,2024-10-20 00:00:00,Contribution,50618.14
8668,431,2024-10-02 00:00:00,Contribution,4760.25
8669,986,2022-03-22 00:00:00,Buy,1666.87
8670,1151,2020-07-10 00:00:00,Buy,4504.57
8671,951,2025-09-28 00:00:00,Withdrawal,6171.39
8672,1312,2021-11-09 00:00:00,Withdrawal,66388.07
8673,317,2020-05-02 00:00:00,Buy,4575.95
8674,1485,2022-12-30 00:00:00,Buy,1391.21
8675,229,2024-06-11 00:00:00,Contribution,6068.59
8676,652,2023-01-19 00:00:00,Sell,25734.6
8677,1262,2022-03-28 00:00:00,Withdrawal,5365.67
8678,677,2020-08-22 00:00:00,Dividend,26211.43
8679,538,2022-03-04 00:00:00,Dividend,4973.73
8680,66,2021-12-28 00:00:00,Sell,33022.65
8681,1431,2023-10-22 00:00:00,Buy,1549.37
8682,165,2024-03-18 00:00:00,Buy,20165.07
8683,696,2025-03-22 00:00:00,Sell,42099.83
8684,332,2021-07-15 00:00:00,Sell,19998.54
8685,1212,2020-10-27 00:00:00,Sell,2359.28
8686,691,2020-03-28 00:00:00,Buy,7323.66
8687,1445,2022-09-21 00:00:00,Buy,15123.98
8688,147,2024-05-15 00:00:00,Sell,4433.54
8689,894,2024-04-28 00:00:00,Withdrawal,5328.81
8690,156,2024-03-12 00:00:00,Buy,5616.35
8691,86,2020-03-25 00:00:00,Withdrawal,6023.36
8692,247,2021-09-02 00:00:00,Buy,14123.16
8693,1175,2023-06-17 00:00:00,Contribution,11448.94
8694,807,2026-02-23 00:00:00,Buy,4582.65
8695,979,2020-10-19 00:00:00,Buy,8222.94
8696,621,2021-11-09 00:00:00,Rebalance,24064.95
8697,1227,2025-02-02 00:00:00,Buy,2188.29
8698,1040,2024-03-13 00:00:00,Buy,13381.42
8699,1324,2024-07-29 00:00:00,Withdrawal,4861.51
8700,841,2021-10-26 00:00:00,Contribution,1129.76
8701,730,2024-02-13 00:00:00,Buy,3952.42
8702,409,2025-11-19 00:00:00,Contribution,1897.74
8703,101,2021-02-25 00:00:00,Sell,18264.13
8704,295,2023-04-07 00:00:00,Buy,16230.89
8705,1210,2022-09-13 00:00:00,Buy,7079.85
8706,1422,2022-03-23 00:00:00,Buy,3457.49
8707,1150,2026-02-01 00:00:00,Buy,7303.4
8708,543,2020-09-17 00:00:00,Contribution,5844.45
8709,1135,2020-09-28 00:00:00,Contribution,1032.78
8710,22,2021-07-31 00:00:00,Contribution,3357.86
8711,579,2025-10-30 00:00:00,Contribution,5681.41
8712,976,2024-11-03 00:00:00,Buy,8791.45
8713,453,2024-12-22 00:00:00,Dividend,1791.65
8714,1486,2022-01-16 00:00:00,Sell,7520.52
8715,927,2020-04-15 00:00:00,Buy,33035.61
8716,960,2024-07-30 00:00:00,Buy,6716.13
8717,1060,2020-04-30 00:00:00,Withdrawal,11884.02
8718,1425,2025-02-15 00:00:00,Buy,2425.35
8719,255,2021-05-07 00:00:00,Sell,8612.83
8720,104,2023-04-05 00:00:00,Buy,4929.04
8721,1149,2021-11-21 00:00:00,Buy,1208.29
8722,511,2021-04-07 00:00:00,Buy,3785.37
8723,608,2025-05-13 00:00:00,Sell,3074.23
8724,1460,2024-06-15 00:00:00,Withdrawal,9117.05
8725,1206,2025-04-26 00:00:00,Buy,803.48
8726,246,2022-11-18 00:00:00,Dividend,6279.8
8727,1314,2021-05-17 00:00:00,Sell,6432.57
8728,1049,2024-12-11 00:00:00,Contribution,2366.59
8729,326,2021-05-26 00:00:00,Buy,1798.97
8730,654,2024-08-17 00:00:00,Buy,3501.11
8731,8,2024-08-24 00:00:00,Buy,4126.49
8732,188,2024-10-27 00:00:00,Rebalance,6473.34
8733,776,2020-05-29 00:00:00,Buy,4218.29
8734,78,2020-01-27 00:00:00,Buy,6878.94
8735,1149,2025-10-15 00:00:00,Buy,4179.82
8736,1064,2020-11-19 00:00:00,Rebalance,3332.46
8737,1032,2022-06-16 00:00:00,Contribution,3418.88
8738,1392,2023-03-05 00:00:00,Buy,18290.11
8739,420,2021-11-21 00:00:00,Contribution,4377.33
8740,930,2024-01-15 00:00:00,Contribution,8009.22
8741,317,2026-01-03 00:00:00,Rebalance,12630.67
8742,1163,2026-01-13 00:00:00,Buy,7865.11
8743,1197,2023-02-26 00:00:00,Buy,8112.85
8744,304,2020-08-03 00:00:00,Buy,5531.31
8745,650,2026-04-18 00:00:00,Withdrawal,5056.76
8746,508,2022-01-13 00:00:00,Withdrawal,8121.47
8747,802,2020-02-06 00:00:00,Buy,11739.31
8748,1039,2021-08-16 00:00:00,Buy,1363.83
8749,415,2023-12-17 00:00:00,Dividend,1416.78
8750,131,2025-04-14 00:00:00,Buy,9353.28
8751,162,2023-09-08 00:00:00,Buy,2996.86
8752,1263,2021-04-27 00:00:00,Withdrawal,4231.64
8753,565,2024-09-01 00:00:00,Withdrawal,13372.59
8754,298,2020-07-08 00:00:00,Buy,23433.97
8755,1422,2023-09-26 00:00:00,Withdrawal,5217.14
8756,309,2021-11-22 00:00:00,Buy,2240.2
8757,654,2022-07-23 00:00:00,Buy,1955.87
8758,186,2023-06-14 00:00:00,Buy,8169.14
8759,620,2020-11-27 00:00:00,Contribution,8049.37
8760,41,2025-09-16 00:00:00,Dividend,5580.58
8761,602,2023-04-02 00:00:00,Buy,5533.83
8762,316,2020-07-11 00:00:00,Sell,4158.28
8763,572,2021-10-04 00:00:00,Sell,38360.86
8764,1346,2021-09-07 00:00:00,Contribution,1588.74
8765,375,2024-09-29 00:00:00,Buy,7859.21
8766,1125,2023-05-18 00:00:00,Rebalance,7395.99
8767,387,2020-03-03 00:00:00,Sell,17899.71
8768,301,2021-09-22 00:00:00,Sell,3581.85
8769,959,2022-10-20 00:00:00,Buy,48951.91
8770,1374,2022-09-11 00:00:00,Contribution,5931.44
8771,174,2021-05-09 00:00:00,Contribution,20955.94
8772,610,2023-09-25 00:00:00,Dividend,10191.46
8773,1433,2023-07-03 00:00:00,Rebalance,2367.27
8774,664,2020-09-06 00:00:00,Contribution,4717.7
8775,366,2025-06-21 00:00:00,Contribution,2806.6
8776,509,2021-07-28 00:00:00,Sell,7827.29
8777,774,2021-10-11 00:00:00,Dividend,4079.16
8778,301,2020-08-31 00:00:00,Contribution,2671.86
8779,436,2025-02-20 00:00:00,Buy,863.74
8780,1092,2024-04-20 00:00:00,Contribution,8893
8781,90,2026-01-30 00:00:00,Dividend,8871.68
8782,1356,2021-01-02 00:00:00,Rebalance,19419.98
8783,758,2024-07-25 00:00:00,Sell,5398.29
8784,356,2020-04-25 00:00:00,Sell,5035.95
8785,1142,2020-02-12 00:00:00,Sell,22409.82
8786,1122,2022-07-18 00:00:00,Rebalance,11108.58
8787,1193,2025-01-23 00:00:00,Buy,9367.84
8788,708,2020-10-16 00:00:00,Buy,25064.82
8789,1074,2020-03-07 00:00:00,Withdrawal,7291.27
8790,1305,2024-03-08 00:00:00,Buy,4184.54
8791,1118,2021-04-02 00:00:00,Buy,5479.95
8792,1477,2024-11-06 00:00:00,Buy,2785.03
8793,672,2020-01-14 00:00:00,Withdrawal,6624.46
8794,1204,2024-05-07 00:00:00,Dividend,2990.11
8795,1019,2020-04-17 00:00:00,Sell,6803.32
8796,1322,2024-10-19 00:00:00,Rebalance,19352.79
8797,1345,2024-11-07 00:00:00,Contribution,6742.94
8798,685,2020-11-19 00:00:00,Buy,13756.56
8799,229,2025-11-04 00:00:00,Withdrawal,6887.95
8800,495,2024-10-09 00:00:00,Withdrawal,9010.19
8801,833,2026-01-15 00:00:00,Rebalance,12575.14
8802,1412,2022-09-02 00:00:00,Buy,2771.91
8803,1426,2023-01-05 00:00:00,Contribution,3026.01
8804,147,2020-03-31 00:00:00,Contribution,6991.36
8805,1068,2021-11-04 00:00:00,Sell,15772.66
8806,381,2021-04-14 00:00:00,Contribution,5457.46
8807,133,2020-06-04 00:00:00,Buy,2059.86
8808,1301,2024-09-25 00:00:00,Contribution,831.29
8809,1266,2023-11-07 00:00:00,Sell,3454.07
8810,577,2023-09-30 00:00:00,Sell,1803
8811,1078,2022-05-15 00:00:00,Withdrawal,8393.97
8812,1495,2021-10-12 00:00:00,Rebalance,1072.99
8813,36,2022-08-03 00:00:00,Contribution,4995.49
8814,1440,2023-11-20 00:00:00,Buy,8551.58
8815,199,2026-05-10 00:00:00,Dividend,4080.8
8816,832,2024-09-22 00:00:00,Rebalance,10574.52
8817,1370,2020-12-09 00:00:00,Buy,9220.51
8818,1213,2023-08-31 00:00:00,Rebalance,319.31
8819,919,2020-09-09 00:00:00,Buy,12926.11
8820,1298,2022-07-19 00:00:00,Buy,4576.59
8821,1375,2023-06-07 00:00:00,Contribution,1028.56
8822,1389,2023-08-22 00:00:00,Contribution,40436.01
8823,609,2023-10-20 00:00:00,Contribution,9362.16
8824,323,2020-12-29 00:00:00,Dividend,3149.48
8825,570,2021-05-23 00:00:00,Withdrawal,9809.58
8826,146,2024-02-29 00:00:00,Buy,3878.41
8827,1288,2024-04-25 00:00:00,Withdrawal,20624.17
8828,452,2024-12-26 00:00:00,Buy,12986.35
8829,764,2022-09-04 00:00:00,Contribution,8755.38
8830,149,2020-07-04 00:00:00,Contribution,5498.55
8831,59,2024-12-23 00:00:00,Buy,2689.6
8832,1202,2022-11-01 00:00:00,Buy,4258.67
8833,1154,2024-07-18 00:00:00,Dividend,13030.25
8834,396,2026-02-25 00:00:00,Sell,153.16
8835,1391,2024-07-29 00:00:00,Buy,8387.18
8836,777,2026-04-12 00:00:00,Buy,3548.61
8837,1170,2025-04-25 00:00:00,Contribution,4748.62
8838,513,2020-05-01 00:00:00,Rebalance,1996.16
8839,1105,2024-11-26 00:00:00,Sell,12762.57
8840,1433,2020-11-25 00:00:00,Buy,17907.22
8841,278,2024-02-06 00:00:00,Withdrawal,16954.17
8842,676,2022-11-13 00:00:00,Dividend,25951.91
8843,1410,2021-11-29 00:00:00,Contribution,2683.1
8844,1109,2026-03-30 00:00:00,Contribution,12629.95
8845,652,2022-12-15 00:00:00,Sell,3856.32
8846,1440,2023-06-19 00:00:00,Sell,6482.98
8847,977,2020-11-28 00:00:00,Rebalance,14536.68
8848,152,2024-01-10 00:00:00,Sell,9503.47
8849,1101,2024-02-10 00:00:00,Buy,17848.39
8850,18,2026-01-20 00:00:00,Withdrawal,1622.73
8851,1114,2022-09-22 00:00:00,Withdrawal,12947.75
8852,440,2022-07-30 00:00:00,Sell,4949.74
8853,1434,2020-09-26 00:00:00,Buy,10833.3
8854,196,2025-04-19 00:00:00,Contribution,16916.34
8855,127,2024-05-05 00:00:00,Withdrawal,9143.61
8856,1290,2023-05-22 00:00:00,Sell,651.7
8857,730,2026-03-14 00:00:00,Sell,5637.33
8858,1084,2022-09-03 00:00:00,Sell,6815.35
8859,520,2025-10-15 00:00:00,Contribution,4364.07
8860,1468,2020-11-06 00:00:00,Buy,4501.54
8861,1114,2020-06-23 00:00:00,Buy,2597.51
8862,1087,2021-12-26 00:00:00,Contribution,2057.36
8863,695,2025-04-22 00:00:00,Buy,4437.93
8864,694,2023-02-02 00:00:00,Dividend,4273
8865,1292,2026-02-26 00:00:00,Sell,5619.9
8866,833,2023-11-29 00:00:00,Sell,2047.98
8867,1354,2021-09-01 00:00:00,Buy,16330.62
8868,1040,2020-12-15 00:00:00,Rebalance,5000.13
8869,1015,2020-04-21 00:00:00,Sell,7301.58
8870,35,2020-06-01 00:00:00,Contribution,7925.83
8871,537,2025-02-17 00:00:00,Buy,2762.35
8872,1461,2026-02-18 00:00:00,Contribution,17999.85
8873,1111,2021-06-15 00:00:00,Buy,7111.46
8874,403,2022-01-09 00:00:00,Contribution,1996.99
8875,421,2020-12-14 00:00:00,Sell,6629.37
8876,207,2026-05-01 00:00:00,Contribution,15508.75
8877,397,2020-05-10 00:00:00,Buy,2008.47
8878,267,2025-03-23 00:00:00,Sell,6386.41
8879,826,2022-04-18 00:00:00,Withdrawal,10680.02
8880,240,2023-01-25 00:00:00,Buy,6615.22
8881,286,2025-05-30 00:00:00,Buy,3437.46
8882,541,2020-10-10 00:00:00,Buy,6073.05
8883,621,2022-09-13 00:00:00,Withdrawal,29157.09
8884,1356,2022-08-26 00:00:00,Buy,43062.94
8885,1233,2021-07-13 00:00:00,Sell,10865.4
8886,911,2020-07-13 00:00:00,Rebalance,35196.23
8887,470,2023-08-08 00:00:00,Contribution,4651.42
8888,633,2020-04-08 00:00:00,Withdrawal,5154.4
8889,1339,2022-05-01 00:00:00,Sell,6019.36
8890,694,2022-11-09 00:00:00,Withdrawal,37427.22
8891,1228,2022-07-26 00:00:00,Buy,1250.79
8892,730,2022-06-29 00:00:00,Rebalance,7834.91
8893,94,2024-04-01 00:00:00,Buy,23781.39
8894,612,2020-07-28 00:00:00,Contribution,11394.58
8895,416,2020-06-06 00:00:00,Withdrawal,7524.42
8896,1278,2024-05-07 00:00:00,Dividend,2281.38
8897,312,2025-10-05 00:00:00,Withdrawal,3007.83
8898,829,2024-08-07 00:00:00,Buy,4396.05
8899,3,2026-05-16 00:00:00,Buy,119098.22
8900,1199,2020-02-17 00:00:00,Buy,7507.73
8901,366,2026-02-19 00:00:00,Sell,5605.08
8902,1062,2024-10-31 00:00:00,Sell,5189.23
8903,922,2020-09-12 00:00:00,Dividend,22521.3
8904,1309,2023-12-07 00:00:00,Buy,3624
8905,1449,2025-05-16 00:00:00,Rebalance,2063.94
8906,1203,2023-06-12 00:00:00,Sell,17492.8
8907,63,2023-04-28 00:00:00,Withdrawal,2714.48
8908,1164,2021-01-10 00:00:00,Contribution,5469.02
8909,399,2020-10-18 00:00:00,Withdrawal,37543.83
8910,1290,2023-02-07 00:00:00,Buy,4836.37
8911,1047,2022-03-30 00:00:00,Buy,7164.15
8912,481,2024-12-05 00:00:00,Withdrawal,10137.01
8913,839,2020-11-11 00:00:00,Buy,11301.56
8914,1226,2020-04-08 00:00:00,Buy,7185.57
8915,855,2023-05-06 00:00:00,Rebalance,10391.54
8916,521,2023-03-11 00:00:00,Buy,7471.52
8917,497,2025-06-15 00:00:00,Dividend,16940.46
8918,674,2022-01-22 00:00:00,Contribution,2272.38
8919,266,2020-05-18 00:00:00,Buy,4063.33
8920,639,2025-04-29 00:00:00,Buy,1709.79
8921,1040,2020-06-10 00:00:00,Sell,3151.63
8922,183,2022-10-19 00:00:00,Withdrawal,4893.76
8923,131,2024-05-13 00:00:00,Withdrawal,2348.58
8924,910,2022-10-22 00:00:00,Rebalance,5351.43
8925,1449,2023-12-02 00:00:00,Sell,16842.21
8926,954,2022-07-04 00:00:00,Contribution,19086.09
8927,1019,2024-01-17 00:00:00,Withdrawal,4759.95
8928,1073,2026-04-09 00:00:00,Contribution,6908.94
8929,10,2020-11-28 00:00:00,Withdrawal,16236.84
8930,1163,2025-02-23 00:00:00,Sell,5077.86
8931,840,2023-05-07 00:00:00,Buy,1984.21
8932,334,2025-07-04 00:00:00,Withdrawal,5535.22
8933,950,2022-06-10 00:00:00,Sell,9180.47
8934,34,2024-12-01 00:00:00,Withdrawal,7345.72
8935,384,2022-06-23 00:00:00,Contribution,7493.69
8936,1232,2021-01-04 00:00:00,Buy,35115.4
8937,1201,2025-02-25 00:00:00,Rebalance,12362.18
8938,1045,2022-03-22 00:00:00,Buy,3756.23
8939,921,2020-01-29 00:00:00,Contribution,41448.1
8940,1129,2020-05-16 00:00:00,Sell,2533.19
8941,767,2021-03-08 00:00:00,Buy,5719.43
8942,829,2021-05-17 00:00:00,Buy,10101.33
8943,406,2024-02-17 00:00:00,Rebalance,9274.84
8944,191,2023-05-25 00:00:00,Rebalance,24098.54
8945,749,2024-11-28 00:00:00,Buy,8720.26
8946,38,2024-06-14 00:00:00,Sell,2728.11
8947,434,2020-08-12 00:00:00,Contribution,7633.91
8948,1159,2020-06-25 00:00:00,Buy,12208.86
8949,98,2020-12-31 00:00:00,Sell,1933.87
8950,359,2024-06-11 00:00:00,Withdrawal,5739.46
8951,485,2021-10-28 00:00:00,Withdrawal,1620.05
8952,63,2022-09-17 00:00:00,Withdrawal,5214.52
8953,1151,2023-09-27 00:00:00,Buy,2759.2
8954,1055,2022-01-30 00:00:00,Buy,9381.07
8955,718,2025-08-18 00:00:00,Buy,5221.05
8956,28,2022-08-07 00:00:00,Withdrawal,27543.95
8957,1278,2023-06-19 00:00:00,Dividend,2044.8
8958,920,2024-03-25 00:00:00,Buy,15860.34
8959,441,2025-09-08 00:00:00,Sell,8813.58
8960,593,2024-09-11 00:00:00,Rebalance,12925.45
8961,394,2022-06-05 00:00:00,Dividend,15089.85
8962,237,2025-02-23 00:00:00,Buy,2188.59
8963,1305,2025-04-10 00:00:00,Contribution,1523.39
8964,1413,2025-11-05 00:00:00,Dividend,509.23
8965,1370,2022-08-09 00:00:00,Sell,3151.44
8966,1048,2023-03-05 00:00:00,Sell,2460.71
8967,650,2023-03-28 00:00:00,Dividend,1902.59
8968,1021,2023-09-13 00:00:00,Withdrawal,5392.37
8969,936,2024-12-23 00:00:00,Dividend,11613.36
8970,696,2024-10-22 00:00:00,Withdrawal,1575.68
8971,1222,2026-04-09 00:00:00,Buy,6988.16
8972,749,2021-04-26 00:00:00,Sell,35864.24
8973,651,2026-05-18 00:00:00,Buy,8321.99
8974,1222,2020-09-28 00:00:00,Withdrawal,14531.93
8975,1174,2025-09-13 00:00:00,Withdrawal,3858.99
8976,15,2025-03-11 00:00:00,Sell,3035.75
8977,954,2026-02-03 00:00:00,Buy,1123
8978,1041,2021-04-04 00:00:00,Dividend,15020.59
8979,261,2024-11-21 00:00:00,Contribution,15588.56
8980,1154,2023-04-04 00:00:00,Sell,35449.6
8981,683,2025-08-08 00:00:00,Contribution,14217.14
8982,91,2023-11-27 00:00:00,Contribution,6206.84
8983,802,2023-12-07 00:00:00,Buy,5312
8984,1348,2021-01-23 00:00:00,Sell,931.38
8985,1127,2024-04-14 00:00:00,Withdrawal,4618.65
8986,641,2021-09-19 00:00:00,Buy,8891.91
8987,1173,2024-05-21 00:00:00,Withdrawal,10108.93
8988,598,2025-04-28 00:00:00,Buy,4005.44
8989,528,2024-12-29 00:00:00,Sell,1893.02
8990,1325,2020-12-22 00:00:00,Buy,61844.89
8991,130,2022-08-12 00:00:00,Contribution,1077.83
8992,1029,2025-07-10 00:00:00,Buy,20467.24
8993,1169,2022-09-04 00:00:00,Rebalance,106203.35
8994,925,2023-01-16 00:00:00,Rebalance,18812.47
8995,1118,2021-12-29 00:00:00,Buy,2603.73
8996,1281,2022-08-24 00:00:00,Buy,1665.24
8997,940,2023-05-03 00:00:00,Dividend,3270.56
8998,1384,2024-10-01 00:00:00,Buy,3454.65
8999,25,2020-04-12 00:00:00,Sell,5247.26
9000,895,2024-09-26 00:00:00,Dividend,5050.4
9001,1432,2022-07-07 00:00:00,Buy,1587.31
9002,409,2020-08-17 00:00:00,Dividend,25266.32
9003,820,2022-04-18 00:00:00,Buy,24833.9
9004,900,2020-07-03 00:00:00,Rebalance,2124.91
9005,601,2021-12-12 00:00:00,Dividend,30995.19
9006,275,2023-07-31 00:00:00,Buy,5652.45
9007,359,2023-11-20 00:00:00,Contribution,5264.95
9008,488,2024-11-20 00:00:00,Contribution,3706.37
9009,544,2025-03-24 00:00:00,Buy,4681.64
9010,1382,2020-11-19 00:00:00,Contribution,4524.2
9011,59,2020-07-11 00:00:00,Contribution,6047.78
9012,386,2022-03-27 00:00:00,Sell,3478.47
9013,1026,2020-12-05 00:00:00,Dividend,1331.42
9014,1485,2021-08-09 00:00:00,Buy,2108.87
9015,877,2026-01-14 00:00:00,Buy,3227.9
9016,817,2024-07-07 00:00:00,Buy,1016.41
9017,532,2024-02-08 00:00:00,Sell,2203.39
9018,452,2024-12-21 00:00:00,Buy,17722.07
9019,839,2025-09-11 00:00:00,Sell,4738.72
9020,1274,2023-03-19 00:00:00,Contribution,9078.68
9021,267,2025-02-21 00:00:00,Buy,1785.43
9022,20,2021-02-24 00:00:00,Contribution,1575.66
9023,1490,2021-05-26 00:00:00,Buy,13150.17
9024,821,2020-08-15 00:00:00,Buy,597.35
9025,28,2025-03-28 00:00:00,Contribution,3716.34
9026,56,2025-03-06 00:00:00,Withdrawal,25025.34
9027,240,2023-01-17 00:00:00,Withdrawal,486.12
9028,907,2024-08-16 00:00:00,Contribution,1377.69
9029,457,2025-10-04 00:00:00,Sell,6663.53
9030,1213,2020-08-08 00:00:00,Sell,2408.46
9031,520,2022-11-04 00:00:00,Buy,5566.01
9032,579,2024-06-29 00:00:00,Sell,3346.93
9033,1092,2022-02-10 00:00:00,Rebalance,5440.28
9034,1297,2020-07-04 00:00:00,Sell,8666.63
9035,805,2020-12-12 00:00:00,Buy,9097.84
9036,762,2025-09-25 00:00:00,Buy,9781.62
9037,680,2023-06-05 00:00:00,Contribution,2160.99
9038,638,2024-10-11 00:00:00,Rebalance,7080.63
9039,1441,2024-08-25 00:00:00,Rebalance,40260.48
9040,848,2023-09-27 00:00:00,Buy,17620.68
9041,89,2025-01-16 00:00:00,Buy,1730.7
9042,316,2021-06-04 00:00:00,Buy,5598.52
9043,546,2021-05-03 00:00:00,Buy,3146.36
9044,11,2024-06-26 00:00:00,Buy,4966.5
9045,1028,2025-08-18 00:00:00,Sell,37657.78
9046,1473,2022-12-10 00:00:00,Sell,9746.54
9047,904,2021-01-25 00:00:00,Buy,1942.05
9048,1298,2024-01-18 00:00:00,Sell,3846.24
9049,26,2025-12-10 00:00:00,Rebalance,6785.1
9050,243,2023-05-10 00:00:00,Withdrawal,35022.64
9051,1018,2021-09-17 00:00:00,Withdrawal,12188.52
9052,413,2024-07-07 00:00:00,Buy,15782.21
9053,469,2026-05-11 00:00:00,Contribution,3376.6
9054,831,2025-04-04 00:00:00,Contribution,32991.59
9055,1470,2026-04-27 00:00:00,Buy,6254.06
9056,749,2021-02-26 00:00:00,Dividend,16483.26
9057,1302,2026-02-18 00:00:00,Buy,5014.19
9058,679,2026-03-19 00:00:00,Sell,3922.56
9059,670,2022-01-15 00:00:00,Buy,2408.96
9060,662,2021-06-23 00:00:00,Withdrawal,4810.45
9061,360,2022-11-16 00:00:00,Buy,12247.82
9062,962,2025-07-27 00:00:00,Sell,3709.62
9063,305,2022-07-13 00:00:00,Sell,14107.34
9064,480,2025-08-14 00:00:00,Contribution,3659.91
9065,1222,2025-12-26 00:00:00,Buy,7570.96
9066,482,2026-04-21 00:00:00,Contribution,3232.55
9067,969,2021-05-08 00:00:00,Buy,19501.41
9068,659,2024-03-07 00:00:00,Sell,3752.5
9069,850,2024-10-25 00:00:00,Withdrawal,7735.61
9070,1172,2022-12-07 00:00:00,Withdrawal,6567.75
9071,129,2021-01-31 00:00:00,Sell,1147.06
9072,131,2021-10-17 00:00:00,Buy,16898.06
9073,1074,2024-01-03 00:00:00,Withdrawal,8169.32
9074,366,2025-09-04 00:00:00,Dividend,4978.56
9075,754,2024-09-10 00:00:00,Sell,417.18
9076,944,2023-08-08 00:00:00,Withdrawal,65541.56
9077,442,2023-09-06 00:00:00,Contribution,5928.5
9078,441,2025-01-26 00:00:00,Withdrawal,3827.35
9079,933,2023-03-24 00:00:00,Rebalance,6898.45
9080,765,2020-02-27 00:00:00,Sell,23992.89
9081,50,2023-09-28 00:00:00,Dividend,4190.02
9082,339,2025-02-04 00:00:00,Buy,3558.47
9083,1257,2024-03-19 00:00:00,Sell,13630.32
9084,1264,2021-01-24 00:00:00,Contribution,1320.83
9085,1255,2020-11-08 00:00:00,Buy,5534.09
9086,546,2020-05-20 00:00:00,Buy,4675.47
9087,527,2021-07-01 00:00:00,Rebalance,13810.84
9088,211,2025-01-20 00:00:00,Sell,19633.08
9089,716,2022-08-31 00:00:00,Buy,747.41
9090,1218,2023-12-02 00:00:00,Buy,24327.75
9091,697,2024-08-17 00:00:00,Buy,15715.76
9092,217,2023-12-17 00:00:00,Contribution,2704.23
9093,555,2025-06-05 00:00:00,Buy,1200.95
9094,1169,2020-03-30 00:00:00,Withdrawal,4706.48
9095,1197,2020-04-25 00:00:00,Dividend,3407.29
9096,1076,2025-09-03 00:00:00,Rebalance,1306.48
9097,1401,2025-07-04 00:00:00,Buy,1236.23
9098,1313,2023-07-14 00:00:00,Buy,6304.74
9099,1261,2026-03-10 00:00:00,Buy,8031.33
9100,532,2026-05-02 00:00:00,Buy,2690.51
9101,282,2023-03-19 00:00:00,Buy,13007.02
9102,1177,2025-02-23 00:00:00,Contribution,6259.78
9103,1159,2021-10-03 00:00:00,Rebalance,52922.88
9104,223,2025-02-05 00:00:00,Sell,5470
9105,1020,2023-12-31 00:00:00,Buy,16229.29
9106,223,2025-02-03 00:00:00,Sell,9020.16
9107,292,2023-10-29 00:00:00,Contribution,6925.6
9108,428,2022-04-03 00:00:00,Withdrawal,4403.73
9109,1013,2020-03-23 00:00:00,Withdrawal,1068.16
9110,1048,2024-06-22 00:00:00,Withdrawal,3641.73
9111,195,2024-10-02 00:00:00,Buy,2127.66
9112,69,2023-04-12 00:00:00,Buy,13414.09
9113,1033,2023-04-07 00:00:00,Contribution,736.6
9114,1044,2022-01-06 00:00:00,Dividend,7455.43
9115,183,2021-10-09 00:00:00,Contribution,24993.27
9116,1114,2021-01-05 00:00:00,Rebalance,6063.4
9117,1017,2021-08-19 00:00:00,Buy,2045.44
9118,1198,2021-09-11 00:00:00,Rebalance,4337.46
9119,928,2025-11-17 00:00:00,Withdrawal,3777.42
9120,71,2020-12-24 00:00:00,Sell,1658.64
9121,1438,2020-09-21 00:00:00,Withdrawal,3388.8
9122,356,2020-08-28 00:00:00,Sell,20135.9
9123,520,2025-01-31 00:00:00,Buy,1914.44
9124,138,2026-01-09 00:00:00,Dividend,6418.38
9125,131,2023-10-11 00:00:00,Dividend,10713.36
9126,421,2023-05-16 00:00:00,Sell,2732.98
9127,60,2023-07-02 00:00:00,Contribution,1483.16
9128,685,2022-01-17 00:00:00,Rebalance,12824.63
9129,242,2023-09-16 00:00:00,Dividend,2138.77
9130,937,2022-09-16 00:00:00,Sell,2571.51
9131,256,2023-02-04 00:00:00,Buy,3176.69
9132,1471,2021-08-26 00:00:00,Rebalance,1832.12
9133,1236,2021-03-02 00:00:00,Buy,8838.95
9134,1425,2021-04-10 00:00:00,Buy,3526.11
9135,887,2025-12-16 00:00:00,Rebalance,3487.15
9136,81,2021-07-24 00:00:00,Buy,10601.52
9137,102,2025-08-10 00:00:00,Rebalance,1664.73
9138,942,2020-07-24 00:00:00,Sell,2891.99
9139,1409,2025-11-05 00:00:00,Sell,19672.72
9140,1360,2025-11-03 00:00:00,Buy,980.62
9141,988,2020-01-15 00:00:00,Buy,5654.55
9142,867,2026-04-26 00:00:00,Sell,7973.97
9143,1244,2023-05-19 00:00:00,Dividend,8884.66
9144,831,2021-04-06 00:00:00,Buy,2484.81
9145,328,2020-05-28 00:00:00,Withdrawal,2109.64
9146,49,2021-07-08 00:00:00,Buy,6232.57
9147,155,2020-04-20 00:00:00,Withdrawal,3162.32
9148,1368,2026-05-11 00:00:00,Withdrawal,2860.13
9149,838,2022-03-01 00:00:00,Sell,23694.29
9150,723,2022-11-20 00:00:00,Sell,1156.67
9151,352,2026-05-19 00:00:00,Buy,7693.53
9152,244,2022-10-01 00:00:00,Rebalance,4914.13
9153,796,2025-07-29 00:00:00,Buy,3922.83
9154,1269,2024-04-10 00:00:00,Buy,6913.92
9155,287,2026-02-13 00:00:00,Buy,156170.09
9156,684,2021-09-26 00:00:00,Buy,28144.77
9157,689,2021-12-14 00:00:00,Buy,38425.52
9158,1065,2023-12-26 00:00:00,Contribution,3157.03
9159,1135,2020-01-13 00:00:00,Withdrawal,5201.32
9160,202,2021-06-20 00:00:00,Buy,7617.54
9161,1149,2025-11-20 00:00:00,Withdrawal,4120.82
9162,1126,2026-04-08 00:00:00,Sell,15851.84
9163,353,2023-11-19 00:00:00,Rebalance,10296.41
9164,1022,2020-12-05 00:00:00,Withdrawal,6014.94
9165,1162,2020-03-28 00:00:00,Buy,1287.71
9166,361,2021-02-07 00:00:00,Buy,2509.73
9167,923,2024-08-04 00:00:00,Rebalance,2938.4
9168,623,2021-10-16 00:00:00,Dividend,1258.38
9169,113,2023-02-24 00:00:00,Contribution,2301.39
9170,706,2022-03-08 00:00:00,Buy,4671.41
9171,1077,2024-07-20 00:00:00,Withdrawal,54018.8
9172,83,2024-01-21 00:00:00,Buy,5435.85
9173,524,2024-05-18 00:00:00,Buy,14833.21
9174,268,2023-06-26 00:00:00,Buy,3993.01
9175,1419,2025-07-01 00:00:00,Buy,1669.81
9176,1050,2025-06-07 00:00:00,Dividend,3406.41
9177,1320,2022-03-27 00:00:00,Dividend,35327.77
9178,1405,2022-08-30 00:00:00,Sell,34023.69
9179,411,2023-04-13 00:00:00,Sell,20780.08
9180,623,2020-02-06 00:00:00,Dividend,2472.42
9181,1355,2020-12-04 00:00:00,Contribution,6521.29
9182,237,2020-10-27 00:00:00,Withdrawal,6636.7
9183,1321,2025-06-02 00:00:00,Contribution,1686.73
9184,1188,2023-05-03 00:00:00,Withdrawal,16698.93
9185,681,2026-05-15 00:00:00,Sell,5365.44
9186,987,2022-09-05 00:00:00,Rebalance,14050.98
9187,20,2023-02-08 00:00:00,Buy,11634.7
9188,501,2025-03-22 00:00:00,Rebalance,10459.52
9189,290,2025-10-04 00:00:00,Buy,3916.49
9190,1460,2025-08-23 00:00:00,Buy,3188.35
9191,816,2025-06-10 00:00:00,Buy,26221.33
9192,855,2022-11-15 00:00:00,Rebalance,11944.54
9193,1422,2024-07-24 00:00:00,Rebalance,696.05
9194,296,2023-11-16 00:00:00,Buy,1720.43
9195,709,2026-05-17 00:00:00,Withdrawal,3291.02
9196,151,2022-06-11 00:00:00,Buy,15807.24
9197,873,2024-05-08 00:00:00,Buy,1456.29
9198,857,2022-01-07 00:00:00,Contribution,15596.38
9199,803,2020-11-29 00:00:00,Buy,22494.32
9200,1247,2022-06-05 00:00:00,Dividend,1214.21
9201,1211,2025-01-14 00:00:00,Sell,10859.34
9202,1351,2025-05-29 00:00:00,Buy,54220.44
9203,55,2023-01-16 00:00:00,Buy,6716.25
9204,72,2025-04-22 00:00:00,Dividend,21636.19
9205,699,2025-06-20 00:00:00,Buy,6787.91
9206,1500,2026-05-23 00:00:00,Contribution,7756.07
9207,592,2023-08-14 00:00:00,Contribution,9076.55
9208,514,2022-05-16 00:00:00,Buy,6568.62
9209,152,2023-09-07 00:00:00,Sell,7076.24
9210,289,2024-07-16 00:00:00,Rebalance,17951.47
9211,479,2025-04-17 00:00:00,Contribution,41622.63
9212,1412,2025-02-14 00:00:00,Sell,4173.64
9213,1286,2020-08-29 00:00:00,Contribution,2839.21
9214,941,2021-05-01 00:00:00,Buy,26578.46
9215,565,2022-08-21 00:00:00,Buy,4844.31
9216,714,2024-09-01 00:00:00,Buy,11767.9
9217,1494,2026-03-10 00:00:00,Sell,5797.09
9218,173,2025-04-28 00:00:00,Buy,2249.33
9219,745,2022-09-15 00:00:00,Buy,11759.11
9220,1062,2024-01-28 00:00:00,Withdrawal,3361.16
9221,176,2024-09-07 00:00:00,Buy,5533.24
9222,445,2024-10-22 00:00:00,Buy,2509.99
9223,915,2021-06-05 00:00:00,Dividend,13925.5
9224,1350,2022-06-15 00:00:00,Contribution,9062.33
9225,761,2026-04-24 00:00:00,Buy,8970.17
9226,1417,2023-08-09 00:00:00,Dividend,16248.19
9227,1135,2026-01-12 00:00:00,Rebalance,4220.13
9228,496,2023-03-03 00:00:00,Buy,7967.48
9229,983,2025-12-10 00:00:00,Sell,5838.62
9230,691,2022-05-07 00:00:00,Dividend,7193.88
9231,1102,2021-07-11 00:00:00,Buy,7874.9
9232,236,2020-05-04 00:00:00,Dividend,5731.56
9233,997,2021-08-09 00:00:00,Sell,6522.69
9234,714,2022-03-04 00:00:00,Buy,6743.85
9235,1102,2022-03-27 00:00:00,Sell,587.42
9236,752,2025-11-29 00:00:00,Sell,1707.88
9237,808,2024-07-11 00:00:00,Buy,3535.24
9238,591,2020-10-12 00:00:00,Buy,8672.32
9239,347,2020-03-09 00:00:00,Rebalance,2152.14
9240,1492,2025-05-03 00:00:00,Buy,4058.73
9241,531,2020-08-12 00:00:00,Withdrawal,8842.91
9242,601,2022-01-21 00:00:00,Sell,2411.16
9243,1252,2023-05-22 00:00:00,Dividend,38782.85
9244,1417,2024-04-04 00:00:00,Rebalance,3820.67
9245,223,2022-08-19 00:00:00,Contribution,6789.55
9246,1162,2020-09-05 00:00:00,Sell,2947.24
9247,332,2025-05-18 00:00:00,Buy,22635.11
9248,1443,2022-09-03 00:00:00,Contribution,4345.55
9249,1357,2020-10-14 00:00:00,Sell,4174.82
9250,742,2021-09-29 00:00:00,Buy,3147.79
9251,1104,2021-11-22 00:00:00,Dividend,1244.3
9252,1276,2023-09-01 00:00:00,Rebalance,2295
9253,638,2023-11-14 00:00:00,Withdrawal,3585.31
9254,433,2021-09-06 00:00:00,Buy,17663.99
9255,1413,2022-08-12 00:00:00,Dividend,3924.64
9256,1071,2022-07-14 00:00:00,Rebalance,16031.28
9257,95,2020-11-28 00:00:00,Rebalance,6869.08
9258,1465,2022-08-12 00:00:00,Buy,2591.55
9259,490,2020-12-15 00:00:00,Dividend,11887.09
9260,733,2025-08-01 00:00:00,Sell,4142.01
9261,1272,2022-12-07 00:00:00,Rebalance,7526.82
9262,824,2020-11-26 00:00:00,Sell,1116.04
9263,419,2021-10-01 00:00:00,Rebalance,4643.56
9264,33,2020-07-22 00:00:00,Contribution,10284.83
9265,928,2021-06-17 00:00:00,Contribution,986.14
9266,284,2020-04-11 00:00:00,Contribution,254
9267,6,2025-01-07 00:00:00,Buy,3490.94
9268,347,2021-08-21 00:00:00,Buy,3693.55
9269,1366,2022-08-31 00:00:00,Sell,6943.3
9270,911,2026-03-03 00:00:00,Withdrawal,1941.45
9271,1032,2026-05-21 00:00:00,Buy,13243.32
9272,848,2024-05-11 00:00:00,Rebalance,10234.89
9273,470,2023-06-01 00:00:00,Buy,7362.62
9274,695,2022-08-18 00:00:00,Buy,3075.38
9275,498,2020-10-02 00:00:00,Buy,4111.77
9276,381,2025-10-26 00:00:00,Sell,2067.85
9277,474,2023-02-21 00:00:00,Sell,2814.47
9278,530,2026-03-06 00:00:00,Withdrawal,713.18
9279,1378,2022-08-07 00:00:00,Buy,14509.63
9280,91,2025-02-26 00:00:00,Rebalance,5887
9281,580,2020-03-18 00:00:00,Contribution,23830.19
9282,105,2021-04-22 00:00:00,Dividend,6074.12
9283,1397,2024-02-21 00:00:00,Withdrawal,3886.45
9284,27,2022-01-25 00:00:00,Buy,4142.71
9285,1328,2021-03-10 00:00:00,Sell,1276.42
9286,1288,2023-01-18 00:00:00,Sell,6833.49
9287,63,2024-04-02 00:00:00,Buy,15210.79
9288,1057,2023-06-23 00:00:00,Withdrawal,5341.47
9289,165,2024-11-08 00:00:00,Dividend,6955.2
9290,64,2025-06-30 00:00:00,Buy,4065.95
9291,177,2025-03-21 00:00:00,Contribution,3170.44
9292,334,2023-05-10 00:00:00,Buy,8304.23
9293,15,2024-01-10 00:00:00,Buy,9306.12
9294,519,2024-03-07 00:00:00,Contribution,1407.8
9295,675,2022-11-05 00:00:00,Contribution,13146.68
9296,61,2023-10-30 00:00:00,Contribution,18912.87
9297,870,2021-11-10 00:00:00,Buy,11434.8
9298,789,2022-01-05 00:00:00,Withdrawal,1651.49
9299,928,2024-06-09 00:00:00,Buy,11854.63
9300,775,2024-10-11 00:00:00,Withdrawal,10460.29
9301,628,2021-11-16 00:00:00,Rebalance,5381.03
9302,1457,2025-04-03 00:00:00,Sell,18226.09
9303,1301,2024-06-09 00:00:00,Dividend,2465.12
9304,413,2021-08-02 00:00:00,Sell,10284.1
9305,939,2021-06-10 00:00:00,Rebalance,8230.44
9306,229,2023-08-22 00:00:00,Withdrawal,2111.29
9307,1260,2020-01-13 00:00:00,Rebalance,2840.32
9308,1496,2023-02-13 00:00:00,Dividend,1368.9
9309,1186,2024-01-30 00:00:00,Dividend,2124.88
9310,290,2025-04-09 00:00:00,Buy,1580.58
9311,517,2024-09-11 00:00:00,Buy,3434.91
9312,1448,2024-02-19 00:00:00,Rebalance,5468.93
9313,645,2026-03-30 00:00:00,Buy,5210
9314,102,2024-11-08 00:00:00,Dividend,16448.48
9315,502,2024-08-15 00:00:00,Sell,5281.99
9316,335,2026-05-31 00:00:00,Buy,4232.47
9317,9,2024-06-28 00:00:00,Buy,2487.82
9318,114,2021-02-10 00:00:00,Rebalance,14829.41
9319,1208,2022-07-04 00:00:00,Buy,3691.57
9320,54,2024-07-23 00:00:00,Rebalance,2794.73
9321,968,2021-09-29 00:00:00,Sell,25826.08
9322,830,2026-03-30 00:00:00,Contribution,15101.73
9323,664,2025-10-06 00:00:00,Sell,28326.68
9324,1070,2023-08-13 00:00:00,Contribution,2449.31
9325,534,2023-04-03 00:00:00,Buy,1605.08
9326,28,2020-05-23 00:00:00,Contribution,4356.53
9327,1224,2022-07-12 00:00:00,Withdrawal,9489.26
9328,1413,2020-10-15 00:00:00,Contribution,3414.51
9329,349,2021-02-01 00:00:00,Buy,5040.87
9330,636,2021-04-21 00:00:00,Rebalance,11276.12
9331,307,2026-05-29 00:00:00,Sell,1778.1
9332,1375,2022-12-30 00:00:00,Sell,36343.79
9333,1073,2023-04-09 00:00:00,Sell,8911.86
9334,124,2024-11-15 00:00:00,Sell,4309.49
9335,1157,2024-07-18 00:00:00,Buy,16577.81
9336,1489,2023-10-31 00:00:00,Sell,8611.28
9337,50,2025-03-14 00:00:00,Buy,10784.65
9338,331,2022-12-08 00:00:00,Buy,15875.16
9339,1044,2026-01-22 00:00:00,Buy,4788.4
9340,639,2020-05-29 00:00:00,Sell,7881.96
9341,495,2023-06-07 00:00:00,Contribution,4573.29
9342,1124,2025-01-05 00:00:00,Buy,1862.63
9343,1347,2021-10-03 00:00:00,Sell,3347.51
9344,632,2022-06-20 00:00:00,Buy,9132.62
9345,367,2025-07-14 00:00:00,Buy,3468.28
9346,201,2023-11-07 00:00:00,Sell,2511.3
9347,89,2020-11-12 00:00:00,Rebalance,6924.01
9348,758,2021-09-17 00:00:00,Contribution,1190.8
9349,950,2021-04-12 00:00:00,Withdrawal,8617.26
9350,1007,2024-06-09 00:00:00,Buy,4935.23
9351,964,2020-06-11 00:00:00,Withdrawal,19233.93
9352,198,2024-09-25 00:00:00,Rebalance,7021.65
9353,1435,2021-03-15 00:00:00,Sell,2751.9
9354,508,2024-04-15 00:00:00,Sell,2903.93
9355,1377,2024-10-30 00:00:00,Buy,22249.73
9356,1147,2020-01-07 00:00:00,Sell,40109.53
9357,1324,2021-01-22 00:00:00,Dividend,42975.55
9358,123,2024-10-11 00:00:00,Contribution,7040.53
9359,336,2024-07-25 00:00:00,Sell,2321.17
9360,79,2024-08-30 00:00:00,Buy,4196.23
9361,1380,2022-03-24 00:00:00,Buy,2652.5
9362,1288,2025-04-10 00:00:00,Dividend,6530.97
9363,201,2021-03-26 00:00:00,Sell,1307.42
9364,1360,2020-05-22 00:00:00,Buy,17524.28
9365,1102,2021-06-13 00:00:00,Withdrawal,2085.02
9366,238,2026-05-20 00:00:00,Buy,5452.22
9367,285,2021-09-23 00:00:00,Sell,3531.75
9368,363,2021-02-09 00:00:00,Buy,3144.18
9369,1112,2023-06-23 00:00:00,Rebalance,705.65
9370,381,2024-06-23 00:00:00,Sell,1317.38
9371,480,2022-05-03 00:00:00,Sell,1554.04
9372,1444,2022-04-01 00:00:00,Withdrawal,9230.56
9373,601,2021-03-28 00:00:00,Withdrawal,10505.22
9374,1138,2024-06-15 00:00:00,Sell,10534.62
9375,985,2026-01-22 00:00:00,Contribution,6056.72
9376,208,2025-02-07 00:00:00,Contribution,7589.77
9377,73,2020-03-13 00:00:00,Contribution,8557.22
9378,392,2025-11-24 00:00:00,Buy,227360.31
9379,946,2023-11-25 00:00:00,Dividend,5066.17
9380,1493,2021-04-20 00:00:00,Buy,17411.99
9381,519,2024-11-23 00:00:00,Buy,2167.79
9382,577,2021-01-03 00:00:00,Dividend,5148.82
9383,344,2020-03-10 00:00:00,Sell,18506.1
9384,1462,2023-11-25 00:00:00,Buy,13273.44
9385,471,2024-12-06 00:00:00,Sell,4519.99
9386,1094,2020-07-19 00:00:00,Sell,27693.66
9387,763,2024-02-16 00:00:00,Sell,1560.62
9388,1091,2020-09-09 00:00:00,Buy,25611.16
9389,463,2023-03-06 00:00:00,Buy,25987.28
9390,842,2023-04-21 00:00:00,Buy,5127.11
9391,1157,2021-07-17 00:00:00,Buy,207.33
9392,250,2025-05-03 00:00:00,Rebalance,1208.74
9393,911,2022-12-01 00:00:00,Sell,3367.24
9394,116,2020-07-25 00:00:00,Contribution,6403.07
9395,976,2020-05-09 00:00:00,Withdrawal,5623.13
9396,555,2021-11-12 00:00:00,Contribution,4246.07
9397,256,2022-10-11 00:00:00,Buy,3482.5
9398,229,2021-05-12 00:00:00,Contribution,2348.46
9399,853,2022-09-26 00:00:00,Buy,9165.37
9400,176,2022-07-01 00:00:00,Dividend,1613.68
9401,788,2021-10-17 00:00:00,Sell,7018.67
9402,395,2026-04-15 00:00:00,Buy,5794.75
9403,364,2024-01-26 00:00:00,Rebalance,1956.72
9404,525,2022-06-02 00:00:00,Sell,18213.9
9405,650,2023-01-28 00:00:00,Buy,8047.34
9406,1477,2020-11-29 00:00:00,Dividend,15626.99
9407,1342,2025-07-22 00:00:00,Rebalance,2035.55
9408,479,2026-02-11 00:00:00,Withdrawal,1997.7
9409,345,2020-07-04 00:00:00,Rebalance,851.65
9410,865,2021-12-30 00:00:00,Sell,16599.68
9411,1487,2024-11-04 00:00:00,Withdrawal,6131.07
9412,1385,2023-06-21 00:00:00,Buy,3115.37
9413,654,2024-02-25 00:00:00,Buy,27231.41
9414,1195,2020-08-16 00:00:00,Sell,3392.51
9415,327,2026-02-24 00:00:00,Rebalance,3881.69
9416,614,2020-04-21 00:00:00,Buy,37533.27
9417,875,2024-12-04 00:00:00,Buy,5957.36
9418,1132,2025-02-10 00:00:00,Dividend,3690.1
9419,539,2024-02-02 00:00:00,Buy,5232.73
9420,967,2023-12-24 00:00:00,Contribution,2962.21
9421,155,2024-08-30 00:00:00,Withdrawal,1788.83
9422,572,2023-02-10 00:00:00,Withdrawal,15819.47
9423,453,2024-05-25 00:00:00,Sell,13224.96
9424,701,2021-01-28 00:00:00,Withdrawal,5377.89
9425,506,2024-11-29 00:00:00,Buy,6359.28
9426,396,2020-10-12 00:00:00,Buy,13923.58
9427,1405,2022-07-05 00:00:00,Buy,7819.16
9428,759,2022-07-31 00:00:00,Rebalance,26087.51
9429,1146,2026-03-26 00:00:00,Rebalance,3426.61
9430,116,2025-06-03 00:00:00,Sell,21752.76
9431,967,2023-03-15 00:00:00,Contribution,14187.35
9432,1079,2023-01-20 00:00:00,Withdrawal,14261.26
9433,158,2024-12-10 00:00:00,Sell,8630.78
9434,1103,2024-05-20 00:00:00,Contribution,2669.09
9435,405,2023-11-29 00:00:00,Withdrawal,25230.78
9436,1218,2021-04-30 00:00:00,Withdrawal,6074.46
9437,1097,2021-05-09 00:00:00,Sell,5768.81
9438,1438,2024-02-24 00:00:00,Buy,2594.26
9439,1324,2024-05-03 00:00:00,Withdrawal,13974.13
9440,1044,2025-05-30 00:00:00,Buy,20615.07
9441,1070,2023-08-27 00:00:00,Rebalance,5172.51
9442,1133,2026-04-07 00:00:00,Buy,11362.53
9443,1079,2021-09-13 00:00:00,Withdrawal,10334.16
9444,312,2023-07-28 00:00:00,Buy,4920.15
9445,588,2025-11-14 00:00:00,Dividend,1198.98
9446,581,2023-10-11 00:00:00,Buy,12273.64
9447,301,2021-08-16 00:00:00,Contribution,6240.76
9448,1006,2022-06-07 00:00:00,Contribution,7052.2
9449,91,2021-06-02 00:00:00,Sell,5994.09
9450,386,2023-11-07 00:00:00,Contribution,12728.94
9451,1259,2023-06-27 00:00:00,Contribution,684.22
9452,199,2025-03-10 00:00:00,Rebalance,5642.86
9453,862,2020-01-26 00:00:00,Contribution,5350.33
9454,724,2021-09-16 00:00:00,Buy,9231.59
9455,1365,2025-11-04 00:00:00,Buy,25594.9
9456,909,2021-05-05 00:00:00,Contribution,8278.9
9457,931,2023-10-11 00:00:00,Buy,4214.42
9458,514,2025-10-03 00:00:00,Buy,2736.78
9459,721,2021-12-23 00:00:00,Contribution,3965.63
9460,1279,2023-04-01 00:00:00,Buy,51291.86
9461,334,2025-04-23 00:00:00,Dividend,9291.58
9462,650,2020-08-09 00:00:00,Dividend,1853.4
9463,324,2025-02-24 00:00:00,Sell,10034.45
9464,153,2026-03-16 00:00:00,Sell,41976.73
9465,447,2022-11-14 00:00:00,Sell,2590.85
9466,153,2023-06-29 00:00:00,Rebalance,3853.03
9467,1442,2022-12-16 00:00:00,Withdrawal,16909.16
9468,639,2020-11-07 00:00:00,Buy,2952
9469,772,2024-10-04 00:00:00,Withdrawal,9235.99
9470,983,2025-10-22 00:00:00,Buy,17632.53
9471,972,2020-11-30 00:00:00,Sell,8347.57
9472,1107,2023-11-02 00:00:00,Sell,4596.24
9473,1226,2023-10-07 00:00:00,Dividend,4085.55
9474,548,2023-03-17 00:00:00,Contribution,2171.87
9475,103,2024-10-12 00:00:00,Dividend,9331.84
9476,968,2020-12-24 00:00:00,Sell,19366.09
9477,254,2025-01-19 00:00:00,Contribution,4014.45
9478,1181,2022-08-30 00:00:00,Buy,3559.21
9479,1351,2024-04-23 00:00:00,Contribution,5035.96
9480,1380,2024-08-21 00:00:00,Contribution,5117.59
9481,275,2025-07-06 00:00:00,Sell,14899.78
9482,307,2026-03-04 00:00:00,Sell,13577.41
9483,685,2023-05-23 00:00:00,Buy,20411.47
9484,544,2022-07-25 00:00:00,Sell,4678.35
9485,1339,2023-01-25 00:00:00,Withdrawal,6863.02
9486,406,2021-03-20 00:00:00,Buy,16710.91
9487,1393,2021-07-04 00:00:00,Sell,5594.65
9488,257,2023-09-25 00:00:00,Buy,4380.25
9489,823,2021-07-31 00:00:00,Sell,3996.78
9490,960,2023-06-14 00:00:00,Dividend,2480.62
9491,332,2026-04-28 00:00:00,Sell,8933.28
9492,279,2023-01-18 00:00:00,Withdrawal,2080.1
9493,915,2024-12-02 00:00:00,Buy,9958.92
9494,337,2023-01-13 00:00:00,Contribution,4458.2
9495,180,2023-10-30 00:00:00,Buy,7078.33
9496,624,2020-07-18 00:00:00,Contribution,2650.21
9497,919,2026-01-10 00:00:00,Dividend,8274.45
9498,891,2021-04-06 00:00:00,Withdrawal,8848.52
9499,827,2023-05-13 00:00:00,Withdrawal,8167.45
9500,472,2022-08-16 00:00:00,Buy,7854.22
9501,842,2025-09-07 00:00:00,Buy,6194.14
9502,1188,2025-12-25 00:00:00,Buy,11194.26
9503,67,2022-11-18 00:00:00,Withdrawal,17468.83
9504,1003,2025-11-09 00:00:00,Sell,4731.95
9505,276,2022-11-02 00:00:00,Rebalance,14428.91
9506,292,2023-06-19 00:00:00,Buy,8047.49
9507,689,2020-03-31 00:00:00,Sell,16693.79
9508,1147,2025-10-08 00:00:00,Sell,3407.02
9509,1430,2023-04-08 00:00:00,Rebalance,5940.76
9510,472,2025-01-20 00:00:00,Dividend,2014.09
9511,385,2026-04-01 00:00:00,Withdrawal,6082.5
9512,567,2024-06-14 00:00:00,Sell,4328.21
9513,1112,2021-06-11 00:00:00,Buy,8419.36
9514,151,2023-07-12 00:00:00,Sell,921.33
9515,887,2025-05-15 00:00:00,Contribution,15329.12
9516,847,2020-01-04 00:00:00,Rebalance,17864.92
9517,1020,2023-10-28 00:00:00,Contribution,2666.34
9518,367,2024-08-09 00:00:00,Buy,3092.82
9519,1091,2021-11-19 00:00:00,Buy,5018.17
9520,785,2025-11-08 00:00:00,Withdrawal,1236.88
9521,407,2024-07-25 00:00:00,Buy,12148.18
9522,16,2022-08-04 00:00:00,Buy,28664.25
9523,287,2020-09-02 00:00:00,Buy,4147.89
9524,887,2024-07-31 00:00:00,Buy,7564.64
9525,338,2021-04-25 00:00:00,Buy,3315.19
9526,70,2026-05-15 00:00:00,Withdrawal,4148.77
9527,480,2020-07-27 00:00:00,Dividend,2234.98
9528,566,2025-04-12 00:00:00,Contribution,2710.57
9529,773,2023-04-28 00:00:00,Contribution,5475.38
9530,1447,2026-03-06 00:00:00,Contribution,7780.83
9531,381,2024-01-24 00:00:00,Buy,1967.05
9532,813,2026-04-16 00:00:00,Contribution,2948.43
9533,670,2020-03-25 00:00:00,Buy,2062.91
9534,502,2025-07-06 00:00:00,Sell,7114.49
9535,817,2024-11-29 00:00:00,Buy,4450.11
9536,1097,2022-06-11 00:00:00,Dividend,8152.37
9537,1191,2023-02-17 00:00:00,Withdrawal,15447.19
9538,670,2022-04-17 00:00:00,Rebalance,11344.75
9539,722,2023-08-29 00:00:00,Buy,11848.18
9540,1376,2026-01-01 00:00:00,Buy,5443.53
9541,578,2020-05-27 00:00:00,Sell,31085.49
9542,835,2021-12-08 00:00:00,Contribution,666.03
9543,566,2023-04-11 00:00:00,Sell,31685.87
9544,1440,2023-12-28 00:00:00,Rebalance,2363.89
9545,362,2023-10-15 00:00:00,Buy,5523.08
9546,544,2026-01-02 00:00:00,Buy,2015.01
9547,28,2020-08-22 00:00:00,Rebalance,2229.37
9548,54,2021-04-14 00:00:00,Dividend,7344.11
9549,1404,2025-10-11 00:00:00,Contribution,3148.12
9550,1292,2025-03-04 00:00:00,Rebalance,9083.87
9551,342,2020-07-06 00:00:00,Buy,1506.78
9552,659,2025-02-11 00:00:00,Withdrawal,7642.8
9553,466,2025-08-21 00:00:00,Sell,23250.92
9554,1409,2020-11-26 00:00:00,Withdrawal,4373.76
9555,1056,2022-01-26 00:00:00,Sell,56017.8
9556,401,2025-07-19 00:00:00,Sell,19261.11
9557,454,2022-07-11 00:00:00,Sell,1231.41
9558,498,2023-04-24 00:00:00,Rebalance,2275.28
9559,773,2023-05-14 00:00:00,Contribution,35308.13
9560,916,2025-09-05 00:00:00,Buy,10517.56
9561,813,2020-07-01 00:00:00,Buy,14453.63
9562,560,2024-12-05 00:00:00,Withdrawal,14614.83
9563,266,2025-02-22 00:00:00,Withdrawal,61056.93
9564,221,2021-11-04 00:00:00,Contribution,4122.27
9565,1494,2020-02-28 00:00:00,Sell,14540.01
9566,1500,2023-03-01 00:00:00,Buy,8209.22
9567,557,2020-01-01 00:00:00,Contribution,1377.08
9568,1329,2024-02-23 00:00:00,Dividend,2021.35
9569,1068,2020-03-21 00:00:00,Buy,8401.76
9570,84,2025-03-24 00:00:00,Buy,5752.46
9571,1377,2021-09-01 00:00:00,Rebalance,7668.78
9572,262,2022-03-21 00:00:00,Rebalance,1814.43
9573,410,2021-12-07 00:00:00,Sell,7164.34
9574,467,2024-01-06 00:00:00,Contribution,5301.04
9575,1330,2020-12-26 00:00:00,Buy,4970.56
9576,1224,2023-05-02 00:00:00,Dividend,4712.53
9577,506,2025-11-22 00:00:00,Rebalance,17383.96
9578,643,2025-05-21 00:00:00,Buy,4912.34
9579,1088,2022-10-22 00:00:00,Sell,3462.64
9580,70,2021-06-07 00:00:00,Rebalance,4409.31
9581,1284,2024-01-18 00:00:00,Rebalance,5539.19
9582,1283,2024-10-27 00:00:00,Contribution,3404.51
9583,1022,2025-02-16 00:00:00,Sell,4646.8
9584,239,2025-09-28 00:00:00,Buy,3074.64
9585,692,2021-08-01 00:00:00,Sell,4613.54
9586,1063,2022-09-06 00:00:00,Buy,1637.61
9587,44,2026-03-15 00:00:00,Sell,9402.56
9588,17,2025-10-25 00:00:00,Contribution,3324.42
9589,687,2023-09-30 00:00:00,Buy,5603.3
9590,93,2024-10-26 00:00:00,Contribution,16138.31
9591,617,2022-04-18 00:00:00,Rebalance,2474.17
9592,659,2021-08-06 00:00:00,Sell,2237.42
9593,42,2023-08-08 00:00:00,Dividend,19550.62
9594,887,2024-07-14 00:00:00,Buy,2901.22
9595,1367,2025-09-10 00:00:00,Sell,1873.14
9596,1172,2021-09-28 00:00:00,Contribution,3763.14
9597,382,2020-05-29 00:00:00,Buy,2439.26
9598,397,2024-04-01 00:00:00,Dividend,13615.84
9599,1242,2023-12-08 00:00:00,Buy,3818.55
9600,316,2022-03-21 00:00:00,Buy,14171.28
9601,75,2026-02-01 00:00:00,Buy,13058.7
9602,265,2020-08-18 00:00:00,Sell,6337.97
9603,583,2021-12-03 00:00:00,Buy,5726.05
9604,1261,2024-10-05 00:00:00,Withdrawal,6115.95
9605,770,2023-12-24 00:00:00,Dividend,2682.61
9606,451,2022-07-23 00:00:00,Withdrawal,11917.39
9607,893,2023-06-28 00:00:00,Buy,3366.88
9608,772,2024-01-11 00:00:00,Buy,7359.66
9609,452,2023-08-31 00:00:00,Sell,479.9
9610,1125,2020-12-06 00:00:00,Buy,11646.09
9611,478,2025-05-16 00:00:00,Rebalance,2980.2
9612,647,2023-07-16 00:00:00,Withdrawal,18367.89
9613,703,2022-10-11 00:00:00,Contribution,8224.88
9614,1257,2020-05-22 00:00:00,Rebalance,1642.94
9615,1473,2023-04-20 00:00:00,Dividend,9718.06
9616,1322,2022-07-13 00:00:00,Withdrawal,1443.11
9617,480,2021-01-15 00:00:00,Buy,5670.47
9618,905,2025-10-08 00:00:00,Withdrawal,3798.2
9619,124,2024-10-28 00:00:00,Withdrawal,1278.7
9620,1413,2020-01-29 00:00:00,Buy,8901.54
9621,253,2025-01-13 00:00:00,Sell,3703.5
9622,665,2020-03-15 00:00:00,Contribution,9186.61
9623,1243,2022-07-16 00:00:00,Buy,2086.84
9624,181,2020-02-05 00:00:00,Contribution,4000.7
9625,1225,2025-01-13 00:00:00,Contribution,7226.32
9626,397,2024-01-31 00:00:00,Sell,7641.29
9627,574,2020-08-07 00:00:00,Dividend,948.85
9628,333,2021-12-17 00:00:00,Withdrawal,20628.14
9629,112,2025-04-15 00:00:00,Contribution,13839.44
9630,531,2025-04-15 00:00:00,Contribution,7744.58
9631,1256,2020-04-24 00:00:00,Sell,3817.79
9632,937,2021-07-23 00:00:00,Dividend,3910.05
9633,379,2026-04-20 00:00:00,Withdrawal,28732.74
9634,1491,2024-03-29 00:00:00,Contribution,5672.05
9635,747,2025-02-03 00:00:00,Withdrawal,2453.26
9636,588,2020-08-03 00:00:00,Buy,3407.34
9637,514,2021-03-02 00:00:00,Sell,26841.3
9638,722,2023-03-01 00:00:00,Sell,19021.55
9639,783,2020-11-23 00:00:00,Buy,7847.07
9640,1402,2020-01-10 00:00:00,Buy,1649.86
9641,807,2022-04-17 00:00:00,Dividend,8929.24
9642,985,2020-11-23 00:00:00,Sell,4123.04
9643,852,2020-11-07 00:00:00,Dividend,10758.91
9644,39,2023-08-25 00:00:00,Buy,4830.58
9645,367,2025-09-03 00:00:00,Withdrawal,1511.47
9646,1263,2025-03-17 00:00:00,Withdrawal,1514.28
9647,73,2020-02-04 00:00:00,Buy,2781.68
9648,195,2021-06-07 00:00:00,Contribution,6201.15
9649,736,2026-02-03 00:00:00,Buy,2770.14
9650,416,2022-10-05 00:00:00,Buy,1774.2
9651,618,2022-11-08 00:00:00,Dividend,22771.93
9652,1222,2023-02-22 00:00:00,Sell,8732.88
9653,567,2021-02-04 00:00:00,Sell,22036.79
9654,791,2023-09-05 00:00:00,Buy,3042.52
9655,1025,2022-05-24 00:00:00,Withdrawal,1972.03
9656,1078,2023-06-01 00:00:00,Sell,8045.42
9657,1463,2024-02-03 00:00:00,Contribution,11214.79
9658,400,2021-10-19 00:00:00,Sell,5271.26
9659,1444,2022-01-21 00:00:00,Withdrawal,16561.24
9660,1464,2022-01-14 00:00:00,Buy,1064.21
9661,182,2022-06-02 00:00:00,Contribution,3416.22
9662,902,2024-12-31 00:00:00,Buy,3428.14
9663,903,2023-05-16 00:00:00,Contribution,9372.82
9664,888,2021-11-17 00:00:00,Contribution,2891.01
9665,186,2025-10-17 00:00:00,Buy,2519.3
9666,713,2025-07-15 00:00:00,Buy,9088.36
9667,580,2021-10-12 00:00:00,Rebalance,781.4
9668,337,2021-03-14 00:00:00,Buy,10255.39
9669,222,2020-01-25 00:00:00,Buy,4270.82
9670,171,2024-01-24 00:00:00,Sell,3676.31
9671,686,2022-02-10 00:00:00,Contribution,6218.6
9672,986,2021-01-14 00:00:00,Buy,9491.32
9673,172,2025-05-13 00:00:00,Contribution,4530.69
9674,19,2025-12-30 00:00:00,Sell,1942.86
9675,865,2022-05-05 00:00:00,Dividend,10034.48
9676,463,2026-03-25 00:00:00,Rebalance,8308.92
9677,1401,2021-05-05 00:00:00,Contribution,48405.78
9678,1488,2020-05-12 00:00:00,Rebalance,1262.09
9679,1376,2023-07-16 00:00:00,Buy,3971
9680,559,2020-05-22 00:00:00,Buy,14133.95
9681,6,2020-07-26 00:00:00,Withdrawal,3750.75
9682,113,2025-05-23 00:00:00,Withdrawal,5165.89
9683,514,2022-09-22 00:00:00,Buy,8157.38
9684,94,2022-12-29 00:00:00,Buy,1592.99
9685,1377,2024-01-07 00:00:00,Contribution,2249.41
9686,342,2024-06-12 00:00:00,Buy,6373.66
9687,677,2022-02-14 00:00:00,Dividend,2270.29
9688,613,2021-06-11 00:00:00,Buy,8344.68
9689,616,2021-04-23 00:00:00,Buy,5464.04
9690,93,2025-04-29 00:00:00,Dividend,4963.74
9691,1364,2024-10-14 00:00:00,Dividend,13017.37
9692,564,2020-08-13 00:00:00,Rebalance,2981.87
9693,855,2020-03-26 00:00:00,Sell,2991.39
9694,693,2020-10-02 00:00:00,Rebalance,3035.79
9695,813,2025-07-15 00:00:00,Dividend,10306.66
9696,967,2021-07-22 00:00:00,Withdrawal,4477.19
9697,1339,2021-05-18 00:00:00,Buy,7989.45
9698,181,2026-04-09 00:00:00,Buy,4067.03
9699,1201,2022-07-16 00:00:00,Sell,5863.62
9700,124,2023-01-20 00:00:00,Dividend,2372.41
9701,158,2022-11-30 00:00:00,Sell,6226.93
9702,496,2022-09-17 00:00:00,Rebalance,2856.85
9703,218,2023-02-28 00:00:00,Buy,2279.81
9704,166,2025-12-27 00:00:00,Rebalance,14594.73
9705,1296,2022-07-02 00:00:00,Sell,28832.75
9706,120,2025-05-17 00:00:00,Dividend,9955.15
9707,787,2024-11-03 00:00:00,Dividend,5661.85
9708,698,2025-08-07 00:00:00,Sell,35283
9709,1183,2023-09-13 00:00:00,Sell,14255.5
9710,729,2025-02-06 00:00:00,Sell,2927.99
9711,817,2022-02-26 00:00:00,Sell,7821.99
9712,22,2022-10-02 00:00:00,Rebalance,7545.72
9713,833,2021-03-24 00:00:00,Sell,2290.42
9714,1321,2024-02-16 00:00:00,Buy,10253.1
9715,1275,2024-08-30 00:00:00,Contribution,2895.18
9716,801,2020-12-09 00:00:00,Sell,1932.81
9717,1209,2023-07-13 00:00:00,Contribution,18842.08
9718,832,2022-09-15 00:00:00,Contribution,6667.09
9719,665,2025-12-23 00:00:00,Buy,4493.58
9720,790,2025-03-04 00:00:00,Sell,5242.22
9721,218,2026-05-26 00:00:00,Buy,18208.07
9722,53,2024-10-20 00:00:00,Buy,4717.34
9723,789,2024-12-23 00:00:00,Buy,38251.04
9724,811,2024-03-28 00:00:00,Buy,9012.38
9725,497,2022-04-17 00:00:00,Buy,1860.03
9726,298,2023-12-08 00:00:00,Rebalance,5728.57
9727,1431,2023-04-29 00:00:00,Buy,2838.61
9728,111,2022-10-03 00:00:00,Contribution,4225.4
9729,1228,2025-01-10 00:00:00,Withdrawal,874.5
9730,552,2021-03-07 00:00:00,Rebalance,12631.54
9731,797,2021-09-28 00:00:00,Buy,9080
9732,346,2024-11-02 00:00:00,Dividend,2214.79
9733,469,2021-09-14 00:00:00,Withdrawal,4140.15
9734,404,2023-11-02 00:00:00,Rebalance,49096.26
9735,105,2022-06-21 00:00:00,Sell,6028.53
9736,181,2025-03-25 00:00:00,Dividend,20269.14
9737,7,2023-09-28 00:00:00,Buy,3283.24
9738,1233,2020-07-26 00:00:00,Buy,8012.07
9739,1278,2025-02-19 00:00:00,Rebalance,6276.15
9740,1060,2024-05-03 00:00:00,Contribution,3939.69
9741,367,2020-09-12 00:00:00,Buy,20580.94
9742,863,2025-11-17 00:00:00,Dividend,29180.48
9743,504,2021-09-15 00:00:00,Buy,15431.35
9744,453,2025-02-06 00:00:00,Withdrawal,21921.96
9745,1103,2023-05-14 00:00:00,Sell,2174.03
9746,1385,2024-10-31 00:00:00,Buy,5798.96
9747,1245,2023-02-01 00:00:00,Withdrawal,1953.28
9748,377,2023-06-09 00:00:00,Buy,19457
9749,622,2025-03-07 00:00:00,Buy,1822.09
9750,597,2020-01-26 00:00:00,Rebalance,4114.23
9751,1314,2024-01-25 00:00:00,Rebalance,2299.36
9752,223,2020-07-26 00:00:00,Buy,11484.02
9753,428,2025-06-27 00:00:00,Dividend,5837.35
9754,1109,2023-08-31 00:00:00,Contribution,6641.34
9755,315,2025-02-08 00:00:00,Dividend,19176.53
9756,915,2023-01-17 00:00:00,Rebalance,2857.76
9757,586,2020-03-19 00:00:00,Buy,40121.92
9758,40,2021-01-01 00:00:00,Buy,4850.1
9759,752,2025-11-13 00:00:00,Dividend,6872.65
9760,866,2024-02-01 00:00:00,Buy,6086.22
9761,62,2025-03-24 00:00:00,Rebalance,3923.44
9762,1269,2022-02-02 00:00:00,Contribution,4275.62
9763,42,2024-03-16 00:00:00,Buy,6123.83
9764,677,2024-11-10 00:00:00,Contribution,100865.91
9765,609,2024-08-26 00:00:00,Buy,14576.54
9766,490,2024-01-17 00:00:00,Sell,35927.36
9767,985,2020-10-15 00:00:00,Sell,2672.47
9768,606,2021-05-26 00:00:00,Dividend,5238.83
9769,138,2022-03-22 00:00:00,Rebalance,2018.3
9770,726,2024-11-29 00:00:00,Withdrawal,9513.97
9771,1443,2021-03-17 00:00:00,Buy,5398.88
9772,353,2024-04-04 00:00:00,Buy,1417.04
9773,17,2025-06-13 00:00:00,Buy,32538.52
9774,479,2023-09-21 00:00:00,Buy,5088.61
9775,101,2023-12-22 00:00:00,Dividend,2566.79
9776,1086,2023-10-29 00:00:00,Dividend,7258.71
9777,135,2022-01-22 00:00:00,Contribution,3870.38
9778,318,2023-10-25 00:00:00,Buy,5232.97
9779,518,2020-01-20 00:00:00,Contribution,21085.35
9780,840,2023-06-10 00:00:00,Dividend,1726.24
9781,1477,2021-06-13 00:00:00,Buy,25825.91
9782,409,2020-10-08 00:00:00,Contribution,3320.51
9783,681,2022-07-27 00:00:00,Sell,7709.71
9784,480,2022-10-06 00:00:00,Buy,2967.3
9785,584,2023-04-29 00:00:00,Sell,1607.62
9786,1273,2024-05-10 00:00:00,Buy,5710.84
9787,179,2021-09-04 00:00:00,Sell,20211.14
9788,829,2021-10-01 00:00:00,Dividend,17828.76
9789,209,2025-10-29 00:00:00,Buy,11559.51
9790,158,2020-03-31 00:00:00,Buy,7411.28
9791,1376,2023-01-08 00:00:00,Dividend,1386.29
9792,1067,2023-05-19 00:00:00,Sell,17017.31
9793,44,2022-08-17 00:00:00,Buy,24127.44
9794,442,2022-05-08 00:00:00,Sell,6363.73
9795,697,2021-05-12 00:00:00,Contribution,1949.3
9796,125,2020-04-19 00:00:00,Sell,449.99
9797,552,2022-01-02 00:00:00,Withdrawal,1825.74
9798,740,2024-01-29 00:00:00,Sell,5971.15
9799,203,2021-02-18 00:00:00,Withdrawal,4436.54
9800,1336,2021-06-17 00:00:00,Buy,7016.48
9801,647,2023-10-17 00:00:00,Buy,31444.84
9802,1428,2024-09-19 00:00:00,Rebalance,2050.38
9803,89,2022-05-04 00:00:00,Rebalance,7014.6
9804,309,2024-02-26 00:00:00,Sell,9973.34
9805,503,2026-05-22 00:00:00,Rebalance,3311.53
9806,1177,2025-10-03 00:00:00,Rebalance,4967.16
9807,435,2025-04-06 00:00:00,Withdrawal,9488.4
9808,890,2025-11-28 00:00:00,Dividend,25421.47
9809,1215,2021-02-09 00:00:00,Dividend,9363.49
9810,321,2021-02-06 00:00:00,Buy,2380.02
9811,1453,2025-08-28 00:00:00,Rebalance,3387.78
9812,1116,2020-09-17 00:00:00,Withdrawal,16460.16
9813,1480,2020-12-17 00:00:00,Dividend,3521.41
9814,1232,2022-10-08 00:00:00,Buy,3773.12
9815,187,2021-07-12 00:00:00,Withdrawal,15730.52
9816,144,2020-08-31 00:00:00,Dividend,4897.31
9817,714,2026-04-05 00:00:00,Sell,12341.91
9818,165,2022-11-24 00:00:00,Buy,5759.25
9819,1007,2020-09-05 00:00:00,Buy,16879.12
9820,3,2025-11-05 00:00:00,Contribution,2672.98
9821,1078,2021-11-10 00:00:00,Buy,9277.94
9822,1021,2023-03-29 00:00:00,Sell,6452.7
9823,607,2021-03-29 00:00:00,Withdrawal,23860.13
9824,1064,2022-12-29 00:00:00,Buy,3322.3
9825,1332,2023-01-24 00:00:00,Sell,2670.24
9826,1379,2024-10-25 00:00:00,Buy,6260.12
9827,789,2021-08-30 00:00:00,Buy,12895.56
9828,481,2025-06-19 00:00:00,Sell,16203.66
9829,87,2024-02-15 00:00:00,Buy,26189.87
9830,627,2021-10-31 00:00:00,Rebalance,6542.44
9831,880,2025-03-18 00:00:00,Withdrawal,2682.36
9832,848,2023-03-19 00:00:00,Contribution,6060.11
9833,247,2025-04-09 00:00:00,Buy,8451.24
9834,834,2023-11-17 00:00:00,Dividend,20978.69
9835,17,2025-04-19 00:00:00,Withdrawal,2292.33
9836,15,2021-06-11 00:00:00,Contribution,5181.65
9837,556,2021-04-21 00:00:00,Contribution,2386.18
9838,310,2023-12-27 00:00:00,Contribution,656.62
9839,241,2021-07-04 00:00:00,Sell,36248.35
9840,1396,2022-03-06 00:00:00,Dividend,1272.02
9841,1322,2024-01-08 00:00:00,Dividend,10068.89
9842,1196,2021-10-01 00:00:00,Rebalance,16933.71
9843,1393,2026-05-19 00:00:00,Contribution,11450.8
9844,1456,2022-07-15 00:00:00,Contribution,4934.91
9845,912,2021-01-24 00:00:00,Contribution,4330.9
9846,897,2023-02-08 00:00:00,Contribution,2151.64
9847,380,2020-02-19 00:00:00,Withdrawal,55061.46
9848,754,2024-03-23 00:00:00,Buy,10184.12
9849,934,2023-08-20 00:00:00,Buy,3254.57
9850,436,2024-06-13 00:00:00,Sell,7610.22
9851,771,2025-06-10 00:00:00,Dividend,3397.73
9852,664,2022-04-19 00:00:00,Rebalance,31713.15
9853,439,2024-06-09 00:00:00,Withdrawal,12226.94
9854,1027,2026-01-09 00:00:00,Buy,24190.07
9855,1428,2026-01-06 00:00:00,Buy,22615.2
9856,213,2025-08-16 00:00:00,Rebalance,4675.41
9857,859,2021-06-03 00:00:00,Buy,2873.01
9858,241,2022-03-09 00:00:00,Rebalance,12727.73
9859,1196,2020-01-12 00:00:00,Sell,8403.73
9860,754,2024-03-29 00:00:00,Buy,10711.02
9861,833,2021-12-11 00:00:00,Buy,47420.12
9862,680,2025-10-15 00:00:00,Sell,568.54
9863,287,2023-02-18 00:00:00,Buy,12007.93
9864,127,2021-12-23 00:00:00,Contribution,16620.14
9865,691,2021-02-02 00:00:00,Withdrawal,690
9866,175,2023-03-05 00:00:00,Sell,3882.77
9867,89,2025-08-15 00:00:00,Buy,2332.8
9868,1298,2020-10-22 00:00:00,Contribution,9974.75
9869,1301,2022-12-12 00:00:00,Buy,5416.01
9870,1467,2022-11-07 00:00:00,Sell,7129.52
9871,1178,2021-10-01 00:00:00,Buy,6316.5
9872,1259,2022-05-16 00:00:00,Sell,13822.5
9873,1357,2024-04-16 00:00:00,Dividend,838.01
9874,1202,2024-10-01 00:00:00,Buy,7727.06
9875,1000,2020-06-06 00:00:00,Withdrawal,19238.65
9876,38,2023-08-05 00:00:00,Sell,3278.78
9877,209,2026-04-20 00:00:00,Sell,2275.95
9878,555,2023-04-27 00:00:00,Sell,23713.19
9879,1113,2022-11-15 00:00:00,Buy,4972.39
9880,1453,2026-01-11 00:00:00,Dividend,1812.78
9881,225,2024-04-30 00:00:00,Contribution,3033.42
9882,1331,2023-11-05 00:00:00,Buy,565.65
9883,751,2024-10-02 00:00:00,Buy,9497.62
9884,497,2024-03-13 00:00:00,Sell,13477.54
9885,1148,2021-04-12 00:00:00,Buy,2033.94
9886,955,2025-08-16 00:00:00,Buy,17680.95
9887,85,2023-03-11 00:00:00,Contribution,189726.98
9888,144,2021-07-07 00:00:00,Contribution,10342.71
9889,1307,2025-06-24 00:00:00,Buy,1091.97
9890,1235,2025-04-04 00:00:00,Buy,9602.26
9891,288,2024-12-22 00:00:00,Buy,1782.18
9892,957,2020-05-15 00:00:00,Contribution,3647.83
9893,733,2023-03-17 00:00:00,Buy,1345.84
9894,3,2025-09-13 00:00:00,Contribution,6587.45
9895,533,2022-10-11 00:00:00,Buy,10116.6
9896,1185,2023-07-09 00:00:00,Dividend,2765.37
9897,466,2024-11-15 00:00:00,Sell,14753.53
9898,372,2021-02-02 00:00:00,Rebalance,1537.32
9899,64,2022-12-02 00:00:00,Withdrawal,1180.23
9900,738,2025-01-25 00:00:00,Sell,8163.69
9901,317,2024-05-15 00:00:00,Contribution,10107.82
9902,517,2021-03-21 00:00:00,Rebalance,14806.35
9903,520,2025-01-06 00:00:00,Buy,68885.61
9904,682,2020-04-18 00:00:00,Buy,8187.37
9905,1376,2023-02-24 00:00:00,Contribution,11523.96
9906,904,2021-10-26 00:00:00,Withdrawal,7989.66
9907,1391,2021-06-13 00:00:00,Sell,2451.3
9908,1264,2022-03-16 00:00:00,Rebalance,6524.99
9909,469,2024-10-01 00:00:00,Buy,6021.11
9910,635,2023-02-23 00:00:00,Buy,1585.39
9911,1096,2020-01-31 00:00:00,Buy,15337.71
9912,1035,2023-04-03 00:00:00,Dividend,3949.27
9913,595,2021-09-05 00:00:00,Buy,13125.71
9914,47,2022-06-17 00:00:00,Rebalance,1575.59
9915,571,2020-09-04 00:00:00,Contribution,2214.15
9916,594,2021-09-22 00:00:00,Contribution,4659.11
9917,685,2021-10-04 00:00:00,Buy,6280.86
9918,858,2024-03-29 00:00:00,Contribution,34206.08
9919,672,2021-01-02 00:00:00,Withdrawal,3879.42
9920,156,2021-04-17 00:00:00,Sell,14917.57
9921,829,2021-04-28 00:00:00,Sell,3794.75
9922,27,2020-05-26 00:00:00,Buy,2351.88
9923,1208,2024-12-15 00:00:00,Buy,3354.1
9924,413,2024-09-05 00:00:00,Rebalance,5455.11
9925,147,2023-04-16 00:00:00,Buy,6794.93
9926,410,2022-08-17 00:00:00,Dividend,5708.92
9927,602,2022-12-14 00:00:00,Buy,10257.05
9928,1061,2023-09-15 00:00:00,Buy,2519.3
9929,1302,2023-08-04 00:00:00,Contribution,766.27
9930,1368,2025-08-20 00:00:00,Withdrawal,6975.82
9931,1076,2021-05-26 00:00:00,Buy,16521.54
9932,1331,2020-05-13 00:00:00,Buy,1300.29
9933,1298,2026-03-26 00:00:00,Dividend,1310.06
9934,885,2020-05-18 00:00:00,Contribution,3455.95
9935,1362,2020-10-24 00:00:00,Buy,12275.23
9936,285,2022-02-02 00:00:00,Withdrawal,8642.82
9937,609,2024-03-05 00:00:00,Buy,7868.62
9938,755,2021-06-04 00:00:00,Contribution,20296.41
9939,629,2020-02-04 00:00:00,Dividend,13678.25
9940,247,2024-01-05 00:00:00,Contribution,5332.14
9941,1187,2022-05-17 00:00:00,Withdrawal,4694.45
9942,1078,2021-02-16 00:00:00,Sell,5725.4
9943,588,2022-12-08 00:00:00,Contribution,3673.99
9944,1312,2022-04-15 00:00:00,Buy,8255.8
9945,507,2022-09-29 00:00:00,Rebalance,5575.09
9946,961,2022-07-27 00:00:00,Buy,3169.37
9947,1306,2025-08-14 00:00:00,Sell,9866.44
9948,1168,2020-07-26 00:00:00,Sell,2342.31
9949,915,2024-10-08 00:00:00,Dividend,10380.22
9950,455,2024-11-18 00:00:00,Buy,2452.78
9951,1388,2025-07-29 00:00:00,Contribution,19973.93
9952,327,2022-06-09 00:00:00,Buy,13163.21
9953,1217,2023-08-03 00:00:00,Buy,1339.74
9954,236,2021-03-01 00:00:00,Buy,10601.64
9955,731,2022-12-27 00:00:00,Sell,6700.61
9956,1283,2020-05-20 00:00:00,Buy,794.12
9957,233,2023-03-03 00:00:00,Withdrawal,6667.52
9958,483,2020-04-29 00:00:00,Buy,3058.47
9959,589,2026-04-30 00:00:00,Contribution,6462.31
9960,1044,2022-12-13 00:00:00,Buy,72286.06
9961,1142,2025-12-04 00:00:00,Contribution,1216.09
9962,1100,2020-10-29 00:00:00,Buy,7529.14
9963,121,2020-06-23 00:00:00,Withdrawal,1091.17
9964,668,2023-06-10 00:00:00,Dividend,9060.52
9965,1480,2022-04-09 00:00:00,Contribution,6652.39
9966,937,2025-10-12 00:00:00,Buy,20549.85
9967,4,2022-10-23 00:00:00,Dividend,10545.74
9968,720,2024-10-02 00:00:00,Withdrawal,4321.65
9969,793,2021-01-02 00:00:00,Buy,1106.56
9970,864,2025-02-06 00:00:00,Buy,5768.74
9971,1343,2022-06-02 00:00:00,Sell,3119.07
9972,1292,2026-03-04 00:00:00,Dividend,9294.81
9973,269,2022-07-17 00:00:00,Contribution,27659.86
9974,1145,2025-09-12 00:00:00,Rebalance,4700.9
9975,635,2025-04-22 00:00:00,Sell,1994.41
9976,1251,2023-12-16 00:00:00,Rebalance,6930.13
9977,978,2020-10-20 00:00:00,Contribution,2500.45
9978,879,2026-04-01 00:00:00,Contribution,7773.94
9979,1376,2023-08-28 00:00:00,Sell,38207.51
9980,420,2024-02-29 00:00:00,Dividend,3594.79
9981,548,2020-11-05 00:00:00,Dividend,2413.5
9982,230,2021-06-12 00:00:00,Sell,1935.26
9983,626,2022-07-31 00:00:00,Withdrawal,29063.69
9984,440,2022-06-25 00:00:00,Buy,32611.74
9985,323,2023-01-24 00:00:00,Buy,11942.44
9986,246,2026-03-24 00:00:00,Withdrawal,2364.86
9987,1217,2020-11-15 00:00:00,Buy,22600.45
9988,210,2020-07-19 00:00:00,Dividend,5002.02
9989,745,2020-07-23 00:00:00,Dividend,1446.49
9990,1221,2020-09-17 00:00:00,Contribution,8179.76
9991,978,2023-10-26 00:00:00,Contribution,3455.06
9992,466,2025-01-06 00:00:00,Contribution,15279.27
9993,162,2024-02-28 00:00:00,Buy,8757.27
9994,1131,2021-07-22 00:00:00,Buy,2380.78
9995,419,2023-10-23 00:00:00,Sell,6576.61
9996,450,2021-09-09 00:00:00,Buy,6631.03
9997,934,2024-08-13 00:00:00,Buy,6235.38
9998,1126,2025-12-05 00:00:00,Contribution,5468.05
9999,275,2022-04-20 00:00:00,Sell,4052.44
10000,550,2025-10-03 00:00:00,Buy,9609.28
10001,802,2025-02-18 00:00:00,Buy,13419.81
10002,864,2023-12-25 00:00:00,Contribution,25007.64
10003,1237,2023-06-05 00:00:00,Sell,2041.58
10004,379,2026-02-24 00:00:00,Sell,2508.26
10005,228,2025-05-22 00:00:00,Buy,4918.99
10006,57,2023-11-12 00:00:00,Dividend,3866.79
10007,1346,2022-05-08 00:00:00,Buy,1901.66
10008,364,2023-10-27 00:00:00,Dividend,30758.56
10009,1273,2021-03-11 00:00:00,Contribution,2745.95
10010,374,2024-05-17 00:00:00,Contribution,2939.15
10011,1420,2025-05-20 00:00:00,Rebalance,6815.91
10012,490,2025-06-19 00:00:00,Buy,4452.98
10013,1441,2022-02-24 00:00:00,Buy,5638.98
10014,948,2022-12-17 00:00:00,Sell,1189.16
10015,1018,2024-02-10 00:00:00,Buy,3097.81
10016,476,2022-03-25 00:00:00,Sell,18869.71
10017,10,2022-10-22 00:00:00,Sell,5275.19
10018,1368,2020-01-11 00:00:00,Buy,22760.29
10019,889,2021-10-31 00:00:00,Buy,13305.21
10020,1180,2024-09-28 00:00:00,Contribution,3677.07
10021,367,2020-10-14 00:00:00,Sell,6034.45
10022,737,2025-11-25 00:00:00,Rebalance,2789.77
10023,1335,2023-01-30 00:00:00,Rebalance,2773.41
10024,863,2020-08-21 00:00:00,Buy,7319.87
10025,57,2021-03-14 00:00:00,Dividend,11657.38
10026,639,2025-02-08 00:00:00,Buy,2315.68
10027,536,2022-11-01 00:00:00,Buy,19312.4
10028,474,2023-08-07 00:00:00,Rebalance,9455.19
10029,482,2022-05-26 00:00:00,Sell,23458.41
10030,1193,2022-09-26 00:00:00,Withdrawal,15352.96
10031,1223,2021-06-06 00:00:00,Buy,12660.62
10032,499,2023-05-11 00:00:00,Contribution,12634.09
10033,123,2022-12-17 00:00:00,Sell,4905.62
10034,32,2023-03-16 00:00:00,Buy,27262.26
10035,813,2022-05-30 00:00:00,Sell,8184.68
10036,1411,2025-02-08 00:00:00,Contribution,14971.21
10037,860,2021-02-20 00:00:00,Rebalance,5362.19
10038,732,2021-06-10 00:00:00,Sell,5363.87
10039,371,2024-09-25 00:00:00,Dividend,4421.29
10040,812,2024-12-02 00:00:00,Sell,10307.28
10041,791,2020-08-27 00:00:00,Sell,4236.73
10042,1257,2025-08-13 00:00:00,Buy,13764.39
10043,1425,2022-02-11 00:00:00,Sell,7188.78
10044,838,2025-02-03 00:00:00,Buy,1671.85
10045,1435,2024-12-16 00:00:00,Buy,7145.11
10046,821,2024-05-09 00:00:00,Rebalance,5180.85
10047,422,2020-06-22 00:00:00,Dividend,10478.98
10048,909,2026-03-03 00:00:00,Contribution,7681.52
10049,29,2022-07-15 00:00:00,Buy,612.69
10050,1175,2022-06-16 00:00:00,Contribution,1088.13
10051,1050,2023-12-29 00:00:00,Withdrawal,5702.79
10052,1147,2023-08-16 00:00:00,Contribution,2519.32
10053,528,2020-04-13 00:00:00,Withdrawal,3712.4
10054,447,2026-02-18 00:00:00,Contribution,34788.82
10055,553,2021-01-13 00:00:00,Withdrawal,2580.73
10056,945,2024-05-18 00:00:00,Dividend,20722.6
10057,1153,2023-11-11 00:00:00,Buy,2737.88
10058,521,2020-03-23 00:00:00,Buy,11415.31
10059,1388,2024-10-15 00:00:00,Sell,6501.73
10060,813,2026-02-10 00:00:00,Contribution,17864.75
10061,708,2020-10-18 00:00:00,Sell,8577.87
10062,944,2023-03-12 00:00:00,Withdrawal,3219
10063,733,2025-04-19 00:00:00,Withdrawal,3622.64
10064,235,2022-12-07 00:00:00,Buy,4555.56
10065,861,2020-08-24 00:00:00,Contribution,27512.57
10066,355,2023-02-25 00:00:00,Sell,3006.8
10067,1411,2025-03-16 00:00:00,Buy,2625.17
10068,1399,2025-10-16 00:00:00,Dividend,11122.26
10069,1152,2024-05-10 00:00:00,Sell,15173.69
10070,691,2024-08-19 00:00:00,Buy,72346.04
10071,516,2026-01-27 00:00:00,Withdrawal,11512.11
10072,1088,2026-02-17 00:00:00,Sell,18380.48
10073,991,2024-05-17 00:00:00,Rebalance,5481.94
10074,1188,2026-04-02 00:00:00,Sell,14494.88
10075,1495,2025-03-31 00:00:00,Dividend,15395.59
10076,127,2022-10-07 00:00:00,Buy,1503.57
10077,1163,2024-12-31 00:00:00,Sell,1029.37
10078,1310,2022-12-13 00:00:00,Contribution,3112.01
10079,207,2026-03-23 00:00:00,Buy,19572.43
10080,114,2025-07-28 00:00:00,Buy,11307.32
10081,191,2024-04-24 00:00:00,Sell,24844.48
10082,589,2021-02-19 00:00:00,Buy,10621.83
10083,558,2022-04-12 00:00:00,Buy,5219.8
10084,203,2021-06-29 00:00:00,Buy,8423.45
10085,236,2026-01-23 00:00:00,Sell,8157.44
10086,1307,2026-02-20 00:00:00,Contribution,1252.26
10087,1424,2023-11-10 00:00:00,Sell,1343.42
10088,1366,2021-09-17 00:00:00,Contribution,4129.63
10089,372,2021-02-25 00:00:00,Rebalance,2591.91
10090,70,2021-07-01 00:00:00,Sell,2592.03
10091,1236,2020-12-18 00:00:00,Sell,5070.81
10092,671,2023-11-10 00:00:00,Buy,36533.4
10093,730,2026-03-17 00:00:00,Buy,1443.95
10094,152,2021-01-21 00:00:00,Sell,8933.01
10095,619,2024-06-06 00:00:00,Buy,3339.45
10096,1198,2020-07-28 00:00:00,Withdrawal,14299.54
10097,458,2026-03-07 00:00:00,Sell,5310.07
10098,1258,2025-06-11 00:00:00,Buy,10227.53
10099,523,2023-09-12 00:00:00,Buy,2876.21
10100,130,2022-03-30 00:00:00,Contribution,2354.62
10101,1451,2021-10-10 00:00:00,Sell,10037.18
10102,919,2020-08-22 00:00:00,Buy,1536.61
10103,1319,2025-12-19 00:00:00,Sell,8329.71
10104,361,2022-08-08 00:00:00,Buy,3912.28
10105,1268,2026-01-09 00:00:00,Buy,1753.17
10106,224,2025-04-30 00:00:00,Buy,7811.4
10107,1437,2026-04-24 00:00:00,Rebalance,131.05
10108,1407,2023-07-30 00:00:00,Buy,11950.14
10109,743,2024-12-11 00:00:00,Withdrawal,506.97
10110,1191,2020-09-18 00:00:00,Dividend,2397.47
10111,903,2020-07-27 00:00:00,Sell,2136.23
10112,1445,2022-01-11 00:00:00,Sell,536.26
10113,1171,2020-01-08 00:00:00,Dividend,51461
10114,819,2026-01-14 00:00:00,Dividend,61666.42
10115,447,2020-10-08 00:00:00,Sell,12572.26
10116,878,2026-01-05 00:00:00,Buy,23116.6
10117,738,2023-07-24 00:00:00,Sell,18930.03
10118,1383,2021-11-07 00:00:00,Contribution,4607.68
10119,243,2023-06-02 00:00:00,Buy,7864.9
10120,418,2021-03-13 00:00:00,Dividend,3369
10121,286,2020-11-05 00:00:00,Contribution,6608.24
10122,284,2023-01-31 00:00:00,Buy,3183.67
10123,599,2020-06-14 00:00:00,Contribution,25655.76
10124,834,2020-09-02 00:00:00,Rebalance,1795.45
10125,384,2025-04-12 00:00:00,Rebalance,6450.24
10126,1253,2025-11-11 00:00:00,Sell,10892.11
10127,1473,2022-06-23 00:00:00,Buy,1941.69
10128,266,2021-01-30 00:00:00,Withdrawal,2776.47
10129,506,2025-08-01 00:00:00,Rebalance,1451.42
10130,744,2026-05-13 00:00:00,Withdrawal,4082.09
10131,135,2022-12-01 00:00:00,Contribution,4337.03
10132,1401,2024-09-07 00:00:00,Buy,8520.03
10133,664,2021-07-02 00:00:00,Withdrawal,11049.47
10134,1076,2025-04-18 00:00:00,Contribution,9416.38
10135,1259,2025-08-29 00:00:00,Contribution,2968.54
10136,184,2025-12-26 00:00:00,Rebalance,4754.8
10137,1360,2023-08-03 00:00:00,Buy,4338.5
10138,226,2023-01-24 00:00:00,Rebalance,19094.5
10139,1243,2025-01-20 00:00:00,Dividend,9612.09
10140,533,2022-02-23 00:00:00,Dividend,32101.38
10141,1199,2024-01-02 00:00:00,Buy,5664.69
10142,1229,2022-07-28 00:00:00,Buy,484.76
10143,1253,2022-07-18 00:00:00,Contribution,12323.89
10144,1463,2022-03-10 00:00:00,Sell,12479.98
10145,848,2021-06-07 00:00:00,Sell,47345.03
10146,423,2020-03-26 00:00:00,Dividend,1981.94
10147,755,2026-01-19 00:00:00,Buy,8258.34
10148,539,2022-07-31 00:00:00,Withdrawal,4032.75
10149,1451,2020-05-27 00:00:00,Buy,35013.57
10150,945,2025-08-12 00:00:00,Buy,5143.41
10151,328,2024-04-17 00:00:00,Withdrawal,3171.5
10152,1054,2022-03-22 00:00:00,Buy,2989.85
10153,1301,2024-07-31 00:00:00,Buy,8974.02
10154,1150,2023-10-01 00:00:00,Buy,4065.67
10155,454,2025-02-22 00:00:00,Rebalance,2696.64
10156,1008,2021-02-10 00:00:00,Withdrawal,2377.76
10157,453,2021-12-02 00:00:00,Dividend,3856.93
10158,57,2025-07-23 00:00:00,Sell,9440.01
10159,342,2024-03-26 00:00:00,Rebalance,3399.37
10160,1414,2023-05-05 00:00:00,Sell,25725.28
10161,1020,2023-09-02 00:00:00,Buy,13965.76
10162,243,2025-08-26 00:00:00,Sell,5482.94
10163,1308,2022-03-28 00:00:00,Contribution,9690.81
10164,1470,2023-04-04 00:00:00,Contribution,11803.35
10165,805,2024-11-09 00:00:00,Buy,23194.19
10166,1432,2022-09-20 00:00:00,Buy,5860
10167,1491,2020-03-17 00:00:00,Dividend,394.56
10168,93,2023-09-07 00:00:00,Rebalance,22166.38
10169,1321,2021-05-15 00:00:00,Buy,6790.95
10170,1281,2020-04-15 00:00:00,Buy,13747.94
10171,1021,2022-04-22 00:00:00,Buy,8183.47
10172,191,2022-11-29 00:00:00,Buy,13646.84
10173,234,2026-01-23 00:00:00,Dividend,4644.21
10174,1447,2023-03-07 00:00:00,Dividend,5678.66
10175,989,2025-09-09 00:00:00,Sell,7056.53
10176,283,2026-04-15 00:00:00,Buy,4294.31
10177,441,2024-11-26 00:00:00,Sell,4004.68
10178,379,2025-05-28 00:00:00,Sell,6316.97
10179,15,2021-03-23 00:00:00,Withdrawal,13947.46
10180,429,2022-11-02 00:00:00,Contribution,8968.69
10181,1316,2026-01-10 00:00:00,Dividend,22231.39
10182,1164,2022-03-08 00:00:00,Sell,5043.55
10183,251,2023-08-30 00:00:00,Sell,5978.49
10184,1100,2024-03-25 00:00:00,Contribution,2319.08
10185,673,2024-12-05 00:00:00,Contribution,4068.01
10186,1459,2023-03-04 00:00:00,Buy,54592.9
10187,358,2022-09-10 00:00:00,Buy,6854.46
10188,1196,2022-02-08 00:00:00,Buy,31911.37
10189,768,2025-05-12 00:00:00,Dividend,1084.18
10190,788,2022-05-25 00:00:00,Buy,2516.14
10191,433,2024-08-30 00:00:00,Sell,1625.31
10192,49,2025-07-27 00:00:00,Contribution,13236.81
10193,1053,2026-04-24 00:00:00,Sell,13655.08
10194,438,2023-06-19 00:00:00,Withdrawal,6278.95
10195,178,2024-06-30 00:00:00,Buy,1212.45
10196,1335,2020-07-04 00:00:00,Buy,11454.07
10197,1305,2023-01-17 00:00:00,Buy,15205.98
10198,1142,2024-06-11 00:00:00,Buy,12807.86
10199,1052,2022-02-05 00:00:00,Rebalance,8576.89
10200,745,2024-05-05 00:00:00,Sell,12343.39
10201,1376,2024-05-14 00:00:00,Buy,11786.14
10202,146,2025-04-30 00:00:00,Sell,19631.02
10203,610,2024-05-03 00:00:00,Sell,1452.59
10204,100,2021-12-06 00:00:00,Withdrawal,17540.72
10205,1272,2025-03-01 00:00:00,Buy,1678.74
10206,240,2024-01-02 00:00:00,Buy,5232.2
10207,206,2020-07-17 00:00:00,Dividend,7437.29
10208,713,2023-04-17 00:00:00,Contribution,5140.73
10209,410,2026-05-26 00:00:00,Buy,16175.18
10210,1090,2025-07-27 00:00:00,Buy,6660.09
10211,491,2023-06-23 00:00:00,Contribution,498.55
10212,959,2025-06-25 00:00:00,Dividend,11124.85
10213,947,2025-03-15 00:00:00,Buy,4038.27
10214,711,2021-10-21 00:00:00,Buy,4363.26
10215,915,2024-07-04 00:00:00,Sell,2136.9
10216,505,2020-11-28 00:00:00,Rebalance,16178.92
10217,264,2021-02-11 00:00:00,Buy,7345.26
10218,1455,2024-06-27 00:00:00,Contribution,3767.59
10219,279,2021-04-20 00:00:00,Buy,9265.57
10220,20,2022-11-27 00:00:00,Buy,4919.94
10221,766,2022-08-10 00:00:00,Buy,6151.67
10222,1126,2021-09-24 00:00:00,Buy,2433.1
10223,599,2020-03-12 00:00:00,Sell,9071.67
10224,640,2025-06-20 00:00:00,Rebalance,10998.97
10225,1185,2025-11-18 00:00:00,Sell,36960.94
10226,1077,2022-03-13 00:00:00,Sell,5206.24
10227,576,2023-01-10 00:00:00,Buy,3529
10228,788,2020-09-19 00:00:00,Rebalance,3397.95
10229,51,2020-10-05 00:00:00,Sell,1073.37
10230,1403,2025-02-23 00:00:00,Buy,4807.63
10231,962,2020-04-29 00:00:00,Withdrawal,8537.55
10232,616,2022-03-28 00:00:00,Sell,3985.74
10233,1002,2020-07-07 00:00:00,Buy,9138.27
10234,661,2024-10-01 00:00:00,Rebalance,42566.77
10235,1367,2020-04-20 00:00:00,Contribution,2058.5
10236,1174,2026-01-28 00:00:00,Rebalance,11525.17
10237,1190,2024-10-04 00:00:00,Sell,2506.56
10238,857,2022-10-13 00:00:00,Rebalance,7922.86
10239,75,2024-06-08 00:00:00,Contribution,4281.74
10240,172,2020-10-11 00:00:00,Contribution,10757.34
10241,144,2023-07-01 00:00:00,Buy,19007.25
10242,199,2023-07-15 00:00:00,Contribution,5479.32
10243,986,2020-02-06 00:00:00,Buy,17206.5
10244,316,2025-07-04 00:00:00,Sell,8253.64
10245,997,2021-04-29 00:00:00,Rebalance,12793.94
10246,1427,2026-03-12 00:00:00,Rebalance,9283.47
10247,590,2025-10-27 00:00:00,Rebalance,1347.04
10248,996,2020-05-20 00:00:00,Sell,15534.7
10249,1383,2024-11-01 00:00:00,Withdrawal,22929.51
10250,1136,2022-12-25 00:00:00,Buy,1921.94
10251,1035,2020-09-08 00:00:00,Buy,3229.83
10252,1449,2020-11-06 00:00:00,Buy,1517.09
10253,493,2021-04-12 00:00:00,Dividend,3664.48
10254,1285,2022-11-03 00:00:00,Withdrawal,2413.8
10255,952,2022-10-15 00:00:00,Buy,2943.38
10256,814,2025-12-04 00:00:00,Contribution,9717.01
10257,20,2020-07-31 00:00:00,Sell,4410.62
10258,1079,2020-12-17 00:00:00,Dividend,1428.24
10259,747,2024-12-09 00:00:00,Buy,4927.68
10260,1143,2022-01-13 00:00:00,Withdrawal,5633.99
10261,1019,2021-02-11 00:00:00,Buy,10757.89
10262,628,2022-02-19 00:00:00,Sell,26493.04
10263,573,2022-11-12 00:00:00,Buy,2046.26
10264,220,2026-04-05 00:00:00,Sell,660.92
10265,1342,2021-05-19 00:00:00,Buy,82199.34
10266,840,2022-09-20 00:00:00,Dividend,2401.25
10267,362,2020-03-05 00:00:00,Rebalance,9294.04
10268,670,2022-06-11 00:00:00,Contribution,2540.09
10269,141,2024-11-09 00:00:00,Buy,2581
10270,564,2026-01-27 00:00:00,Sell,3346.21
10271,1019,2021-03-05 00:00:00,Buy,1484.57
10272,888,2023-05-12 00:00:00,Contribution,38817.26
10273,17,2022-03-27 00:00:00,Sell,2211.58
10274,1345,2020-10-29 00:00:00,Rebalance,14693.66
10275,307,2023-05-10 00:00:00,Contribution,3679.88
10276,1013,2020-06-25 00:00:00,Sell,3880.16
10277,57,2026-02-06 00:00:00,Buy,4229.19
10278,1391,2023-09-27 00:00:00,Buy,2533.85
10279,364,2022-09-03 00:00:00,Buy,12647.23
10280,1405,2026-01-26 00:00:00,Sell,12349.41
10281,966,2025-11-05 00:00:00,Contribution,18718.64
10282,3,2026-02-23 00:00:00,Sell,10747.59
10283,1142,2023-05-29 00:00:00,Contribution,4214.48
10284,1288,2022-04-29 00:00:00,Dividend,14322.58
10285,327,2024-01-28 00:00:00,Rebalance,6850.16
10286,68,2024-03-31 00:00:00,Dividend,9689.94
10287,1440,2021-07-07 00:00:00,Sell,13020.04
10288,1395,2021-04-30 00:00:00,Sell,18381.05
10289,1276,2025-10-29 00:00:00,Dividend,7985.98
10290,643,2022-10-03 00:00:00,Contribution,22327.2
10291,1160,2020-07-29 00:00:00,Dividend,9560.4
10292,1362,2023-10-29 00:00:00,Withdrawal,4497.76
10293,1036,2020-06-16 00:00:00,Sell,9198.47
10294,471,2023-01-05 00:00:00,Dividend,2745.62
10295,570,2024-11-26 00:00:00,Dividend,32075.12
10296,459,2022-02-20 00:00:00,Sell,19461.98
10297,754,2021-05-25 00:00:00,Rebalance,4554.43
10298,626,2026-02-10 00:00:00,Rebalance,3306.9
10299,337,2025-01-25 00:00:00,Buy,11711.04
10300,568,2021-08-05 00:00:00,Contribution,3020.54
10301,1054,2026-02-06 00:00:00,Contribution,923.8
10302,1155,2024-03-14 00:00:00,Dividend,2704.19
10303,722,2021-01-30 00:00:00,Buy,13598.33
10304,1270,2025-04-09 00:00:00,Sell,3038.43
10305,1102,2023-10-15 00:00:00,Buy,2170.21
10306,446,2021-05-15 00:00:00,Buy,2897.86
10307,910,2021-12-03 00:00:00,Sell,1696.69
10308,308,2025-01-20 00:00:00,Sell,23998.87
10309,1468,2025-11-10 00:00:00,Buy,5818.46
10310,1115,2026-04-15 00:00:00,Sell,5083.88
10311,1171,2021-12-04 00:00:00,Buy,27051.73
10312,1463,2022-03-30 00:00:00,Rebalance,3463.34
10313,590,2025-02-28 00:00:00,Buy,4358.69
10314,80,2021-12-15 00:00:00,Contribution,4034.27
10315,28,2024-05-11 00:00:00,Rebalance,7703.71
10316,197,2025-01-23 00:00:00,Contribution,548.84
10317,874,2024-11-13 00:00:00,Dividend,26670.33
10318,816,2024-12-02 00:00:00,Withdrawal,8182.3
10319,747,2023-06-20 00:00:00,Buy,2404.69
10320,253,2021-03-11 00:00:00,Contribution,3455.13
10321,768,2020-04-10 00:00:00,Buy,3725.54
10322,1349,2026-04-08 00:00:00,Dividend,11586.63
10323,545,2020-03-27 00:00:00,Contribution,3034.49
10324,891,2023-07-25 00:00:00,Dividend,6455.41
10325,143,2020-05-19 00:00:00,Buy,5418.74
10326,954,2021-01-09 00:00:00,Buy,5402.34
10327,1445,2025-06-07 00:00:00,Rebalance,2110.21
10328,1007,2025-07-16 00:00:00,Contribution,5090.18
10329,1488,2020-06-28 00:00:00,Sell,5672.59
10330,1045,2022-03-09 00:00:00,Sell,19020.81
10331,86,2020-09-13 00:00:00,Dividend,3342.03
10332,1111,2025-01-29 00:00:00,Buy,30654.45
10333,16,2020-11-20 00:00:00,Buy,3957.11
10334,70,2025-11-22 00:00:00,Buy,10797.34
10335,182,2023-04-13 00:00:00,Buy,9985.37
10336,1193,2021-12-07 00:00:00,Withdrawal,10478.35
10337,833,2020-01-01 00:00:00,Dividend,5901.91
10338,1082,2024-09-20 00:00:00,Contribution,13114.9
10339,63,2025-03-22 00:00:00,Sell,1730.29
10340,989,2020-07-26 00:00:00,Rebalance,2246.51
10341,1373,2025-05-30 00:00:00,Sell,16922.85
10342,1190,2025-09-29 00:00:00,Sell,10711.97
10343,506,2020-09-03 00:00:00,Buy,4816.98
10344,240,2023-09-13 00:00:00,Dividend,2656.67
10345,796,2023-11-08 00:00:00,Contribution,1806.45
10346,23,2024-01-09 00:00:00,Sell,6512.82
10347,1335,2024-05-12 00:00:00,Rebalance,13204
10348,508,2020-09-28 00:00:00,Buy,3247.96
10349,1151,2020-06-22 00:00:00,Contribution,11668.33
10350,844,2024-11-11 00:00:00,Withdrawal,5685.41
10351,901,2024-12-15 00:00:00,Sell,6013.51
10352,1411,2021-06-26 00:00:00,Contribution,31922.03
10353,618,2024-12-18 00:00:00,Buy,3362.79
10354,340,2024-01-29 00:00:00,Dividend,3598.62
10355,835,2020-09-05 00:00:00,Buy,4363.43
10356,1204,2025-03-01 00:00:00,Contribution,7755.93
10357,1380,2022-05-06 00:00:00,Contribution,1454.04
10358,851,2020-04-20 00:00:00,Buy,7703.94
10359,579,2024-12-12 00:00:00,Buy,3164.37
10360,1494,2024-03-28 00:00:00,Dividend,13793
10361,1102,2022-02-01 00:00:00,Contribution,10175.07
10362,611,2022-01-10 00:00:00,Dividend,4353.85
10363,159,2024-09-04 00:00:00,Rebalance,933.65
10364,1191,2023-02-04 00:00:00,Sell,5280.7
10365,899,2023-01-15 00:00:00,Buy,3708.66
10366,1084,2024-07-31 00:00:00,Dividend,11628.83
10367,141,2021-07-08 00:00:00,Buy,9288.09
10368,781,2022-12-29 00:00:00,Contribution,13814.56
10369,1276,2025-12-01 00:00:00,Dividend,12526.54
10370,167,2022-11-11 00:00:00,Buy,42185.29
10371,846,2025-01-11 00:00:00,Rebalance,1808.88
10372,710,2023-12-31 00:00:00,Contribution,12233.24
10373,854,2020-05-05 00:00:00,Buy,10069.4
10374,548,2021-10-16 00:00:00,Sell,3765.61
10375,631,2020-06-28 00:00:00,Withdrawal,19995.99
10376,1396,2025-09-23 00:00:00,Withdrawal,5939.49
10377,1187,2022-02-11 00:00:00,Contribution,14652.37
10378,212,2026-04-25 00:00:00,Sell,2103.47
10379,1338,2023-05-17 00:00:00,Sell,743.83
10380,846,2022-08-27 00:00:00,Sell,9995.9
10381,941,2020-08-13 00:00:00,Dividend,22307.5
10382,951,2020-12-04 00:00:00,Buy,11558.18
10383,1180,2021-05-18 00:00:00,Buy,51337.86
10384,786,2020-09-10 00:00:00,Sell,1515.81
10385,423,2022-07-06 00:00:00,Withdrawal,4708.34
10386,1368,2021-01-05 00:00:00,Buy,2118.53
10387,374,2024-10-09 00:00:00,Withdrawal,26421.24
10388,444,2020-09-29 00:00:00,Buy,11616.91
10389,778,2024-07-04 00:00:00,Contribution,5372.07
10390,26,2024-01-30 00:00:00,Withdrawal,4949.88
10391,1416,2020-06-11 00:00:00,Buy,1451.41
10392,1405,2024-07-23 00:00:00,Withdrawal,61803.11
10393,586,2024-02-18 00:00:00,Buy,7269.49
10394,1469,2020-04-11 00:00:00,Buy,8718
10395,1441,2024-04-01 00:00:00,Sell,4372.3
10396,434,2025-08-23 00:00:00,Sell,12380.41
10397,323,2022-04-18 00:00:00,Buy,51287.09
10398,812,2026-03-30 00:00:00,Buy,14403.5
10399,1341,2021-01-13 00:00:00,Buy,3071.6
10400,863,2021-09-14 00:00:00,Withdrawal,5131.22
10401,604,2025-06-21 00:00:00,Buy,2252.98
10402,433,2022-03-09 00:00:00,Rebalance,27084.71
10403,851,2022-10-25 00:00:00,Contribution,1342.73
10404,773,2020-04-01 00:00:00,Contribution,1291.66
10405,197,2020-03-20 00:00:00,Sell,9915.96
10406,1050,2026-02-25 00:00:00,Rebalance,588.58
10407,1052,2022-08-05 00:00:00,Buy,12974.5
10408,1486,2020-02-09 00:00:00,Contribution,2376.18
10409,1359,2024-10-10 00:00:00,Buy,31782.63
10410,1465,2021-10-14 00:00:00,Sell,7573.08
10411,1438,2023-07-10 00:00:00,Sell,5815.64
10412,1094,2026-03-23 00:00:00,Buy,5116.81
10413,1338,2021-09-11 00:00:00,Dividend,13170.48
10414,907,2026-05-01 00:00:00,Buy,15328.11
10415,1491,2026-05-25 00:00:00,Contribution,8768.31
10416,486,2023-10-11 00:00:00,Contribution,5090.85
10417,523,2026-03-25 00:00:00,Contribution,3570.12
10418,702,2023-08-02 00:00:00,Sell,26557.4
10419,427,2022-07-13 00:00:00,Withdrawal,2110.91
10420,275,2021-12-28 00:00:00,Rebalance,7821.28
10421,285,2023-09-09 00:00:00,Sell,2289.88
10422,877,2023-04-08 00:00:00,Buy,13925.49
10423,646,2022-01-22 00:00:00,Contribution,24381.86
10424,377,2023-10-22 00:00:00,Contribution,8813.17
10425,1484,2024-05-18 00:00:00,Withdrawal,15891.96
10426,1263,2020-03-06 00:00:00,Sell,11971.87
10427,446,2024-03-03 00:00:00,Withdrawal,6311.67
10428,1358,2023-09-04 00:00:00,Sell,10161.6
10429,61,2024-02-15 00:00:00,Buy,1293.51
10430,884,2023-06-23 00:00:00,Rebalance,35101.56
10431,446,2024-08-29 00:00:00,Buy,8458.38
10432,1079,2024-11-22 00:00:00,Contribution,1495.17
10433,293,2020-10-03 00:00:00,Dividend,13496.54
10434,629,2022-07-03 00:00:00,Rebalance,431.12
10435,811,2024-05-21 00:00:00,Buy,22768.12
10436,1177,2023-02-13 00:00:00,Contribution,6621.19
10437,546,2022-11-07 00:00:00,Buy,1529.04
10438,458,2021-01-06 00:00:00,Dividend,8211.87
10439,1342,2021-12-18 00:00:00,Contribution,1377.03
10440,74,2022-11-11 00:00:00,Withdrawal,16456.42
10441,125,2024-03-02 00:00:00,Contribution,15070.68
10442,824,2022-07-19 00:00:00,Buy,2481.23
10443,1004,2024-10-27 00:00:00,Buy,11175.49
10444,917,2021-12-25 00:00:00,Dividend,7523.35
10445,1124,2024-09-08 00:00:00,Sell,1591.87
10446,1486,2021-05-25 00:00:00,Contribution,5687.9
10447,1176,2024-10-10 00:00:00,Withdrawal,17731.33
10448,585,2024-01-24 00:00:00,Sell,4143.91
10449,1004,2023-01-10 00:00:00,Withdrawal,8911.02
10450,1217,2025-06-17 00:00:00,Contribution,7335.97
10451,427,2026-02-28 00:00:00,Buy,829.06
10452,449,2024-07-02 00:00:00,Withdrawal,1359.95
10453,344,2024-09-08 00:00:00,Buy,133903.68
10454,21,2022-02-07 00:00:00,Buy,17397.43
10455,638,2022-06-25 00:00:00,Buy,5511.08
10456,751,2025-02-20 00:00:00,Buy,5137.41
10457,257,2023-06-03 00:00:00,Contribution,35737.31
10458,856,2025-03-23 00:00:00,Rebalance,6931.33
10459,1139,2021-08-13 00:00:00,Buy,2699.76
10460,1415,2024-10-22 00:00:00,Buy,422.17
10461,517,2024-09-09 00:00:00,Contribution,14303.16
10462,1271,2025-09-26 00:00:00,Buy,4079.24
10463,341,2023-04-18 00:00:00,Buy,11602.19
10464,1193,2020-12-01 00:00:00,Dividend,3999.12
10465,1345,2021-08-11 00:00:00,Withdrawal,60494.43
10466,1057,2025-11-19 00:00:00,Contribution,11454.38
10467,1143,2021-03-26 00:00:00,Contribution,14449.88
10468,508,2020-02-03 00:00:00,Buy,2573.22
10469,65,2023-05-15 00:00:00,Buy,12107.46
10470,1182,2023-08-09 00:00:00,Contribution,3868.49
10471,492,2022-08-03 00:00:00,Rebalance,1526.4
10472,737,2023-11-01 00:00:00,Contribution,5647.55
10473,683,2020-12-07 00:00:00,Sell,115733.23
10474,395,2025-06-23 00:00:00,Buy,7559.57
10475,33,2024-11-01 00:00:00,Buy,9674.83
10476,1217,2024-10-19 00:00:00,Buy,7095.35
10477,38,2026-05-08 00:00:00,Withdrawal,21357.34
10478,761,2024-06-10 00:00:00,Buy,34757.98
10479,1171,2026-05-12 00:00:00,Contribution,11136.22
10480,892,2020-12-31 00:00:00,Buy,5696.52
10481,1248,2026-02-01 00:00:00,Buy,1889.97
10482,1171,2025-11-06 00:00:00,Buy,90273.2
10483,134,2022-04-02 00:00:00,Rebalance,645.73
10484,473,2021-04-20 00:00:00,Buy,1014.46
10485,897,2022-03-02 00:00:00,Dividend,9744.72
10486,635,2021-08-26 00:00:00,Sell,16894.76
10487,991,2025-06-21 00:00:00,Withdrawal,698.2
10488,1032,2022-06-14 00:00:00,Sell,5108.24
10489,22,2026-03-28 00:00:00,Buy,5716.38
10490,1172,2026-01-11 00:00:00,Withdrawal,4787.15
10491,563,2026-04-06 00:00:00,Buy,6025.35
10492,1067,2023-09-27 00:00:00,Buy,39614.73
10493,531,2024-07-23 00:00:00,Buy,724.38
10494,61,2022-12-20 00:00:00,Buy,3617.21
10495,734,2020-08-25 00:00:00,Rebalance,6040.88
10496,522,2021-01-24 00:00:00,Buy,874.18
10497,1254,2021-06-11 00:00:00,Withdrawal,2470.06
10498,684,2022-08-08 00:00:00,Rebalance,2140.58
10499,857,2020-04-30 00:00:00,Dividend,5891.8
10500,179,2023-11-06 00:00:00,Buy,506.38
10501,342,2020-06-16 00:00:00,Dividend,7598.13
10502,464,2020-03-15 00:00:00,Rebalance,7690.81
10503,882,2025-08-08 00:00:00,Contribution,3720.53
10504,1088,2023-12-13 00:00:00,Sell,3760.66
10505,1004,2022-11-07 00:00:00,Buy,1058.7
10506,717,2026-04-17 00:00:00,Withdrawal,2601.58
10507,770,2023-06-15 00:00:00,Contribution,3224.25
10508,985,2022-12-25 00:00:00,Rebalance,9408.9
10509,1016,2024-12-06 00:00:00,Withdrawal,8595.06
10510,1084,2022-10-20 00:00:00,Dividend,7585.42
10511,216,2025-12-18 00:00:00,Buy,8861.85
10512,512,2025-07-05 00:00:00,Contribution,21496.71
10513,337,2025-02-22 00:00:00,Rebalance,8602.41
10514,982,2024-03-24 00:00:00,Sell,8531.76
10515,636,2024-02-14 00:00:00,Rebalance,4801.45
10516,1157,2021-10-08 00:00:00,Buy,1129.45
10517,233,2021-12-09 00:00:00,Contribution,3841.4
10518,517,2020-04-23 00:00:00,Rebalance,1255.33
10519,331,2021-12-27 00:00:00,Sell,12560.62
10520,444,2024-12-22 00:00:00,Withdrawal,28575.91
10521,1470,2023-10-26 00:00:00,Sell,11282.68
10522,266,2025-01-16 00:00:00,Buy,7360.38
10523,1224,2024-03-10 00:00:00,Contribution,5411.33
10524,393,2025-02-16 00:00:00,Sell,1878.6
10525,784,2021-02-01 00:00:00,Contribution,7181.35
10526,11,2022-07-16 00:00:00,Contribution,11158.94
10527,1377,2025-12-18 00:00:00,Dividend,6747.5
10528,1235,2025-10-29 00:00:00,Buy,9915.09
10529,1278,2024-04-30 00:00:00,Rebalance,9509.23
10530,957,2025-09-07 00:00:00,Buy,1900.98
10531,590,2022-08-14 00:00:00,Sell,3285.07
10532,843,2021-09-01 00:00:00,Rebalance,5277.99
10533,724,2023-08-29 00:00:00,Buy,19250.04
10534,995,2026-02-28 00:00:00,Sell,11568.17
10535,39,2025-05-10 00:00:00,Buy,7211.62
10536,870,2024-09-15 00:00:00,Contribution,5214.57
10537,804,2021-11-20 00:00:00,Sell,6776.11
10538,424,2022-03-28 00:00:00,Contribution,13749.69
10539,1213,2025-10-28 00:00:00,Rebalance,12954.59
10540,307,2024-11-22 00:00:00,Sell,17324.39
10541,884,2020-02-29 00:00:00,Contribution,2325.06
10542,1237,2022-10-10 00:00:00,Sell,7951.63
10543,630,2020-11-20 00:00:00,Rebalance,17366.81
10544,1100,2023-06-29 00:00:00,Buy,7780.22
10545,933,2022-02-07 00:00:00,Sell,5590.55
10546,1058,2025-02-14 00:00:00,Dividend,3737.98
10547,1203,2022-09-26 00:00:00,Withdrawal,6746.07
10548,72,2022-05-05 00:00:00,Contribution,2204.55
10549,1006,2024-09-12 00:00:00,Sell,238.61
10550,710,2020-03-20 00:00:00,Withdrawal,48200.09
10551,249,2025-01-31 00:00:00,Contribution,2295.52
10552,1004,2024-10-10 00:00:00,Sell,8256.52
10553,1200,2024-09-04 00:00:00,Withdrawal,9116.02
10554,191,2026-01-22 00:00:00,Buy,10687.18
10555,125,2024-03-07 00:00:00,Buy,3882.45
10556,1492,2024-06-01 00:00:00,Buy,2689.66
10557,343,2025-11-21 00:00:00,Rebalance,3026.23
10558,1110,2022-08-07 00:00:00,Dividend,22982.65
10559,281,2022-05-05 00:00:00,Contribution,6622.5
10560,618,2022-07-11 00:00:00,Contribution,64182.7
10561,420,2025-08-31 00:00:00,Rebalance,513.57
10562,1315,2025-10-14 00:00:00,Buy,13755.81
10563,813,2020-09-14 00:00:00,Contribution,6610.88
10564,24,2025-10-05 00:00:00,Buy,15266.14
10565,643,2026-04-21 00:00:00,Buy,1596.38
10566,462,2021-01-28 00:00:00,Withdrawal,34989.77
10567,207,2020-07-24 00:00:00,Buy,12039.13
10568,1278,2023-06-04 00:00:00,Contribution,5580.54
10569,530,2023-12-01 00:00:00,Sell,7547.65
10570,797,2022-12-22 00:00:00,Withdrawal,18717.9
10571,757,2021-08-18 00:00:00,Dividend,2368.2
10572,269,2021-05-20 00:00:00,Buy,7690.13
10573,1349,2022-05-28 00:00:00,Sell,1471.31
10574,352,2021-03-16 00:00:00,Rebalance,37270.88
10575,1477,2020-04-21 00:00:00,Rebalance,4580.37
10576,661,2021-01-05 00:00:00,Dividend,6128.23
10577,1317,2026-02-11 00:00:00,Rebalance,888.67
10578,1104,2025-08-29 00:00:00,Dividend,12804.04
10579,765,2020-10-30 00:00:00,Dividend,7090.21
10580,1187,2020-09-08 00:00:00,Sell,4217.69
10581,1205,2020-09-29 00:00:00,Sell,8436.82
10582,1068,2022-08-27 00:00:00,Buy,4754.31
10583,1194,2025-02-01 00:00:00,Buy,2340.47
10584,879,2025-09-09 00:00:00,Buy,2898.12
10585,521,2024-06-28 00:00:00,Withdrawal,9777.72
10586,25,2022-12-19 00:00:00,Contribution,11654.89
10587,581,2023-06-17 00:00:00,Contribution,13993.82
10588,675,2026-03-24 00:00:00,Sell,15020.47
10589,642,2025-07-22 00:00:00,Withdrawal,10105.55
10590,281,2022-03-06 00:00:00,Sell,3951.96
10591,63,2024-10-24 00:00:00,Buy,994.21
10592,1045,2022-03-06 00:00:00,Buy,15153.89
10593,950,2025-05-11 00:00:00,Contribution,1199.71
10594,1205,2025-02-08 00:00:00,Rebalance,7455.05
10595,1481,2024-12-23 00:00:00,Sell,5049.6
10596,585,2022-06-29 00:00:00,Buy,890.72
10597,324,2022-12-14 00:00:00,Buy,8658.64
10598,432,2023-07-21 00:00:00,Contribution,2305.26
10599,632,2024-08-05 00:00:00,Buy,9914.17
10600,202,2023-05-07 00:00:00,Buy,510.18
10601,1386,2025-12-05 00:00:00,Buy,20717.67
10602,771,2022-11-17 00:00:00,Sell,2599.82
10603,629,2021-05-15 00:00:00,Withdrawal,4520.05
10604,1289,2024-04-30 00:00:00,Withdrawal,4499.32
10605,879,2020-04-28 00:00:00,Sell,3402.71
10606,477,2022-12-13 00:00:00,Contribution,8807.83
10607,1266,2023-05-20 00:00:00,Withdrawal,959.63
10608,238,2021-03-29 00:00:00,Withdrawal,12797.17
10609,403,2022-05-16 00:00:00,Contribution,8948.28
10610,198,2020-05-26 00:00:00,Contribution,3114.5
10611,1068,2022-11-19 00:00:00,Buy,8437.64
10612,1003,2022-05-18 00:00:00,Rebalance,4082.05
10613,47,2020-10-25 00:00:00,Sell,1894.45
10614,1058,2021-12-22 00:00:00,Rebalance,3301.67
10615,1273,2021-02-28 00:00:00,Buy,5473.2
10616,927,2022-02-27 00:00:00,Dividend,3794.39
10617,370,2022-09-13 00:00:00,Dividend,11426.57
10618,1339,2023-08-05 00:00:00,Rebalance,5427.26
10619,368,2022-01-23 00:00:00,Buy,37048.19
10620,1231,2025-01-05 00:00:00,Sell,13316.49
10621,568,2024-06-12 00:00:00,Buy,16647.89
10622,245,2023-05-15 00:00:00,Contribution,45230.41
10623,104,2021-07-17 00:00:00,Withdrawal,5406.93
10624,626,2026-01-24 00:00:00,Contribution,2821.48
10625,37,2022-05-10 00:00:00,Rebalance,12193.27
10626,1160,2024-01-13 00:00:00,Sell,8010.86
10627,1168,2020-06-12 00:00:00,Sell,28099.75
10628,769,2023-07-26 00:00:00,Buy,1293.06
10629,1290,2020-03-28 00:00:00,Withdrawal,2427.51
10630,538,2020-04-01 00:00:00,Contribution,7551.48
10631,680,2026-03-02 00:00:00,Sell,7325.09
10632,603,2024-04-23 00:00:00,Dividend,9698.94
10633,542,2020-11-25 00:00:00,Sell,7103.83
10634,763,2025-03-31 00:00:00,Buy,4388.95
10635,390,2020-09-14 00:00:00,Rebalance,13271.8
10636,93,2026-04-20 00:00:00,Dividend,2475.1
10637,1193,2022-07-18 00:00:00,Buy,3197.38
10638,270,2021-04-26 00:00:00,Dividend,2893.83
10639,706,2022-12-03 00:00:00,Sell,3686.63
10640,971,2025-05-10 00:00:00,Withdrawal,2885.05
10641,1372,2022-11-25 00:00:00,Contribution,5425.63
10642,859,2025-02-07 00:00:00,Contribution,12186.99
10643,164,2020-12-15 00:00:00,Buy,20075.5
10644,952,2022-04-01 00:00:00,Buy,2870.04
10645,1201,2021-11-07 00:00:00,Sell,16529.57
10646,684,2022-06-15 00:00:00,Buy,325.96
10647,559,2023-01-29 00:00:00,Buy,1936.54
10648,251,2023-10-23 00:00:00,Contribution,6297.94
10649,661,2023-01-19 00:00:00,Buy,996.93
10650,694,2026-05-15 00:00:00,Buy,1920.35
10651,1449,2021-11-21 00:00:00,Sell,2058.2
10652,1417,2021-09-01 00:00:00,Withdrawal,5309.05
10653,349,2026-02-21 00:00:00,Sell,3278.82
10654,747,2020-02-14 00:00:00,Sell,6572.86
10655,157,2025-06-09 00:00:00,Rebalance,2806.49
10656,1381,2025-11-25 00:00:00,Withdrawal,4399.86
10657,384,2025-11-15 00:00:00,Buy,8091.66
10658,1116,2024-03-07 00:00:00,Rebalance,2382.98
10659,309,2020-05-23 00:00:00,Contribution,11241.84
10660,1083,2024-10-09 00:00:00,Dividend,3954.51
10661,630,2021-02-12 00:00:00,Sell,7118.1
10662,1281,2024-12-22 00:00:00,Sell,4502.71
10663,729,2025-03-26 00:00:00,Buy,3789
10664,1126,2021-11-01 00:00:00,Buy,104141.41
10665,1069,2021-06-12 00:00:00,Withdrawal,23434.59
10666,1288,2026-03-21 00:00:00,Sell,10420.12
10667,630,2023-02-22 00:00:00,Dividend,12399.28
10668,1391,2023-06-06 00:00:00,Dividend,20517.88
10669,566,2022-06-01 00:00:00,Withdrawal,1445.08
10670,445,2022-08-17 00:00:00,Sell,2667
10671,1134,2024-10-17 00:00:00,Rebalance,8253.82
10672,570,2026-02-09 00:00:00,Buy,4695.25
10673,247,2023-07-09 00:00:00,Sell,67484.57
10674,211,2025-01-10 00:00:00,Rebalance,11014.6
10675,1102,2024-05-01 00:00:00,Buy,6453.68
10676,83,2025-06-26 00:00:00,Buy,7769.48
10677,218,2025-02-17 00:00:00,Sell,3608.56
10678,295,2025-06-22 00:00:00,Sell,3211
10679,1264,2022-09-09 00:00:00,Buy,855.92
10680,911,2022-03-05 00:00:00,Sell,27578.39
10681,909,2024-02-03 00:00:00,Withdrawal,6497.76
10682,660,2021-12-30 00:00:00,Buy,28983.79
10683,1342,2024-09-14 00:00:00,Withdrawal,7075.48
10684,822,2025-05-24 00:00:00,Dividend,5371.45
10685,700,2026-05-17 00:00:00,Withdrawal,5441.3
10686,1095,2021-12-08 00:00:00,Buy,6259.54
10687,755,2023-03-18 00:00:00,Buy,2865.85
10688,1342,2023-10-09 00:00:00,Buy,1485.82
10689,1049,2020-08-30 00:00:00,Rebalance,15919.94
10690,1425,2023-02-07 00:00:00,Contribution,3655.61
10691,1324,2025-12-30 00:00:00,Sell,2867.43
10692,1187,2025-01-14 00:00:00,Buy,3174.45
10693,1181,2022-04-28 00:00:00,Buy,8678.24
10694,1446,2026-05-02 00:00:00,Contribution,9659.75
10695,186,2020-10-11 00:00:00,Withdrawal,2516.19
10696,552,2024-03-17 00:00:00,Dividend,9029.39
10697,1368,2021-04-10 00:00:00,Contribution,3016.23
10698,82,2024-03-24 00:00:00,Buy,12141.94
10699,1278,2020-09-19 00:00:00,Withdrawal,2340.01
10700,165,2023-11-21 00:00:00,Buy,4770.71
10701,1408,2022-09-24 00:00:00,Rebalance,3048.39
10702,1029,2020-07-16 00:00:00,Buy,9347.22
10703,287,2024-09-26 00:00:00,Withdrawal,37401.47
10704,445,2024-10-23 00:00:00,Buy,2648.19
10705,1085,2022-01-28 00:00:00,Buy,3263.81
10706,481,2025-12-12 00:00:00,Contribution,3554.17
10707,1314,2020-09-27 00:00:00,Withdrawal,5456.64
10708,634,2020-04-22 00:00:00,Withdrawal,5785.75
10709,323,2021-06-29 00:00:00,Withdrawal,3901.19
10710,332,2020-03-17 00:00:00,Rebalance,8444.4
10711,637,2021-09-21 00:00:00,Buy,652.14
10712,958,2022-04-17 00:00:00,Withdrawal,5849.39
10713,1341,2022-02-23 00:00:00,Buy,18422.32
10714,1073,2024-01-04 00:00:00,Dividend,20545.78
10715,1074,2021-09-22 00:00:00,Rebalance,8056.67
10716,46,2023-05-15 00:00:00,Sell,4140.24
10717,1191,2021-09-15 00:00:00,Buy,785.59
10718,1159,2026-01-08 00:00:00,Buy,13258.61
10719,187,2024-10-07 00:00:00,Buy,4435.56
10720,1365,2025-01-21 00:00:00,Buy,5407.67
10721,1078,2026-03-21 00:00:00,Buy,23702.27
10722,1474,2021-08-07 00:00:00,Dividend,26738.66
10723,352,2024-04-30 00:00:00,Dividend,13748.1
10724,1425,2022-08-11 00:00:00,Buy,2439.35
10725,470,2022-09-28 00:00:00,Buy,11416.87
10726,888,2025-08-24 00:00:00,Sell,2378.42
10727,249,2023-04-22 00:00:00,Buy,5335.92
10728,217,2020-07-11 00:00:00,Rebalance,9471.13
10729,323,2022-07-13 00:00:00,Dividend,2460.69
10730,1381,2020-09-25 00:00:00,Buy,4616.74
10731,1470,2021-08-02 00:00:00,Sell,6787.32
10732,338,2025-10-04 00:00:00,Withdrawal,13434.47
10733,1472,2021-04-24 00:00:00,Contribution,19983.31
10734,708,2022-05-23 00:00:00,Buy,6870.8
10735,889,2026-04-08 00:00:00,Rebalance,11989.45
10736,358,2022-10-06 00:00:00,Buy,516.27
10737,357,2021-09-25 00:00:00,Buy,1664.84
10738,768,2026-05-05 00:00:00,Sell,23636.87
10739,76,2025-03-02 00:00:00,Buy,4185.89
10740,1366,2021-01-19 00:00:00,Contribution,6756.63
10741,120,2024-07-13 00:00:00,Rebalance,3069.5
10742,1117,2025-12-02 00:00:00,Buy,15587.12
10743,495,2021-01-07 00:00:00,Buy,14666.37
10744,1371,2022-07-10 00:00:00,Sell,2486.65
10745,1146,2022-12-03 00:00:00,Buy,852.3
10746,709,2024-07-22 00:00:00,Sell,6976.55
10747,1169,2024-02-24 00:00:00,Sell,2775.57
10748,573,2025-08-30 00:00:00,Withdrawal,17379.36
10749,755,2024-05-24 00:00:00,Buy,11768.16
10750,532,2023-12-17 00:00:00,Buy,33800.92
10751,1361,2022-02-02 00:00:00,Buy,27237.01
10752,1497,2022-08-24 00:00:00,Dividend,8430.82
10753,1379,2020-03-31 00:00:00,Buy,8972.6
10754,1114,2023-09-04 00:00:00,Dividend,6254.09
10755,947,2025-07-06 00:00:00,Sell,16393.37
10756,717,2021-09-24 00:00:00,Rebalance,7694.46
10757,1377,2023-09-01 00:00:00,Contribution,16674.81
10758,842,2024-11-13 00:00:00,Buy,17800
10759,376,2024-05-27 00:00:00,Withdrawal,1072.28
10760,644,2022-03-11 00:00:00,Buy,12558.08
10761,771,2025-04-20 00:00:00,Contribution,7842.21
10762,140,2024-10-17 00:00:00,Dividend,5994.08
10763,1292,2020-04-15 00:00:00,Dividend,3324.48
10764,1361,2023-04-28 00:00:00,Contribution,107622.73
10765,1266,2020-07-08 00:00:00,Contribution,6017.73
10766,1220,2024-06-01 00:00:00,Sell,1635.91
10767,653,2024-12-13 00:00:00,Sell,5139.44
10768,692,2024-04-24 00:00:00,Buy,5297.52
10769,517,2026-03-06 00:00:00,Contribution,11804.72
10770,1495,2022-01-01 00:00:00,Contribution,8474.45
10771,889,2022-06-27 00:00:00,Contribution,2199.33
10772,1329,2025-03-25 00:00:00,Buy,1840.46
10773,530,2023-04-16 00:00:00,Contribution,56559.97
10774,1321,2024-05-20 00:00:00,Buy,6621.38
10775,381,2026-04-20 00:00:00,Contribution,7507.48
10776,186,2020-10-21 00:00:00,Sell,8301.14
10777,903,2023-01-15 00:00:00,Contribution,1897.39
10778,1164,2021-05-10 00:00:00,Contribution,36097.56
10779,169,2020-04-06 00:00:00,Dividend,5574.42
10780,1276,2026-04-22 00:00:00,Sell,929.18
10781,865,2022-01-03 00:00:00,Sell,3141.61
10782,888,2021-04-14 00:00:00,Rebalance,54864.61
10783,120,2022-03-28 00:00:00,Buy,1379.03
10784,270,2024-06-26 00:00:00,Contribution,1628.46
10785,655,2022-08-22 00:00:00,Sell,19019.24
10786,329,2025-05-12 00:00:00,Contribution,10902.88
10787,1049,2024-01-20 00:00:00,Buy,994.15
10788,1195,2020-06-08 00:00:00,Buy,4341.97
10789,1142,2021-07-20 00:00:00,Contribution,13434.71
10790,1390,2020-01-21 00:00:00,Withdrawal,12594.41
10791,812,2023-11-26 00:00:00,Contribution,8235.31
10792,303,2026-05-29 00:00:00,Contribution,20388.31
10793,1236,2026-01-28 00:00:00,Contribution,3061.26
10794,995,2021-10-30 00:00:00,Dividend,4525.2
10795,140,2024-03-04 00:00:00,Buy,7531.49
10796,1221,2025-08-10 00:00:00,Sell,4305.9
10797,49,2021-12-08 00:00:00,Sell,5786.93
10798,704,2025-10-29 00:00:00,Buy,3188.48
10799,774,2021-11-02 00:00:00,Buy,14369.24
10800,9,2020-11-18 00:00:00,Buy,149015.94
10801,574,2026-03-05 00:00:00,Sell,7294.48
10802,909,2024-09-24 00:00:00,Dividend,75578.52
10803,1468,2024-01-31 00:00:00,Dividend,25328.61
10804,47,2024-06-22 00:00:00,Sell,4116.49
10805,1323,2025-08-20 00:00:00,Sell,27183.2
10806,164,2025-10-04 00:00:00,Buy,14458.96
10807,78,2024-10-29 00:00:00,Dividend,17875.72
10808,1163,2020-05-04 00:00:00,Sell,76921.02
10809,472,2020-04-21 00:00:00,Buy,35451.08
10810,305,2021-04-21 00:00:00,Rebalance,40597.15
10811,315,2020-03-21 00:00:00,Sell,6790.46
10812,1036,2020-04-02 00:00:00,Dividend,8128.78
10813,1445,2023-08-03 00:00:00,Buy,3321.65
10814,1474,2021-11-03 00:00:00,Sell,779.9
10815,1315,2022-07-25 00:00:00,Contribution,6882.6
10816,234,2021-12-24 00:00:00,Withdrawal,4350.41
10817,247,2025-02-18 00:00:00,Sell,51092.85
10818,562,2023-06-13 00:00:00,Withdrawal,21730.81
10819,363,2023-08-03 00:00:00,Withdrawal,4283.6
10820,543,2020-06-14 00:00:00,Sell,33476.78
10821,1421,2024-05-31 00:00:00,Rebalance,7493.33
10822,1209,2020-12-14 00:00:00,Rebalance,2928.85
10823,539,2023-05-23 00:00:00,Sell,13636.94
10824,125,2024-11-06 00:00:00,Buy,4908.77
10825,1487,2022-12-12 00:00:00,Dividend,6044.2
10826,1104,2021-10-09 00:00:00,Dividend,7736.05
10827,974,2022-12-07 00:00:00,Contribution,1097.69
10828,149,2024-03-04 00:00:00,Buy,2749
10829,1233,2021-07-21 00:00:00,Contribution,2180.95
10830,899,2021-11-30 00:00:00,Rebalance,1743.45
10831,1459,2025-10-03 00:00:00,Sell,7439.41
10832,332,2026-01-03 00:00:00,Buy,25326.7
10833,1356,2023-07-08 00:00:00,Buy,1102.7
10834,316,2020-03-03 00:00:00,Withdrawal,1415.43
10835,535,2021-01-04 00:00:00,Withdrawal,4173.2
10836,671,2025-02-13 00:00:00,Withdrawal,15175.08
10837,726,2021-07-04 00:00:00,Sell,2218.35
10838,1108,2025-03-06 00:00:00,Dividend,6018.27
10839,828,2023-09-17 00:00:00,Buy,1897.9
10840,1255,2021-04-13 00:00:00,Sell,2348.8
10841,872,2021-07-23 00:00:00,Dividend,1812.45
10842,857,2024-08-13 00:00:00,Buy,2739.7
10843,1419,2026-01-11 00:00:00,Buy,6477.7
10844,689,2022-02-21 00:00:00,Contribution,7362.31
10845,1062,2024-10-01 00:00:00,Buy,1809.13
10846,1290,2025-01-13 00:00:00,Sell,26885.55
10847,766,2020-10-07 00:00:00,Buy,7599.56
10848,1185,2023-12-14 00:00:00,Buy,7914.57
10849,1443,2022-10-19 00:00:00,Contribution,1739.36
10850,1066,2026-01-11 00:00:00,Contribution,16201.98
10851,249,2022-06-06 00:00:00,Sell,4702.98
10852,1066,2024-07-12 00:00:00,Sell,4447.93
10853,1211,2023-04-14 00:00:00,Sell,3881.42
10854,886,2024-04-04 00:00:00,Withdrawal,1962.67
10855,6,2024-06-20 00:00:00,Rebalance,9931.42
10856,199,2020-04-20 00:00:00,Buy,4565.21
10857,1455,2025-07-29 00:00:00,Rebalance,43052.87
10858,1362,2025-06-13 00:00:00,Contribution,4626.16
10859,1265,2025-07-26 00:00:00,Contribution,17587.41
10860,99,2020-10-21 00:00:00,Buy,14962.63
10861,965,2020-11-18 00:00:00,Contribution,19850.79
10862,1007,2022-03-17 00:00:00,Contribution,41714.95
10863,362,2020-09-12 00:00:00,Sell,740.11
10864,1054,2025-12-07 00:00:00,Withdrawal,3378.57
10865,744,2022-09-11 00:00:00,Buy,2487.5
10866,1087,2024-08-30 00:00:00,Buy,6958.3
10867,45,2021-08-01 00:00:00,Contribution,3535.46
10868,693,2024-03-05 00:00:00,Sell,7035.83
10869,605,2020-09-26 00:00:00,Buy,12737.45
10870,154,2022-12-29 00:00:00,Buy,3739.36
10871,72,2024-04-06 00:00:00,Buy,1350.57
10872,306,2021-09-04 00:00:00,Buy,10256.07
10873,1336,2020-10-28 00:00:00,Buy,2519.75
10874,23,2020-04-27 00:00:00,Sell,9747.94
10875,797,2021-08-26 00:00:00,Buy,26598.35
10876,1299,2025-07-24 00:00:00,Contribution,15815.34
10877,780,2026-04-03 00:00:00,Dividend,3024.69
10878,930,2023-12-26 00:00:00,Buy,5253.12
10879,1477,2025-05-31 00:00:00,Buy,2179.12
10880,743,2022-03-10 00:00:00,Buy,9579.47
10881,626,2021-02-24 00:00:00,Withdrawal,8271.95
10882,1163,2023-11-16 00:00:00,Contribution,6587.32
10883,701,2023-06-29 00:00:00,Contribution,1909.43
10884,799,2021-10-09 00:00:00,Contribution,4020.52
10885,164,2022-09-15 00:00:00,Withdrawal,3388.38
10886,107,2023-02-19 00:00:00,Contribution,3258.08
10887,218,2026-05-11 00:00:00,Withdrawal,2126.48
10888,563,2024-11-07 00:00:00,Contribution,48933.59
10889,886,2022-12-30 00:00:00,Withdrawal,1719.5
10890,538,2020-12-20 00:00:00,Sell,16039.03
10891,264,2020-02-01 00:00:00,Buy,4286.96
10892,1229,2020-07-13 00:00:00,Buy,4493.54
10893,268,2023-01-19 00:00:00,Dividend,4040.44
10894,102,2025-12-09 00:00:00,Sell,3327.85
10895,966,2025-09-10 00:00:00,Buy,17811.1
10896,1268,2024-12-18 00:00:00,Sell,1649.14
10897,1302,2023-09-30 00:00:00,Buy,9134.81
10898,545,2023-08-11 00:00:00,Contribution,25842.12
10899,42,2020-03-22 00:00:00,Buy,2873.13
10900,224,2022-09-12 00:00:00,Buy,1324.96
10901,592,2024-04-20 00:00:00,Buy,15824.39
10902,112,2022-01-22 00:00:00,Buy,19775.29
10903,148,2026-01-02 00:00:00,Rebalance,16633.87
10904,1183,2024-04-10 00:00:00,Sell,36378.36
10905,908,2024-02-06 00:00:00,Buy,6255.76
10906,183,2021-04-04 00:00:00,Buy,3623.71
10907,1342,2023-11-16 00:00:00,Buy,5939
10908,68,2022-01-08 00:00:00,Buy,1969.56
10909,450,2025-05-18 00:00:00,Contribution,5029.16
10910,1359,2024-09-12 00:00:00,Rebalance,5683.5
10911,1149,2020-08-17 00:00:00,Sell,6500.46
10912,366,2024-10-11 00:00:00,Buy,6412.68
10913,1459,2026-05-01 00:00:00,Sell,47391.55
10914,1183,2021-11-06 00:00:00,Buy,1344.7
10915,438,2022-10-03 00:00:00,Rebalance,2219.84
10916,1287,2022-07-02 00:00:00,Sell,8974.92
10917,632,2021-08-09 00:00:00,Rebalance,20910.54
10918,641,2026-03-09 00:00:00,Buy,11055.51
10919,23,2024-12-02 00:00:00,Withdrawal,7374.19
10920,1077,2024-08-19 00:00:00,Sell,10703.21
10921,611,2024-08-26 00:00:00,Rebalance,8756.76
10922,400,2020-07-03 00:00:00,Withdrawal,10474.12
10923,561,2020-02-13 00:00:00,Buy,19760.16
10924,590,2025-09-01 00:00:00,Dividend,3507.37
10925,1157,2022-09-07 00:00:00,Contribution,3475.84
10926,292,2024-04-01 00:00:00,Sell,8466.22
10927,1100,2021-09-29 00:00:00,Buy,2948.84
10928,56,2022-07-17 00:00:00,Sell,10988.17
10929,153,2025-01-19 00:00:00,Buy,4442.85
10930,1211,2022-12-04 00:00:00,Sell,1754.92
10931,1431,2024-01-13 00:00:00,Buy,5038.07
10932,291,2021-04-02 00:00:00,Buy,1279.89
10933,856,2021-02-05 00:00:00,Contribution,23076.31
10934,95,2021-11-16 00:00:00,Sell,11642.03
10935,362,2022-10-13 00:00:00,Buy,1954.94
10936,67,2024-11-26 00:00:00,Buy,1702.57
10937,1227,2020-03-17 00:00:00,Contribution,3319.81
10938,341,2023-03-20 00:00:00,Rebalance,3060.11
10939,1100,2022-05-06 00:00:00,Withdrawal,7603.28
10940,1134,2026-03-14 00:00:00,Rebalance,9855.59
10941,735,2023-01-20 00:00:00,Buy,3744.61
10942,541,2020-01-02 00:00:00,Buy,11252.89
10943,986,2023-10-19 00:00:00,Buy,3632.08
10944,1242,2025-02-27 00:00:00,Rebalance,12045.65
10945,1253,2025-09-14 00:00:00,Withdrawal,14115.73
10946,1320,2024-02-17 00:00:00,Rebalance,4136.44
10947,1378,2026-03-03 00:00:00,Buy,13988.9
10948,1132,2022-07-03 00:00:00,Contribution,3520.61
10949,1180,2020-06-23 00:00:00,Sell,2257.93
10950,1253,2025-01-24 00:00:00,Withdrawal,1663.92
10951,1392,2020-12-01 00:00:00,Withdrawal,11399.9
10952,594,2024-12-27 00:00:00,Buy,21741.76
10953,926,2024-08-31 00:00:00,Withdrawal,9215.43
10954,930,2024-09-28 00:00:00,Dividend,4234.76
10955,1423,2022-02-28 00:00:00,Buy,6208.25
10956,89,2021-04-28 00:00:00,Withdrawal,26481.92
10957,1059,2024-10-31 00:00:00,Sell,1213.58
10958,441,2024-06-06 00:00:00,Sell,8179.34
10959,395,2024-02-28 00:00:00,Contribution,1123.21
10960,750,2024-09-12 00:00:00,Sell,5781.52
10961,1383,2024-11-28 00:00:00,Sell,5167.16
10962,3,2022-09-18 00:00:00,Buy,5230.49
10963,289,2025-09-23 00:00:00,Rebalance,7622.98
10964,1260,2024-06-12 00:00:00,Withdrawal,6331.92
10965,1391,2020-12-02 00:00:00,Withdrawal,8538.71
10966,1282,2023-09-07 00:00:00,Dividend,15465.27
10967,1445,2025-09-25 00:00:00,Sell,2535.06
10968,1044,2020-12-06 00:00:00,Contribution,10604.34
10969,1145,2023-09-08 00:00:00,Contribution,17891.64
10970,1456,2025-07-16 00:00:00,Sell,21187.38
10971,434,2026-05-11 00:00:00,Dividend,28396.4
10972,24,2023-04-25 00:00:00,Buy,6733.71
10973,930,2022-12-20 00:00:00,Sell,10584.32
10974,1062,2023-05-13 00:00:00,Withdrawal,2296.52
10975,1499,2021-07-17 00:00:00,Contribution,18386.09
10976,672,2025-09-12 00:00:00,Withdrawal,5527.53
10977,773,2025-09-22 00:00:00,Sell,2926.19
10978,804,2023-07-29 00:00:00,Contribution,5291.6
10979,160,2024-08-17 00:00:00,Rebalance,34466.22
10980,778,2026-01-15 00:00:00,Contribution,4779.89
10981,1301,2026-04-26 00:00:00,Sell,5098.01
10982,813,2024-08-01 00:00:00,Buy,8803.61
10983,55,2023-02-23 00:00:00,Sell,14971.24
10984,1045,2020-11-21 00:00:00,Rebalance,1114.32
10985,611,2023-06-03 00:00:00,Buy,24475.61
10986,1305,2020-09-02 00:00:00,Buy,6802.5
10987,1046,2024-08-20 00:00:00,Contribution,6242.55
10988,573,2023-11-02 00:00:00,Buy,4043.08
10989,240,2020-08-08 00:00:00,Buy,22149.17
10990,1285,2025-01-13 00:00:00,Sell,8436.94
10991,314,2021-09-08 00:00:00,Sell,10420.81
10992,1089,2020-12-14 00:00:00,Dividend,7329.41
10993,816,2021-12-09 00:00:00,Buy,4220.69
10994,441,2020-05-07 00:00:00,Contribution,21746.97
10995,827,2021-08-13 00:00:00,Withdrawal,16301.98
10996,314,2024-02-09 00:00:00,Withdrawal,2243.9
10997,562,2023-07-12 00:00:00,Withdrawal,525.33
10998,941,2023-08-15 00:00:00,Rebalance,5454.39
10999,962,2021-12-26 00:00:00,Contribution,55728.82
11000,615,2022-03-06 00:00:00,Withdrawal,3047.29
11001,890,2022-07-06 00:00:00,Contribution,12024.01
11002,685,2023-01-09 00:00:00,Dividend,3424.07
11003,654,2020-11-01 00:00:00,Buy,2243.13
11004,1270,2024-10-16 00:00:00,Buy,3302.2
11005,44,2020-12-20 00:00:00,Rebalance,1001.5
11006,350,2021-11-23 00:00:00,Buy,2005.46
11007,803,2020-09-24 00:00:00,Rebalance,68558.92
11008,158,2025-06-01 00:00:00,Rebalance,1406.42
11009,713,2020-01-07 00:00:00,Buy,3257.73
11010,1031,2023-05-09 00:00:00,Sell,18485.28
11011,60,2021-11-26 00:00:00,Buy,7357.45
11012,835,2025-05-03 00:00:00,Buy,5849.94
11013,657,2025-06-18 00:00:00,Buy,443.95
11014,53,2023-01-10 00:00:00,Withdrawal,30239.6
11015,556,2024-12-03 00:00:00,Contribution,17079.07
11016,1057,2025-10-10 00:00:00,Dividend,985.48
11017,210,2026-05-11 00:00:00,Buy,67711.56
11018,1344,2022-12-09 00:00:00,Sell,11442.29
11019,833,2020-12-27 00:00:00,Withdrawal,8823
11020,220,2023-04-10 00:00:00,Buy,20452.17
11021,200,2025-03-16 00:00:00,Withdrawal,1458.26
11022,1232,2020-09-21 00:00:00,Buy,1620.68
11023,918,2021-09-18 00:00:00,Sell,15807.01
11024,1219,2025-06-27 00:00:00,Contribution,6173.87
11025,915,2026-02-18 00:00:00,Buy,7838.93
11026,1476,2025-01-20 00:00:00,Buy,9879.76
11027,1304,2024-05-24 00:00:00,Contribution,892.63
11028,469,2025-08-25 00:00:00,Buy,8228.48
11029,1358,2023-04-19 00:00:00,Sell,6442.22
11030,1102,2024-03-08 00:00:00,Buy,45004.71
11031,327,2025-03-19 00:00:00,Buy,1448.62
11032,239,2022-12-15 00:00:00,Rebalance,1182.32
11033,35,2021-12-12 00:00:00,Withdrawal,2310.6
11034,566,2023-01-22 00:00:00,Dividend,3291.61
11035,639,2024-04-19 00:00:00,Buy,9441.82
11036,1297,2022-11-17 00:00:00,Buy,14642.5
11037,968,2025-12-15 00:00:00,Sell,25112.79
11038,151,2021-07-04 00:00:00,Sell,3826.82
11039,564,2025-03-29 00:00:00,Rebalance,8953.5
11040,286,2026-03-16 00:00:00,Dividend,1737.46
11041,256,2023-07-12 00:00:00,Buy,3264.14
11042,1438,2023-02-02 00:00:00,Dividend,10464.21
11043,832,2024-06-26 00:00:00,Buy,3921.61
11044,1397,2024-08-08 00:00:00,Buy,1837.19
11045,879,2021-03-10 00:00:00,Contribution,3312.38
11046,31,2023-07-09 00:00:00,Sell,33957.45
11047,920,2026-04-14 00:00:00,Sell,3431.63
11048,831,2022-08-03 00:00:00,Contribution,12523.87
11049,568,2021-09-05 00:00:00,Rebalance,14606.3
11050,1128,2020-06-28 00:00:00,Buy,33937.83
11051,169,2020-01-16 00:00:00,Sell,8948.77
11052,8,2020-04-03 00:00:00,Sell,9396.23
11053,1207,2025-05-03 00:00:00,Buy,4753.99
11054,100,2021-08-22 00:00:00,Dividend,727.16
11055,1310,2022-06-26 00:00:00,Contribution,2564.78
11056,616,2025-04-17 00:00:00,Contribution,10035.37
11057,671,2021-08-05 00:00:00,Buy,8473.58
11058,169,2024-09-07 00:00:00,Contribution,3432.3
11059,343,2024-09-19 00:00:00,Dividend,4290.75
11060,627,2020-01-06 00:00:00,Buy,8183.15
11061,1153,2022-11-23 00:00:00,Buy,8726.54
11062,1204,2022-12-16 00:00:00,Buy,3188.74
11063,887,2025-08-09 00:00:00,Contribution,1557.44
11064,170,2025-09-29 00:00:00,Dividend,7741.67
11065,65,2022-02-13 00:00:00,Buy,9873.97
11066,870,2022-08-02 00:00:00,Buy,3392.76
11067,595,2023-08-15 00:00:00,Sell,8892.49
11068,760,2021-05-21 00:00:00,Dividend,15582.8
11069,1311,2021-04-14 00:00:00,Rebalance,5050.8
11070,171,2023-03-30 00:00:00,Buy,8232.12
11071,1012,2025-07-18 00:00:00,Buy,11239.42
11072,1489,2020-08-12 00:00:00,Buy,4778.59
11073,324,2023-05-11 00:00:00,Dividend,1220.22
11074,781,2022-07-23 00:00:00,Sell,11666.38
11075,1244,2025-07-12 00:00:00,Contribution,14438.25
11076,879,2022-05-07 00:00:00,Contribution,3939.43
11077,999,2022-03-01 00:00:00,Rebalance,1968.77
11078,352,2021-07-08 00:00:00,Sell,3600.57
11079,51,2021-09-10 00:00:00,Dividend,1042.83
11080,1352,2022-09-03 00:00:00,Buy,2530.07
11081,1407,2022-10-27 00:00:00,Buy,6686.47
11082,1358,2022-08-26 00:00:00,Buy,47451.48
11083,657,2023-10-09 00:00:00,Buy,250000
11084,925,2021-01-26 00:00:00,Dividend,5309.75
11085,1494,2026-04-15 00:00:00,Buy,5306.83
11086,1180,2021-09-03 00:00:00,Sell,2073.67
11087,1393,2020-05-16 00:00:00,Sell,2111.08
11088,1192,2023-11-29 00:00:00,Sell,15229.42
11089,719,2024-06-11 00:00:00,Rebalance,6817.16
11090,704,2021-02-12 00:00:00,Sell,2667.45
11091,578,2026-01-20 00:00:00,Buy,1114.44
11092,974,2020-07-13 00:00:00,Withdrawal,7164.67
11093,311,2020-10-20 00:00:00,Contribution,2101.87
11094,491,2022-11-03 00:00:00,Dividend,7954.06
11095,612,2024-02-18 00:00:00,Sell,10717.71
11096,1277,2020-03-21 00:00:00,Buy,13474.21
11097,98,2021-11-15 00:00:00,Sell,9994.18
11098,1361,2024-01-29 00:00:00,Buy,10989.41
11099,11,2024-01-23 00:00:00,Contribution,5993.98
11100,293,2025-04-14 00:00:00,Sell,5797.22
11101,678,2025-01-27 00:00:00,Sell,17026.77
11102,1379,2024-01-26 00:00:00,Sell,15916.03
11103,322,2023-07-26 00:00:00,Contribution,1682.03
11104,102,2022-05-29 00:00:00,Buy,7225.38
11105,903,2025-08-01 00:00:00,Buy,2540.17
11106,268,2023-09-27 00:00:00,Sell,3691.11
11107,1336,2021-10-29 00:00:00,Withdrawal,16283.82
11108,776,2022-02-02 00:00:00,Contribution,4729.51
11109,388,2023-12-17 00:00:00,Sell,20041.13
11110,669,2020-03-13 00:00:00,Withdrawal,2120.25
11111,367,2020-03-31 00:00:00,Sell,5116.17
11112,215,2021-06-13 00:00:00,Sell,4735.51
11113,1487,2020-10-18 00:00:00,Contribution,3203.04
11114,779,2026-05-08 00:00:00,Rebalance,4355.39
11115,1131,2021-02-20 00:00:00,Contribution,9986.84
11116,1495,2025-12-31 00:00:00,Sell,8110.71
11117,1313,2026-04-28 00:00:00,Buy,3163.56
11118,860,2024-10-08 00:00:00,Buy,49404.86
11119,1188,2023-04-23 00:00:00,Dividend,2475.28
11120,795,2020-03-01 00:00:00,Sell,28892.96
11121,291,2020-02-20 00:00:00,Buy,11063.97
11122,333,2021-12-08 00:00:00,Dividend,5149.46
11123,449,2022-02-14 00:00:00,Sell,8724.96
11124,790,2025-07-18 00:00:00,Dividend,2279.87
11125,720,2025-12-14 00:00:00,Sell,7276.96
11126,415,2020-02-13 00:00:00,Sell,13708.39
11127,515,2026-05-23 00:00:00,Withdrawal,3925.86
11128,335,2026-05-17 00:00:00,Buy,15982.99
11129,1076,2025-01-14 00:00:00,Withdrawal,2282.71
11130,895,2025-04-13 00:00:00,Withdrawal,5913.36
11131,6,2020-12-19 00:00:00,Withdrawal,2565.68
11132,852,2021-06-21 00:00:00,Contribution,53345.48
11133,1181,2020-05-23 00:00:00,Contribution,34179.53
11134,353,2024-01-22 00:00:00,Withdrawal,12422.9
11135,352,2025-11-15 00:00:00,Buy,7353.43
11136,1277,2022-01-14 00:00:00,Sell,19500.69
11137,93,2021-01-29 00:00:00,Buy,1625.61
11138,396,2024-03-31 00:00:00,Buy,8016.46
11139,661,2025-05-13 00:00:00,Buy,5019.54
11140,791,2023-11-07 00:00:00,Buy,7628.14
11141,292,2022-02-26 00:00:00,Withdrawal,34898.86
11142,1348,2025-06-07 00:00:00,Withdrawal,17571.75
11143,273,2020-12-03 00:00:00,Withdrawal,1945.24
11144,217,2020-06-24 00:00:00,Rebalance,2234.09
11145,854,2026-01-24 00:00:00,Buy,15093.08
11146,662,2021-10-08 00:00:00,Contribution,3106.63
11147,1166,2026-02-25 00:00:00,Contribution,1412.17
11148,905,2020-08-28 00:00:00,Dividend,2264.02
11149,624,2022-05-27 00:00:00,Buy,5831.02
11150,452,2023-12-25 00:00:00,Buy,756.03
11151,1106,2026-03-22 00:00:00,Buy,2100.31
11152,923,2023-07-28 00:00:00,Sell,49608.68
11153,202,2022-08-31 00:00:00,Sell,6031.42
11154,431,2024-04-28 00:00:00,Buy,700.27
11155,1310,2020-02-14 00:00:00,Contribution,4570.61
11156,141,2025-06-07 00:00:00,Dividend,9425.88
11157,150,2020-01-05 00:00:00,Buy,2482.32
11158,318,2020-03-24 00:00:00,Withdrawal,7306.32
11159,1432,2025-08-12 00:00:00,Contribution,14803.07
11160,1161,2021-06-28 00:00:00,Dividend,34845.86
11161,1418,2021-05-05 00:00:00,Contribution,2715.17
11162,192,2023-11-14 00:00:00,Buy,39487.45
11163,1178,2023-07-29 00:00:00,Sell,328.63
11164,1142,2021-11-14 00:00:00,Buy,11661.58
11165,305,2021-12-15 00:00:00,Sell,19250.39
11166,243,2024-11-11 00:00:00,Withdrawal,18298.06
11167,260,2023-02-19 00:00:00,Sell,12154.79
11168,991,2022-05-13 00:00:00,Sell,7312.78
11169,779,2021-01-10 00:00:00,Dividend,5932.39
11170,1014,2021-04-03 00:00:00,Sell,9454.62
11171,227,2020-03-04 00:00:00,Buy,45645.01
11172,846,2024-03-19 00:00:00,Contribution,21123.66
11173,1278,2023-05-07 00:00:00,Withdrawal,465.58
11174,828,2025-05-17 00:00:00,Contribution,6142.34
11175,1427,2022-07-29 00:00:00,Sell,2076.19
11176,260,2020-02-20 00:00:00,Buy,9358.53
11177,764,2024-06-30 00:00:00,Buy,12085.02
11178,949,2023-06-07 00:00:00,Contribution,14279.72
11179,849,2021-09-21 00:00:00,Buy,2041.7
11180,732,2021-03-27 00:00:00,Withdrawal,5651.63
11181,1444,2023-08-11 00:00:00,Sell,11040.04
11182,903,2020-03-24 00:00:00,Sell,2507.24
11183,389,2023-09-14 00:00:00,Sell,1258.13
11184,1184,2023-07-29 00:00:00,Contribution,6661.69
11185,554,2022-09-06 00:00:00,Buy,3821.73
11186,1038,2023-10-22 00:00:00,Dividend,11438.13
11187,524,2022-08-08 00:00:00,Buy,1117.13
11188,314,2022-09-15 00:00:00,Withdrawal,4731.82
11189,720,2025-08-20 00:00:00,Contribution,26940.55
11190,487,2022-05-13 00:00:00,Buy,8930.11
11191,922,2022-11-05 00:00:00,Buy,8948.54
11192,627,2021-02-27 00:00:00,Dividend,7077.47
11193,648,2023-04-21 00:00:00,Contribution,17216.24
11194,133,2024-06-06 00:00:00,Buy,3958.18
11195,542,2020-12-25 00:00:00,Buy,8454.22
11196,1099,2022-01-11 00:00:00,Sell,8048.81
11197,764,2025-09-12 00:00:00,Sell,26514.76
11198,32,2023-08-28 00:00:00,Buy,5225.48
11199,1262,2024-09-30 00:00:00,Sell,3454.21
11200,569,2022-01-19 00:00:00,Sell,13251.04
11201,284,2022-02-21 00:00:00,Rebalance,6417.27
11202,224,2025-07-26 00:00:00,Sell,41467.07
11203,1120,2021-06-20 00:00:00,Contribution,2264.85
11204,262,2024-10-04 00:00:00,Withdrawal,1250.39
11205,493,2023-03-27 00:00:00,Rebalance,7899.95
11206,1429,2022-09-25 00:00:00,Buy,39069.33
11207,1077,2022-04-20 00:00:00,Sell,187.53
11208,1028,2026-01-28 00:00:00,Withdrawal,2515.97
11209,788,2024-05-10 00:00:00,Contribution,6529.29
11210,996,2022-08-29 00:00:00,Contribution,1821.01
11211,1414,2021-01-09 00:00:00,Buy,5847.17
11212,1138,2021-12-08 00:00:00,Withdrawal,3431.36
11213,1493,2021-01-09 00:00:00,Buy,43885.79
11214,1391,2020-07-16 00:00:00,Contribution,6412.11
11215,428,2026-05-19 00:00:00,Buy,1072.37
11216,1209,2024-07-04 00:00:00,Sell,1526.3
11217,111,2020-04-29 00:00:00,Rebalance,4347.1
11218,893,2022-03-16 00:00:00,Withdrawal,20123.65
11219,1215,2024-10-04 00:00:00,Contribution,2333.14
11220,687,2024-07-06 00:00:00,Contribution,1437.34
11221,1373,2020-03-18 00:00:00,Withdrawal,2506.35
11222,833,2023-01-27 00:00:00,Contribution,4231.15
11223,817,2020-10-02 00:00:00,Buy,8339.71
11224,200,2022-10-14 00:00:00,Sell,1178.59
11225,1189,2020-06-11 00:00:00,Contribution,9633.09
11226,869,2024-11-11 00:00:00,Buy,6100.99
11227,1074,2024-09-20 00:00:00,Withdrawal,1343.07
11228,1251,2023-05-06 00:00:00,Buy,695.26
11229,403,2021-04-15 00:00:00,Buy,1989.25
11230,623,2026-03-29 00:00:00,Buy,7151.41
11231,1175,2023-04-22 00:00:00,Contribution,4984.88
11232,602,2023-12-09 00:00:00,Rebalance,1337.1
11233,414,2022-02-05 00:00:00,Dividend,1692.8
11234,167,2024-05-16 00:00:00,Buy,17972.82
11235,820,2026-03-12 00:00:00,Buy,5659.01
11236,1398,2023-07-08 00:00:00,Buy,8615.5
11237,210,2020-08-31 00:00:00,Contribution,6418.91
11238,960,2023-12-05 00:00:00,Buy,6253.33
11239,618,2025-02-25 00:00:00,Sell,8314.8
11240,956,2020-12-22 00:00:00,Dividend,4469.78
11241,154,2021-09-19 00:00:00,Buy,2752.77
11242,546,2023-07-31 00:00:00,Buy,9489.18
11243,1366,2025-07-01 00:00:00,Contribution,5725.11
11244,561,2024-04-10 00:00:00,Contribution,7239.8
11245,543,2021-10-02 00:00:00,Dividend,1852.28
11246,457,2025-07-07 00:00:00,Buy,3488.21
11247,1215,2023-09-26 00:00:00,Rebalance,2747.34
11248,612,2025-04-04 00:00:00,Rebalance,585.88
11249,1396,2021-07-31 00:00:00,Sell,7498.87
11250,309,2025-04-14 00:00:00,Sell,1990.78
11251,228,2020-02-16 00:00:00,Buy,10946.95
11252,180,2021-10-09 00:00:00,Dividend,454.58
11253,1186,2023-07-16 00:00:00,Buy,1512.31
11254,654,2023-12-22 00:00:00,Buy,3082.05
11255,608,2020-11-16 00:00:00,Buy,2889.04
11256,1043,2026-01-29 00:00:00,Contribution,41811.56
11257,686,2024-03-16 00:00:00,Buy,5481.6
11258,864,2026-03-28 00:00:00,Withdrawal,52019.39
11259,1192,2023-08-22 00:00:00,Contribution,16455.13
11260,561,2022-12-17 00:00:00,Withdrawal,7318.63
11261,1229,2024-05-10 00:00:00,Contribution,12835.58
11262,783,2022-11-18 00:00:00,Contribution,25812.08
11263,808,2025-08-20 00:00:00,Contribution,3884.02
11264,25,2026-01-12 00:00:00,Buy,1280.81
11265,1269,2025-08-06 00:00:00,Rebalance,19624.92
11266,1398,2024-12-08 00:00:00,Contribution,5992.69
11267,988,2023-07-26 00:00:00,Rebalance,7568.2
11268,1098,2025-01-04 00:00:00,Sell,6601.37
11269,1260,2021-06-24 00:00:00,Dividend,4627.84
11270,1255,2026-04-22 00:00:00,Withdrawal,4800.24
11271,1282,2023-06-23 00:00:00,Buy,4540.4
11272,1478,2026-02-09 00:00:00,Rebalance,13603.33
11273,1459,2025-09-18 00:00:00,Contribution,6418.75
11274,254,2022-10-30 00:00:00,Contribution,1824.72
11275,184,2022-01-24 00:00:00,Withdrawal,26887.83
11276,1246,2025-10-10 00:00:00,Rebalance,4642.07
11277,1021,2020-11-19 00:00:00,Buy,16650.47
11278,1418,2022-12-20 00:00:00,Buy,5599.25
11279,1149,2022-10-20 00:00:00,Sell,32902.43
11280,618,2021-03-15 00:00:00,Buy,6830.1
11281,1158,2021-04-02 00:00:00,Buy,22097.01
11282,135,2024-03-14 00:00:00,Sell,14625.72
11283,850,2020-11-22 00:00:00,Contribution,4209.43
11284,707,2021-01-02 00:00:00,Rebalance,8363.86
11285,138,2025-09-12 00:00:00,Sell,2954.65
11286,1065,2020-02-07 00:00:00,Contribution,9870.65
11287,210,2023-09-24 00:00:00,Buy,58125.61
11288,237,2025-01-21 00:00:00,Buy,3504.7
11289,235,2021-07-28 00:00:00,Dividend,20302.83
11290,1433,2023-07-08 00:00:00,Withdrawal,5323.73
11291,1307,2020-06-19 00:00:00,Sell,148790.21
11292,1415,2024-05-04 00:00:00,Contribution,1300.43
11293,1346,2023-04-28 00:00:00,Buy,7380.32
11294,1188,2022-02-12 00:00:00,Buy,2789.05
11295,527,2021-04-30 00:00:00,Withdrawal,3754.68
11296,254,2024-12-28 00:00:00,Withdrawal,1376.78
11297,1424,2021-12-01 00:00:00,Buy,4642.45
11298,914,2022-03-18 00:00:00,Rebalance,604.42
11299,773,2022-10-10 00:00:00,Contribution,11241.51
11300,1159,2025-03-25 00:00:00,Sell,26938.7
11301,1268,2023-06-10 00:00:00,Buy,1343.39
11302,1324,2021-12-31 00:00:00,Sell,6851.74
11303,426,2020-04-07 00:00:00,Buy,12425.65
11304,1241,2023-05-29 00:00:00,Sell,16442.47
11305,463,2022-05-01 00:00:00,Contribution,13722.4
11306,1180,2024-05-23 00:00:00,Dividend,129338.01
11307,753,2023-05-29 00:00:00,Rebalance,4223.65
11308,943,2023-02-27 00:00:00,Rebalance,3033
11309,8,2021-08-24 00:00:00,Buy,3692.24
11310,401,2022-01-21 00:00:00,Sell,2279.05
11311,1440,2023-04-20 00:00:00,Dividend,9535.55
11312,976,2023-03-27 00:00:00,Sell,23210.45
11313,99,2025-07-09 00:00:00,Withdrawal,8479.62
11314,531,2022-02-09 00:00:00,Rebalance,5952.9
11315,652,2023-02-15 00:00:00,Contribution,3615.35
11316,604,2024-12-17 00:00:00,Withdrawal,22690.15
11317,714,2026-04-20 00:00:00,Contribution,10860.51
11318,248,2022-04-18 00:00:00,Dividend,17823.97
11319,10,2022-08-05 00:00:00,Buy,5089.59
11320,264,2026-01-12 00:00:00,Buy,1621.24
11321,276,2022-02-06 00:00:00,Withdrawal,2527.63
11322,914,2022-04-25 00:00:00,Buy,13706.71
11323,1105,2025-04-02 00:00:00,Buy,750.55
11324,857,2020-10-10 00:00:00,Buy,5603.1
11325,978,2022-10-21 00:00:00,Rebalance,13459.24
11326,1466,2023-07-08 00:00:00,Contribution,981.82
11327,246,2023-03-31 00:00:00,Contribution,13355.69
11328,1457,2022-05-19 00:00:00,Contribution,1569.53
11329,1245,2022-08-21 00:00:00,Rebalance,420.09
11330,869,2024-09-21 00:00:00,Buy,9692.25
11331,1490,2021-06-23 00:00:00,Buy,1596.81
11332,341,2026-04-19 00:00:00,Buy,7669.39
11333,892,2024-09-22 00:00:00,Sell,7765.55
11334,707,2020-08-28 00:00:00,Buy,9697.05
11335,31,2026-02-22 00:00:00,Buy,3526.05
11336,777,2023-08-20 00:00:00,Sell,15740.6
11337,907,2020-06-28 00:00:00,Buy,14351.94
11338,168,2022-02-03 00:00:00,Buy,9034.36
11339,1230,2020-06-14 00:00:00,Dividend,27293.15
11340,333,2022-06-27 00:00:00,Buy,20514.45
11341,694,2021-11-04 00:00:00,Buy,6616.75
11342,856,2020-01-28 00:00:00,Withdrawal,1560.3
11343,1141,2026-05-14 00:00:00,Buy,472.3
11344,950,2024-04-22 00:00:00,Sell,1919.2
11345,786,2024-07-22 00:00:00,Buy,9182.35
11346,617,2023-11-03 00:00:00,Buy,3530.6
11347,1057,2025-10-24 00:00:00,Contribution,9940.15
11348,898,2020-06-15 00:00:00,Sell,2631.33
11349,1494,2020-05-04 00:00:00,Rebalance,5487.53
11350,1085,2026-04-19 00:00:00,Withdrawal,32563.23
11351,528,2023-03-26 00:00:00,Rebalance,4216.17
11352,813,2022-02-18 00:00:00,Buy,14956.05
11353,1149,2021-07-29 00:00:00,Sell,7729.85
11354,504,2025-07-08 00:00:00,Withdrawal,3645.88
11355,462,2020-10-28 00:00:00,Withdrawal,3138
11356,632,2020-03-21 00:00:00,Sell,11695.66
11357,577,2022-06-07 00:00:00,Sell,13040.53
11358,767,2020-10-26 00:00:00,Buy,1393.38
11359,1218,2023-11-12 00:00:00,Buy,4617.68
11360,132,2022-08-19 00:00:00,Sell,37747.84
11361,154,2023-03-03 00:00:00,Withdrawal,3074.59
11362,658,2023-07-26 00:00:00,Contribution,18494.57
11363,1495,2021-04-28 00:00:00,Dividend,32146.93
11364,1162,2023-11-21 00:00:00,Dividend,1477.45
11365,550,2025-09-27 00:00:00,Rebalance,1705.99
11366,107,2020-12-21 00:00:00,Contribution,5461.32
11367,1459,2024-11-27 00:00:00,Withdrawal,6827.24
11368,227,2025-05-23 00:00:00,Dividend,2690.9
11369,350,2024-02-01 00:00:00,Sell,827.73
11370,35,2020-04-10 00:00:00,Dividend,1391.75
11371,922,2020-06-28 00:00:00,Buy,6471.68
11372,1460,2025-10-15 00:00:00,Buy,7843.82
11373,1006,2024-05-29 00:00:00,Buy,3271.06
11374,587,2022-10-01 00:00:00,Dividend,4700.16
11375,746,2025-07-18 00:00:00,Dividend,22127.55
11376,717,2021-04-23 00:00:00,Contribution,3034.46
11377,1178,2024-12-14 00:00:00,Buy,9412.47
11378,914,2021-03-19 00:00:00,Buy,7499.11
11379,1448,2024-05-28 00:00:00,Buy,8980.79
11380,855,2025-08-18 00:00:00,Contribution,2622.58
11381,604,2024-01-15 00:00:00,Buy,1235.69
11382,677,2021-04-11 00:00:00,Sell,2824.15
11383,61,2020-10-18 00:00:00,Rebalance,2549.64
11384,957,2020-07-07 00:00:00,Sell,5908.96
11385,1022,2024-04-12 00:00:00,Buy,1489.65
11386,1101,2023-03-07 00:00:00,Buy,12894.18
11387,1290,2025-07-28 00:00:00,Withdrawal,3482.66
11388,288,2025-08-02 00:00:00,Contribution,8768.13
11389,502,2020-05-31 00:00:00,Contribution,2428.14
11390,589,2026-04-15 00:00:00,Contribution,22111.69
11391,1474,2026-03-28 00:00:00,Buy,1826.64
11392,1259,2023-06-12 00:00:00,Buy,17613.96
11393,862,2020-07-20 00:00:00,Sell,4927.85
11394,410,2023-06-28 00:00:00,Buy,5401.17
11395,212,2022-12-21 00:00:00,Sell,3145.78
11396,1,2023-09-05 00:00:00,Dividend,9295.64
11397,1000,2020-12-02 00:00:00,Buy,5170.47
11398,1242,2021-04-02 00:00:00,Buy,3941.51
11399,870,2023-12-13 00:00:00,Contribution,7283.54
11400,735,2021-07-22 00:00:00,Buy,9134.1
11401,973,2021-06-18 00:00:00,Dividend,3408.71
11402,23,2022-08-19 00:00:00,Buy,11091.24
11403,324,2024-05-29 00:00:00,Buy,11604.7
11404,384,2023-06-28 00:00:00,Withdrawal,11683.56
11405,1014,2025-02-10 00:00:00,Dividend,6349.37
11406,712,2023-01-03 00:00:00,Contribution,9863.65
11407,16,2024-06-05 00:00:00,Sell,32858.87
11408,336,2022-06-23 00:00:00,Sell,26302.26
11409,70,2024-09-24 00:00:00,Sell,33806.87
11410,515,2023-10-28 00:00:00,Withdrawal,15169.6
11411,1403,2020-11-03 00:00:00,Rebalance,13408.28
11412,1200,2021-06-21 00:00:00,Contribution,16299.12
11413,1492,2022-11-12 00:00:00,Buy,2951.81
11414,1180,2020-03-30 00:00:00,Buy,13117.81
11415,1399,2022-11-28 00:00:00,Contribution,2087.25
11416,540,2025-01-24 00:00:00,Buy,4326.62
11417,701,2025-04-23 00:00:00,Buy,5580.4
11418,130,2020-08-23 00:00:00,Buy,9809.15
11419,918,2024-03-16 00:00:00,Sell,1639.32
11420,668,2022-06-25 00:00:00,Buy,2160.69
11421,1401,2025-11-25 00:00:00,Contribution,1844.93
11422,68,2022-08-03 00:00:00,Buy,2426.86
11423,1323,2020-05-27 00:00:00,Buy,3842.4
11424,1224,2024-01-15 00:00:00,Sell,3319.91
11425,47,2020-12-27 00:00:00,Buy,28858.64
11426,459,2020-09-05 00:00:00,Dividend,9692.33
11427,362,2025-04-21 00:00:00,Withdrawal,20858.16
11428,204,2022-05-28 00:00:00,Buy,39860.56
11429,1399,2025-06-09 00:00:00,Dividend,2894.24
11430,813,2021-03-14 00:00:00,Buy,7214.09
11431,774,2021-05-20 00:00:00,Sell,22926.6
11432,1344,2025-08-09 00:00:00,Sell,13224.19
11433,718,2020-12-27 00:00:00,Buy,641.16
11434,257,2023-06-12 00:00:00,Withdrawal,1547.19
11435,820,2025-08-05 00:00:00,Rebalance,8569.09
11436,1039,2023-04-18 00:00:00,Withdrawal,5938.03
11437,984,2024-04-24 00:00:00,Sell,6793.43
11438,548,2024-06-20 00:00:00,Rebalance,6676.39
11439,1139,2026-03-06 00:00:00,Withdrawal,2420.34
11440,814,2020-11-19 00:00:00,Contribution,4578.91
11441,808,2020-09-29 00:00:00,Buy,2894.98
11442,1343,2025-11-12 00:00:00,Sell,5612.39
11443,122,2024-10-29 00:00:00,Contribution,18087.91
11444,1293,2022-07-15 00:00:00,Contribution,3074.93
11445,1150,2026-04-08 00:00:00,Rebalance,5332.98
11446,1177,2023-01-11 00:00:00,Sell,2314.07
11447,769,2021-09-22 00:00:00,Sell,14537.12
11448,1313,2022-06-27 00:00:00,Contribution,7780.4
11449,616,2023-05-02 00:00:00,Buy,13403.35
11450,782,2026-01-14 00:00:00,Sell,3525.85
11451,1320,2025-10-29 00:00:00,Sell,10398.43
11452,705,2026-05-17 00:00:00,Buy,1259.91
11453,212,2025-01-22 00:00:00,Buy,8993.68
11454,6,2020-11-21 00:00:00,Dividend,1880.6
11455,1399,2020-04-17 00:00:00,Buy,4330.1
11456,957,2025-07-30 00:00:00,Buy,10220.14
11457,1473,2025-11-25 00:00:00,Sell,20478.32
11458,1329,2023-03-29 00:00:00,Withdrawal,12455.27
11459,674,2022-09-04 00:00:00,Buy,9747.21
11460,1481,2023-06-15 00:00:00,Withdrawal,22154.99
11461,254,2025-02-27 00:00:00,Dividend,25432.12
11462,32,2020-09-11 00:00:00,Buy,44998.89
11463,1381,2024-06-22 00:00:00,Withdrawal,4259.34
11464,663,2021-07-12 00:00:00,Contribution,8498.4
11465,628,2020-06-02 00:00:00,Contribution,5642.25
11466,984,2026-04-11 00:00:00,Sell,13168.97
11467,243,2021-11-11 00:00:00,Buy,4297.39
11468,611,2020-04-30 00:00:00,Sell,9479.29
11469,295,2025-08-29 00:00:00,Contribution,1995.69
11470,942,2022-02-16 00:00:00,Dividend,2135.15
11471,563,2023-04-10 00:00:00,Buy,1851.58
11472,803,2023-03-02 00:00:00,Buy,10846.28
11473,77,2024-12-16 00:00:00,Buy,3522.9
11474,1356,2026-02-25 00:00:00,Buy,1362.2
11475,385,2022-09-03 00:00:00,Buy,2472.35
11476,1047,2023-04-26 00:00:00,Contribution,24120.98
11477,85,2022-01-27 00:00:00,Sell,12708.7
11478,1480,2022-09-24 00:00:00,Rebalance,9492.88
11479,1056,2023-10-19 00:00:00,Contribution,8563.16
11480,568,2021-11-29 00:00:00,Rebalance,3479.66
11481,678,2020-10-29 00:00:00,Withdrawal,2281.52
11482,701,2023-11-24 00:00:00,Buy,2969.86
11483,1335,2025-01-26 00:00:00,Contribution,5912.11
11484,1330,2023-05-19 00:00:00,Rebalance,7563.66
11485,915,2021-03-08 00:00:00,Dividend,1539.6
11486,1145,2021-01-28 00:00:00,Buy,123611.23
11487,966,2023-09-07 00:00:00,Sell,36841.48
11488,620,2020-02-09 00:00:00,Buy,6235.93
11489,1045,2022-10-04 00:00:00,Sell,2889.72
11490,45,2020-05-05 00:00:00,Dividend,1481.97
11491,1137,2025-10-24 00:00:00,Buy,6773.62
11492,1409,2023-05-24 00:00:00,Contribution,17945.41
11493,58,2025-09-23 00:00:00,Contribution,11934.54
11494,1173,2023-07-14 00:00:00,Buy,5005.78
11495,450,2022-11-21 00:00:00,Contribution,21570.24
11496,1336,2024-08-31 00:00:00,Buy,37852.18
11497,992,2021-08-01 00:00:00,Rebalance,1970.44
11498,1161,2023-10-23 00:00:00,Buy,4559.65
11499,902,2020-03-12 00:00:00,Sell,3382.25
11500,794,2022-08-31 00:00:00,Withdrawal,12250.53
11501,1143,2023-05-08 00:00:00,Buy,125839.72
11502,896,2023-11-01 00:00:00,Buy,2602.73
11503,1370,2022-09-02 00:00:00,Buy,41324.34
11504,908,2024-09-12 00:00:00,Rebalance,8461.04
11505,1195,2021-11-15 00:00:00,Buy,4684.03
11506,200,2020-11-04 00:00:00,Dividend,5843.57
11507,220,2022-01-05 00:00:00,Sell,48365.26
11508,238,2025-11-20 00:00:00,Buy,3371.03
11509,100,2025-10-17 00:00:00,Withdrawal,6703.58
11510,1469,2020-12-03 00:00:00,Buy,1603.81
11511,482,2024-11-18 00:00:00,Sell,1929.04
11512,1317,2022-11-27 00:00:00,Sell,5953.82
11513,952,2023-06-28 00:00:00,Buy,2149.87
11514,775,2020-04-09 00:00:00,Buy,3505.4
11515,274,2020-08-26 00:00:00,Withdrawal,4866.24
11516,1357,2023-07-28 00:00:00,Contribution,28658.15
11517,521,2024-02-22 00:00:00,Buy,13953.49
11518,996,2024-09-13 00:00:00,Buy,1232.93
11519,967,2024-02-26 00:00:00,Dividend,2841.63
11520,1482,2020-04-25 00:00:00,Contribution,11611.56
11521,598,2020-06-14 00:00:00,Dividend,11547.36
11522,1098,2020-12-14 00:00:00,Sell,7926.93
11523,1292,2026-02-14 00:00:00,Buy,10360.52
11524,1424,2024-04-18 00:00:00,Contribution,6803.77
11525,1053,2026-03-19 00:00:00,Dividend,4140.51
11526,1061,2022-03-26 00:00:00,Buy,4367.4
11527,532,2025-10-12 00:00:00,Rebalance,24773.9
11528,653,2025-12-20 00:00:00,Buy,3246.08
11529,1143,2025-05-05 00:00:00,Buy,10159.73
11530,662,2021-01-18 00:00:00,Contribution,13663.81
11531,443,2024-04-02 00:00:00,Rebalance,8338.41
11532,403,2021-10-28 00:00:00,Withdrawal,16074.38
11533,927,2022-02-16 00:00:00,Buy,8223.82
11534,868,2023-06-13 00:00:00,Buy,6935.49
11535,857,2023-10-07 00:00:00,Buy,31285.23
11536,833,2022-01-13 00:00:00,Contribution,15061.31
11537,1296,2024-11-01 00:00:00,Buy,5762.75
11538,1387,2020-04-29 00:00:00,Dividend,5043.19
11539,971,2025-05-06 00:00:00,Sell,4360.93
11540,86,2022-01-19 00:00:00,Contribution,6854.33
11541,466,2022-11-27 00:00:00,Buy,2487.32
11542,1121,2021-06-11 00:00:00,Dividend,6525.67
11543,489,2022-10-05 00:00:00,Withdrawal,4023.23
11544,189,2026-03-27 00:00:00,Rebalance,3506.26
11545,546,2026-04-21 00:00:00,Rebalance,13330.53
11546,770,2026-03-02 00:00:00,Withdrawal,16780.54
11547,919,2021-09-30 00:00:00,Buy,1077.28
11548,593,2024-07-30 00:00:00,Contribution,9919.59
11549,1218,2021-05-10 00:00:00,Rebalance,15575.38
11550,561,2023-09-07 00:00:00,Withdrawal,14695.64
11551,463,2024-07-14 00:00:00,Buy,3447.71
11552,878,2020-03-16 00:00:00,Sell,11198.91
11553,821,2020-06-18 00:00:00,Sell,2653.77
11554,895,2021-07-14 00:00:00,Dividend,2736.83
11555,634,2021-04-07 00:00:00,Buy,13321.63
11556,1487,2022-03-28 00:00:00,Buy,14501.44
11557,1181,2023-01-24 00:00:00,Rebalance,2685.06
11558,699,2023-07-15 00:00:00,Withdrawal,1184.22
11559,811,2025-01-29 00:00:00,Sell,3523.2
11560,1318,2023-04-21 00:00:00,Contribution,6740.09
11561,1151,2020-02-29 00:00:00,Contribution,31159.84
11562,80,2020-05-27 00:00:00,Contribution,4850.25
11563,1199,2024-12-23 00:00:00,Rebalance,9580.31
11564,79,2022-10-14 00:00:00,Buy,422.02
11565,592,2026-04-03 00:00:00,Contribution,5216.89
11566,1225,2026-05-11 00:00:00,Withdrawal,2878.06
11567,563,2024-09-19 00:00:00,Dividend,13052.55
11568,1092,2025-03-07 00:00:00,Buy,14511.67
11569,115,2023-08-13 00:00:00,Buy,9793.66
11570,1426,2020-12-19 00:00:00,Buy,24104.23
11571,253,2025-03-29 00:00:00,Buy,4231.82
11572,839,2023-08-16 00:00:00,Buy,5099.57
11573,508,2023-10-25 00:00:00,Buy,10147.97
11574,1008,2024-01-06 00:00:00,Rebalance,3116.57
11575,1229,2024-05-29 00:00:00,Buy,6660.69
11576,574,2021-10-07 00:00:00,Buy,11737.81
11577,406,2020-07-18 00:00:00,Contribution,10062.9
11578,1434,2021-09-06 00:00:00,Rebalance,2258.58
11579,251,2024-07-24 00:00:00,Sell,9966.5
11580,1279,2022-11-19 00:00:00,Sell,5305.85
11581,172,2021-11-24 00:00:00,Buy,12479.73
11582,626,2026-02-19 00:00:00,Buy,2939.59
11583,1017,2024-04-27 00:00:00,Dividend,8554.7
11584,1119,2025-07-26 00:00:00,Withdrawal,4109.35
11585,1008,2023-03-29 00:00:00,Sell,4981.35
11586,206,2023-03-23 00:00:00,Sell,16400.21
11587,1377,2025-09-07 00:00:00,Sell,18456.27
11588,516,2021-11-15 00:00:00,Sell,10950.1
11589,972,2025-01-01 00:00:00,Rebalance,15497.73
11590,57,2024-02-06 00:00:00,Contribution,8717.91
11591,849,2025-02-03 00:00:00,Buy,115949.2
11592,1351,2024-01-27 00:00:00,Dividend,25528.52
11593,1168,2025-04-20 00:00:00,Contribution,766.13
11594,964,2021-01-12 00:00:00,Dividend,1547.97
11595,1491,2025-11-13 00:00:00,Dividend,9799
11596,1128,2023-03-14 00:00:00,Buy,6358.39
11597,290,2022-05-18 00:00:00,Contribution,20611.91
11598,386,2020-12-06 00:00:00,Rebalance,13480.3
11599,621,2026-05-10 00:00:00,Rebalance,2199.5
11600,660,2020-10-22 00:00:00,Contribution,12120.82
11601,1213,2020-04-12 00:00:00,Contribution,16853.2
11602,72,2026-03-09 00:00:00,Dividend,11726.71
11603,806,2024-04-29 00:00:00,Rebalance,1451.97
11604,1383,2022-11-09 00:00:00,Buy,23716.59
11605,455,2025-11-26 00:00:00,Rebalance,11710.25
11606,191,2026-03-16 00:00:00,Withdrawal,11326.11
11607,831,2020-11-30 00:00:00,Buy,17034.44
11608,696,2025-05-04 00:00:00,Contribution,40520.24
11609,1078,2022-01-08 00:00:00,Sell,154910.37
11610,163,2021-07-27 00:00:00,Rebalance,25258.84
11611,118,2022-11-17 00:00:00,Dividend,973.87
11612,195,2021-06-23 00:00:00,Buy,2358.33
11613,589,2020-01-27 00:00:00,Contribution,1300.87
11614,1328,2023-09-02 00:00:00,Buy,3690.96
11615,615,2022-07-14 00:00:00,Sell,4846.93
11616,854,2025-03-10 00:00:00,Buy,17853.78
11617,219,2020-08-05 00:00:00,Contribution,7137.32
11618,1096,2020-12-20 00:00:00,Dividend,13891.64
11619,941,2025-06-14 00:00:00,Withdrawal,3107.34
11620,1079,2024-08-07 00:00:00,Dividend,18219.83
11621,1440,2023-04-25 00:00:00,Contribution,1241.69
11622,667,2020-05-07 00:00:00,Rebalance,4062.39
11623,703,2023-01-31 00:00:00,Rebalance,3178.97
11624,636,2022-02-21 00:00:00,Withdrawal,15093.92
11625,1421,2026-04-17 00:00:00,Rebalance,2478.23
11626,594,2020-04-07 00:00:00,Contribution,6152.67
11627,610,2026-01-10 00:00:00,Sell,1822.5
11628,515,2025-10-23 00:00:00,Dividend,8679.44
11629,975,2022-09-17 00:00:00,Buy,4446.26
11630,763,2024-08-08 00:00:00,Dividend,24791.25
11631,1197,2020-07-15 00:00:00,Withdrawal,3646.98
11632,443,2023-12-07 00:00:00,Withdrawal,2389.45
11633,455,2021-12-08 00:00:00,Rebalance,27453.6
11634,526,2022-10-12 00:00:00,Buy,3533.68
11635,844,2020-03-12 00:00:00,Sell,7845.9
11636,935,2020-01-01 00:00:00,Sell,2929.2
11637,1216,2023-07-16 00:00:00,Buy,11110.68
11638,135,2024-04-22 00:00:00,Buy,1663.91
11639,1110,2025-01-01 00:00:00,Contribution,1507.31
11640,667,2021-12-08 00:00:00,Sell,7070.3
11641,353,2021-04-07 00:00:00,Sell,6174.83
11642,154,2020-07-23 00:00:00,Buy,3231.02
11643,165,2025-04-17 00:00:00,Rebalance,16769.69
11644,1126,2020-02-29 00:00:00,Buy,931.8
11645,641,2021-12-13 00:00:00,Dividend,5037.72
11646,918,2021-11-12 00:00:00,Dividend,11458.86
11647,1309,2022-05-16 00:00:00,Buy,4755.71
11648,1058,2022-04-30 00:00:00,Sell,7582.15
11649,382,2026-05-07 00:00:00,Sell,7365.2
11650,1049,2025-08-07 00:00:00,Buy,6898.95
11651,63,2020-08-20 00:00:00,Sell,9993.85
11652,339,2022-04-15 00:00:00,Sell,4195.92
11653,1214,2020-04-25 00:00:00,Withdrawal,4948.01
11654,1256,2021-10-12 00:00:00,Sell,3685.74
11655,726,2023-06-19 00:00:00,Dividend,8300.63
11656,1452,2023-08-24 00:00:00,Contribution,3750.2
11657,1368,2022-10-26 00:00:00,Dividend,23428.43
11658,383,2021-02-03 00:00:00,Dividend,3265.87
11659,643,2024-10-06 00:00:00,Dividend,5764.95
11660,336,2023-10-21 00:00:00,Dividend,17531.94
11661,1108,2024-02-10 00:00:00,Contribution,15608.23
11662,1445,2023-07-24 00:00:00,Buy,6274.75
11663,1324,2023-01-16 00:00:00,Buy,2240.95
11664,152,2023-07-02 00:00:00,Rebalance,9996.31
11665,1242,2024-12-23 00:00:00,Withdrawal,36929.04
11666,811,2023-11-22 00:00:00,Sell,3091.41
11667,91,2023-03-26 00:00:00,Buy,12642.87
11668,772,2020-01-25 00:00:00,Sell,21945.25
11669,1020,2024-03-28 00:00:00,Buy,2167.39
11670,528,2024-04-21 00:00:00,Buy,2211.25
11671,1350,2023-04-25 00:00:00,Rebalance,25228.16
11672,723,2023-07-29 00:00:00,Rebalance,12932.71
11673,1248,2026-02-07 00:00:00,Sell,6370.16
11674,1491,2025-09-22 00:00:00,Rebalance,5806.56
11675,1334,2024-12-12 00:00:00,Buy,31054.62
11676,1250,2025-04-01 00:00:00,Sell,3968.8
11677,1071,2025-10-23 00:00:00,Contribution,5599.1
11678,281,2021-05-19 00:00:00,Buy,8556.23
11679,599,2021-11-06 00:00:00,Rebalance,14556.4
11680,443,2021-11-10 00:00:00,Sell,5390.53
11681,377,2024-01-23 00:00:00,Buy,11315.86
11682,1315,2025-03-16 00:00:00,Withdrawal,768.96
11683,478,2020-02-21 00:00:00,Contribution,3808.27
11684,934,2023-04-16 00:00:00,Buy,980.36
11685,156,2021-10-21 00:00:00,Rebalance,3242.5
11686,516,2023-02-05 00:00:00,Sell,10111.64
11687,788,2021-04-18 00:00:00,Buy,1382.89
11688,845,2023-01-31 00:00:00,Sell,25077.73
11689,1169,2024-10-06 00:00:00,Buy,2071.27
11690,845,2023-08-27 00:00:00,Buy,585.68
11691,40,2021-07-14 00:00:00,Buy,17529.52
11692,1378,2025-12-25 00:00:00,Withdrawal,7073.23
11693,1245,2021-05-21 00:00:00,Buy,569.19
11694,904,2025-01-23 00:00:00,Contribution,2984.59
11695,466,2021-11-09 00:00:00,Rebalance,805.42
11696,926,2022-09-30 00:00:00,Dividend,5950.55
11697,1250,2021-12-17 00:00:00,Buy,6394.94
11698,45,2024-02-13 00:00:00,Rebalance,20269.78
11699,1447,2022-03-09 00:00:00,Dividend,9611.94
11700,876,2020-04-18 00:00:00,Rebalance,24664.81
11701,151,2022-10-06 00:00:00,Sell,2303.82
11702,973,2025-01-19 00:00:00,Sell,4569.51
11703,1028,2021-06-01 00:00:00,Sell,4087.37
11704,700,2020-03-19 00:00:00,Dividend,1351.61
11705,699,2025-10-19 00:00:00,Buy,18017.99
11706,485,2023-05-02 00:00:00,Dividend,3873.1
11707,1233,2023-10-14 00:00:00,Contribution,5938.41
11708,1312,2025-06-11 00:00:00,Withdrawal,7539.41
11709,730,2023-02-25 00:00:00,Sell,9490.02
11710,1385,2020-08-24 00:00:00,Contribution,12752.13
11711,1015,2024-02-26 00:00:00,Contribution,87536.41
11712,225,2020-03-25 00:00:00,Contribution,1931.61
11713,1195,2025-06-29 00:00:00,Buy,24286.61
11714,1321,2022-06-06 00:00:00,Sell,2164.96
11715,1479,2024-08-25 00:00:00,Buy,11802.79
11716,262,2020-02-15 00:00:00,Sell,22267.45
11717,999,2022-12-25 00:00:00,Buy,1486.8
11718,1180,2025-05-18 00:00:00,Dividend,12222.67
11719,423,2023-10-05 00:00:00,Buy,5013.01
11720,1035,2025-05-23 00:00:00,Withdrawal,8808.05
11721,986,2022-05-25 00:00:00,Sell,5554.27
11722,1352,2022-03-29 00:00:00,Buy,2849.4
11723,1436,2024-04-12 00:00:00,Buy,6730.76
11724,1035,2021-03-05 00:00:00,Contribution,25922.32
11725,1009,2022-01-07 00:00:00,Dividend,8637.61
11726,104,2025-05-25 00:00:00,Rebalance,714.62
11727,448,2021-04-27 00:00:00,Dividend,4657.99
11728,308,2021-04-06 00:00:00,Buy,2912.87
11729,250,2026-05-08 00:00:00,Dividend,5898.29
11730,1118,2021-12-23 00:00:00,Contribution,11852.14
11731,732,2023-04-24 00:00:00,Dividend,6618.45
11732,808,2020-11-25 00:00:00,Contribution,11180.23
11733,597,2022-04-13 00:00:00,Buy,1714.62
11734,496,2020-03-14 00:00:00,Dividend,1043.67
11735,435,2025-05-05 00:00:00,Buy,1899.78
11736,1100,2022-11-02 00:00:00,Buy,2725.99
11737,1447,2020-09-22 00:00:00,Contribution,3068.86
11738,125,2022-07-28 00:00:00,Contribution,10546.85
11739,311,2020-04-19 00:00:00,Sell,5920.92
11740,1340,2025-06-15 00:00:00,Contribution,7158.79
11741,545,2026-02-10 00:00:00,Withdrawal,7120.31
11742,1013,2021-03-24 00:00:00,Contribution,2151.88
11743,1108,2025-07-14 00:00:00,Rebalance,4940.66
11744,162,2022-03-18 00:00:00,Rebalance,4004.17
11745,1486,2024-08-10 00:00:00,Sell,1320.13
11746,728,2021-04-23 00:00:00,Contribution,8757.53
11747,540,2020-12-05 00:00:00,Contribution,4652.7
11748,401,2021-11-01 00:00:00,Buy,3351.75
11749,1110,2025-11-10 00:00:00,Buy,26347.07
11750,724,2022-09-30 00:00:00,Rebalance,13019.26
11751,331,2023-12-30 00:00:00,Buy,4839.29
11752,513,2021-07-01 00:00:00,Rebalance,55023.94
11753,128,2025-01-18 00:00:00,Sell,2370.83
11754,682,2024-03-28 00:00:00,Buy,2336.2
11755,1211,2022-08-05 00:00:00,Withdrawal,94139.19
11756,1144,2021-11-01 00:00:00,Dividend,53880.6
11757,321,2022-06-07 00:00:00,Sell,16849.51
11758,464,2024-01-17 00:00:00,Buy,16836.05
11759,1405,2025-05-12 00:00:00,Sell,1863.88
11760,423,2022-12-27 00:00:00,Sell,4997
11761,8,2025-11-12 00:00:00,Rebalance,2727.33
11762,984,2021-11-22 00:00:00,Sell,24379.5
11763,1347,2021-02-06 00:00:00,Buy,16937.73
11764,1489,2025-07-10 00:00:00,Buy,2464.6
11765,315,2023-01-25 00:00:00,Buy,4930.72
11766,1343,2023-04-25 00:00:00,Contribution,14251.08
11767,37,2026-01-25 00:00:00,Sell,6788.91
11768,916,2020-05-04 00:00:00,Withdrawal,3801.2
11769,836,2025-02-27 00:00:00,Dividend,3197.19
11770,935,2024-02-21 00:00:00,Withdrawal,28088.15
11771,612,2025-09-22 00:00:00,Sell,2366.82
11772,546,2023-04-24 00:00:00,Sell,11894.22
11773,326,2023-03-26 00:00:00,Contribution,32355.96
11774,1425,2026-03-02 00:00:00,Contribution,11484.78
11775,1006,2024-04-04 00:00:00,Sell,3715.77
11776,32,2023-06-03 00:00:00,Withdrawal,7745.13
11777,18,2022-11-12 00:00:00,Buy,8214.13
11778,20,2025-10-22 00:00:00,Sell,7641.04
11779,1293,2022-11-25 00:00:00,Withdrawal,30726.12
11780,559,2021-12-27 00:00:00,Contribution,7903.01
11781,356,2023-11-15 00:00:00,Dividend,2922.14
11782,1282,2020-01-25 00:00:00,Buy,2533.73
11783,170,2023-09-22 00:00:00,Buy,3413.59
11784,903,2020-11-08 00:00:00,Buy,20248.74
11785,917,2025-08-10 00:00:00,Buy,4382.49
11786,814,2026-04-15 00:00:00,Sell,9344.62
11787,1125,2023-06-21 00:00:00,Sell,6993.72
11788,364,2020-11-10 00:00:00,Withdrawal,2516.45
11789,967,2026-02-07 00:00:00,Buy,12796.33
11790,1379,2021-12-01 00:00:00,Contribution,668.47
11791,1030,2023-09-05 00:00:00,Rebalance,20322.49
11792,945,2021-09-16 00:00:00,Rebalance,909.97
11793,1212,2025-11-24 00:00:00,Rebalance,9775.42
11794,1224,2022-06-27 00:00:00,Sell,3594.34
11795,911,2021-11-27 00:00:00,Buy,5761.47
11796,1488,2024-12-22 00:00:00,Dividend,1394.01
11797,1261,2025-09-15 00:00:00,Rebalance,5008.93
11798,1487,2023-02-11 00:00:00,Rebalance,7063.32
11799,1361,2024-12-12 00:00:00,Contribution,2785.94
11800,49,2024-12-28 00:00:00,Buy,3125.01
11801,360,2022-04-16 00:00:00,Buy,13285.03
11802,227,2021-02-26 00:00:00,Buy,14697.85
11803,375,2020-11-23 00:00:00,Buy,1948.13
11804,1165,2023-11-17 00:00:00,Buy,3257.92
11805,44,2026-05-10 00:00:00,Withdrawal,7181.71
11806,66,2021-09-14 00:00:00,Buy,6390.18
11807,172,2020-07-06 00:00:00,Contribution,1692.5
11808,1017,2021-02-25 00:00:00,Contribution,16934.85
11809,304,2022-01-02 00:00:00,Buy,2190.64
11810,467,2022-10-08 00:00:00,Buy,2301.36
11811,532,2024-01-17 00:00:00,Rebalance,1399.21
11812,1159,2023-12-22 00:00:00,Withdrawal,4544.46
11813,1076,2022-03-17 00:00:00,Buy,3072.43
11814,954,2021-01-03 00:00:00,Contribution,8604.94
11815,1440,2021-07-13 00:00:00,Sell,8727.41
11816,280,2021-12-11 00:00:00,Dividend,2782.84
11817,1017,2020-08-08 00:00:00,Buy,17507.83
11818,361,2025-03-05 00:00:00,Sell,3787.39
11819,987,2026-01-29 00:00:00,Dividend,23424.01
11820,368,2020-08-06 00:00:00,Rebalance,6450.01
11821,470,2021-09-12 00:00:00,Buy,3545.55
11822,281,2024-04-18 00:00:00,Sell,16457.26
11823,143,2020-03-17 00:00:00,Buy,12822
11824,807,2024-03-15 00:00:00,Rebalance,5947.48
11825,830,2020-02-05 00:00:00,Contribution,20283.99
11826,156,2022-07-05 00:00:00,Buy,8201.93
11827,75,2023-02-26 00:00:00,Rebalance,3159.24
11828,584,2023-11-27 00:00:00,Sell,1695.8
11829,42,2024-09-15 00:00:00,Contribution,18973.01
11830,1054,2021-05-20 00:00:00,Buy,3106.87
11831,1059,2024-05-05 00:00:00,Withdrawal,4092.4
11832,593,2023-11-29 00:00:00,Contribution,4694.87
11833,1361,2020-01-15 00:00:00,Dividend,17909.86
11834,812,2020-01-29 00:00:00,Contribution,1057.31
11835,27,2024-02-17 00:00:00,Buy,3816.35
11836,1472,2021-01-30 00:00:00,Buy,1582.13
11837,14,2024-10-11 00:00:00,Rebalance,11151.52
11838,1,2021-08-23 00:00:00,Contribution,8525.81
11839,1101,2021-06-26 00:00:00,Buy,3511.98
11840,1463,2023-12-26 00:00:00,Sell,10911.51
11841,1319,2024-07-07 00:00:00,Buy,2004.04
11842,1194,2021-04-09 00:00:00,Buy,7758.26
11843,745,2020-07-02 00:00:00,Rebalance,12653.85
11844,1072,2021-12-02 00:00:00,Sell,4152.42
11845,262,2023-02-19 00:00:00,Contribution,11054.9
11846,236,2021-05-13 00:00:00,Sell,8328.93
11847,45,2020-06-27 00:00:00,Dividend,7834.04
11848,1449,2020-06-28 00:00:00,Buy,5086.1
11849,792,2020-08-13 00:00:00,Withdrawal,17845.1
11850,1346,2026-04-09 00:00:00,Contribution,2510.25
11851,496,2020-09-05 00:00:00,Sell,14012.31
11852,1303,2026-03-21 00:00:00,Sell,5568.23
11853,330,2026-01-31 00:00:00,Buy,53392.73
11854,1459,2026-01-22 00:00:00,Buy,6746.18
11855,1096,2020-05-29 00:00:00,Withdrawal,5063.61
11856,457,2024-09-15 00:00:00,Dividend,14547.55
11857,348,2021-08-28 00:00:00,Sell,640.8
11858,1437,2025-02-01 00:00:00,Withdrawal,2807.22
11859,555,2025-07-12 00:00:00,Sell,2547.39
11860,228,2025-09-20 00:00:00,Dividend,3914.12
11861,421,2022-01-15 00:00:00,Dividend,4754.8
11862,801,2022-02-16 00:00:00,Sell,6575.82
11863,478,2023-06-17 00:00:00,Buy,5820.93
11864,1495,2024-08-29 00:00:00,Sell,9498
11865,1019,2020-02-03 00:00:00,Dividend,12186.91
11866,960,2021-05-04 00:00:00,Dividend,2651.23
11867,1152,2021-04-29 00:00:00,Contribution,5341.41
11868,591,2022-06-25 00:00:00,Contribution,1778.63
11869,628,2025-06-03 00:00:00,Dividend,4354.98
11870,973,2020-12-23 00:00:00,Buy,21281.04
11871,1112,2021-09-18 00:00:00,Withdrawal,6954.66
11872,1338,2020-03-14 00:00:00,Sell,3652.28
11873,1040,2023-06-16 00:00:00,Buy,8066.43
11874,122,2020-03-21 00:00:00,Dividend,5808.35
11875,839,2024-11-01 00:00:00,Buy,11730.67
11876,460,2024-06-18 00:00:00,Contribution,3662.39
11877,35,2025-12-25 00:00:00,Buy,2003.25
11878,212,2024-09-08 00:00:00,Contribution,6076.84
11879,1239,2020-03-19 00:00:00,Sell,5043.54
11880,172,2020-10-09 00:00:00,Buy,24113.48
11881,919,2022-08-25 00:00:00,Buy,3439.22
11882,179,2025-10-09 00:00:00,Contribution,11888.95
11883,242,2021-12-01 00:00:00,Contribution,1508.93
11884,753,2025-08-01 00:00:00,Buy,9253.61
11885,597,2023-11-04 00:00:00,Buy,982.71
11886,1180,2023-10-19 00:00:00,Sell,931.47
11887,96,2022-10-06 00:00:00,Sell,667.98
11888,230,2024-08-01 00:00:00,Contribution,8185.24
11889,973,2023-08-04 00:00:00,Rebalance,1857.28
11890,985,2021-05-26 00:00:00,Contribution,3727.88
11891,286,2020-04-08 00:00:00,Dividend,4389.66
11892,1431,2024-05-19 00:00:00,Rebalance,1515.59
11893,784,2020-10-31 00:00:00,Contribution,4448.79
11894,1306,2020-10-03 00:00:00,Contribution,5133.41
11895,1419,2021-12-25 00:00:00,Withdrawal,8681.73
11896,40,2023-07-27 00:00:00,Contribution,3939.97
11897,410,2023-07-26 00:00:00,Buy,4802.8
11898,840,2020-02-02 00:00:00,Withdrawal,17927.83
11899,527,2026-04-06 00:00:00,Buy,22008.8
11900,819,2024-02-04 00:00:00,Contribution,4759.58
11901,1208,2023-02-04 00:00:00,Sell,15754.09
11902,580,2024-10-18 00:00:00,Sell,466.77
11903,450,2024-04-06 00:00:00,Buy,6742.74
11904,1183,2020-03-03 00:00:00,Sell,7277.17
11905,202,2022-01-25 00:00:00,Buy,1414
11906,201,2023-02-26 00:00:00,Sell,4296.4
11907,863,2021-12-21 00:00:00,Buy,12288.76
11908,1175,2025-12-12 00:00:00,Contribution,4747.28
11909,116,2020-11-03 00:00:00,Contribution,2705.51
11910,1361,2024-07-02 00:00:00,Buy,2499.81
11911,531,2023-04-15 00:00:00,Dividend,3785.17
11912,758,2020-08-09 00:00:00,Buy,116313.19
11913,666,2020-07-03 00:00:00,Buy,1393.42
11914,358,2021-08-25 00:00:00,Buy,1823.54
11915,994,2025-01-23 00:00:00,Withdrawal,3618.11
11916,877,2024-03-28 00:00:00,Contribution,19858.97
11917,189,2024-08-06 00:00:00,Withdrawal,3957.77
11918,1428,2024-07-06 00:00:00,Buy,5510.04
11919,1038,2024-04-24 00:00:00,Buy,1343.43
11920,474,2025-11-17 00:00:00,Sell,949.32
11921,842,2022-03-11 00:00:00,Rebalance,17825.27
11922,1010,2026-03-17 00:00:00,Buy,1946.59
11923,1149,2020-06-27 00:00:00,Sell,5122.4
11924,88,2026-02-09 00:00:00,Withdrawal,4772.09
11925,427,2024-02-20 00:00:00,Buy,3921.34
11926,744,2024-04-17 00:00:00,Contribution,13032.14
11927,1171,2020-08-05 00:00:00,Rebalance,37928.99
11928,38,2024-10-31 00:00:00,Buy,3508.29
11929,88,2020-03-18 00:00:00,Dividend,914.58
11930,107,2025-03-09 00:00:00,Sell,7172.1
11931,1063,2020-11-12 00:00:00,Buy,15546.19
11932,1044,2025-08-11 00:00:00,Sell,18308.28
11933,310,2024-09-25 00:00:00,Rebalance,9761.07
11934,780,2023-09-14 00:00:00,Buy,3175.57
11935,780,2024-01-16 00:00:00,Buy,3469.87
11936,793,2021-12-07 00:00:00,Rebalance,10678.04
11937,1015,2023-11-16 00:00:00,Withdrawal,16811.04
11938,146,2020-05-09 00:00:00,Sell,22351.43
11939,1363,2021-03-17 00:00:00,Contribution,1141.54
11940,1029,2023-11-27 00:00:00,Sell,838.59
11941,100,2025-11-19 00:00:00,Sell,2649.24
11942,537,2025-04-27 00:00:00,Buy,4067.62
11943,607,2024-04-25 00:00:00,Contribution,6961.19
11944,364,2021-12-04 00:00:00,Contribution,719.99
11945,1294,2020-05-14 00:00:00,Withdrawal,3317.84
11946,69,2026-05-05 00:00:00,Buy,21649.03
11947,1280,2021-12-06 00:00:00,Contribution,6880.03
11948,1324,2022-12-23 00:00:00,Buy,32542.48
11949,64,2020-10-19 00:00:00,Buy,3322.27
11950,774,2023-01-17 00:00:00,Buy,7355.74
11951,1363,2025-07-18 00:00:00,Withdrawal,12190.66
11952,726,2023-10-31 00:00:00,Sell,7701.57
11953,1091,2020-11-04 00:00:00,Dividend,5921.76
11954,586,2023-09-27 00:00:00,Buy,2274.86
11955,1355,2020-11-17 00:00:00,Buy,2185.1
11956,361,2024-02-28 00:00:00,Buy,17036.02
11957,584,2023-10-23 00:00:00,Sell,23744.44
11958,903,2022-01-11 00:00:00,Buy,20766.9
11959,1323,2025-03-05 00:00:00,Sell,5256.09
11960,835,2026-01-31 00:00:00,Dividend,447.95
11961,29,2025-01-02 00:00:00,Buy,2739.48
11962,127,2024-08-02 00:00:00,Rebalance,22065.78
11963,929,2021-02-18 00:00:00,Contribution,14214.86
11964,1249,2021-11-03 00:00:00,Buy,1962.9
11965,1482,2022-03-09 00:00:00,Contribution,10123.65
11966,1115,2024-03-01 00:00:00,Rebalance,31547.62
11967,569,2023-03-29 00:00:00,Buy,18151.06
11968,182,2022-05-20 00:00:00,Dividend,2809.07
11969,72,2025-06-05 00:00:00,Buy,8895.47
11970,106,2020-01-29 00:00:00,Withdrawal,4897.43
11971,1025,2023-01-04 00:00:00,Sell,26230.98
11972,1180,2022-08-26 00:00:00,Dividend,32095
11973,1318,2021-05-18 00:00:00,Buy,3337.59
11974,608,2020-12-27 00:00:00,Dividend,8080.51
11975,59,2020-04-23 00:00:00,Buy,7208.2
11976,236,2020-05-01 00:00:00,Buy,8127.16
11977,391,2022-08-28 00:00:00,Withdrawal,21839.11
11978,827,2020-07-18 00:00:00,Buy,740.89
11979,1499,2024-05-06 00:00:00,Withdrawal,4345.84
11980,778,2023-01-30 00:00:00,Buy,13754.04
11981,1193,2021-07-15 00:00:00,Dividend,93428.06
11982,951,2021-07-18 00:00:00,Sell,9357.69
11983,274,2021-09-03 00:00:00,Buy,10141.73
11984,439,2026-05-27 00:00:00,Sell,30860.74
11985,610,2023-05-01 00:00:00,Dividend,17875.94
11986,978,2024-01-10 00:00:00,Contribution,3198.22
11987,1056,2022-08-08 00:00:00,Buy,3675.98
11988,636,2025-08-07 00:00:00,Sell,20500.39
11989,1129,2024-01-23 00:00:00,Withdrawal,6784.08
11990,1182,2023-11-27 00:00:00,Withdrawal,8160
11991,441,2023-03-01 00:00:00,Buy,9710.94
11992,1116,2021-10-12 00:00:00,Rebalance,46231.38
11993,354,2023-04-20 00:00:00,Buy,601.02
11994,639,2024-07-19 00:00:00,Contribution,1044.16
11995,573,2021-03-14 00:00:00,Sell,7500.01
11996,689,2024-11-19 00:00:00,Sell,74178.99
11997,931,2024-10-18 00:00:00,Rebalance,981.92
11998,191,2023-11-28 00:00:00,Buy,7853.32
11999,808,2026-05-05 00:00:00,Buy,14379.98
12000,1160,2020-02-06 00:00:00,Contribution,23285.13
12001,94,2025-03-02 00:00:00,Rebalance,3877.51
12002,7,2024-09-19 00:00:00,Withdrawal,16920.52
12003,1397,2024-07-05 00:00:00,Buy,5555.67
12004,1403,2021-06-03 00:00:00,Contribution,5602.76
12005,821,2023-03-25 00:00:00,Rebalance,26637.25
12006,1192,2026-01-31 00:00:00,Buy,18986.29
12007,1215,2021-11-08 00:00:00,Withdrawal,2123.16
12008,1183,2023-07-06 00:00:00,Rebalance,6941.25
12009,660,2023-08-27 00:00:00,Buy,2117.56
12010,1310,2023-05-29 00:00:00,Sell,1784.21
12011,1171,2023-02-28 00:00:00,Sell,3497.07
12012,768,2023-01-15 00:00:00,Withdrawal,8450.82
12013,1180,2021-03-30 00:00:00,Buy,2300.57
12014,927,2025-10-15 00:00:00,Buy,1540.39
12015,1169,2022-06-07 00:00:00,Buy,4895.38
12016,24,2020-12-08 00:00:00,Buy,14360.74
12017,304,2024-07-22 00:00:00,Withdrawal,1890.99
12018,110,2024-12-20 00:00:00,Buy,11661.53
12019,670,2023-05-19 00:00:00,Withdrawal,2432.3
12020,1404,2020-04-13 00:00:00,Dividend,12589.44
12021,928,2022-01-21 00:00:00,Rebalance,1159.85
12022,359,2022-01-22 00:00:00,Sell,9037.26
12023,1166,2023-09-23 00:00:00,Contribution,5469.83
12024,812,2021-10-04 00:00:00,Buy,41769.51
12025,1045,2024-10-04 00:00:00,Sell,5433.37
12026,80,2021-03-23 00:00:00,Sell,4156.01
12027,234,2020-09-15 00:00:00,Buy,2651.15
12028,327,2023-10-23 00:00:00,Buy,19633.82
12029,584,2020-08-08 00:00:00,Buy,2965.65
12030,2,2024-05-19 00:00:00,Contribution,6394.09
12031,66,2026-04-17 00:00:00,Buy,5322
12032,1338,2021-09-23 00:00:00,Sell,3908.43
12033,1052,2026-03-04 00:00:00,Contribution,49656.84
12034,1243,2024-04-30 00:00:00,Contribution,4555.51
12035,413,2022-04-04 00:00:00,Sell,11564.9
12036,293,2020-09-23 00:00:00,Contribution,5876.76
12037,893,2023-05-25 00:00:00,Buy,5894
12038,682,2020-07-19 00:00:00,Buy,2482.02
12039,185,2020-01-31 00:00:00,Buy,437.55
12040,1446,2022-12-24 00:00:00,Contribution,15895.92
12041,599,2023-03-30 00:00:00,Withdrawal,4425.33
12042,453,2020-04-05 00:00:00,Sell,7816.37
12043,52,2023-04-06 00:00:00,Buy,10241.88
12044,604,2020-09-01 00:00:00,Contribution,2316.64
12045,601,2023-12-28 00:00:00,Buy,8109.3
12046,159,2022-06-13 00:00:00,Buy,18352.38
12047,1274,2020-06-27 00:00:00,Buy,918.31
12048,1399,2025-05-18 00:00:00,Contribution,12236.65
12049,1080,2022-07-18 00:00:00,Sell,9072.28
12050,251,2022-06-14 00:00:00,Withdrawal,8764.73
12051,681,2020-07-06 00:00:00,Buy,14630
12052,178,2025-10-13 00:00:00,Contribution,43384.86
12053,463,2023-03-28 00:00:00,Contribution,16116.06
12054,882,2023-05-22 00:00:00,Contribution,15050.52
12055,985,2023-04-05 00:00:00,Rebalance,4131.33
12056,654,2023-02-25 00:00:00,Contribution,10662.78
12057,1260,2022-09-06 00:00:00,Withdrawal,5724.07
12058,34,2025-02-25 00:00:00,Sell,12883.19
12059,1343,2024-05-25 00:00:00,Buy,19738.1
12060,669,2021-09-30 00:00:00,Buy,1761.69
12061,367,2022-08-21 00:00:00,Sell,18308.43
12062,485,2024-08-15 00:00:00,Buy,17006.75
12063,1076,2023-01-17 00:00:00,Buy,18105.31
12064,672,2025-02-13 00:00:00,Buy,12788.48
12065,247,2025-01-03 00:00:00,Sell,8578.53
12066,977,2024-12-15 00:00:00,Buy,60641.92
12067,224,2021-01-19 00:00:00,Buy,1930.38
12068,652,2023-04-02 00:00:00,Buy,2608.56
12069,811,2023-05-13 00:00:00,Buy,4160.91
12070,310,2021-12-16 00:00:00,Sell,22380.72
12071,889,2024-10-18 00:00:00,Buy,27279.21
12072,1170,2024-09-23 00:00:00,Sell,10451.06
12073,359,2020-03-14 00:00:00,Withdrawal,619.77
12074,1407,2025-08-25 00:00:00,Sell,6450.62
12075,31,2022-02-09 00:00:00,Buy,12018.27
12076,839,2022-08-30 00:00:00,Contribution,3185.62
12077,560,2023-10-03 00:00:00,Contribution,8484.5
12078,1329,2023-04-10 00:00:00,Dividend,17387.77
12079,333,2022-01-09 00:00:00,Sell,18368.6
12080,1175,2023-10-22 00:00:00,Dividend,845.51
12081,327,2025-03-28 00:00:00,Sell,2125.26
12082,1496,2021-12-21 00:00:00,Buy,5509.93
12083,297,2022-01-01 00:00:00,Sell,3910.07
12084,684,2021-12-18 00:00:00,Contribution,1490.6
12085,377,2025-04-06 00:00:00,Sell,21106.88
12086,822,2023-04-03 00:00:00,Rebalance,21156.4
12087,108,2024-09-24 00:00:00,Withdrawal,11640.25
12088,438,2023-03-12 00:00:00,Buy,1397.83
12089,547,2020-10-30 00:00:00,Sell,34119.51
12090,715,2021-12-02 00:00:00,Withdrawal,9828.94
12091,1309,2024-05-01 00:00:00,Contribution,101703.51
12092,1419,2020-09-12 00:00:00,Buy,5436.36
12093,469,2022-01-09 00:00:00,Sell,5473.04
12094,1474,2024-03-19 00:00:00,Contribution,7156.43
12095,1318,2024-01-19 00:00:00,Sell,8720.68
12096,437,2024-08-16 00:00:00,Dividend,4502.21
12097,1009,2023-04-19 00:00:00,Sell,4948.97
12098,584,2020-06-17 00:00:00,Sell,5970.8
12099,1286,2021-03-31 00:00:00,Buy,10240.15
12100,83,2022-07-07 00:00:00,Withdrawal,40620.26
12101,490,2026-02-08 00:00:00,Sell,1717.46
12102,1064,2025-10-30 00:00:00,Contribution,7294.9
12103,302,2026-04-12 00:00:00,Sell,19291.79
12104,234,2023-12-26 00:00:00,Rebalance,7798.15
12105,399,2022-09-06 00:00:00,Sell,289.3
12106,967,2025-08-22 00:00:00,Contribution,9307.47
12107,263,2022-10-15 00:00:00,Contribution,5765.17
12108,1454,2023-11-16 00:00:00,Rebalance,4479.23
12109,1104,2025-02-24 00:00:00,Contribution,4346.12
12110,1216,2020-04-08 00:00:00,Rebalance,1776.39
12111,337,2021-10-30 00:00:00,Buy,7470.13
12112,555,2025-09-30 00:00:00,Dividend,3927.63
12113,70,2024-09-11 00:00:00,Sell,22911.51
12114,1162,2023-12-30 00:00:00,Sell,4809.02
12115,1433,2023-04-14 00:00:00,Sell,4858.53
12116,188,2020-08-11 00:00:00,Contribution,16181.6
12117,206,2021-07-11 00:00:00,Buy,3344.57
12118,844,2022-10-24 00:00:00,Buy,12370.9
12119,487,2025-01-22 00:00:00,Contribution,15971.52
12120,296,2021-04-03 00:00:00,Rebalance,9282.57
12121,179,2024-05-04 00:00:00,Rebalance,3215
12122,665,2021-01-08 00:00:00,Dividend,7300.54
12123,1307,2020-07-19 00:00:00,Rebalance,4879.1
12124,281,2021-10-24 00:00:00,Buy,5608.34
12125,239,2021-11-15 00:00:00,Withdrawal,1729.72
12126,1343,2021-11-20 00:00:00,Sell,7810.27
12127,563,2021-01-23 00:00:00,Buy,1127.26
12128,750,2024-03-29 00:00:00,Dividend,2180.33
12129,341,2022-04-29 00:00:00,Buy,1714.68
12130,457,2023-11-01 00:00:00,Buy,3101.84
12131,733,2024-04-15 00:00:00,Buy,3179.86
12132,1462,2022-07-03 00:00:00,Contribution,17812.86
12133,680,2020-06-09 00:00:00,Contribution,3350.42
12134,1285,2020-03-10 00:00:00,Buy,12796.09
12135,497,2026-03-05 00:00:00,Sell,3126.22
12136,615,2020-06-15 00:00:00,Contribution,883.86
12137,910,2023-08-08 00:00:00,Buy,9826.14
12138,1266,2023-11-20 00:00:00,Contribution,3710.48
12139,1258,2026-01-29 00:00:00,Dividend,5414.71
12140,361,2025-10-30 00:00:00,Dividend,8096.1
12141,814,2022-04-16 00:00:00,Withdrawal,5027.35
12142,397,2025-02-15 00:00:00,Contribution,387.23
12143,744,2024-01-02 00:00:00,Buy,13391.73
12144,771,2022-11-14 00:00:00,Dividend,4948.43
12145,1301,2025-08-12 00:00:00,Sell,11651.57
12146,1389,2023-04-20 00:00:00,Buy,1844.44
12147,569,2022-06-21 00:00:00,Rebalance,12607.49
12148,698,2020-02-21 00:00:00,Sell,15030.45
12149,344,2020-11-14 00:00:00,Dividend,12424.22
12150,229,2026-05-04 00:00:00,Sell,11321.44
12151,1492,2021-07-20 00:00:00,Sell,1950.13
12152,907,2022-10-07 00:00:00,Buy,11229.5
12153,798,2024-06-21 00:00:00,Buy,16417.87
12154,424,2025-09-10 00:00:00,Buy,1966.68
12155,735,2025-05-20 00:00:00,Rebalance,7286.63
12156,698,2025-07-22 00:00:00,Buy,3643.24
12157,1319,2025-06-24 00:00:00,Buy,38117.94
12158,697,2023-11-10 00:00:00,Sell,30049.74
12159,75,2021-09-22 00:00:00,Contribution,7447.18
12160,970,2026-05-14 00:00:00,Withdrawal,1543.82
12161,43,2026-01-01 00:00:00,Withdrawal,4018.72
12162,998,2021-03-13 00:00:00,Buy,514.23
12163,1031,2023-04-04 00:00:00,Sell,1124.97
12164,62,2021-03-28 00:00:00,Buy,15819.52
12165,520,2021-03-15 00:00:00,Contribution,3559.08
12166,316,2024-10-05 00:00:00,Buy,1308.87
12167,951,2024-04-29 00:00:00,Sell,7744.47
12168,706,2020-04-27 00:00:00,Buy,3034.74
12169,446,2025-06-29 00:00:00,Buy,7938.05
12170,827,2022-12-19 00:00:00,Buy,4114.73
12171,202,2021-05-11 00:00:00,Buy,12456.36
12172,1067,2021-08-09 00:00:00,Sell,2718.26
12173,332,2025-10-14 00:00:00,Contribution,5739.57
12174,644,2020-12-01 00:00:00,Buy,1125.92
12175,1009,2021-02-27 00:00:00,Buy,4396.49
12176,513,2026-04-06 00:00:00,Buy,14738.85
12177,272,2020-08-09 00:00:00,Sell,13316.82
12178,1105,2024-06-12 00:00:00,Buy,5509.78
12179,1171,2024-12-14 00:00:00,Sell,5867.93
12180,852,2025-02-27 00:00:00,Dividend,994.93
12181,1079,2022-08-11 00:00:00,Contribution,12149.74
12182,681,2024-06-22 00:00:00,Buy,4249.02
12183,340,2026-03-13 00:00:00,Contribution,16778.94
12184,932,2020-12-09 00:00:00,Contribution,1274.25
12185,503,2024-01-13 00:00:00,Contribution,15738.64
12186,153,2024-01-31 00:00:00,Dividend,1524.34
12187,95,2020-03-18 00:00:00,Buy,38597.4
12188,710,2023-06-25 00:00:00,Buy,2643.49
12189,100,2021-02-10 00:00:00,Buy,1525.27
12190,1353,2020-11-18 00:00:00,Buy,2011.98
12191,404,2024-03-04 00:00:00,Rebalance,11207.78
12192,850,2020-06-28 00:00:00,Contribution,30184.39
12193,1346,2020-10-10 00:00:00,Withdrawal,13110.36
12194,269,2022-02-06 00:00:00,Sell,4094.94
12195,68,2024-12-09 00:00:00,Withdrawal,9899.52
12196,960,2020-10-25 00:00:00,Buy,500.89
12197,1281,2025-11-23 00:00:00,Sell,1049.76
12198,919,2020-04-03 00:00:00,Buy,5084.83
12199,584,2025-08-25 00:00:00,Dividend,7359.68
12200,649,2025-04-02 00:00:00,Sell,4360.51
12201,1281,2025-11-14 00:00:00,Dividend,3215.1
12202,1027,2022-04-22 00:00:00,Contribution,14411.47
12203,977,2022-02-26 00:00:00,Sell,3589.99
12204,536,2021-04-17 00:00:00,Withdrawal,1310.98
12205,1260,2022-03-02 00:00:00,Contribution,12912.22
12206,1200,2020-11-11 00:00:00,Buy,36672.11
12207,1294,2023-11-14 00:00:00,Buy,10546.9
12208,1091,2021-12-31 00:00:00,Rebalance,1037.35
12209,1498,2024-07-17 00:00:00,Buy,10624.21
12210,344,2025-10-13 00:00:00,Dividend,8108.09
12211,426,2025-12-05 00:00:00,Sell,5924.44
12212,710,2023-04-21 00:00:00,Buy,9482.74
12213,300,2021-11-08 00:00:00,Sell,24834.54
12214,42,2021-05-16 00:00:00,Rebalance,14588.22
12215,776,2020-11-08 00:00:00,Buy,34192.42
12216,29,2022-02-24 00:00:00,Sell,2708.38
12217,693,2020-08-14 00:00:00,Sell,5101.46
12218,605,2020-12-10 00:00:00,Dividend,5639.56
12219,117,2021-01-26 00:00:00,Contribution,5547.18
12220,1356,2023-12-20 00:00:00,Dividend,17249.03
12221,313,2024-08-07 00:00:00,Sell,4626.53
12222,1110,2025-12-17 00:00:00,Contribution,4824.37
12223,962,2023-04-28 00:00:00,Contribution,13884.97
12224,101,2025-12-09 00:00:00,Sell,2105.77
12225,971,2025-07-27 00:00:00,Buy,10578.9
12226,852,2024-02-04 00:00:00,Buy,17405.99
12227,1252,2025-01-27 00:00:00,Buy,3078.15
12228,1253,2024-06-21 00:00:00,Sell,2395.17
12229,631,2024-04-21 00:00:00,Withdrawal,6177.66
12230,299,2021-02-04 00:00:00,Rebalance,31353.77
12231,947,2025-12-11 00:00:00,Buy,1050.39
12232,1430,2024-02-08 00:00:00,Sell,702.83
12233,394,2025-12-23 00:00:00,Contribution,4914.36
12234,332,2025-05-31 00:00:00,Sell,7829.25
12235,462,2021-11-03 00:00:00,Sell,42210.08
12236,135,2024-04-16 00:00:00,Buy,2589.04
12237,1437,2022-06-15 00:00:00,Sell,2890.19
12238,971,2023-05-15 00:00:00,Buy,15535.5
12239,1379,2024-08-09 00:00:00,Withdrawal,5166.44
12240,1306,2020-03-18 00:00:00,Buy,6918.7
12241,1373,2024-04-11 00:00:00,Sell,2591.05
12242,28,2024-01-22 00:00:00,Rebalance,6891.49
12243,1201,2021-03-17 00:00:00,Contribution,10169.58
12244,1162,2022-05-29 00:00:00,Contribution,2133.33
12245,516,2022-08-17 00:00:00,Dividend,2749.4
12246,583,2022-03-07 00:00:00,Rebalance,376.8
12247,1361,2021-02-07 00:00:00,Contribution,6660.2
12248,1095,2022-07-07 00:00:00,Rebalance,10751.86
12249,1338,2024-04-11 00:00:00,Contribution,4611.15
12250,566,2021-05-15 00:00:00,Sell,20084.32
12251,447,2021-03-14 00:00:00,Buy,1067.3
12252,1225,2024-08-13 00:00:00,Rebalance,6579.14
12253,899,2023-08-25 00:00:00,Buy,1048.49
12254,1481,2020-06-19 00:00:00,Rebalance,12068.65
12255,1098,2022-11-16 00:00:00,Sell,5403.77
12256,295,2025-02-05 00:00:00,Dividend,10251.22
12257,527,2025-09-29 00:00:00,Buy,1980.79
12258,1185,2023-02-24 00:00:00,Dividend,21950.09
12259,1352,2023-07-03 00:00:00,Contribution,5636.19
12260,1271,2023-02-15 00:00:00,Contribution,3474.78
12261,204,2025-09-22 00:00:00,Dividend,1571.83
12262,1318,2023-12-09 00:00:00,Buy,13072.34
12263,1227,2020-10-07 00:00:00,Buy,32234.17
12264,1318,2025-08-20 00:00:00,Buy,28427.88
12265,681,2025-01-26 00:00:00,Contribution,14752.64
12266,828,2025-05-31 00:00:00,Sell,2721.84
12267,809,2023-02-28 00:00:00,Sell,6514.82
12268,95,2025-11-27 00:00:00,Buy,3937.3
12269,165,2020-10-31 00:00:00,Dividend,4049.96
12270,829,2025-06-06 00:00:00,Buy,1609.79
12271,1157,2022-12-01 00:00:00,Dividend,11239.76
12272,862,2020-11-05 00:00:00,Buy,8792
12273,1434,2023-09-03 00:00:00,Buy,20190.03
12274,905,2024-02-07 00:00:00,Buy,21467.27
12275,808,2024-12-14 00:00:00,Sell,22614.76
12276,748,2023-04-02 00:00:00,Sell,65264.47
12277,512,2026-02-06 00:00:00,Withdrawal,4048
12278,511,2020-09-29 00:00:00,Contribution,8389.61
12279,595,2020-05-14 00:00:00,Buy,9941.82
12280,552,2023-01-29 00:00:00,Dividend,4157.71
12281,971,2025-12-01 00:00:00,Contribution,29866.88
12282,1231,2026-01-16 00:00:00,Contribution,1368.45
12283,934,2026-04-01 00:00:00,Contribution,8979.3
12284,631,2020-06-06 00:00:00,Sell,14516.61
12285,531,2021-03-27 00:00:00,Buy,10285.96
12286,175,2020-10-23 00:00:00,Buy,2706.75
12287,972,2023-11-12 00:00:00,Buy,6689.15
12288,452,2023-05-01 00:00:00,Buy,28096.91
12289,978,2025-07-30 00:00:00,Contribution,17297.59
12290,534,2026-02-21 00:00:00,Rebalance,2905.85
12291,1271,2025-08-23 00:00:00,Sell,4173.04
12292,1018,2025-10-25 00:00:00,Sell,44808.19
12293,1203,2020-04-25 00:00:00,Withdrawal,20232.32
12294,522,2020-11-20 00:00:00,Sell,26774.5
12295,428,2021-02-13 00:00:00,Sell,10886.29
12296,646,2025-03-03 00:00:00,Sell,23493.34
12297,840,2020-07-13 00:00:00,Sell,5849.41
12298,88,2022-08-28 00:00:00,Buy,3263
12299,1186,2025-04-21 00:00:00,Contribution,14468.72
12300,572,2025-01-25 00:00:00,Dividend,862.38
12301,872,2025-08-07 00:00:00,Buy,1102.77
12302,168,2024-12-02 00:00:00,Contribution,2187.75
12303,1367,2021-06-26 00:00:00,Contribution,6431.45
12304,227,2021-04-26 00:00:00,Buy,8258.51
12305,1264,2020-03-07 00:00:00,Sell,1413.97
12306,376,2023-02-19 00:00:00,Dividend,7531.65
12307,919,2025-01-22 00:00:00,Rebalance,10954.74
12308,30,2022-01-10 00:00:00,Rebalance,1343.54
12309,1369,2025-01-25 00:00:00,Contribution,2958.67
12310,848,2022-01-28 00:00:00,Buy,6713.11
12311,992,2023-06-02 00:00:00,Buy,6875.72
12312,1461,2024-04-13 00:00:00,Contribution,9220.32
12313,836,2024-05-24 00:00:00,Withdrawal,21328.38
12314,727,2022-02-13 00:00:00,Contribution,5947.6
12315,1313,2025-07-16 00:00:00,Sell,5493.88
12316,1053,2025-11-16 00:00:00,Sell,7517.04
12317,1291,2024-11-27 00:00:00,Buy,7314.94
12318,323,2023-05-05 00:00:00,Buy,2099.21
12319,348,2025-05-12 00:00:00,Sell,45705.13
12320,769,2025-08-27 00:00:00,Buy,912.25
12321,269,2022-07-25 00:00:00,Buy,5487.81
12322,326,2024-05-18 00:00:00,Buy,2816.22
12323,411,2020-08-16 00:00:00,Sell,6295.87
12324,94,2025-07-29 00:00:00,Sell,4622.65
12325,929,2024-02-14 00:00:00,Contribution,4320.18
12326,1133,2021-09-15 00:00:00,Sell,9593.68
12327,254,2023-01-30 00:00:00,Buy,5005.81
12328,253,2023-12-04 00:00:00,Buy,4297.19
12329,1002,2020-08-22 00:00:00,Sell,1250.6
12330,469,2022-11-03 00:00:00,Withdrawal,3354.95
12331,1225,2022-05-14 00:00:00,Sell,3522.4
12332,249,2024-04-18 00:00:00,Buy,7490.64
12333,1093,2022-07-03 00:00:00,Buy,15734.51
12334,1375,2020-11-25 00:00:00,Buy,4987.72
12335,1300,2024-08-19 00:00:00,Sell,3095.6
12336,1139,2020-05-06 00:00:00,Buy,3363.88
12337,670,2020-01-25 00:00:00,Buy,5138.19
12338,403,2023-11-09 00:00:00,Sell,3682.15
12339,88,2021-08-26 00:00:00,Contribution,5157.74
12340,1255,2021-10-15 00:00:00,Buy,70159.1
12341,832,2023-10-10 00:00:00,Sell,3434.07
12342,1485,2021-03-23 00:00:00,Buy,8153.7
12343,524,2020-03-04 00:00:00,Buy,8257.66
12344,1184,2023-03-25 00:00:00,Buy,7534.78
12345,1413,2024-10-27 00:00:00,Sell,3552.79
12346,82,2021-02-07 00:00:00,Buy,1050.51
12347,1394,2020-06-06 00:00:00,Buy,12372.14
12348,180,2023-01-08 00:00:00,Buy,1447.53
12349,795,2026-02-14 00:00:00,Contribution,3254.39
12350,1053,2021-11-01 00:00:00,Withdrawal,17259.72
12351,662,2025-06-11 00:00:00,Buy,4903.78
12352,730,2021-03-14 00:00:00,Sell,28206.91
12353,34,2026-01-18 00:00:00,Sell,2309.2
12354,892,2023-07-08 00:00:00,Dividend,2277.25
12355,1160,2020-10-15 00:00:00,Dividend,4631.89
12356,1326,2022-06-07 00:00:00,Dividend,912.68
12357,262,2021-08-14 00:00:00,Buy,760.78
12358,279,2021-06-20 00:00:00,Buy,5563.29
12359,911,2023-10-10 00:00:00,Sell,7935.22
12360,429,2020-08-27 00:00:00,Buy,3354.48
12361,1350,2023-03-18 00:00:00,Buy,1702.79
12362,227,2024-08-29 00:00:00,Contribution,3223.7
12363,642,2022-10-06 00:00:00,Sell,8400.87
12364,980,2020-07-22 00:00:00,Sell,2914.65
12365,1344,2023-08-01 00:00:00,Dividend,18057.11
12366,196,2023-08-21 00:00:00,Buy,18724.6
12367,1489,2021-09-23 00:00:00,Sell,375.2
12368,690,2022-06-20 00:00:00,Sell,1159.02
12369,786,2025-11-08 00:00:00,Dividend,3838.94
12370,298,2026-02-24 00:00:00,Contribution,8847.38
12371,438,2023-06-08 00:00:00,Sell,24722.92
12372,298,2024-07-03 00:00:00,Sell,1033.28
12373,1102,2024-05-09 00:00:00,Buy,11951.92
12374,1497,2021-11-17 00:00:00,Rebalance,27601.73
12375,1193,2025-05-05 00:00:00,Withdrawal,75532.85
12376,900,2025-12-24 00:00:00,Sell,8870.56
12377,252,2021-01-13 00:00:00,Buy,14184.04
12378,242,2022-06-09 00:00:00,Buy,516.32
12379,148,2021-02-16 00:00:00,Contribution,7360.05
12380,1495,2025-01-15 00:00:00,Buy,61999.42
12381,1061,2023-03-04 00:00:00,Withdrawal,6143.34
12382,236,2022-03-28 00:00:00,Withdrawal,998.43
12383,600,2024-02-04 00:00:00,Withdrawal,896.42
12384,784,2021-12-11 00:00:00,Buy,17433.14
12385,868,2025-04-11 00:00:00,Sell,3275.96
12386,1496,2024-08-02 00:00:00,Sell,33044.04
12387,1462,2025-07-30 00:00:00,Buy,5305.38
12388,631,2021-05-30 00:00:00,Buy,5970.14
12389,327,2022-01-12 00:00:00,Dividend,7711.52
12390,945,2024-09-16 00:00:00,Buy,1905.21
12391,324,2025-03-26 00:00:00,Buy,975.11
12392,256,2026-05-31 00:00:00,Contribution,3614.11
12393,711,2024-08-13 00:00:00,Dividend,16510.69
12394,1171,2022-07-12 00:00:00,Buy,5241.53
12395,282,2021-08-24 00:00:00,Buy,23519.19
12396,257,2020-09-22 00:00:00,Sell,861.56
12397,943,2022-11-10 00:00:00,Buy,5612.49
12398,1413,2023-02-26 00:00:00,Sell,5762.09
12399,895,2021-02-27 00:00:00,Contribution,6353.59
12400,1445,2023-03-07 00:00:00,Buy,1762.84
12401,436,2024-03-16 00:00:00,Dividend,2752.63
12402,503,2021-03-22 00:00:00,Contribution,2502.23
12403,922,2020-08-15 00:00:00,Buy,5892.54
12404,765,2025-08-30 00:00:00,Withdrawal,987.49
12405,916,2024-10-11 00:00:00,Buy,6697.92
12406,428,2020-07-01 00:00:00,Contribution,13130.34
12407,690,2023-06-05 00:00:00,Withdrawal,11874.67
12408,66,2026-03-22 00:00:00,Rebalance,3118.31
12409,265,2022-01-30 00:00:00,Buy,8871.86
12410,54,2021-12-01 00:00:00,Dividend,26270.34
12411,649,2022-12-05 00:00:00,Sell,30888.52
12412,80,2022-06-22 00:00:00,Withdrawal,9124.35
12413,447,2021-02-01 00:00:00,Buy,24621.77
12414,933,2023-03-22 00:00:00,Buy,24273.91
12415,1352,2022-03-10 00:00:00,Withdrawal,1748.56
12416,359,2023-09-01 00:00:00,Contribution,18385.57
12417,441,2022-02-15 00:00:00,Contribution,5346.72
12418,1474,2020-05-09 00:00:00,Buy,6715.76
12419,390,2025-01-30 00:00:00,Contribution,2459.52
12420,554,2023-07-01 00:00:00,Dividend,19086.93
12421,903,2021-06-15 00:00:00,Sell,14194.69
12422,711,2021-12-05 00:00:00,Contribution,9354.16
12423,1299,2022-09-24 00:00:00,Buy,2685.81
12424,1432,2021-12-07 00:00:00,Withdrawal,6792.47
12425,162,2024-05-25 00:00:00,Withdrawal,10317.58
12426,791,2022-06-06 00:00:00,Buy,5211.89
12427,1140,2024-04-06 00:00:00,Dividend,6359.87
12428,383,2022-07-02 00:00:00,Contribution,5469.18
12429,1071,2023-05-09 00:00:00,Buy,12573.15
12430,968,2025-08-12 00:00:00,Rebalance,1467.79
12431,252,2023-06-28 00:00:00,Contribution,13748.61
12432,767,2023-04-14 00:00:00,Buy,4794.75
12433,862,2023-10-23 00:00:00,Buy,10895.63
12434,454,2020-05-10 00:00:00,Withdrawal,15541.75
12435,533,2026-04-13 00:00:00,Buy,6352.82
12436,57,2020-01-27 00:00:00,Withdrawal,37346.24
12437,6,2023-05-13 00:00:00,Withdrawal,5463.88
12438,728,2025-05-01 00:00:00,Sell,6478.16
12439,1220,2020-01-12 00:00:00,Buy,30042.11
12440,686,2021-10-09 00:00:00,Rebalance,27503.11
12441,1243,2022-11-25 00:00:00,Withdrawal,2806.9
12442,89,2025-04-23 00:00:00,Sell,1225.32
12443,602,2024-10-20 00:00:00,Buy,1636.36
12444,352,2021-07-12 00:00:00,Withdrawal,15153.3
12445,970,2020-08-21 00:00:00,Sell,7304.3
12446,469,2020-11-28 00:00:00,Sell,1499.51
12447,1462,2022-04-19 00:00:00,Withdrawal,16735.68
12448,987,2023-05-25 00:00:00,Buy,17365.08
12449,605,2023-02-07 00:00:00,Contribution,10721.77
12450,37,2021-03-24 00:00:00,Contribution,2085.43
12451,158,2020-07-07 00:00:00,Rebalance,9110.6
12452,1255,2022-03-29 00:00:00,Dividend,2119.78
12453,1433,2025-02-03 00:00:00,Contribution,12490.01
12454,1087,2021-02-27 00:00:00,Buy,10749.97
12455,181,2024-09-30 00:00:00,Buy,9868.49
12456,890,2022-02-04 00:00:00,Dividend,2815.66
12457,258,2025-01-22 00:00:00,Dividend,9209.46
12458,1380,2021-06-09 00:00:00,Contribution,9667.69
12459,1424,2024-06-27 00:00:00,Withdrawal,12173.68
12460,1115,2023-05-20 00:00:00,Buy,1157.15
12461,577,2023-04-30 00:00:00,Sell,3326.99
12462,1186,2026-03-09 00:00:00,Dividend,50841.37
12463,581,2020-12-11 00:00:00,Buy,13397.78
12464,202,2022-03-15 00:00:00,Buy,27132.69
12465,908,2020-02-18 00:00:00,Rebalance,3578.64
12466,1425,2024-07-05 00:00:00,Sell,21116.48
12467,733,2021-01-18 00:00:00,Buy,2729.24
12468,620,2021-07-26 00:00:00,Sell,5979.79
12469,1255,2020-11-22 00:00:00,Dividend,4210.52
12470,906,2022-08-25 00:00:00,Buy,5007.89
12471,186,2024-02-11 00:00:00,Rebalance,7699.71
12472,145,2024-10-01 00:00:00,Buy,3608.84
12473,1061,2022-07-24 00:00:00,Withdrawal,2443.87
12474,304,2024-03-06 00:00:00,Contribution,7914.93
12475,154,2025-01-13 00:00:00,Withdrawal,4444.72
12476,305,2021-07-30 00:00:00,Dividend,13639.26
12477,988,2025-04-27 00:00:00,Sell,1679.34
12478,1170,2023-12-16 00:00:00,Buy,7346.93
12479,1148,2022-02-19 00:00:00,Contribution,4387.81
12480,840,2026-05-20 00:00:00,Contribution,8985.98
12481,155,2021-09-14 00:00:00,Contribution,7111.94
12482,1386,2024-01-05 00:00:00,Contribution,12806.76
12483,1446,2021-07-30 00:00:00,Contribution,11455.58
12484,800,2025-05-20 00:00:00,Buy,19745.36
12485,1190,2025-02-01 00:00:00,Sell,13624.45
12486,1241,2020-11-29 00:00:00,Sell,16640.89
12487,482,2022-08-13 00:00:00,Rebalance,12105.75
12488,803,2023-08-24 00:00:00,Contribution,2485.62
12489,1221,2025-12-07 00:00:00,Buy,4557.05
12490,64,2024-06-13 00:00:00,Withdrawal,12022.41
12491,927,2025-07-29 00:00:00,Contribution,3774.03
12492,243,2024-05-02 00:00:00,Buy,1557.13
12493,457,2025-07-31 00:00:00,Sell,5161.65
12494,758,2021-08-23 00:00:00,Dividend,2185.88
12495,555,2025-09-27 00:00:00,Rebalance,10050.3
12496,727,2022-12-11 00:00:00,Dividend,5633.94
12497,809,2025-04-07 00:00:00,Sell,5699.95
12498,403,2020-06-16 00:00:00,Dividend,6293.26
12499,928,2022-06-11 00:00:00,Buy,3159.88
12500,1270,2023-01-28 00:00:00,Sell,15723.71
12501,124,2023-09-03 00:00:00,Buy,5618.38
12502,18,2020-05-15 00:00:00,Contribution,3703.1
12503,85,2025-06-21 00:00:00,Rebalance,15552.63
12504,848,2021-12-19 00:00:00,Withdrawal,9876.87
12505,364,2023-12-18 00:00:00,Buy,7505.17
12506,365,2020-02-16 00:00:00,Contribution,4555.59
12507,1424,2021-07-01 00:00:00,Sell,1405.63
12508,976,2021-01-11 00:00:00,Sell,5033.92
12509,1275,2025-01-22 00:00:00,Withdrawal,8159.55
12510,1095,2024-07-25 00:00:00,Withdrawal,6173.37
12511,390,2021-11-22 00:00:00,Rebalance,8555.52
12512,1162,2020-10-17 00:00:00,Rebalance,451.25
12513,610,2022-06-12 00:00:00,Rebalance,7088.36
12514,1029,2020-02-14 00:00:00,Sell,2747.95
12515,551,2022-12-01 00:00:00,Buy,14298.53
12516,320,2025-04-18 00:00:00,Contribution,2456.9
12517,375,2023-02-10 00:00:00,Contribution,15119.45
12518,26,2025-12-28 00:00:00,Rebalance,6533.76
12519,36,2020-02-02 00:00:00,Contribution,1476.81
12520,642,2022-01-28 00:00:00,Contribution,9371.94
12521,599,2021-11-07 00:00:00,Buy,3778.03
12522,1286,2025-10-30 00:00:00,Sell,11643.42
12523,373,2026-01-16 00:00:00,Buy,4164.99
12524,895,2024-05-27 00:00:00,Rebalance,15290.63
12525,1054,2022-04-23 00:00:00,Buy,4083.79
12526,1313,2026-04-21 00:00:00,Withdrawal,8542.35
12527,358,2023-04-20 00:00:00,Sell,10950.54
12528,1127,2024-12-07 00:00:00,Contribution,8278.93
12529,1245,2025-01-05 00:00:00,Sell,4840.21
12530,762,2020-01-08 00:00:00,Buy,8592.2
12531,1278,2020-10-16 00:00:00,Withdrawal,118396.4
12532,637,2024-03-03 00:00:00,Buy,2427.06
12533,1298,2022-06-07 00:00:00,Buy,1294.01
12534,482,2025-09-14 00:00:00,Sell,6243.81
12535,1226,2024-11-06 00:00:00,Buy,156.68
12536,389,2024-03-06 00:00:00,Sell,15684.34
12537,495,2023-11-05 00:00:00,Contribution,1286.38
12538,736,2020-04-06 00:00:00,Withdrawal,6111.05
12539,125,2022-11-14 00:00:00,Buy,9864.08
12540,307,2025-06-23 00:00:00,Sell,26169.29
12541,217,2024-08-15 00:00:00,Buy,15200.16
12542,1123,2020-12-19 00:00:00,Buy,4782.5
12543,1416,2023-03-16 00:00:00,Buy,5388.72
12544,770,2020-08-29 00:00:00,Dividend,3512.86
12545,544,2023-10-22 00:00:00,Contribution,1343.04
12546,671,2020-12-29 00:00:00,Buy,28591.94
12547,188,2020-07-11 00:00:00,Buy,4557.29
12548,1217,2023-11-09 00:00:00,Contribution,4620.11
12549,631,2025-03-10 00:00:00,Sell,5906.9
12550,912,2025-01-06 00:00:00,Buy,12994.28
12551,65,2023-11-18 00:00:00,Rebalance,11751.93
12552,618,2021-06-15 00:00:00,Buy,3806.24
12553,1000,2025-02-16 00:00:00,Dividend,17066.73
12554,995,2021-07-12 00:00:00,Rebalance,20236.13
12555,939,2022-04-21 00:00:00,Contribution,66357.96
12556,787,2023-11-14 00:00:00,Buy,12819.4
12557,63,2024-07-28 00:00:00,Sell,1346.24
12558,59,2025-12-01 00:00:00,Contribution,1881.29
12559,76,2023-05-29 00:00:00,Sell,1940.81
12560,618,2022-07-21 00:00:00,Buy,9900.68
12561,72,2021-11-03 00:00:00,Contribution,25468.02
12562,646,2026-05-05 00:00:00,Buy,14524.51
12563,1054,2022-05-13 00:00:00,Withdrawal,11503.62
12564,1272,2022-08-04 00:00:00,Withdrawal,4054.72
12565,1413,2020-08-13 00:00:00,Contribution,5513.11
12566,1319,2020-03-03 00:00:00,Withdrawal,12356.74
12567,435,2024-03-18 00:00:00,Buy,6515.6
12568,1011,2024-02-02 00:00:00,Buy,31251.85
12569,72,2024-08-09 00:00:00,Buy,2110.53
12570,595,2023-02-02 00:00:00,Sell,1342.56
12571,783,2020-08-12 00:00:00,Withdrawal,20158.59
12572,1148,2021-05-24 00:00:00,Contribution,3708.02
12573,274,2024-09-21 00:00:00,Withdrawal,10207.08
12574,931,2021-05-15 00:00:00,Buy,3513.47
12575,622,2024-03-31 00:00:00,Buy,17232.36
12576,808,2021-02-22 00:00:00,Rebalance,8022.68
12577,1215,2021-10-31 00:00:00,Buy,7288.86
12578,257,2025-06-13 00:00:00,Buy,18820.63
12579,1044,2024-11-19 00:00:00,Buy,11177.46
12580,108,2024-03-16 00:00:00,Rebalance,6917.77
12581,173,2023-09-02 00:00:00,Sell,11356.47
12582,23,2025-03-25 00:00:00,Buy,5455.37
12583,971,2026-02-26 00:00:00,Dividend,1040.9
12584,198,2020-12-05 00:00:00,Rebalance,11966.1
12585,1273,2024-12-21 00:00:00,Buy,10383.75
12586,1168,2021-01-06 00:00:00,Contribution,9576.39
12587,214,2022-08-30 00:00:00,Sell,2394.34
12588,710,2025-06-23 00:00:00,Contribution,5310.91
12589,568,2021-03-05 00:00:00,Contribution,37523.69
12590,342,2026-01-14 00:00:00,Contribution,2134.2
12591,994,2025-07-18 00:00:00,Withdrawal,5807.15
12592,430,2020-02-26 00:00:00,Buy,1875.18
12593,783,2023-08-05 00:00:00,Withdrawal,4469.37
12594,1261,2020-05-08 00:00:00,Buy,7279.88
12595,1280,2023-06-06 00:00:00,Sell,6043.66
12596,770,2025-09-28 00:00:00,Buy,7028.06
12597,165,2020-01-31 00:00:00,Contribution,18328.04
12598,47,2024-05-01 00:00:00,Rebalance,9178.38
12599,470,2020-07-04 00:00:00,Buy,5522.63
12600,1133,2023-01-21 00:00:00,Sell,6646.83
12601,868,2026-01-18 00:00:00,Sell,11616.19
12602,843,2023-05-19 00:00:00,Buy,5183.21
12603,850,2022-02-08 00:00:00,Contribution,11911.07
12604,271,2024-04-08 00:00:00,Buy,4960.62
12605,1088,2025-10-24 00:00:00,Buy,8491.97
12606,1251,2021-03-17 00:00:00,Buy,2539.95
12607,876,2022-07-31 00:00:00,Buy,9930.84
12608,1096,2021-07-21 00:00:00,Contribution,21420.38
12609,1160,2023-06-14 00:00:00,Rebalance,3931.6
12610,390,2023-12-04 00:00:00,Buy,2928.85
12611,618,2024-01-10 00:00:00,Dividend,17612.89
12612,749,2023-12-10 00:00:00,Rebalance,5983.74
12613,325,2023-11-20 00:00:00,Buy,32969.88
12614,1347,2024-02-23 00:00:00,Sell,8607.02
12615,151,2024-10-10 00:00:00,Sell,6020.15
12616,1165,2024-01-22 00:00:00,Buy,28034.6
12617,1095,2022-02-18 00:00:00,Withdrawal,8319.77
12618,813,2022-04-04 00:00:00,Sell,3333.4
12619,1064,2025-10-18 00:00:00,Rebalance,4094.96
12620,934,2026-04-19 00:00:00,Buy,12252.5
12621,912,2023-10-20 00:00:00,Dividend,898.52
12622,165,2022-01-14 00:00:00,Dividend,5553.32
12623,1076,2020-05-01 00:00:00,Sell,6208.3
12624,1327,2020-11-21 00:00:00,Rebalance,1169.98
12625,659,2020-02-08 00:00:00,Buy,10937.6
12626,355,2021-09-02 00:00:00,Buy,2816.19
12627,1202,2022-11-05 00:00:00,Buy,1025.4
12628,700,2020-10-31 00:00:00,Buy,2979.09
12629,1411,2025-06-19 00:00:00,Contribution,3001.1
12630,712,2021-08-12 00:00:00,Buy,7057.42
12631,1247,2021-06-20 00:00:00,Buy,5209.25
12632,832,2024-07-12 00:00:00,Buy,25889.03
12633,1323,2021-03-14 00:00:00,Buy,12132.04
12634,759,2021-01-16 00:00:00,Contribution,5676.11
12635,484,2020-11-15 00:00:00,Sell,10147.28
12636,456,2023-12-04 00:00:00,Buy,10294.16
12637,792,2025-08-08 00:00:00,Rebalance,9572.25
12638,516,2025-12-04 00:00:00,Rebalance,12816.84
12639,699,2023-11-03 00:00:00,Withdrawal,2081.53
12640,1345,2022-08-28 00:00:00,Dividend,7408.3
12641,410,2021-05-01 00:00:00,Withdrawal,6045.26
12642,627,2025-08-10 00:00:00,Sell,1669.77
12643,762,2022-06-19 00:00:00,Contribution,4509.53
12644,421,2023-10-01 00:00:00,Buy,2102.77
12645,1251,2021-01-23 00:00:00,Buy,11247.99
12646,366,2024-08-18 00:00:00,Contribution,3144.64
12647,1421,2024-09-12 00:00:00,Withdrawal,11562.27
12648,639,2021-08-18 00:00:00,Rebalance,31076.99
12649,619,2021-09-29 00:00:00,Withdrawal,373.77
12650,995,2024-04-23 00:00:00,Buy,1944.78
12651,875,2026-04-06 00:00:00,Buy,2245.01
12652,194,2021-06-24 00:00:00,Dividend,11571.1
12653,34,2025-03-10 00:00:00,Buy,4959.99
12654,1386,2022-05-16 00:00:00,Buy,1444.15
12655,333,2024-03-17 00:00:00,Buy,1816.45
12656,875,2021-12-01 00:00:00,Contribution,4481.41
12657,909,2020-06-25 00:00:00,Dividend,2812.61
12658,653,2021-07-27 00:00:00,Rebalance,28249.05
12659,1377,2025-12-19 00:00:00,Sell,4908.39
12660,281,2025-11-21 00:00:00,Buy,4479.04
12661,929,2023-06-19 00:00:00,Buy,7494.29
12662,795,2023-08-23 00:00:00,Sell,28952.85
12663,972,2020-07-22 00:00:00,Rebalance,4765.5
12664,281,2020-09-04 00:00:00,Dividend,659.72
12665,649,2023-08-28 00:00:00,Sell,7648.85
12666,761,2024-06-03 00:00:00,Buy,1037.43
12667,17,2024-10-03 00:00:00,Sell,1226.68
12668,1473,2020-03-17 00:00:00,Buy,3293.06
12669,567,2021-07-01 00:00:00,Buy,3112.14
12670,1383,2025-10-15 00:00:00,Dividend,17115.55
12671,335,2025-12-09 00:00:00,Buy,6165.52
12672,164,2021-09-11 00:00:00,Contribution,4370.83
12673,1131,2026-05-06 00:00:00,Sell,5701.78
12674,934,2020-04-25 00:00:00,Buy,2506.26
12675,133,2025-07-07 00:00:00,Buy,10818.4
12676,960,2021-06-12 00:00:00,Contribution,15772.08
12677,426,2025-02-16 00:00:00,Sell,4913.4
12678,171,2020-08-28 00:00:00,Withdrawal,3808.74
12679,114,2025-12-02 00:00:00,Buy,10568.44
12680,740,2024-12-30 00:00:00,Buy,44580.51
12681,1498,2023-03-30 00:00:00,Contribution,14879.86
12682,1283,2020-08-02 00:00:00,Sell,634.04
12683,1339,2020-07-06 00:00:00,Contribution,3683
12684,338,2023-06-05 00:00:00,Sell,26792.93
12685,1325,2021-04-18 00:00:00,Buy,80969.27
12686,195,2022-06-25 00:00:00,Contribution,4236.22
12687,1036,2025-06-06 00:00:00,Buy,2241.41
12688,15,2024-03-25 00:00:00,Contribution,2010.63
12689,499,2024-09-28 00:00:00,Buy,25360.75
12690,129,2022-02-14 00:00:00,Sell,2173.21
12691,984,2022-05-09 00:00:00,Withdrawal,13621.98
12692,538,2022-09-09 00:00:00,Buy,9973.64
12693,993,2020-08-25 00:00:00,Buy,2793.45
12694,459,2026-05-06 00:00:00,Buy,6302.36
12695,645,2025-05-01 00:00:00,Buy,3396.83
12696,681,2021-12-05 00:00:00,Rebalance,17139.39
12697,742,2023-08-09 00:00:00,Contribution,10871.22
12698,507,2022-10-04 00:00:00,Contribution,8874.48
12699,98,2022-04-09 00:00:00,Sell,1761.89
12700,972,2020-09-22 00:00:00,Dividend,2716.25
12701,209,2020-02-19 00:00:00,Buy,2837.25
12702,1471,2023-02-07 00:00:00,Sell,7903.37
12703,1342,2023-09-25 00:00:00,Contribution,13340.39
12704,988,2022-10-30 00:00:00,Buy,5928.81
12705,1269,2023-01-24 00:00:00,Buy,3513.55
12706,297,2025-05-29 00:00:00,Sell,27747.68
12707,229,2020-11-10 00:00:00,Sell,4499.57
12708,1180,2020-03-10 00:00:00,Buy,4398.57
12709,121,2024-10-23 00:00:00,Buy,11485.41
12710,1427,2026-05-14 00:00:00,Buy,8652.22
12711,1272,2022-08-17 00:00:00,Sell,932.77
12712,944,2023-10-06 00:00:00,Sell,53489.37
12713,290,2022-06-16 00:00:00,Buy,2256.28
12714,1017,2022-09-10 00:00:00,Sell,5507.58
12715,1245,2024-12-03 00:00:00,Buy,646.35
12716,174,2026-03-20 00:00:00,Buy,5010.33
12717,394,2022-08-13 00:00:00,Sell,6457.61
12718,32,2023-06-22 00:00:00,Buy,8882.74
12719,998,2024-05-07 00:00:00,Buy,2601.47
12720,1085,2022-11-10 00:00:00,Buy,4226.11
12721,647,2023-12-21 00:00:00,Withdrawal,7648.39
12722,1171,2022-05-19 00:00:00,Sell,20115.18
12723,991,2022-03-10 00:00:00,Sell,1922.16
12724,1111,2020-11-24 00:00:00,Contribution,19703.95
12725,1190,2020-12-30 00:00:00,Dividend,4320.68
12726,1198,2024-11-24 00:00:00,Rebalance,10491.12
12727,407,2022-07-05 00:00:00,Contribution,2459.03
12728,1247,2021-12-19 00:00:00,Dividend,5363.82
12729,60,2021-02-04 00:00:00,Contribution,41354.62
12730,152,2025-08-20 00:00:00,Sell,7584.07
12731,512,2021-05-10 00:00:00,Buy,36713.09
12732,635,2025-09-13 00:00:00,Sell,7636.02
12733,27,2023-11-05 00:00:00,Buy,8676.51
12734,1118,2024-09-26 00:00:00,Rebalance,25715.23
12735,1334,2021-07-23 00:00:00,Buy,3250
12736,1343,2022-11-14 00:00:00,Sell,9822.63
12737,1257,2023-08-22 00:00:00,Rebalance,1690.58
12738,426,2020-12-15 00:00:00,Withdrawal,2845.51
12739,723,2022-12-25 00:00:00,Sell,10203.68
12740,428,2023-12-21 00:00:00,Buy,3169.12
12741,841,2021-04-06 00:00:00,Withdrawal,1989.82
12742,768,2021-03-12 00:00:00,Contribution,35614.6
12743,147,2026-03-24 00:00:00,Rebalance,1550.14
12744,1468,2025-11-11 00:00:00,Sell,6563.36
12745,703,2025-06-27 00:00:00,Dividend,4263.91
12746,329,2020-04-13 00:00:00,Buy,7105.47
12747,689,2020-12-26 00:00:00,Buy,1394.99
12748,1043,2026-02-24 00:00:00,Buy,8189.47
12749,341,2024-02-24 00:00:00,Dividend,17043.51
12750,467,2020-07-29 00:00:00,Sell,6110.61
12751,410,2020-11-19 00:00:00,Sell,2696.17
12752,738,2020-09-27 00:00:00,Contribution,4408.85
12753,1160,2021-12-17 00:00:00,Buy,1080.61
12754,26,2026-03-08 00:00:00,Dividend,2622.43
12755,1272,2024-08-02 00:00:00,Withdrawal,5560.77
12756,1344,2024-10-19 00:00:00,Dividend,10207.55
12757,224,2023-04-07 00:00:00,Buy,21948.55
12758,627,2025-08-05 00:00:00,Sell,8567.29
12759,644,2023-12-22 00:00:00,Sell,1567.83
12760,873,2025-05-25 00:00:00,Contribution,48878.51
12761,823,2024-04-04 00:00:00,Withdrawal,31004.98
12762,151,2025-11-22 00:00:00,Sell,8489.02
12763,1398,2025-12-03 00:00:00,Sell,11340.14
12764,330,2020-10-11 00:00:00,Contribution,16227.77
12765,689,2023-10-27 00:00:00,Dividend,2789.73
12766,598,2022-08-10 00:00:00,Sell,8898.74
12767,164,2023-10-17 00:00:00,Rebalance,4588.27
12768,1354,2020-01-23 00:00:00,Buy,1545.12
12769,1097,2026-03-29 00:00:00,Dividend,781.22
12770,1243,2023-10-30 00:00:00,Buy,19496.83
12771,559,2023-08-21 00:00:00,Buy,10332.44
12772,582,2021-08-06 00:00:00,Dividend,4144.28
12773,834,2025-01-12 00:00:00,Dividend,7670.86
12774,1006,2026-01-16 00:00:00,Rebalance,5473.57
12775,755,2021-08-27 00:00:00,Contribution,5175.7
12776,157,2025-06-11 00:00:00,Buy,7846.49
12777,489,2023-03-01 00:00:00,Buy,2576.45
12778,1312,2021-12-06 00:00:00,Buy,28910.7
12779,669,2021-06-08 00:00:00,Withdrawal,13747.57
12780,1467,2020-12-15 00:00:00,Sell,3263.76
12781,1498,2020-01-09 00:00:00,Buy,3330.53
12782,520,2020-08-17 00:00:00,Rebalance,34275.03
12783,59,2020-03-27 00:00:00,Rebalance,1185.16
12784,592,2025-09-13 00:00:00,Rebalance,16208.46
12785,548,2022-03-03 00:00:00,Dividend,8271.4
12786,601,2024-11-12 00:00:00,Dividend,8909.34
12787,1098,2024-08-15 00:00:00,Buy,16905.06
12788,59,2021-08-29 00:00:00,Buy,13908.25
12789,834,2021-11-09 00:00:00,Sell,1519.26
12790,955,2021-09-17 00:00:00,Rebalance,1712.26
12791,1247,2023-06-26 00:00:00,Rebalance,6606.48
12792,1156,2021-08-29 00:00:00,Rebalance,1553.98
12793,1489,2022-11-16 00:00:00,Contribution,23191.94
12794,644,2022-11-01 00:00:00,Buy,7307.76
12795,80,2021-12-06 00:00:00,Withdrawal,4503.24
12796,1235,2022-01-06 00:00:00,Rebalance,1306.79
12797,727,2026-01-11 00:00:00,Buy,6735.92
12798,1391,2025-05-14 00:00:00,Dividend,5202.05
12799,1194,2025-10-09 00:00:00,Buy,27980.1
12800,169,2021-10-07 00:00:00,Dividend,8156.65
12801,1471,2020-08-20 00:00:00,Buy,11863.6
12802,444,2023-05-11 00:00:00,Sell,8779.22
12803,184,2024-10-24 00:00:00,Buy,8275.32
12804,1245,2020-08-28 00:00:00,Withdrawal,18012.06
12805,909,2021-11-28 00:00:00,Buy,18744.88
12806,36,2024-11-14 00:00:00,Buy,6913.98
12807,1201,2020-10-16 00:00:00,Buy,6573.92
12808,199,2025-11-05 00:00:00,Contribution,4215.52
12809,1160,2026-05-15 00:00:00,Rebalance,8678.47
12810,577,2024-04-27 00:00:00,Rebalance,15094.38
12811,1301,2022-11-19 00:00:00,Buy,35343.24
12812,1152,2024-01-30 00:00:00,Rebalance,12606.44
12813,768,2024-10-12 00:00:00,Rebalance,3900.56
12814,155,2026-04-06 00:00:00,Buy,12324.49
12815,740,2024-12-18 00:00:00,Buy,13846.15
12816,328,2020-08-25 00:00:00,Sell,4402.81
12817,297,2022-08-19 00:00:00,Buy,8240.46
12818,738,2024-01-09 00:00:00,Rebalance,1862.64
12819,268,2023-09-06 00:00:00,Buy,7638.37
12820,1015,2024-07-22 00:00:00,Rebalance,1664.81
12821,1285,2022-07-07 00:00:00,Buy,3515.63
12822,1398,2025-07-14 00:00:00,Rebalance,3801.46
12823,202,2024-07-03 00:00:00,Dividend,3210.24
12824,1399,2022-02-17 00:00:00,Withdrawal,7759.63
12825,1065,2022-04-23 00:00:00,Withdrawal,1752.1
12826,1488,2024-06-01 00:00:00,Rebalance,7010.22
12827,1234,2023-02-24 00:00:00,Buy,23316.2
12828,1351,2023-06-23 00:00:00,Buy,4764.69
12829,427,2025-08-30 00:00:00,Buy,16450.08
12830,116,2023-10-12 00:00:00,Withdrawal,10410.4
12831,685,2020-02-01 00:00:00,Sell,3194.18
12832,942,2024-06-19 00:00:00,Buy,9033.02
12833,1263,2021-04-05 00:00:00,Contribution,830.18
12834,1225,2026-03-26 00:00:00,Buy,39423.54
12835,255,2020-06-02 00:00:00,Buy,7054.6
12836,341,2020-10-11 00:00:00,Dividend,1297.95
12837,396,2022-04-25 00:00:00,Contribution,85042.8
12838,301,2024-11-17 00:00:00,Buy,5555.03
12839,1336,2023-08-15 00:00:00,Withdrawal,2966.23
12840,1213,2025-02-09 00:00:00,Contribution,4862.65
12841,1086,2022-12-01 00:00:00,Sell,2648.54
12842,289,2020-03-02 00:00:00,Buy,9111.76
12843,293,2023-11-24 00:00:00,Buy,6458.62
12844,1347,2022-04-06 00:00:00,Buy,6779.98
12845,846,2021-11-26 00:00:00,Sell,1385.22
12846,1060,2025-08-09 00:00:00,Buy,2194.91
12847,1275,2025-02-20 00:00:00,Buy,3003.01
12848,209,2023-03-04 00:00:00,Sell,30076.43
12849,241,2020-09-05 00:00:00,Sell,7991.61
12850,602,2021-11-07 00:00:00,Buy,12001.38
12851,753,2021-05-06 00:00:00,Contribution,7563.88
12852,1100,2022-03-08 00:00:00,Contribution,1774.69
12853,486,2022-11-08 00:00:00,Dividend,14777.03
12854,720,2021-11-06 00:00:00,Sell,8781.35
12855,1494,2020-06-15 00:00:00,Rebalance,9089.74
12856,1027,2021-10-08 00:00:00,Contribution,1960.8
12857,61,2024-11-04 00:00:00,Withdrawal,6640.56
12858,523,2023-10-28 00:00:00,Sell,14189.46
12859,1319,2022-10-15 00:00:00,Buy,2558.31
12860,820,2021-01-23 00:00:00,Contribution,8591.68
12861,1184,2020-04-13 00:00:00,Contribution,3452.4
12862,555,2021-08-24 00:00:00,Buy,3522.89
12863,138,2025-03-23 00:00:00,Dividend,10761.92
12864,1398,2022-02-28 00:00:00,Buy,28837.11
12865,554,2021-08-09 00:00:00,Sell,26002.87
12866,1476,2023-07-22 00:00:00,Rebalance,35786.15
12867,497,2026-01-31 00:00:00,Contribution,34377.88
12868,368,2025-05-17 00:00:00,Buy,5683.72
12869,1478,2020-11-17 00:00:00,Sell,2481.86
12870,1024,2020-07-01 00:00:00,Buy,1508.53
12871,574,2024-12-18 00:00:00,Contribution,11260.21
12872,626,2020-06-15 00:00:00,Buy,5029.76
12873,309,2023-06-03 00:00:00,Rebalance,6229.99
12874,575,2025-12-13 00:00:00,Sell,15572.73
12875,1239,2021-03-01 00:00:00,Buy,1484.68
12876,1378,2021-05-27 00:00:00,Rebalance,24024.89
12877,1045,2022-10-01 00:00:00,Buy,15221.99
12878,246,2025-11-04 00:00:00,Sell,2006.44
12879,1237,2021-12-25 00:00:00,Contribution,772.38
12880,631,2023-12-19 00:00:00,Dividend,20511.65
12881,73,2022-05-06 00:00:00,Sell,413.05
12882,1441,2021-10-24 00:00:00,Buy,2176.42
12883,773,2020-08-26 00:00:00,Dividend,5131.55
12884,161,2024-03-28 00:00:00,Sell,1019.91
12885,253,2022-07-11 00:00:00,Contribution,2723.72
12886,877,2024-03-08 00:00:00,Sell,13232.71
12887,239,2024-07-29 00:00:00,Sell,5796.3
12888,356,2022-08-15 00:00:00,Sell,1739.86
12889,514,2022-07-23 00:00:00,Sell,3524.36
12890,797,2022-05-03 00:00:00,Sell,17228.48
12891,1346,2024-08-25 00:00:00,Contribution,2536.71
12892,295,2021-08-23 00:00:00,Buy,3655.44
12893,1088,2023-11-12 00:00:00,Sell,15806.47
12894,924,2025-11-19 00:00:00,Buy,989.45
12895,1315,2024-03-23 00:00:00,Buy,4207.58
12896,929,2022-08-11 00:00:00,Buy,24009.64
12897,1059,2021-11-16 00:00:00,Buy,3393.88
12898,823,2021-08-11 00:00:00,Withdrawal,7421.1
12899,603,2023-07-10 00:00:00,Withdrawal,4728.09
12900,911,2022-11-15 00:00:00,Buy,11227.48
12901,1286,2021-12-24 00:00:00,Buy,967.89
12902,192,2021-12-12 00:00:00,Buy,38627.61
12903,330,2021-11-08 00:00:00,Sell,8442.71
12904,1313,2021-05-12 00:00:00,Dividend,3906.76
12905,1348,2021-11-19 00:00:00,Contribution,50209.13
12906,600,2021-01-03 00:00:00,Buy,913.99
12907,568,2023-05-09 00:00:00,Rebalance,18232.9
12908,1032,2026-03-28 00:00:00,Sell,3471.27
12909,361,2020-03-09 00:00:00,Rebalance,66988.34
12910,1286,2023-03-23 00:00:00,Buy,2991.7
12911,135,2026-02-09 00:00:00,Dividend,1062.44
12912,1086,2025-05-20 00:00:00,Buy,2977.13
12913,1490,2021-10-20 00:00:00,Buy,974.91
12914,19,2021-10-05 00:00:00,Buy,5666.52
12915,751,2025-07-21 00:00:00,Sell,1109.39
12916,635,2023-01-06 00:00:00,Buy,57943.78
12917,12,2024-10-17 00:00:00,Sell,9911.11
12918,904,2023-08-14 00:00:00,Sell,7189.87
12919,728,2023-06-08 00:00:00,Contribution,1577.13
12920,292,2023-10-06 00:00:00,Contribution,1394.05
12921,1441,2023-06-14 00:00:00,Buy,1901.7
12922,415,2023-11-04 00:00:00,Contribution,13713.95
12923,1247,2020-01-21 00:00:00,Rebalance,4963.1
12924,1100,2022-10-03 00:00:00,Buy,1447.63
12925,393,2024-10-30 00:00:00,Dividend,7869.43
12926,1432,2023-08-27 00:00:00,Sell,2429.89
12927,1148,2023-05-11 00:00:00,Buy,4634.22
12928,1445,2024-06-28 00:00:00,Rebalance,6670.12
12929,1390,2024-06-10 00:00:00,Buy,16446.24
12930,677,2024-06-29 00:00:00,Buy,15873.78
12931,364,2022-12-10 00:00:00,Contribution,2936.08
12932,996,2021-04-30 00:00:00,Contribution,17299.66
12933,136,2022-12-08 00:00:00,Sell,5217.34
12934,1370,2023-10-02 00:00:00,Sell,40891.81
12935,1236,2024-12-31 00:00:00,Buy,1790.63
12936,755,2021-03-07 00:00:00,Dividend,7422.55
12937,1442,2023-12-09 00:00:00,Buy,4285.91
12938,1073,2025-12-03 00:00:00,Sell,10013.93
12939,830,2022-06-18 00:00:00,Buy,10659.08
12940,1015,2022-07-03 00:00:00,Buy,4192.8
12941,507,2022-04-24 00:00:00,Buy,20585.61
12942,1068,2023-04-24 00:00:00,Dividend,13164.32
12943,91,2023-01-03 00:00:00,Dividend,1390.48
12944,587,2022-10-31 00:00:00,Buy,492.08
12945,399,2026-02-26 00:00:00,Buy,3392.86
12946,133,2023-10-23 00:00:00,Dividend,31467.98
12947,86,2020-01-02 00:00:00,Withdrawal,5681.51
12948,724,2024-11-02 00:00:00,Buy,4246.22
12949,967,2024-10-13 00:00:00,Withdrawal,23434.81
12950,37,2021-04-10 00:00:00,Dividend,31785.42
12951,209,2021-03-10 00:00:00,Buy,8762.02
12952,1096,2020-07-20 00:00:00,Buy,7161.85
12953,452,2021-11-28 00:00:00,Withdrawal,5570.76
12954,762,2023-08-27 00:00:00,Sell,12496.55
12955,797,2020-04-25 00:00:00,Buy,14450.28
12956,265,2022-01-01 00:00:00,Withdrawal,1507.28
12957,140,2022-11-16 00:00:00,Buy,2499.28
12958,1116,2023-08-14 00:00:00,Withdrawal,10665.79
12959,945,2022-04-11 00:00:00,Contribution,18384.03
12960,1321,2026-01-06 00:00:00,Buy,2645.27
12961,16,2024-09-18 00:00:00,Buy,3637.76
12962,624,2021-03-16 00:00:00,Buy,37969.3
12963,567,2020-12-23 00:00:00,Rebalance,10562.27
12964,138,2020-04-19 00:00:00,Rebalance,4835
12965,715,2023-11-27 00:00:00,Sell,4183.5
12966,100,2022-04-26 00:00:00,Buy,4283.09
12967,611,2026-04-09 00:00:00,Contribution,6531.08
12968,572,2020-01-08 00:00:00,Buy,4297.14
12969,681,2025-03-06 00:00:00,Buy,7969.66
12970,452,2023-10-23 00:00:00,Buy,5472.06
12971,765,2020-02-29 00:00:00,Buy,2330.4
12972,267,2020-02-01 00:00:00,Withdrawal,8772.52
12973,565,2026-05-21 00:00:00,Sell,5314.05
12974,315,2020-01-13 00:00:00,Sell,2217.45
12975,1149,2026-03-15 00:00:00,Buy,7782.28
12976,978,2025-07-13 00:00:00,Buy,29334.15
12977,1317,2021-08-15 00:00:00,Sell,11162.8
12978,62,2023-03-07 00:00:00,Buy,1815.56
12979,836,2021-06-06 00:00:00,Buy,109962.13
12980,1176,2024-07-28 00:00:00,Buy,34666.21
12981,83,2023-10-05 00:00:00,Buy,2168.44
12982,582,2023-04-29 00:00:00,Sell,4128.75
12983,667,2022-10-04 00:00:00,Sell,15549.92
12984,128,2025-04-11 00:00:00,Contribution,2444.21
12985,1200,2024-05-14 00:00:00,Dividend,1041.74
12986,309,2024-09-07 00:00:00,Buy,5009.11
12987,429,2023-11-24 00:00:00,Buy,17886.12
12988,130,2020-01-29 00:00:00,Contribution,21526.4
12989,1222,2023-04-16 00:00:00,Buy,7903.84
12990,1171,2026-04-15 00:00:00,Contribution,7315.55
12991,303,2026-03-29 00:00:00,Sell,3680.41
12992,1325,2023-09-10 00:00:00,Withdrawal,7196.63
12993,803,2021-02-14 00:00:00,Buy,4474.93
12994,744,2022-04-09 00:00:00,Rebalance,13208.96
12995,208,2025-02-25 00:00:00,Withdrawal,1472.35
12996,959,2023-12-06 00:00:00,Buy,6287.55
12997,1212,2024-01-25 00:00:00,Buy,6135.1
12998,666,2022-06-01 00:00:00,Withdrawal,4047.21
12999,1377,2022-02-12 00:00:00,Dividend,4249.41
13000,159,2024-10-14 00:00:00,Dividend,6159.88
13001,961,2020-04-05 00:00:00,Buy,21742.75
13002,1053,2022-12-25 00:00:00,Contribution,9351.6
13003,1112,2023-12-24 00:00:00,Contribution,843.73
13004,575,2023-11-13 00:00:00,Buy,18943.72
13005,1093,2020-09-21 00:00:00,Sell,18814.48
13006,1351,2024-07-12 00:00:00,Rebalance,2913.85
13007,908,2022-04-04 00:00:00,Buy,3324.69
13008,1067,2023-05-25 00:00:00,Sell,5184.75
13009,253,2025-09-21 00:00:00,Sell,2045.26
13010,378,2024-06-24 00:00:00,Buy,13125.31
13011,1219,2022-01-31 00:00:00,Rebalance,2244.71
13012,267,2022-05-30 00:00:00,Contribution,8862.09
13013,1163,2020-04-05 00:00:00,Withdrawal,606.98
13014,967,2021-01-14 00:00:00,Buy,2583.4
13015,342,2020-03-22 00:00:00,Buy,22707.81
13016,1493,2023-08-06 00:00:00,Sell,35724.94
13017,441,2020-04-16 00:00:00,Withdrawal,1306.48
13018,475,2024-05-30 00:00:00,Sell,40717.08
13019,1436,2024-04-28 00:00:00,Withdrawal,659.96
13020,1377,2023-12-14 00:00:00,Contribution,3330.74
13021,881,2026-05-14 00:00:00,Withdrawal,10159.51
13022,1195,2021-08-19 00:00:00,Buy,4047.96
13023,655,2026-02-25 00:00:00,Buy,1084.01
13024,1199,2025-02-18 00:00:00,Dividend,10475.95
13025,153,2025-09-24 00:00:00,Withdrawal,8607.15
13026,650,2022-12-15 00:00:00,Dividend,5694.65
13027,404,2020-01-07 00:00:00,Dividend,39684.5
13028,886,2020-12-29 00:00:00,Sell,12332.27
13029,827,2021-03-27 00:00:00,Buy,19404.35
13030,1416,2023-02-26 00:00:00,Sell,1584.53
13031,307,2022-05-21 00:00:00,Withdrawal,18677.14
13032,137,2026-02-09 00:00:00,Buy,2584.2
13033,493,2025-05-25 00:00:00,Sell,12511.67
13034,226,2026-05-17 00:00:00,Sell,3332.29
13035,942,2025-02-18 00:00:00,Rebalance,36506.82
13036,1035,2020-01-22 00:00:00,Withdrawal,3593.52
13037,184,2020-10-14 00:00:00,Sell,1741.25
13038,125,2026-01-26 00:00:00,Contribution,4435.93
13039,403,2025-10-05 00:00:00,Buy,6960.08
13040,336,2024-09-21 00:00:00,Sell,5018.39
13041,8,2020-02-07 00:00:00,Dividend,6513.37
13042,1082,2025-06-01 00:00:00,Contribution,4035.7
13043,914,2023-10-13 00:00:00,Dividend,10299.6
13044,355,2025-08-25 00:00:00,Sell,5293.22
13045,389,2025-06-20 00:00:00,Buy,1566.37
13046,605,2020-11-19 00:00:00,Buy,17425.53
13047,1370,2022-04-25 00:00:00,Buy,1232.89
13048,28,2020-01-20 00:00:00,Sell,943.77
13049,519,2023-07-09 00:00:00,Sell,6763.95
13050,1380,2024-09-30 00:00:00,Contribution,19137.45
13051,281,2026-01-01 00:00:00,Contribution,3600.56
13052,1240,2020-08-27 00:00:00,Rebalance,4690.27
13053,9,2022-06-29 00:00:00,Rebalance,5128.09
13054,400,2021-09-30 00:00:00,Contribution,1349.93
13055,964,2026-04-25 00:00:00,Buy,663.03
13056,1480,2020-09-17 00:00:00,Buy,1794.68
13057,264,2022-08-01 00:00:00,Dividend,3867.48
13058,1158,2026-02-27 00:00:00,Sell,3328.37
13059,212,2026-02-22 00:00:00,Rebalance,11315.04
13060,969,2025-09-23 00:00:00,Sell,64420.12
13061,167,2026-05-04 00:00:00,Buy,9336.45
13062,933,2025-01-16 00:00:00,Buy,6426.1
13063,269,2021-07-25 00:00:00,Buy,2483.32
13064,881,2024-10-14 00:00:00,Buy,15484.73
13065,131,2021-05-25 00:00:00,Sell,3327.39
13066,150,2022-12-05 00:00:00,Withdrawal,1676.65
13067,425,2022-05-19 00:00:00,Rebalance,3234.78
13068,1086,2022-11-02 00:00:00,Withdrawal,5439.84
13069,1018,2025-01-25 00:00:00,Buy,13564.75
13070,1413,2023-08-25 00:00:00,Sell,1798.09
13071,755,2024-03-04 00:00:00,Dividend,5111.12
13072,160,2024-11-28 00:00:00,Buy,622.92
13073,1448,2024-12-03 00:00:00,Contribution,5546.97
13074,291,2023-01-21 00:00:00,Sell,1536
13075,1081,2025-08-12 00:00:00,Buy,3993.41
13076,86,2021-09-23 00:00:00,Sell,5103.67
13077,307,2025-11-14 00:00:00,Buy,64937.48
13078,910,2026-01-14 00:00:00,Buy,48892.59
13079,884,2022-01-19 00:00:00,Sell,13125.31
13080,525,2021-02-03 00:00:00,Buy,4004.94
13081,33,2025-03-01 00:00:00,Rebalance,2561.38
13082,818,2025-06-09 00:00:00,Sell,8413.38
13083,251,2021-10-03 00:00:00,Contribution,6464.5
13084,1133,2025-12-22 00:00:00,Withdrawal,6406.99
13085,617,2026-03-01 00:00:00,Sell,10220.57
13086,926,2020-07-18 00:00:00,Buy,7520.56
13087,1028,2021-02-20 00:00:00,Buy,8079.11
13088,1500,2026-04-06 00:00:00,Contribution,2846.77
13089,954,2024-04-01 00:00:00,Contribution,5115.74
13090,1465,2023-10-31 00:00:00,Buy,3882.02
13091,704,2020-01-21 00:00:00,Contribution,7466.21
13092,428,2023-02-26 00:00:00,Sell,18511.92
13093,74,2023-04-12 00:00:00,Contribution,12608.89
13094,602,2023-09-27 00:00:00,Contribution,29659.77
13095,829,2022-06-06 00:00:00,Dividend,2034.62
13096,373,2022-03-24 00:00:00,Contribution,3658.58
13097,1371,2026-01-30 00:00:00,Dividend,11295.52
13098,1222,2025-08-01 00:00:00,Buy,5432.62
13099,60,2026-01-12 00:00:00,Sell,3845.52
13100,238,2026-01-01 00:00:00,Contribution,6721.3
13101,616,2023-09-12 00:00:00,Buy,4690.49
13102,1387,2023-05-19 00:00:00,Withdrawal,23654.82
13103,440,2022-12-03 00:00:00,Contribution,12263.93
13104,1325,2023-08-13 00:00:00,Buy,3277.1
13105,463,2024-09-02 00:00:00,Contribution,9990.88
13106,1376,2025-12-15 00:00:00,Withdrawal,3855.27
13107,926,2020-12-27 00:00:00,Buy,4841.61
13108,595,2024-11-01 00:00:00,Contribution,931.48
13109,33,2022-09-17 00:00:00,Contribution,4191.4
13110,1234,2024-08-14 00:00:00,Buy,3154.17
13111,787,2023-06-02 00:00:00,Sell,8499.84
13112,1161,2024-08-21 00:00:00,Buy,558.05
13113,1179,2025-04-21 00:00:00,Sell,3241.95
13114,801,2024-07-21 00:00:00,Sell,79891.41
13115,16,2023-12-06 00:00:00,Withdrawal,8874.91
13116,1425,2020-09-18 00:00:00,Dividend,32015.02
13117,968,2024-03-20 00:00:00,Buy,3456.97
13118,898,2020-09-12 00:00:00,Buy,4631.96
13119,787,2020-07-09 00:00:00,Buy,12832.39
13120,1364,2021-06-24 00:00:00,Sell,2046.21
13121,917,2020-10-04 00:00:00,Buy,5063.45
13122,1179,2023-12-25 00:00:00,Rebalance,8196.7
13123,1486,2023-01-02 00:00:00,Buy,19425.34
13124,296,2020-09-11 00:00:00,Contribution,4006.29
13125,615,2022-08-05 00:00:00,Sell,11142.3
13126,311,2022-09-19 00:00:00,Sell,6702.21
13127,175,2020-02-10 00:00:00,Buy,11827.49
13128,1163,2024-04-15 00:00:00,Buy,1452.33
13129,124,2022-05-21 00:00:00,Contribution,12917.21
13130,691,2021-02-15 00:00:00,Buy,37837.35
13131,1453,2023-04-26 00:00:00,Sell,3166.04
13132,560,2025-04-07 00:00:00,Sell,8120.46
13133,510,2023-07-12 00:00:00,Dividend,1390.2
13134,897,2021-09-13 00:00:00,Buy,3888.16
13135,1287,2023-11-23 00:00:00,Contribution,7628.08
13136,1063,2022-12-01 00:00:00,Sell,37990.79
13137,1209,2024-07-12 00:00:00,Withdrawal,1579.4
13138,1498,2021-02-07 00:00:00,Withdrawal,6249.2
13139,1342,2020-04-10 00:00:00,Buy,31737.94
13140,1260,2024-05-07 00:00:00,Sell,4461.09
13141,425,2022-09-14 00:00:00,Buy,2292.21
13142,1406,2022-11-01 00:00:00,Buy,32749.26
13143,1045,2025-07-24 00:00:00,Buy,4075.28
13144,785,2025-11-17 00:00:00,Buy,1144.37
13145,519,2020-12-13 00:00:00,Dividend,5312.9
13146,781,2023-03-31 00:00:00,Contribution,6694.44
13147,1377,2020-08-19 00:00:00,Contribution,7059.52
13148,802,2021-07-30 00:00:00,Contribution,16261.5
13149,172,2025-09-05 00:00:00,Dividend,2567.7
13150,755,2023-03-16 00:00:00,Contribution,12387.06
13151,731,2022-07-27 00:00:00,Contribution,63298.88
13152,53,2022-05-04 00:00:00,Contribution,15367.25
13153,1299,2024-01-17 00:00:00,Buy,9592.82
13154,1067,2020-04-09 00:00:00,Contribution,2704.86
13155,370,2024-09-09 00:00:00,Buy,27934.62
13156,280,2020-11-11 00:00:00,Contribution,21137.11
13157,1430,2026-02-08 00:00:00,Buy,1691.49
13158,168,2021-06-12 00:00:00,Buy,26390.65
13159,889,2023-01-08 00:00:00,Sell,16242.24
13160,933,2024-08-06 00:00:00,Dividend,5038.37
13161,1335,2024-12-11 00:00:00,Contribution,11964.96
13162,415,2024-04-10 00:00:00,Contribution,6217.3
13163,1084,2025-11-14 00:00:00,Sell,18451.84
13164,1473,2026-04-18 00:00:00,Sell,11864.11
13165,338,2026-05-31 00:00:00,Sell,1687.96
13166,400,2025-09-22 00:00:00,Rebalance,35896.42
13167,1333,2020-11-29 00:00:00,Sell,29584.14
13168,1033,2022-06-29 00:00:00,Sell,15490.09
13169,613,2022-02-12 00:00:00,Buy,1567.27
13170,807,2025-12-17 00:00:00,Buy,3943.53
13171,1427,2021-12-23 00:00:00,Sell,5372.59
13172,549,2024-12-27 00:00:00,Sell,47945.21
13173,889,2021-12-01 00:00:00,Contribution,11636.81
13174,777,2025-01-23 00:00:00,Rebalance,4412.78
13175,94,2023-04-28 00:00:00,Rebalance,2030.54
13176,447,2020-12-06 00:00:00,Dividend,18332.83
13177,976,2023-02-08 00:00:00,Rebalance,4418.13
13178,1201,2023-10-14 00:00:00,Dividend,3559.75
13179,1305,2024-09-07 00:00:00,Buy,7050.9
13180,357,2025-02-05 00:00:00,Rebalance,1295.9
13181,1316,2024-06-01 00:00:00,Rebalance,4678.93
13182,1017,2024-02-08 00:00:00,Contribution,3498.38
13183,443,2024-06-24 00:00:00,Withdrawal,16211.59
13184,510,2023-03-22 00:00:00,Withdrawal,2353.82
13185,1436,2026-02-02 00:00:00,Rebalance,8241.78
13186,566,2025-02-25 00:00:00,Sell,3403.06
13187,53,2021-02-28 00:00:00,Sell,9864.46
13188,961,2025-07-31 00:00:00,Withdrawal,1909.47
13189,409,2023-07-19 00:00:00,Buy,11938.87
13190,255,2021-10-08 00:00:00,Withdrawal,5671.81
13191,659,2024-01-24 00:00:00,Buy,5342.51
13192,639,2025-04-01 00:00:00,Dividend,959.64
13193,41,2025-10-15 00:00:00,Contribution,21463.06
13194,773,2021-02-08 00:00:00,Contribution,10985.68
13195,703,2024-08-04 00:00:00,Rebalance,2682.81
13196,670,2023-06-08 00:00:00,Buy,8057.19
13197,511,2023-03-23 00:00:00,Sell,6734.94
13198,672,2022-06-27 00:00:00,Sell,6157.21
13199,691,2024-12-23 00:00:00,Rebalance,1910.61
13200,1297,2024-08-29 00:00:00,Withdrawal,8310.92
13201,1216,2025-03-15 00:00:00,Sell,1250.35
13202,1108,2021-11-07 00:00:00,Rebalance,4393.27
13203,797,2023-06-20 00:00:00,Rebalance,8731.04
13204,1064,2021-08-08 00:00:00,Dividend,3210.69
13205,564,2025-10-29 00:00:00,Contribution,5322.38
13206,407,2021-04-03 00:00:00,Withdrawal,4551.99
13207,491,2022-10-18 00:00:00,Dividend,705.36
13208,892,2020-10-26 00:00:00,Sell,11840.64
13209,944,2025-06-01 00:00:00,Buy,10741.54
13210,1100,2020-03-22 00:00:00,Buy,6513.95
13211,1461,2022-10-01 00:00:00,Buy,4286.99
13212,242,2026-01-08 00:00:00,Sell,30064.35
13213,1010,2024-09-12 00:00:00,Rebalance,1547.33
13214,306,2024-12-07 00:00:00,Sell,25915.87
13215,797,2024-08-27 00:00:00,Sell,2628.9
13216,528,2025-04-09 00:00:00,Sell,10790.17
13217,790,2023-12-31 00:00:00,Buy,2272.47
13218,995,2025-12-14 00:00:00,Rebalance,991.48
13219,99,2022-02-01 00:00:00,Rebalance,12218.65
13220,709,2020-09-27 00:00:00,Contribution,20609.47
13221,280,2025-12-26 00:00:00,Rebalance,14203.75
13222,1300,2024-03-06 00:00:00,Rebalance,25594.99
13223,1240,2023-04-18 00:00:00,Rebalance,759.8
13224,795,2023-10-08 00:00:00,Buy,1515.9
13225,297,2024-06-23 00:00:00,Withdrawal,11357.1
13226,265,2023-10-08 00:00:00,Withdrawal,1772.89
13227,921,2024-12-27 00:00:00,Contribution,4527.26
13228,1461,2025-10-13 00:00:00,Contribution,5675.54
13229,252,2023-05-26 00:00:00,Buy,2153.75
13230,844,2024-10-14 00:00:00,Contribution,6223.7
13231,770,2022-02-19 00:00:00,Sell,11313.26
13232,282,2021-04-27 00:00:00,Sell,5962.11
13233,1489,2025-02-04 00:00:00,Sell,6245.53
13234,274,2022-03-13 00:00:00,Contribution,6318.88
13235,1308,2020-11-21 00:00:00,Contribution,1394.79
13236,910,2025-11-05 00:00:00,Sell,2936.89
13237,961,2020-03-02 00:00:00,Sell,19094.3
13238,1228,2026-03-21 00:00:00,Buy,5662.35
13239,241,2021-01-06 00:00:00,Sell,16642.84
13240,378,2026-05-19 00:00:00,Dividend,6058.23
13241,60,2025-12-07 00:00:00,Buy,1437.48
13242,818,2020-09-12 00:00:00,Withdrawal,3368.94
13243,1235,2022-01-30 00:00:00,Sell,10595.01
13244,329,2020-04-10 00:00:00,Sell,8085.14
13245,220,2022-08-29 00:00:00,Withdrawal,11907.11
13246,1395,2022-06-12 00:00:00,Withdrawal,14482.51
13247,680,2023-12-29 00:00:00,Contribution,3346.97
13248,846,2024-03-20 00:00:00,Buy,6268.21
13249,562,2021-04-25 00:00:00,Buy,1048.27
13250,87,2020-12-11 00:00:00,Contribution,14096.5
13251,57,2026-03-27 00:00:00,Sell,9251.31
13252,1070,2025-10-24 00:00:00,Buy,4126.64
13253,858,2020-09-23 00:00:00,Rebalance,10983.61
13254,102,2023-10-07 00:00:00,Rebalance,9285.67
13255,317,2020-08-02 00:00:00,Buy,4731.79
13256,1349,2021-12-08 00:00:00,Buy,2617.1
13257,53,2023-11-09 00:00:00,Buy,40902.16
13258,1041,2020-06-05 00:00:00,Contribution,4539.3
13259,85,2026-02-18 00:00:00,Buy,2241.81
13260,95,2025-11-26 00:00:00,Contribution,44518.16
13261,7,2020-02-04 00:00:00,Contribution,24001.17
13262,1103,2023-04-22 00:00:00,Contribution,2241.1
13263,1022,2025-02-03 00:00:00,Buy,6280.68
13264,329,2023-11-19 00:00:00,Buy,1281.78
13265,1338,2022-06-16 00:00:00,Contribution,1776.49
13266,1116,2026-04-28 00:00:00,Buy,41042.11
13267,559,2022-12-29 00:00:00,Rebalance,5515.16
13268,890,2021-09-01 00:00:00,Buy,15982.29
13269,1025,2024-09-19 00:00:00,Dividend,9251.81
13270,945,2021-04-05 00:00:00,Rebalance,2285.81
13271,985,2025-03-22 00:00:00,Dividend,2276.52
13272,478,2020-09-02 00:00:00,Withdrawal,6999.39
13273,856,2023-06-15 00:00:00,Rebalance,2211.77
13274,505,2021-01-28 00:00:00,Dividend,7221.11
13275,746,2025-07-03 00:00:00,Contribution,7626.32
13276,1372,2025-06-06 00:00:00,Sell,2239.02
13277,1327,2022-07-14 00:00:00,Buy,4099.42
13278,367,2020-12-20 00:00:00,Contribution,21266.93
13279,1029,2022-03-22 00:00:00,Dividend,5533.58
13280,1463,2020-06-21 00:00:00,Contribution,6761.3
13281,530,2025-08-14 00:00:00,Contribution,17191.81
13282,1252,2021-06-21 00:00:00,Buy,25815.29
13283,99,2026-05-25 00:00:00,Withdrawal,3497.71
13284,821,2020-05-20 00:00:00,Dividend,5258.21
13285,948,2022-09-28 00:00:00,Sell,8499.86
13286,898,2023-05-10 00:00:00,Sell,42544.94
13287,1101,2024-02-14 00:00:00,Sell,3334.65
13288,475,2025-02-17 00:00:00,Buy,7536.44
13289,183,2023-01-24 00:00:00,Buy,5228.66
13290,1095,2023-11-22 00:00:00,Buy,3136.27
13291,683,2020-08-16 00:00:00,Withdrawal,3043.1
13292,932,2025-03-16 00:00:00,Contribution,18109.5
13293,556,2022-09-17 00:00:00,Buy,2531.74
13294,449,2026-05-05 00:00:00,Buy,6050.99
13295,19,2021-11-26 00:00:00,Buy,2979.35
13296,907,2022-11-15 00:00:00,Rebalance,7886.5
13297,841,2025-03-07 00:00:00,Contribution,24377.45
13298,1410,2024-07-17 00:00:00,Sell,5004.28
13299,200,2025-05-23 00:00:00,Withdrawal,2339.28
13300,10,2025-01-28 00:00:00,Withdrawal,11088.08
13301,1281,2022-08-17 00:00:00,Buy,16321.9
13302,1221,2024-06-06 00:00:00,Buy,6067.47
13303,306,2020-10-25 00:00:00,Withdrawal,37461.02
13304,299,2025-05-15 00:00:00,Dividend,4092.36
13305,1423,2024-07-02 00:00:00,Buy,7022.43
13306,953,2022-04-15 00:00:00,Contribution,32932.85
13307,517,2020-08-17 00:00:00,Contribution,5066.85
13308,1220,2025-08-02 00:00:00,Sell,2214.08
13309,880,2023-04-16 00:00:00,Buy,2378.54
13310,429,2023-08-19 00:00:00,Buy,1088.23
13311,1287,2020-11-06 00:00:00,Buy,2875.16
13312,1312,2023-03-18 00:00:00,Withdrawal,13033.36
13313,1434,2024-09-21 00:00:00,Sell,5295.88
13314,130,2020-09-18 00:00:00,Withdrawal,5070.79
13315,1475,2023-04-03 00:00:00,Rebalance,6068.55
13316,557,2021-06-25 00:00:00,Sell,6280.55
13317,600,2022-11-03 00:00:00,Buy,582.35
13318,1444,2022-06-10 00:00:00,Contribution,21620.15
13319,907,2022-08-10 00:00:00,Buy,12073.91
13320,166,2025-04-01 00:00:00,Buy,3864.54
13321,1160,2025-07-29 00:00:00,Buy,4328.12
13322,113,2025-09-12 00:00:00,Dividend,10995.12
13323,929,2024-12-30 00:00:00,Buy,6427.51
13324,1443,2023-04-03 00:00:00,Rebalance,28237
13325,1377,2024-05-11 00:00:00,Buy,22221.52
13326,683,2020-05-30 00:00:00,Buy,902.44
13327,1438,2023-07-11 00:00:00,Buy,4972.34
13328,78,2020-06-06 00:00:00,Buy,2901.83
13329,292,2021-01-07 00:00:00,Sell,3041.85
13330,957,2023-02-03 00:00:00,Buy,1649.67
13331,56,2020-06-26 00:00:00,Sell,8741.3
13332,1264,2025-03-18 00:00:00,Rebalance,10419.77
13333,888,2020-05-14 00:00:00,Sell,1048.77
13334,1393,2020-07-09 00:00:00,Buy,2988.72
13335,944,2025-08-28 00:00:00,Rebalance,3051.19
13336,809,2021-11-19 00:00:00,Buy,1172.9
13337,363,2020-08-12 00:00:00,Sell,19358.05
13338,849,2025-11-13 00:00:00,Buy,7431.31
13339,1466,2020-03-03 00:00:00,Buy,16658.17
13340,733,2022-05-18 00:00:00,Withdrawal,1576.03
13341,1323,2024-09-25 00:00:00,Buy,6426.3
13342,725,2021-10-22 00:00:00,Buy,5698.83
13343,1394,2022-11-24 00:00:00,Buy,22391.49
13344,669,2023-07-04 00:00:00,Sell,6462.33
13345,1196,2024-05-03 00:00:00,Withdrawal,5329.56
13346,792,2023-09-21 00:00:00,Rebalance,707.72
13347,1230,2024-10-22 00:00:00,Buy,3237.12
13348,55,2024-04-06 00:00:00,Rebalance,16666.73
13349,24,2023-04-08 00:00:00,Buy,6699.67
13350,805,2021-06-11 00:00:00,Withdrawal,7610.45
13351,958,2024-02-27 00:00:00,Withdrawal,3226.62
13352,316,2024-11-22 00:00:00,Buy,5532.06
13353,1261,2024-06-28 00:00:00,Buy,12996.91
13354,412,2022-12-02 00:00:00,Withdrawal,12947.16
13355,786,2021-06-29 00:00:00,Buy,28875.26
13356,384,2022-04-02 00:00:00,Buy,15456.41
13357,903,2021-04-03 00:00:00,Dividend,2888.77
13358,666,2025-01-03 00:00:00,Dividend,18157.76
13359,171,2025-07-13 00:00:00,Buy,5735.66
13360,1107,2021-08-24 00:00:00,Contribution,3067.34
13361,617,2020-08-13 00:00:00,Rebalance,10607.24
13362,908,2022-06-29 00:00:00,Buy,2176.02
13363,324,2023-03-24 00:00:00,Withdrawal,12337.11
13364,1449,2023-03-14 00:00:00,Sell,4351.35
13365,1444,2024-07-05 00:00:00,Withdrawal,22490.07
13366,756,2021-09-05 00:00:00,Sell,7879.4
13367,1225,2021-03-27 00:00:00,Contribution,28371.63
13368,55,2021-11-10 00:00:00,Contribution,3538.83
13369,576,2021-12-18 00:00:00,Contribution,5706.88
13370,379,2020-03-13 00:00:00,Buy,1454.93
13371,405,2024-09-02 00:00:00,Sell,4185.77
13372,448,2022-08-19 00:00:00,Contribution,4010.6
13373,3,2025-02-20 00:00:00,Dividend,553.01
13374,899,2023-09-23 00:00:00,Buy,783.51
13375,59,2020-08-06 00:00:00,Dividend,20944.81
13376,130,2023-10-19 00:00:00,Sell,10643.27
13377,622,2023-01-01 00:00:00,Dividend,3393.8
13378,1292,2025-08-06 00:00:00,Buy,9578.21
13379,48,2024-02-28 00:00:00,Buy,3989.92
13380,394,2021-10-10 00:00:00,Buy,11781.2
13381,329,2024-08-10 00:00:00,Sell,11428.9
13382,739,2022-04-30 00:00:00,Contribution,5249.17
13383,573,2024-05-07 00:00:00,Sell,545.25
13384,210,2024-07-27 00:00:00,Sell,2633.1
13385,993,2022-04-05 00:00:00,Dividend,6178.02
13386,945,2026-03-02 00:00:00,Contribution,13412.4
13387,743,2024-12-21 00:00:00,Sell,12600.69
13388,240,2020-11-09 00:00:00,Contribution,12059.75
13389,1458,2023-09-17 00:00:00,Dividend,23501.93
13390,460,2021-11-09 00:00:00,Buy,4074.47
13391,470,2023-04-23 00:00:00,Contribution,9511.1
13392,831,2026-04-02 00:00:00,Rebalance,9390.91
13393,295,2020-10-23 00:00:00,Rebalance,8405.2
13394,1362,2023-02-27 00:00:00,Sell,5858.95
13395,567,2020-10-14 00:00:00,Buy,26660.05
13396,1308,2025-08-20 00:00:00,Sell,4584.72
13397,210,2023-05-24 00:00:00,Contribution,932.82
13398,853,2024-04-15 00:00:00,Buy,15920.31
13399,910,2024-11-07 00:00:00,Sell,6076.81
13400,553,2025-09-15 00:00:00,Buy,9210.47
13401,265,2024-04-10 00:00:00,Withdrawal,3527.38
13402,1347,2020-10-15 00:00:00,Dividend,20230.01
13403,1207,2024-05-12 00:00:00,Buy,3977.28
13404,1141,2022-06-10 00:00:00,Buy,14074.98
13405,573,2023-12-01 00:00:00,Buy,13894.8
13406,991,2026-01-07 00:00:00,Sell,2440.95
13407,992,2021-05-10 00:00:00,Rebalance,5454.41
13408,1248,2025-03-08 00:00:00,Buy,33422.26
13409,373,2026-04-13 00:00:00,Sell,4620.12
13410,302,2025-09-18 00:00:00,Dividend,6174.22
13411,457,2022-03-03 00:00:00,Withdrawal,11703.66
13412,1446,2026-04-12 00:00:00,Buy,14253.16
13413,1284,2022-10-24 00:00:00,Contribution,1198.86
13414,1107,2022-04-25 00:00:00,Buy,5652.91
13415,1256,2021-04-03 00:00:00,Sell,13619.38
13416,362,2025-08-13 00:00:00,Buy,1311.74
13417,562,2023-12-31 00:00:00,Buy,28659.01
13418,1144,2020-05-19 00:00:00,Buy,8556.98
13419,277,2022-02-01 00:00:00,Buy,24426.11
13420,802,2024-06-02 00:00:00,Rebalance,880.85
13421,248,2021-10-25 00:00:00,Buy,17844.14
13422,177,2024-10-28 00:00:00,Sell,11740.61
13423,890,2026-05-08 00:00:00,Sell,1764.17
13424,1111,2020-04-02 00:00:00,Sell,2994.15
13425,1481,2024-03-01 00:00:00,Sell,3749.84
13426,1412,2021-11-03 00:00:00,Sell,3488.41
13427,860,2022-11-24 00:00:00,Withdrawal,5284.75
13428,1071,2023-08-29 00:00:00,Buy,3143.15
13429,851,2024-08-31 00:00:00,Dividend,5838.51
13430,905,2026-05-27 00:00:00,Rebalance,35323.77
13431,765,2023-12-20 00:00:00,Withdrawal,4436.03
13432,1100,2024-06-20 00:00:00,Dividend,7080.55
13433,226,2020-10-16 00:00:00,Dividend,17047.64
13434,639,2024-10-07 00:00:00,Buy,1440.45
13435,9,2020-03-14 00:00:00,Contribution,3608.21
13436,551,2023-01-21 00:00:00,Buy,81740.29
13437,603,2020-05-03 00:00:00,Sell,2009.96
13438,421,2020-05-03 00:00:00,Contribution,7419.43
13439,362,2022-04-07 00:00:00,Contribution,2521.02
13440,979,2023-10-20 00:00:00,Contribution,2216.45
13441,111,2022-07-28 00:00:00,Withdrawal,2859.81
13442,128,2023-07-18 00:00:00,Contribution,1430.02
13443,1070,2023-08-01 00:00:00,Dividend,15780.06
13444,713,2020-10-31 00:00:00,Dividend,58108.84
13445,342,2026-03-16 00:00:00,Buy,1975.69
13446,618,2022-12-17 00:00:00,Buy,5420.03
13447,649,2024-10-29 00:00:00,Dividend,627.43
13448,322,2023-09-13 00:00:00,Buy,17438.61
13449,943,2022-10-08 00:00:00,Withdrawal,433.52
13450,208,2020-12-26 00:00:00,Buy,10066.48
13451,692,2021-07-21 00:00:00,Sell,610.76
13452,1041,2021-04-17 00:00:00,Buy,24303.47
13453,1418,2020-12-08 00:00:00,Rebalance,14489.3
13454,321,2025-07-29 00:00:00,Withdrawal,40905.41
13455,700,2023-09-29 00:00:00,Buy,3276.12
13456,985,2025-08-17 00:00:00,Sell,4330.83
13457,333,2024-01-24 00:00:00,Buy,30990.35
13458,116,2020-09-15 00:00:00,Buy,20492.31
13459,429,2025-10-20 00:00:00,Contribution,2757.65
13460,721,2023-02-10 00:00:00,Contribution,1091.82
13461,978,2024-04-17 00:00:00,Dividend,31177.82
13462,1479,2025-08-18 00:00:00,Buy,1630.99
13463,1122,2025-06-17 00:00:00,Withdrawal,3442.8
13464,53,2022-01-26 00:00:00,Buy,4257.38
13465,647,2026-02-03 00:00:00,Buy,6167.25
13466,1490,2023-08-01 00:00:00,Withdrawal,13886.27
13467,922,2023-10-22 00:00:00,Contribution,13273.71
13468,490,2020-06-21 00:00:00,Buy,3222.14
13469,955,2026-01-23 00:00:00,Sell,14616.67
13470,1286,2020-10-22 00:00:00,Contribution,11061.76
13471,299,2025-02-06 00:00:00,Sell,2849.92
13472,1193,2021-10-28 00:00:00,Sell,14478.44
13473,270,2022-05-24 00:00:00,Buy,14000.29
13474,368,2025-06-20 00:00:00,Buy,6445.48
13475,1149,2023-07-11 00:00:00,Buy,7733.17
13476,566,2021-03-12 00:00:00,Buy,1624.48
13477,574,2020-01-23 00:00:00,Rebalance,6759.43
13478,955,2020-08-29 00:00:00,Buy,4159.27
13479,262,2023-11-16 00:00:00,Withdrawal,7349.14
13480,135,2024-10-27 00:00:00,Contribution,17995.1
13481,106,2022-05-27 00:00:00,Sell,2940.45
13482,600,2024-10-25 00:00:00,Dividend,24145.58
13483,536,2022-07-24 00:00:00,Buy,6617.46
13484,1488,2020-10-25 00:00:00,Contribution,3624.95
13485,1214,2023-06-19 00:00:00,Withdrawal,5674.7
13486,254,2021-01-09 00:00:00,Sell,1333.44
13487,1283,2022-04-29 00:00:00,Dividend,7211.48
13488,133,2025-10-12 00:00:00,Contribution,7632.83
13489,78,2025-03-11 00:00:00,Sell,6801.12
13490,1139,2023-04-08 00:00:00,Contribution,8306
13491,267,2020-04-18 00:00:00,Buy,11087.05
13492,1287,2020-10-18 00:00:00,Buy,15127.98
13493,1007,2021-11-22 00:00:00,Buy,3361.93
13494,1223,2022-03-19 00:00:00,Withdrawal,2165.78
13495,501,2024-01-05 00:00:00,Sell,21084.64
13496,1035,2025-05-13 00:00:00,Contribution,9527.35
13497,576,2025-10-23 00:00:00,Buy,401.75
13498,858,2023-02-26 00:00:00,Withdrawal,2735.08
13499,848,2025-09-28 00:00:00,Buy,4289.09
13500,27,2025-03-29 00:00:00,Contribution,8635
13501,1056,2023-02-09 00:00:00,Buy,6110.79
13502,1393,2024-04-21 00:00:00,Contribution,1343.18
13503,137,2023-11-10 00:00:00,Contribution,5403.13
13504,1499,2021-01-03 00:00:00,Sell,1167.27
13505,145,2020-08-13 00:00:00,Dividend,17979.41
13506,982,2025-08-06 00:00:00,Sell,7694.08
13507,843,2020-03-26 00:00:00,Rebalance,4074.72
13508,434,2024-11-26 00:00:00,Sell,4862.89
13509,9,2021-07-01 00:00:00,Contribution,5038.08
13510,1274,2022-09-28 00:00:00,Buy,23506.25
13511,450,2025-09-30 00:00:00,Contribution,4016.22
13512,1396,2022-10-04 00:00:00,Withdrawal,10431.42
13513,1253,2024-10-26 00:00:00,Contribution,13726.74
13514,313,2022-09-13 00:00:00,Contribution,5543.79
13515,345,2021-11-10 00:00:00,Contribution,15702.62
13516,679,2021-09-28 00:00:00,Dividend,1703.39
13517,824,2020-02-17 00:00:00,Rebalance,2286.12
13518,214,2024-03-04 00:00:00,Contribution,9458.05
13519,142,2021-04-18 00:00:00,Buy,7489.64
13520,425,2022-10-22 00:00:00,Withdrawal,4743.12
13521,1426,2020-12-22 00:00:00,Dividend,7373.5
13522,823,2026-03-14 00:00:00,Withdrawal,22843.44
13523,137,2025-09-24 00:00:00,Buy,10937.38
13524,79,2023-02-11 00:00:00,Buy,11034.04
13525,834,2025-11-07 00:00:00,Contribution,9042.87
13526,1098,2021-12-26 00:00:00,Buy,10519.08
13527,1283,2023-10-25 00:00:00,Sell,7713.05
13528,527,2023-04-30 00:00:00,Contribution,3191.1
13529,599,2025-11-09 00:00:00,Buy,21868.61
13530,471,2020-03-11 00:00:00,Contribution,18248.56
13531,575,2024-07-10 00:00:00,Withdrawal,5498.2
13532,502,2023-10-27 00:00:00,Buy,5223.97
13533,1452,2024-03-31 00:00:00,Contribution,11430.34
13534,1321,2020-05-06 00:00:00,Buy,2862.31
13535,1190,2025-09-16 00:00:00,Buy,12821.83
13536,985,2025-05-26 00:00:00,Rebalance,11541.6
13537,822,2023-04-09 00:00:00,Buy,7673.31
13538,445,2020-09-09 00:00:00,Rebalance,10379.32
13539,611,2025-08-27 00:00:00,Rebalance,4163.3
13540,1399,2020-05-13 00:00:00,Contribution,49588.22
13541,892,2024-09-06 00:00:00,Buy,2455.62
13542,245,2021-10-11 00:00:00,Contribution,6060.82
13543,644,2025-01-29 00:00:00,Sell,10125.07
13544,651,2023-08-29 00:00:00,Rebalance,4217.42
13545,186,2022-03-06 00:00:00,Sell,5791.16
13546,100,2021-12-15 00:00:00,Sell,3698.04
13547,432,2024-05-09 00:00:00,Buy,4275.91
13548,492,2025-08-01 00:00:00,Dividend,16955.99
13549,985,2024-10-19 00:00:00,Buy,6507.53
13550,1265,2024-09-19 00:00:00,Rebalance,4110.02
13551,480,2025-09-26 00:00:00,Rebalance,7316.67
13552,976,2024-12-19 00:00:00,Sell,663.47
13553,1330,2025-04-20 00:00:00,Buy,33778.86
13554,556,2025-12-23 00:00:00,Buy,8909.78
13555,1013,2023-03-14 00:00:00,Contribution,522.12
13556,123,2021-08-30 00:00:00,Buy,16791.52
13557,1196,2024-12-16 00:00:00,Buy,8346.27
13558,171,2022-11-30 00:00:00,Sell,3876.87
13559,531,2023-02-22 00:00:00,Buy,4884.16
13560,870,2020-12-18 00:00:00,Buy,5664.36
13561,995,2022-07-13 00:00:00,Withdrawal,5549.79
13562,180,2022-01-31 00:00:00,Rebalance,3315.94
13563,185,2020-09-30 00:00:00,Dividend,4366.32
13564,1159,2025-12-24 00:00:00,Dividend,12937.11
13565,1453,2023-03-13 00:00:00,Buy,14833.43
13566,87,2024-05-27 00:00:00,Dividend,4245.17
13567,864,2024-06-08 00:00:00,Sell,6846.62
13568,972,2021-04-01 00:00:00,Rebalance,5304.11
13569,132,2020-09-14 00:00:00,Buy,2863.91
13570,844,2025-08-12 00:00:00,Sell,2438.94
13571,411,2025-11-15 00:00:00,Sell,8590.8
13572,789,2025-08-27 00:00:00,Buy,2775.85
13573,830,2025-12-02 00:00:00,Contribution,6214.45
13574,370,2025-06-08 00:00:00,Withdrawal,2342.31
13575,1007,2022-08-17 00:00:00,Sell,5528.1
13576,177,2023-10-06 00:00:00,Sell,9382.81
13577,732,2023-04-06 00:00:00,Sell,13935.79
13578,760,2022-06-17 00:00:00,Buy,5649.93
13579,1314,2021-03-09 00:00:00,Contribution,2271.9
13580,497,2023-07-18 00:00:00,Buy,15266.82
13581,435,2023-10-21 00:00:00,Dividend,3989.14
13582,934,2022-09-09 00:00:00,Buy,1379.06
13583,957,2023-04-30 00:00:00,Rebalance,10938.33
13584,1144,2024-08-01 00:00:00,Withdrawal,1264.08
13585,989,2022-08-31 00:00:00,Sell,744.86
13586,601,2021-04-25 00:00:00,Sell,3651.76
13587,383,2020-05-10 00:00:00,Buy,4764.94
13588,1261,2022-05-23 00:00:00,Buy,11412.06
13589,904,2024-04-17 00:00:00,Sell,3788.79
13590,499,2021-02-23 00:00:00,Rebalance,19359.39
13591,473,2025-11-09 00:00:00,Buy,6748.85
13592,444,2022-03-16 00:00:00,Buy,3726.37
13593,822,2022-10-25 00:00:00,Sell,1167.76
13594,1386,2021-01-04 00:00:00,Buy,12623.75
13595,887,2020-10-22 00:00:00,Buy,1338.85
13596,459,2020-02-06 00:00:00,Contribution,4819.08
13597,289,2025-07-25 00:00:00,Buy,3030.12
13598,274,2022-08-17 00:00:00,Sell,2667.13
13599,1043,2021-11-24 00:00:00,Rebalance,3509.94
13600,1204,2025-11-17 00:00:00,Buy,4509.31
13601,708,2024-04-08 00:00:00,Contribution,1271.44
13602,123,2025-04-26 00:00:00,Contribution,1046.81
13603,1026,2024-09-27 00:00:00,Buy,18833.83
13604,1479,2023-03-07 00:00:00,Buy,4793.63
13605,13,2021-08-25 00:00:00,Contribution,3401
13606,1170,2021-01-16 00:00:00,Buy,1281.85
13607,527,2025-12-04 00:00:00,Contribution,5280.27
13608,923,2025-11-09 00:00:00,Dividend,1587.24
13609,136,2022-10-21 00:00:00,Buy,7667.33
13610,1165,2025-11-18 00:00:00,Withdrawal,5383.92
13611,830,2025-09-28 00:00:00,Contribution,25055
13612,1037,2021-10-03 00:00:00,Buy,1770.1
13613,1315,2026-02-20 00:00:00,Withdrawal,2246.18
13614,923,2025-10-18 00:00:00,Sell,597.92
13615,149,2022-05-19 00:00:00,Sell,28743.11
13616,351,2020-02-21 00:00:00,Contribution,3231.77
13617,115,2022-03-15 00:00:00,Buy,5487.82
13618,1364,2021-03-10 00:00:00,Buy,4488.92
13619,1096,2022-08-05 00:00:00,Rebalance,8807.79
13620,358,2024-12-29 00:00:00,Buy,7039.2
13621,1168,2021-04-05 00:00:00,Buy,1528.81
13622,465,2024-04-20 00:00:00,Buy,35582.22
13623,302,2023-11-12 00:00:00,Contribution,10326.04
13624,1049,2021-07-12 00:00:00,Sell,2127.38
13625,1330,2020-10-10 00:00:00,Rebalance,1116.36
13626,412,2023-12-28 00:00:00,Withdrawal,15924.99
13627,450,2020-10-25 00:00:00,Buy,8492.38
13628,762,2021-02-02 00:00:00,Buy,10761.84
13629,1215,2021-02-06 00:00:00,Buy,3383.46
13630,1006,2020-11-07 00:00:00,Withdrawal,8543.64
13631,1080,2025-06-11 00:00:00,Contribution,11558.99
13632,46,2021-03-29 00:00:00,Sell,1373.57
13633,597,2024-01-10 00:00:00,Contribution,10716
13634,1409,2025-07-21 00:00:00,Sell,6623.7
13635,1196,2025-10-14 00:00:00,Dividend,28528.86
13636,1470,2021-04-10 00:00:00,Buy,676.88
13637,308,2021-07-10 00:00:00,Sell,2492.63
13638,108,2026-05-03 00:00:00,Sell,7938.22
13639,476,2023-10-03 00:00:00,Withdrawal,9126.92
13640,838,2026-04-08 00:00:00,Buy,17091.57
13641,500,2021-05-21 00:00:00,Contribution,1905.37
13642,257,2023-04-13 00:00:00,Buy,7467.58
13643,516,2025-08-27 00:00:00,Sell,13888.82
13644,91,2023-12-07 00:00:00,Dividend,3569.82
13645,54,2023-07-26 00:00:00,Buy,8296.98
13646,1406,2023-09-18 00:00:00,Buy,143270.46
13647,262,2025-03-07 00:00:00,Contribution,1247.86
13648,1414,2024-10-22 00:00:00,Rebalance,7192.35
13649,129,2023-05-26 00:00:00,Sell,19262.77
13650,30,2020-07-07 00:00:00,Contribution,9400.08
13651,882,2020-11-03 00:00:00,Sell,8916.38
13652,845,2023-03-31 00:00:00,Rebalance,28763.42
13653,1301,2025-11-07 00:00:00,Buy,651.46
13654,1414,2021-05-25 00:00:00,Buy,5901.68
13655,240,2023-01-25 00:00:00,Contribution,3878.16
13656,679,2021-10-19 00:00:00,Sell,11924.25
13657,1072,2022-05-20 00:00:00,Buy,9580.72
13658,538,2024-11-17 00:00:00,Dividend,4420.53
13659,1204,2025-11-10 00:00:00,Dividend,6401.24
13660,1472,2020-12-02 00:00:00,Rebalance,3002.89
13661,787,2020-12-04 00:00:00,Buy,5091.64
13662,1081,2021-05-29 00:00:00,Rebalance,3431.87
13663,236,2026-03-31 00:00:00,Buy,4439.41
13664,105,2021-01-03 00:00:00,Sell,20042.35
13665,613,2022-01-09 00:00:00,Buy,986.57
13666,331,2022-08-16 00:00:00,Buy,28290.96
13667,304,2025-09-24 00:00:00,Sell,33621.16
13668,104,2020-03-23 00:00:00,Sell,20235.97
13669,556,2025-04-20 00:00:00,Buy,24754.71
13670,517,2024-08-28 00:00:00,Buy,4492.32
13671,372,2021-05-08 00:00:00,Dividend,25526.07
13672,206,2024-09-27 00:00:00,Withdrawal,13000.37
13673,418,2022-03-19 00:00:00,Buy,559.86
13674,479,2024-05-10 00:00:00,Buy,2564.34
13675,951,2020-06-14 00:00:00,Dividend,3567.82
13676,1000,2020-06-29 00:00:00,Buy,1780.76
13677,1221,2025-04-24 00:00:00,Contribution,2880.85
13678,116,2025-08-18 00:00:00,Sell,989.42
13679,1187,2025-05-27 00:00:00,Buy,4018.21
13680,67,2023-09-13 00:00:00,Buy,491.37
13681,42,2025-09-29 00:00:00,Dividend,3555.5
13682,210,2023-01-01 00:00:00,Buy,3305.96
13683,721,2024-05-20 00:00:00,Withdrawal,6708.89
13684,930,2021-06-12 00:00:00,Sell,982.29
13685,261,2020-12-29 00:00:00,Contribution,3447.78
13686,1343,2021-10-20 00:00:00,Buy,9963.7
13687,1165,2021-12-02 00:00:00,Dividend,2751.39
13688,933,2023-05-21 00:00:00,Sell,9630.93
13689,963,2024-01-26 00:00:00,Sell,19998.22
13690,1222,2023-04-16 00:00:00,Withdrawal,3525.12
13691,994,2020-08-06 00:00:00,Withdrawal,2197.01
13692,754,2022-12-03 00:00:00,Rebalance,1145.6
13693,932,2020-11-22 00:00:00,Buy,3057.58
13694,1348,2021-01-23 00:00:00,Buy,1420.89
13695,1284,2020-09-03 00:00:00,Sell,1333.67
13696,1335,2022-08-11 00:00:00,Dividend,18730.55
13697,1013,2024-11-11 00:00:00,Contribution,2502.72
13698,1306,2025-08-06 00:00:00,Contribution,10744.96
13699,1453,2022-07-04 00:00:00,Sell,4945.43
13700,1429,2022-06-21 00:00:00,Sell,1215.62
13701,409,2025-07-24 00:00:00,Buy,11256.07
13702,192,2026-01-29 00:00:00,Contribution,4754.82
13703,1016,2021-04-11 00:00:00,Buy,3962.89
13704,170,2024-02-11 00:00:00,Buy,4896.14
13705,802,2022-12-29 00:00:00,Withdrawal,1800.05
13706,291,2024-09-19 00:00:00,Rebalance,3226.17
13707,561,2025-11-05 00:00:00,Buy,7017.46
13708,635,2021-10-30 00:00:00,Dividend,9460.33
13709,1004,2020-08-18 00:00:00,Buy,2323.6
13710,479,2022-02-21 00:00:00,Buy,20520.85
13711,706,2024-12-26 00:00:00,Sell,3202.23
13712,1387,2020-09-11 00:00:00,Contribution,3593.13
13713,781,2022-01-26 00:00:00,Contribution,123892.98
13714,924,2022-01-24 00:00:00,Dividend,16867.67
13715,119,2021-08-23 00:00:00,Contribution,1028.37
13716,906,2021-10-05 00:00:00,Buy,30753.83
13717,1485,2020-12-01 00:00:00,Withdrawal,1576.47
13718,1376,2026-02-24 00:00:00,Rebalance,2746.64
13719,581,2020-06-01 00:00:00,Buy,7377.72
13720,660,2021-06-14 00:00:00,Withdrawal,3400.6
13721,960,2023-05-30 00:00:00,Sell,1379.53
13722,1270,2025-12-12 00:00:00,Buy,2217.29
13723,1449,2024-08-19 00:00:00,Rebalance,2492.44
13724,1182,2023-11-08 00:00:00,Contribution,4171.68
13725,264,2022-04-28 00:00:00,Sell,6087.3
13726,304,2020-02-06 00:00:00,Dividend,12655.53
13727,270,2024-02-06 00:00:00,Sell,18265.99
13728,691,2020-07-27 00:00:00,Rebalance,6762.36
13729,196,2025-01-01 00:00:00,Buy,11930.8
13730,708,2025-09-14 00:00:00,Sell,7407.65
13731,1216,2023-01-25 00:00:00,Sell,5531.86
13732,744,2022-11-28 00:00:00,Withdrawal,8439.25
13733,177,2024-11-14 00:00:00,Sell,3949.14
13734,416,2022-06-18 00:00:00,Buy,5026.3
13735,744,2021-07-11 00:00:00,Contribution,773.64
13736,496,2023-02-12 00:00:00,Sell,2324.34
13737,357,2021-07-24 00:00:00,Rebalance,5045.12
13738,994,2021-12-08 00:00:00,Dividend,31563.95
13739,313,2021-06-21 00:00:00,Rebalance,2802.42
13740,821,2022-04-15 00:00:00,Sell,16632.12
13741,978,2025-05-11 00:00:00,Buy,17129.33
13742,13,2022-01-12 00:00:00,Buy,7129.75
13743,1470,2020-04-11 00:00:00,Rebalance,1625.41
13744,1017,2024-10-06 00:00:00,Dividend,22215.74
13745,1297,2022-09-28 00:00:00,Buy,6448.55
13746,1081,2021-07-13 00:00:00,Withdrawal,3366.41
13747,743,2020-04-27 00:00:00,Buy,17945.87
13748,1098,2020-07-06 00:00:00,Contribution,15599.18
13749,411,2025-06-10 00:00:00,Buy,3015.04
13750,60,2025-01-02 00:00:00,Buy,11332.57
13751,732,2024-08-01 00:00:00,Rebalance,2362.12
13752,318,2020-01-26 00:00:00,Withdrawal,71185.54
13753,922,2026-04-08 00:00:00,Sell,3557.61
13754,1373,2021-10-22 00:00:00,Sell,1298.85
13755,572,2024-06-19 00:00:00,Rebalance,12686.17
13756,1427,2020-01-02 00:00:00,Rebalance,4323.65
13757,953,2023-03-29 00:00:00,Buy,1435.47
13758,880,2023-12-05 00:00:00,Buy,12654.96
13759,357,2021-09-01 00:00:00,Withdrawal,2547.51
13760,414,2021-05-02 00:00:00,Buy,4016.09
13761,158,2024-11-26 00:00:00,Withdrawal,4642.17
13762,918,2021-02-13 00:00:00,Buy,3693.96
13763,1149,2026-01-19 00:00:00,Buy,18538.98
13764,780,2023-06-27 00:00:00,Dividend,2315.09
13765,712,2025-07-15 00:00:00,Buy,39545.41
13766,903,2024-04-22 00:00:00,Buy,4046.74
13767,1166,2024-04-07 00:00:00,Rebalance,2917.41
13768,146,2022-08-28 00:00:00,Buy,11947.15
13769,873,2024-09-09 00:00:00,Buy,2995.31
13770,305,2026-04-04 00:00:00,Buy,2738.19
13771,423,2023-05-16 00:00:00,Buy,14780.17
13772,161,2024-08-19 00:00:00,Buy,9499.23
13773,1203,2022-06-24 00:00:00,Sell,4006.62
13774,310,2023-02-11 00:00:00,Rebalance,3406.71
13775,1127,2024-03-03 00:00:00,Rebalance,10826.23
13776,92,2023-07-06 00:00:00,Buy,22871.19
13777,254,2024-07-10 00:00:00,Buy,7973.25
13778,903,2025-05-05 00:00:00,Contribution,4641.75
13779,678,2023-10-01 00:00:00,Buy,5528.22
13780,159,2025-12-04 00:00:00,Buy,4799.61
13781,1026,2023-06-09 00:00:00,Rebalance,14857.21
13782,197,2026-01-31 00:00:00,Rebalance,3192.68
13783,629,2021-08-28 00:00:00,Withdrawal,11741.62
13784,649,2022-11-08 00:00:00,Sell,2423.01
13785,297,2021-08-07 00:00:00,Buy,4850.4
13786,488,2025-03-06 00:00:00,Contribution,7739.25
13787,1378,2025-07-25 00:00:00,Withdrawal,20102.29
13788,286,2020-07-30 00:00:00,Buy,5903.7
13789,826,2022-12-08 00:00:00,Buy,1847.3
13790,1230,2025-12-20 00:00:00,Buy,7384.23
13791,129,2026-05-03 00:00:00,Buy,43929.03
13792,545,2021-01-29 00:00:00,Sell,3557.95
13793,514,2022-09-10 00:00:00,Rebalance,5634.01
13794,561,2022-01-12 00:00:00,Sell,3959.99
13795,869,2024-08-05 00:00:00,Rebalance,10016.74
13796,1306,2022-11-24 00:00:00,Sell,7862.24
13797,1229,2024-05-27 00:00:00,Rebalance,23826
13798,1181,2026-02-18 00:00:00,Buy,2521.3
13799,1004,2024-06-05 00:00:00,Buy,2256.1
13800,1411,2025-07-05 00:00:00,Dividend,6924.08
13801,1367,2022-01-12 00:00:00,Sell,4658.85
13802,1118,2025-12-02 00:00:00,Buy,3391.98
13803,185,2025-04-18 00:00:00,Buy,5099.21
13804,722,2023-04-30 00:00:00,Rebalance,7271.96
13805,1265,2020-12-10 00:00:00,Buy,25551.4
13806,790,2023-10-18 00:00:00,Buy,6377.79
13807,220,2020-02-24 00:00:00,Buy,5051.07
13808,480,2020-05-04 00:00:00,Buy,3005.94
13809,942,2024-12-13 00:00:00,Withdrawal,1247.89
13810,1391,2023-05-30 00:00:00,Buy,7254.02
13811,243,2024-02-06 00:00:00,Contribution,2091.59
13812,1117,2025-11-28 00:00:00,Dividend,22407.54
13813,634,2025-10-24 00:00:00,Buy,2466.79
13814,1259,2023-06-17 00:00:00,Sell,11471.18
13815,134,2020-06-28 00:00:00,Sell,8018.05
13816,1325,2024-06-10 00:00:00,Dividend,44746.14
13817,563,2022-06-08 00:00:00,Buy,47178.34
13818,219,2025-01-23 00:00:00,Contribution,16560.37
13819,1245,2020-01-26 00:00:00,Contribution,9952.81
13820,184,2023-06-28 00:00:00,Rebalance,5725.03
13821,1040,2025-08-12 00:00:00,Buy,38867.8
13822,1377,2021-01-06 00:00:00,Buy,7731.88
13823,1100,2023-10-09 00:00:00,Dividend,2075.6
13824,1413,2023-07-13 00:00:00,Rebalance,5120.7
13825,1183,2021-01-03 00:00:00,Buy,9204.81
13826,1141,2023-05-21 00:00:00,Buy,5482.58
13827,842,2023-04-27 00:00:00,Withdrawal,5842.22
13828,1200,2025-07-28 00:00:00,Contribution,24536.81
13829,387,2024-10-16 00:00:00,Contribution,2130.82
13830,1225,2020-09-01 00:00:00,Sell,4308.47
13831,500,2022-08-01 00:00:00,Buy,5742
13832,1079,2026-05-06 00:00:00,Buy,14229.62
13833,1414,2024-05-12 00:00:00,Dividend,1730.11
13834,745,2026-05-04 00:00:00,Withdrawal,6151.12
13835,1267,2023-06-21 00:00:00,Sell,2657.07
13836,1355,2020-03-19 00:00:00,Dividend,11121.49
13837,260,2022-04-24 00:00:00,Buy,10007.28
13838,897,2022-08-08 00:00:00,Contribution,16864.03
13839,103,2020-04-30 00:00:00,Withdrawal,18920.51
13840,1482,2024-06-06 00:00:00,Buy,36592.56
13841,445,2025-05-27 00:00:00,Rebalance,76530.36
13842,309,2020-03-31 00:00:00,Contribution,3473.05
13843,1182,2023-10-02 00:00:00,Withdrawal,1948.91
13844,311,2021-08-06 00:00:00,Contribution,9115.44
13845,514,2024-01-02 00:00:00,Withdrawal,4631.58
13846,781,2020-09-19 00:00:00,Contribution,6390.73
13847,862,2023-10-10 00:00:00,Dividend,1813.03
13848,599,2023-05-21 00:00:00,Buy,2868.32
13849,1125,2020-07-30 00:00:00,Buy,2811.61
13850,292,2021-09-22 00:00:00,Sell,9835.9
13851,1168,2023-12-29 00:00:00,Buy,2818.85
13852,1390,2025-04-05 00:00:00,Withdrawal,8957.27
13853,1190,2022-06-02 00:00:00,Dividend,86931.88
13854,391,2022-06-14 00:00:00,Contribution,5101.23
13855,778,2020-10-25 00:00:00,Contribution,10807.8
13856,1141,2021-11-29 00:00:00,Dividend,16533.38
13857,1489,2025-12-14 00:00:00,Contribution,16912.11
13858,1059,2023-12-01 00:00:00,Contribution,5885.16
13859,888,2024-05-18 00:00:00,Dividend,5116.63
13860,1379,2022-09-19 00:00:00,Buy,7269.98
13861,299,2023-08-20 00:00:00,Buy,1714.5
13862,1474,2025-05-19 00:00:00,Sell,3056.52
13863,1246,2023-07-14 00:00:00,Contribution,26644.53
13864,646,2022-08-29 00:00:00,Sell,10399.58
13865,638,2025-09-23 00:00:00,Buy,6545.15
13866,713,2024-12-16 00:00:00,Sell,52053.2
13867,529,2020-11-15 00:00:00,Sell,3059.84
13868,1334,2023-02-20 00:00:00,Buy,8223.3
13869,706,2024-01-27 00:00:00,Buy,20776.19
13870,155,2021-08-17 00:00:00,Rebalance,4297.21
13871,646,2020-07-13 00:00:00,Contribution,11832.17
13872,553,2021-12-01 00:00:00,Sell,3306.66
13873,1421,2025-11-13 00:00:00,Sell,10764.94
13874,532,2022-05-04 00:00:00,Buy,29818.39
13875,353,2020-07-11 00:00:00,Buy,20658.93
13876,1176,2021-03-13 00:00:00,Buy,9285.34
13877,695,2020-05-17 00:00:00,Buy,5708.97
13878,361,2025-05-10 00:00:00,Contribution,761.63
13879,491,2024-01-18 00:00:00,Rebalance,14268.14
13880,684,2023-06-18 00:00:00,Rebalance,2388.19
13881,1444,2025-02-13 00:00:00,Sell,3773.12
13882,97,2025-07-21 00:00:00,Sell,5258.77
13883,460,2024-07-27 00:00:00,Buy,26170.95
13884,597,2023-03-31 00:00:00,Sell,4322.08
13885,359,2026-05-17 00:00:00,Sell,8746.76
13886,767,2024-10-25 00:00:00,Contribution,8782.45
13887,637,2021-06-25 00:00:00,Buy,8836.14
13888,1496,2022-03-05 00:00:00,Rebalance,14284.75
13889,417,2025-10-26 00:00:00,Sell,17965.47
13890,690,2023-08-12 00:00:00,Buy,9174.09
13891,1233,2022-08-21 00:00:00,Sell,5787
13892,1435,2023-03-30 00:00:00,Sell,5052.78
13893,405,2022-08-31 00:00:00,Buy,21236.95
13894,544,2023-06-08 00:00:00,Contribution,4021.83
13895,1076,2022-05-13 00:00:00,Buy,6732.39
13896,447,2022-04-11 00:00:00,Buy,11742.07
13897,961,2024-01-30 00:00:00,Rebalance,17429.34
13898,991,2023-09-13 00:00:00,Buy,7189.04
13899,44,2021-03-18 00:00:00,Rebalance,2086.98
13900,451,2023-03-16 00:00:00,Sell,5667.93
13901,986,2025-05-01 00:00:00,Dividend,2657.86
13902,111,2025-07-23 00:00:00,Sell,3008.99
13903,1369,2021-03-01 00:00:00,Sell,839.92
13904,1318,2024-09-20 00:00:00,Buy,6376.6
13905,395,2020-11-24 00:00:00,Buy,5616.88
13906,770,2024-10-19 00:00:00,Sell,12019.23
13907,1015,2020-01-09 00:00:00,Buy,1698.88
13908,329,2020-04-24 00:00:00,Withdrawal,3947.55
13909,419,2023-03-03 00:00:00,Buy,4976.48
13910,338,2025-04-03 00:00:00,Sell,9732.83
13911,1278,2025-05-05 00:00:00,Sell,23779.88
13912,1489,2022-01-09 00:00:00,Rebalance,7619.16
13913,162,2025-12-24 00:00:00,Withdrawal,3587.29
13914,1053,2024-05-09 00:00:00,Buy,1486.71
13915,1391,2023-02-15 00:00:00,Buy,11659.95
13916,202,2021-12-19 00:00:00,Buy,1737.24
13917,562,2026-02-26 00:00:00,Sell,19892.68
13918,642,2024-02-26 00:00:00,Contribution,20827.36
13919,406,2026-04-14 00:00:00,Contribution,1501.75
13920,1419,2026-05-05 00:00:00,Buy,21257.83
13921,1016,2023-04-01 00:00:00,Contribution,2743.61
13922,380,2024-07-05 00:00:00,Contribution,2867.34
13923,1019,2023-11-26 00:00:00,Withdrawal,3284.06
13924,660,2022-08-22 00:00:00,Buy,7699.66
13925,300,2022-04-26 00:00:00,Buy,1408.37
13926,1409,2024-12-16 00:00:00,Contribution,17728.88
13927,206,2022-02-12 00:00:00,Sell,5016.99
13928,682,2022-06-18 00:00:00,Sell,1766.09
13929,89,2020-02-11 00:00:00,Rebalance,10928.42
13930,703,2023-09-19 00:00:00,Sell,4724.74
13931,1449,2024-06-28 00:00:00,Sell,6897.28
13932,1388,2024-05-21 00:00:00,Buy,2913.17
13933,831,2021-03-20 00:00:00,Contribution,45028.25
13934,1242,2025-03-06 00:00:00,Withdrawal,2751.43
13935,887,2021-06-08 00:00:00,Contribution,45776.56
13936,1217,2025-03-05 00:00:00,Contribution,5844.78
13937,1284,2020-09-12 00:00:00,Withdrawal,9886.86
13938,1040,2021-11-22 00:00:00,Rebalance,22626.49
13939,981,2022-08-23 00:00:00,Rebalance,7241.04
13940,257,2020-10-20 00:00:00,Buy,4429.26
13941,1077,2025-05-07 00:00:00,Contribution,12473
13942,711,2024-09-10 00:00:00,Contribution,6964.63
13943,512,2025-04-06 00:00:00,Rebalance,1512.49
13944,251,2023-09-30 00:00:00,Dividend,20644.87
13945,723,2024-06-20 00:00:00,Withdrawal,7617.6
13946,1422,2025-09-23 00:00:00,Contribution,1369.27
13947,1270,2021-04-23 00:00:00,Rebalance,7033.22
13948,32,2023-05-03 00:00:00,Sell,4297.29
13949,1205,2025-09-06 00:00:00,Dividend,581.05
13950,452,2024-11-03 00:00:00,Rebalance,2695.35
13951,2,2021-01-20 00:00:00,Contribution,8644.46
13952,96,2022-07-25 00:00:00,Rebalance,2286.87
13953,52,2021-01-11 00:00:00,Sell,2845.31
13954,1146,2022-01-21 00:00:00,Sell,24574.1
13955,958,2024-01-14 00:00:00,Rebalance,11476.89
13956,688,2024-11-03 00:00:00,Withdrawal,41366.41
13957,1174,2021-01-04 00:00:00,Buy,31401.16
13958,292,2023-05-23 00:00:00,Contribution,1297.18
13959,184,2020-05-18 00:00:00,Buy,26988.15
13960,68,2026-03-28 00:00:00,Buy,9441.98
13961,460,2023-01-04 00:00:00,Rebalance,5408.32
13962,1035,2021-11-09 00:00:00,Contribution,1150.31
13963,682,2023-11-04 00:00:00,Buy,1770.53
13964,1098,2022-03-07 00:00:00,Sell,3108.84
13965,46,2026-04-06 00:00:00,Sell,3928.85
13966,946,2025-02-04 00:00:00,Contribution,2953.43
13967,95,2022-06-29 00:00:00,Buy,6763.07
13968,1374,2026-02-04 00:00:00,Contribution,6552.55
13969,446,2021-04-01 00:00:00,Rebalance,7418.67
13970,383,2026-04-13 00:00:00,Sell,5471.37
13971,1281,2026-04-15 00:00:00,Rebalance,3963.19
13972,1256,2025-12-22 00:00:00,Buy,44040.43
13973,681,2025-11-26 00:00:00,Buy,6737.8
13974,572,2023-07-26 00:00:00,Withdrawal,5950.19
13975,720,2024-03-25 00:00:00,Contribution,11697.34
13976,760,2022-06-07 00:00:00,Buy,2638.5
13977,499,2025-10-16 00:00:00,Withdrawal,34910.7
13978,489,2020-09-09 00:00:00,Buy,7090.76
13979,884,2022-09-02 00:00:00,Rebalance,7197.69
13980,1063,2021-05-06 00:00:00,Buy,4184.74
13981,218,2026-02-04 00:00:00,Withdrawal,6705.43
13982,1297,2021-11-01 00:00:00,Withdrawal,14270.08
13983,39,2021-07-10 00:00:00,Contribution,6366.16
13984,177,2020-08-04 00:00:00,Rebalance,3415.57
13985,566,2024-09-08 00:00:00,Contribution,2106.9
13986,918,2022-12-05 00:00:00,Sell,19349.69
13987,484,2021-07-20 00:00:00,Sell,3072.28
13988,413,2025-10-05 00:00:00,Buy,15358.11
13989,1493,2024-10-09 00:00:00,Dividend,3828.78
13990,221,2020-05-10 00:00:00,Buy,1268.01
13991,478,2026-03-09 00:00:00,Contribution,2378.62
13992,1139,2024-06-01 00:00:00,Buy,2714.05
13993,15,2022-03-18 00:00:00,Contribution,11300.14
13994,158,2024-07-30 00:00:00,Withdrawal,2897.51
13995,1140,2022-05-07 00:00:00,Withdrawal,7983.46
13996,820,2024-05-21 00:00:00,Withdrawal,9237.15
13997,304,2024-11-05 00:00:00,Dividend,6782.97
13998,893,2021-10-08 00:00:00,Rebalance,27210.91
13999,1406,2020-09-30 00:00:00,Dividend,15612.44
14000,499,2021-11-18 00:00:00,Buy,1481.41
14001,1154,2023-02-19 00:00:00,Buy,23495.98
14002,1144,2025-11-02 00:00:00,Buy,11516.77
14003,1038,2025-01-08 00:00:00,Buy,9785.62
14004,243,2026-01-26 00:00:00,Sell,2638.71
14005,105,2025-07-19 00:00:00,Buy,3687.62
14006,1272,2023-03-11 00:00:00,Sell,9817.41
14007,1259,2022-10-26 00:00:00,Buy,2373.55
14008,1212,2021-10-17 00:00:00,Sell,20352.91
14009,865,2026-04-08 00:00:00,Buy,614.14
14010,676,2020-12-08 00:00:00,Buy,3924.31
14011,747,2021-10-24 00:00:00,Buy,1607.27
14012,1222,2024-02-13 00:00:00,Dividend,2171.54
14013,422,2026-01-10 00:00:00,Contribution,12833.34
14014,935,2021-01-05 00:00:00,Contribution,10803.5
14015,94,2022-12-28 00:00:00,Dividend,24152.96
14016,374,2023-08-13 00:00:00,Buy,5477.93
14017,48,2023-09-14 00:00:00,Dividend,17592.79
14018,429,2020-01-25 00:00:00,Sell,8462.42
14019,687,2025-02-09 00:00:00,Contribution,4561.98
14020,459,2023-02-24 00:00:00,Sell,10544.34
14021,102,2023-09-30 00:00:00,Sell,26098.81
14022,179,2025-07-15 00:00:00,Rebalance,5439.85
14023,792,2021-07-02 00:00:00,Buy,16211.13
14024,1392,2021-04-20 00:00:00,Contribution,1120.92
14025,1131,2026-05-09 00:00:00,Contribution,5053.63
14026,139,2021-11-11 00:00:00,Buy,4392.72
14027,683,2025-02-17 00:00:00,Sell,930.95
14028,107,2021-01-02 00:00:00,Withdrawal,770.1
14029,62,2020-08-09 00:00:00,Sell,9339.44
14030,1218,2024-07-30 00:00:00,Dividend,3123.63
14031,1433,2025-06-21 00:00:00,Rebalance,4953.65
14032,86,2024-04-22 00:00:00,Dividend,1020.15
14033,676,2024-06-09 00:00:00,Rebalance,2773.01
14034,1354,2020-07-14 00:00:00,Rebalance,6064.96
14035,282,2021-03-26 00:00:00,Withdrawal,4349.15
14036,712,2022-09-29 00:00:00,Sell,10391.72
14037,626,2026-04-25 00:00:00,Buy,2096.68
14038,936,2020-03-23 00:00:00,Contribution,4854.78
14039,881,2022-08-21 00:00:00,Contribution,7453.61
14040,737,2020-05-27 00:00:00,Dividend,1656.23
14041,157,2021-08-05 00:00:00,Withdrawal,3498.7
14042,568,2022-07-01 00:00:00,Buy,4291.75
14043,192,2025-11-19 00:00:00,Dividend,2846.01
14044,639,2021-12-14 00:00:00,Contribution,7473.55
14045,577,2021-07-31 00:00:00,Sell,2297.95
14046,177,2022-11-11 00:00:00,Sell,6035.93
14047,514,2024-03-02 00:00:00,Rebalance,1444.77
14048,88,2020-03-23 00:00:00,Rebalance,8300.3
14049,1035,2022-06-04 00:00:00,Dividend,2107.06
14050,950,2025-06-17 00:00:00,Buy,2478.62
14051,893,2024-04-20 00:00:00,Buy,11198.49
14052,429,2023-10-16 00:00:00,Buy,9755.22
14053,143,2024-10-26 00:00:00,Withdrawal,16941.7
14054,940,2020-10-04 00:00:00,Buy,10404.51
14055,1118,2025-10-06 00:00:00,Buy,2832.19
14056,904,2024-11-20 00:00:00,Sell,31756.77
14057,311,2020-12-01 00:00:00,Buy,2908.53
14058,95,2026-02-01 00:00:00,Buy,5956.06
14059,879,2021-12-12 00:00:00,Buy,2766.19
14060,970,2025-12-29 00:00:00,Contribution,7271.28
14061,158,2023-11-29 00:00:00,Sell,13889.84
14062,888,2025-08-12 00:00:00,Buy,51169.83
14063,1491,2024-10-07 00:00:00,Contribution,14933.16
14064,623,2021-12-18 00:00:00,Contribution,4606.71
14065,1367,2020-12-29 00:00:00,Sell,3850.69
14066,73,2023-07-07 00:00:00,Buy,6449.36
14067,413,2020-12-08 00:00:00,Contribution,2667.12
14068,555,2024-04-12 00:00:00,Sell,1651.33
14069,1157,2022-05-13 00:00:00,Withdrawal,1578.85
14070,455,2021-02-11 00:00:00,Contribution,4687.6
14071,1282,2021-09-16 00:00:00,Buy,18982.53
14072,807,2024-03-24 00:00:00,Rebalance,3260.49
14073,1065,2022-06-16 00:00:00,Buy,5399.65
14074,702,2024-06-11 00:00:00,Withdrawal,4445.95
14075,1471,2023-03-19 00:00:00,Buy,2442.15
14076,636,2021-08-12 00:00:00,Buy,16088.33
14077,669,2025-05-11 00:00:00,Sell,5086.06
14078,638,2023-08-04 00:00:00,Contribution,3761.94
14079,1,2022-03-01 00:00:00,Withdrawal,1396.28
14080,241,2023-08-07 00:00:00,Contribution,11261.56
14081,857,2020-10-22 00:00:00,Contribution,1674.57
14082,1481,2022-02-25 00:00:00,Buy,673.33
14083,1367,2025-09-08 00:00:00,Withdrawal,11318.13
14084,899,2020-06-18 00:00:00,Contribution,2525.68
14085,552,2021-10-27 00:00:00,Withdrawal,2539
14086,1087,2026-02-28 00:00:00,Sell,2880.42
14087,968,2024-07-07 00:00:00,Buy,9029.46
14088,3,2025-06-09 00:00:00,Withdrawal,3090.02
14089,1151,2020-02-08 00:00:00,Withdrawal,1522.38
14090,481,2024-06-10 00:00:00,Buy,1246.77
14091,720,2022-11-28 00:00:00,Sell,6805.82
14092,1434,2020-08-02 00:00:00,Rebalance,9873.13
14093,1490,2020-02-04 00:00:00,Dividend,979.45
14094,1431,2022-07-27 00:00:00,Withdrawal,2160.1
14095,449,2026-03-28 00:00:00,Dividend,8755.53
14096,587,2024-12-14 00:00:00,Contribution,6756.71
14097,1181,2024-12-05 00:00:00,Sell,3530.5
14098,1354,2023-03-31 00:00:00,Buy,17119.22
14099,1113,2021-09-14 00:00:00,Buy,4583.68
14100,207,2020-08-25 00:00:00,Sell,9334.43
14101,791,2022-06-27 00:00:00,Contribution,292.7
14102,519,2023-07-25 00:00:00,Contribution,30608.3
14103,604,2021-03-18 00:00:00,Buy,3543.36
14104,1306,2020-02-27 00:00:00,Buy,888.58
14105,1398,2023-07-17 00:00:00,Dividend,2950.82
14106,344,2022-10-23 00:00:00,Sell,13353.09
14107,347,2024-07-31 00:00:00,Buy,8548.61
14108,34,2024-02-05 00:00:00,Sell,37165.77
14109,845,2021-05-08 00:00:00,Buy,17488.11
14110,522,2020-11-27 00:00:00,Dividend,8457.08
14111,338,2024-06-27 00:00:00,Dividend,1133.55
14112,653,2020-08-21 00:00:00,Withdrawal,6334.13
14113,886,2022-09-02 00:00:00,Buy,7530
14114,428,2023-02-28 00:00:00,Contribution,10617.94
14115,1376,2023-05-06 00:00:00,Buy,65739.06
14116,914,2021-06-20 00:00:00,Contribution,1824.76
14117,1025,2021-06-04 00:00:00,Sell,7066.11
14118,946,2022-03-13 00:00:00,Rebalance,13258.52
14119,475,2021-11-22 00:00:00,Buy,10890.72
14120,663,2026-02-02 00:00:00,Buy,16145.83
14121,1046,2024-01-25 00:00:00,Rebalance,2465.39
14122,1287,2023-04-13 00:00:00,Buy,3891.02
14123,416,2023-04-09 00:00:00,Sell,22064.23
14124,577,2024-05-09 00:00:00,Withdrawal,30495.1
14125,442,2025-04-11 00:00:00,Buy,5055.48
14126,716,2023-04-29 00:00:00,Buy,22938.82
14127,1316,2025-12-30 00:00:00,Sell,11715.38
14128,1274,2025-04-20 00:00:00,Contribution,1744.35
14129,723,2024-03-20 00:00:00,Dividend,10156.26
14130,653,2022-08-12 00:00:00,Buy,2351.39
14131,265,2024-06-08 00:00:00,Buy,5895.8
14132,329,2023-12-04 00:00:00,Withdrawal,715.19
14133,182,2020-11-26 00:00:00,Contribution,680.62
14134,1154,2023-04-23 00:00:00,Contribution,1984.78
14135,1290,2024-08-21 00:00:00,Sell,4976.95
14136,780,2025-05-19 00:00:00,Dividend,3640.05
14137,1308,2020-09-28 00:00:00,Buy,965.36
14138,1392,2026-05-13 00:00:00,Buy,3641.67
14139,843,2020-07-03 00:00:00,Sell,13728.36
14140,485,2024-07-20 00:00:00,Sell,6516.44
14141,960,2025-02-27 00:00:00,Buy,4031.69
14142,969,2024-08-30 00:00:00,Withdrawal,26131.32
14143,9,2021-02-07 00:00:00,Rebalance,15407.82
14144,1287,2021-02-21 00:00:00,Contribution,4294.23
14145,776,2025-07-17 00:00:00,Dividend,14163.01
14146,503,2020-08-30 00:00:00,Buy,60007.97
14147,926,2021-07-18 00:00:00,Withdrawal,10471.74
14148,758,2022-02-05 00:00:00,Contribution,5468.04
14149,163,2020-07-08 00:00:00,Sell,1137.67
14150,780,2022-02-27 00:00:00,Buy,11615.48
14151,1,2023-10-18 00:00:00,Sell,37257.22
14152,227,2025-01-23 00:00:00,Dividend,5651.06
14153,176,2024-02-27 00:00:00,Sell,10537.47
14154,1345,2023-10-24 00:00:00,Rebalance,2055.95
14155,1324,2024-12-16 00:00:00,Rebalance,2228.23
14156,234,2022-05-04 00:00:00,Rebalance,6506.09
14157,221,2021-07-26 00:00:00,Dividend,4597.01
14158,1349,2026-03-10 00:00:00,Contribution,8412.25
14159,937,2025-06-08 00:00:00,Buy,4544.5
14160,1053,2026-01-01 00:00:00,Buy,5521.48
14161,1023,2021-06-18 00:00:00,Buy,8380.62
14162,264,2024-06-25 00:00:00,Buy,3777.76
14163,106,2024-09-06 00:00:00,Contribution,2413.91
14164,970,2023-11-12 00:00:00,Buy,3764.69
14165,836,2022-11-11 00:00:00,Buy,29334.41
14166,125,2024-04-29 00:00:00,Withdrawal,9818.06
14167,528,2024-05-26 00:00:00,Dividend,12093.4
14168,876,2020-08-13 00:00:00,Buy,9621.44
14169,7,2026-03-13 00:00:00,Contribution,2990.28
14170,494,2025-05-29 00:00:00,Sell,3113.29
14171,1206,2024-06-20 00:00:00,Buy,3928.12
14172,747,2023-08-19 00:00:00,Contribution,3875.75
14173,272,2022-04-30 00:00:00,Contribution,1052.41
14174,372,2020-02-14 00:00:00,Sell,3293.4
14175,1063,2024-05-28 00:00:00,Buy,5639.63
14176,763,2022-03-12 00:00:00,Withdrawal,9075.19
14177,1151,2025-07-08 00:00:00,Contribution,12493.11
14178,1205,2020-06-01 00:00:00,Sell,16762.36
14179,172,2023-10-10 00:00:00,Buy,5564.71
14180,30,2024-11-14 00:00:00,Buy,6882.78
14181,810,2024-01-20 00:00:00,Buy,21714.43
14182,1080,2025-12-06 00:00:00,Sell,104742.64
14183,308,2025-12-05 00:00:00,Sell,39736.75
14184,134,2023-05-02 00:00:00,Sell,4934.94
14185,246,2023-10-09 00:00:00,Sell,472.91
14186,1028,2026-02-03 00:00:00,Buy,36585.98
14187,43,2025-06-02 00:00:00,Buy,7006.42
14188,438,2022-08-30 00:00:00,Buy,9113.32
14189,1301,2026-05-03 00:00:00,Sell,1442.24
14190,1378,2024-06-14 00:00:00,Buy,7694.06
14191,645,2026-05-04 00:00:00,Buy,4703.29
14192,10,2020-02-14 00:00:00,Buy,4691.44
14193,1386,2024-11-14 00:00:00,Contribution,2562.38
14194,1211,2024-03-06 00:00:00,Dividend,1422.32
14195,1464,2020-01-01 00:00:00,Buy,4253.72
14196,1250,2021-09-24 00:00:00,Contribution,3504.26
14197,709,2021-01-01 00:00:00,Sell,35738.8
14198,1249,2024-02-02 00:00:00,Rebalance,3267.7
14199,115,2022-11-30 00:00:00,Rebalance,2403.9
14200,24,2022-09-08 00:00:00,Rebalance,4644.41
14201,531,2026-04-23 00:00:00,Withdrawal,1393.01
14202,1190,2025-12-11 00:00:00,Rebalance,6698.19
14203,383,2026-04-02 00:00:00,Buy,15816.2
14204,486,2025-04-27 00:00:00,Rebalance,2852.96
14205,926,2025-05-19 00:00:00,Withdrawal,5695.63
14206,1324,2026-03-05 00:00:00,Rebalance,7888.29
14207,922,2021-10-09 00:00:00,Buy,8202.63
14208,735,2022-01-20 00:00:00,Dividend,406.4
14209,175,2020-08-01 00:00:00,Dividend,1087.49
14210,5,2020-08-12 00:00:00,Buy,5635
14211,1291,2023-05-29 00:00:00,Sell,930.25
14212,374,2022-02-01 00:00:00,Dividend,1595.36
14213,414,2023-12-18 00:00:00,Dividend,3439.16
14214,638,2023-01-04 00:00:00,Dividend,17233.29
14215,213,2025-04-11 00:00:00,Dividend,13496.33
14216,1263,2025-06-14 00:00:00,Contribution,8685.05
14217,467,2026-04-10 00:00:00,Sell,19107.08
14218,121,2020-02-14 00:00:00,Dividend,5046.9
14219,827,2020-05-04 00:00:00,Rebalance,12371.41
14220,1091,2023-11-21 00:00:00,Buy,10065.46
14221,772,2024-10-22 00:00:00,Withdrawal,33493.94
14222,245,2021-01-31 00:00:00,Buy,2492.63
14223,81,2022-03-18 00:00:00,Withdrawal,3210.33
14224,1404,2024-02-28 00:00:00,Buy,14269.49
14225,804,2025-02-24 00:00:00,Buy,17726.29
14226,1107,2026-01-01 00:00:00,Dividend,3925.45
14227,878,2021-02-16 00:00:00,Buy,13126.99
14228,1362,2022-03-15 00:00:00,Buy,8611.21
14229,55,2020-11-23 00:00:00,Buy,34503.52
14230,454,2021-12-06 00:00:00,Rebalance,13641.36
14231,547,2022-01-16 00:00:00,Contribution,20291.87
14232,786,2025-11-15 00:00:00,Buy,6073.68
14233,365,2022-03-11 00:00:00,Buy,11589.2
14234,1280,2024-07-02 00:00:00,Dividend,32131.51
14235,1115,2022-02-03 00:00:00,Buy,18653.11
14236,698,2020-05-03 00:00:00,Sell,3329.86
14237,1466,2024-01-30 00:00:00,Buy,2975.98
14238,1106,2024-10-26 00:00:00,Sell,2933.19
14239,661,2022-12-09 00:00:00,Buy,8381.09
14240,1241,2022-09-30 00:00:00,Rebalance,2202.04
14241,280,2021-01-10 00:00:00,Sell,13704.83
14242,1081,2026-01-11 00:00:00,Buy,6649.59
14243,247,2021-06-27 00:00:00,Withdrawal,5710.37
14244,240,2020-10-24 00:00:00,Contribution,20525.29
14245,732,2022-09-06 00:00:00,Contribution,1251.57
14246,750,2025-05-04 00:00:00,Sell,1120.7
14247,489,2022-12-04 00:00:00,Buy,19091.4
14248,1237,2022-02-23 00:00:00,Sell,12596.98
14249,955,2020-05-23 00:00:00,Buy,1795.6
14250,555,2023-02-01 00:00:00,Dividend,7929.11
14251,914,2022-04-18 00:00:00,Contribution,11987.09
14252,653,2021-12-26 00:00:00,Contribution,8149.27
14253,620,2022-08-19 00:00:00,Withdrawal,15041.5
14254,870,2026-04-12 00:00:00,Buy,30610.42
14255,819,2020-07-29 00:00:00,Buy,960.9
14256,1346,2026-03-01 00:00:00,Buy,21733.18
14257,168,2023-08-07 00:00:00,Contribution,19500.54
14258,731,2020-11-17 00:00:00,Sell,2788.99
14259,1379,2023-05-02 00:00:00,Buy,421.99
14260,227,2023-06-08 00:00:00,Dividend,9463.4
14261,557,2023-02-07 00:00:00,Contribution,2725.88
14262,748,2025-10-06 00:00:00,Sell,9534.64
14263,599,2026-05-09 00:00:00,Buy,35334.51
14264,1005,2023-08-26 00:00:00,Rebalance,3520.13
14265,1491,2024-03-01 00:00:00,Sell,12187.88
14266,867,2020-01-03 00:00:00,Contribution,3931.07
14267,616,2025-12-22 00:00:00,Dividend,47968.49
14268,726,2023-05-20 00:00:00,Withdrawal,7444.38
14269,640,2020-05-01 00:00:00,Buy,31510.71
14270,543,2024-06-16 00:00:00,Buy,5645.15
14271,742,2021-06-15 00:00:00,Rebalance,13632.18
14272,1379,2026-04-28 00:00:00,Contribution,7702.05
14273,560,2022-11-21 00:00:00,Dividend,4732.41
14274,1256,2023-10-01 00:00:00,Buy,34860.32
14275,1102,2025-05-20 00:00:00,Sell,2031.79
14276,300,2021-10-12 00:00:00,Dividend,5820.57
14277,309,2021-03-14 00:00:00,Buy,10227.45
14278,315,2024-08-04 00:00:00,Buy,873.62
14279,6,2023-09-24 00:00:00,Contribution,6335.69
14280,45,2024-04-10 00:00:00,Sell,17155.04
14281,484,2021-08-12 00:00:00,Dividend,11476.41
14282,226,2024-09-15 00:00:00,Sell,10703.96
14283,822,2024-09-05 00:00:00,Sell,2691.81
14284,873,2025-06-11 00:00:00,Sell,6456.23
14285,715,2020-11-22 00:00:00,Dividend,3980.05
14286,599,2020-05-07 00:00:00,Buy,424.05
14287,1278,2022-11-21 00:00:00,Contribution,12416.18
14288,494,2024-05-20 00:00:00,Dividend,9876.28
14289,768,2025-05-03 00:00:00,Withdrawal,6404.02
14290,226,2025-12-12 00:00:00,Buy,4201.37
14291,958,2024-01-10 00:00:00,Buy,4855.78
14292,934,2024-10-11 00:00:00,Dividend,3870.78
14293,34,2024-10-15 00:00:00,Contribution,36007.39
14294,1086,2022-01-16 00:00:00,Sell,6577.92
14295,1476,2022-03-29 00:00:00,Buy,4631.42
14296,912,2025-02-17 00:00:00,Rebalance,4945.02
14297,492,2022-10-24 00:00:00,Buy,7087.24
14298,938,2023-12-15 00:00:00,Sell,225.84
14299,383,2026-05-28 00:00:00,Contribution,2424.79
14300,1358,2025-01-15 00:00:00,Rebalance,21188.31
14301,1304,2020-04-13 00:00:00,Contribution,4391.54
14302,968,2025-05-04 00:00:00,Withdrawal,2413.03
14303,272,2026-01-28 00:00:00,Sell,1847.48
14304,1346,2022-12-07 00:00:00,Sell,16881.46
14305,39,2022-03-07 00:00:00,Dividend,3854.52
14306,867,2024-06-11 00:00:00,Buy,2584.72
14307,839,2023-06-14 00:00:00,Sell,12829.74
14308,628,2025-07-30 00:00:00,Rebalance,3011.35
14309,451,2020-03-13 00:00:00,Buy,6952.2
14310,606,2025-11-07 00:00:00,Buy,2661.33
14311,1391,2025-12-06 00:00:00,Buy,2830.01
14312,666,2025-12-26 00:00:00,Sell,39205.54
14313,1220,2022-07-08 00:00:00,Rebalance,1934.77
14314,904,2021-07-27 00:00:00,Rebalance,5747.87
14315,994,2024-08-29 00:00:00,Sell,4671.94
14316,398,2021-05-09 00:00:00,Contribution,3797.2
14317,300,2020-02-16 00:00:00,Sell,6188.74
14318,1283,2025-09-17 00:00:00,Buy,10804.31
14319,497,2020-05-07 00:00:00,Sell,27696.53
14320,208,2023-06-27 00:00:00,Buy,3754.55
14321,1303,2020-07-29 00:00:00,Contribution,13819.3
14322,340,2020-05-07 00:00:00,Rebalance,2849.46
14323,185,2021-09-02 00:00:00,Contribution,7053.69
14324,247,2026-05-19 00:00:00,Rebalance,41094.66
14325,1190,2026-03-01 00:00:00,Dividend,1040.34
14326,479,2021-06-23 00:00:00,Dividend,20720.57
14327,1372,2023-06-15 00:00:00,Dividend,5436.37
14328,776,2025-04-19 00:00:00,Buy,1373.82
14329,679,2022-03-14 00:00:00,Buy,4844.29
14330,725,2024-09-08 00:00:00,Buy,43258.1
14331,1278,2024-09-04 00:00:00,Buy,2947.82
14332,1127,2026-05-23 00:00:00,Buy,4400.25
14333,1090,2023-03-03 00:00:00,Buy,2266.3
14334,685,2025-05-04 00:00:00,Buy,8460.11
14335,836,2024-03-18 00:00:00,Contribution,1585.08
14336,945,2023-08-21 00:00:00,Contribution,577.8
14337,1309,2024-10-02 00:00:00,Contribution,8631.98
14338,159,2022-02-28 00:00:00,Sell,3738.56
14339,210,2021-04-02 00:00:00,Sell,7017.59
14340,1372,2025-06-03 00:00:00,Contribution,11907.61
14341,662,2021-06-05 00:00:00,Buy,1411.25
14342,1197,2020-02-06 00:00:00,Contribution,59822.5
14343,570,2025-08-10 00:00:00,Contribution,6523.56
14344,1355,2020-05-19 00:00:00,Buy,15311.57
14345,639,2022-12-17 00:00:00,Buy,6855.15
14346,106,2025-12-25 00:00:00,Dividend,22246.72
14347,12,2022-02-15 00:00:00,Sell,8069.28
14348,777,2022-01-20 00:00:00,Dividend,9325.56
14349,1004,2020-03-11 00:00:00,Sell,39906
14350,48,2022-09-25 00:00:00,Rebalance,6053.14
14351,208,2023-12-20 00:00:00,Buy,5592
14352,148,2026-02-02 00:00:00,Buy,5862.15
14353,1111,2023-04-15 00:00:00,Sell,2055.48
14354,626,2025-09-03 00:00:00,Contribution,2822.3
14355,1363,2020-12-27 00:00:00,Contribution,4639.84
14356,1320,2023-07-18 00:00:00,Sell,1263.76
14357,967,2025-02-19 00:00:00,Contribution,7859.46
14358,1220,2024-05-09 00:00:00,Contribution,1242.92
14359,200,2024-08-02 00:00:00,Contribution,10072.71
14360,1030,2021-02-18 00:00:00,Contribution,10919.14
14361,1003,2022-05-27 00:00:00,Sell,3422.29
14362,830,2024-01-23 00:00:00,Dividend,13422.1
14363,1402,2022-07-24 00:00:00,Sell,69247.43
14364,1184,2021-11-30 00:00:00,Withdrawal,8731.41
14365,1328,2023-09-15 00:00:00,Dividend,2997.55
14366,566,2021-06-10 00:00:00,Contribution,3437.18
14367,1388,2024-11-17 00:00:00,Buy,10628.64
14368,777,2020-06-09 00:00:00,Rebalance,542.28
14369,34,2020-10-26 00:00:00,Sell,11463.08
14370,257,2024-05-10 00:00:00,Rebalance,3518.2
14371,154,2020-10-21 00:00:00,Withdrawal,16031.36
14372,281,2022-10-09 00:00:00,Contribution,7494.93
14373,612,2026-01-16 00:00:00,Contribution,36870.98
14374,1176,2021-09-03 00:00:00,Dividend,32854.55
14375,128,2025-03-31 00:00:00,Buy,1283.84
14376,319,2026-05-26 00:00:00,Contribution,1223.15
14377,170,2024-05-23 00:00:00,Buy,12072.86
14378,1330,2023-09-21 00:00:00,Rebalance,781.51
14379,300,2021-12-17 00:00:00,Buy,5687.73
14380,1113,2023-03-03 00:00:00,Buy,6841.81
14381,414,2020-08-17 00:00:00,Dividend,2624.01
14382,572,2022-09-28 00:00:00,Sell,4507.47
14383,1421,2020-11-14 00:00:00,Contribution,2263.92
14384,67,2023-05-30 00:00:00,Buy,5792.54
14385,877,2020-10-02 00:00:00,Buy,7083.68
14386,470,2022-01-15 00:00:00,Withdrawal,11896.35
14387,1259,2021-05-05 00:00:00,Buy,8563.49
14388,10,2026-03-26 00:00:00,Sell,5926.21
14389,260,2025-06-11 00:00:00,Buy,35730.95
14390,527,2025-07-04 00:00:00,Sell,1666.61
14391,1463,2025-06-24 00:00:00,Sell,1356.75
14392,1472,2026-04-21 00:00:00,Contribution,3987.71
14393,137,2022-10-08 00:00:00,Dividend,1790.36
14394,1112,2021-11-27 00:00:00,Contribution,56812.9
14395,425,2023-03-13 00:00:00,Sell,3094.51
14396,678,2024-01-31 00:00:00,Withdrawal,676.91
14397,246,2023-04-07 00:00:00,Buy,10622.3
14398,397,2026-03-05 00:00:00,Contribution,3403.45
14399,226,2025-08-24 00:00:00,Buy,10474
14400,1086,2025-05-01 00:00:00,Buy,11486.03
14401,1213,2024-07-29 00:00:00,Buy,12802.42
14402,1489,2025-07-19 00:00:00,Sell,12448.21
14403,39,2024-05-04 00:00:00,Contribution,13836.78
14404,1133,2022-04-14 00:00:00,Buy,3911.13
14405,1014,2025-08-25 00:00:00,Withdrawal,11307.2
14406,12,2024-02-27 00:00:00,Buy,5645.71
14407,681,2023-11-15 00:00:00,Rebalance,2114.94
14408,711,2024-08-18 00:00:00,Withdrawal,39761.55
14409,742,2023-05-19 00:00:00,Rebalance,10778.25
14410,1110,2024-09-26 00:00:00,Contribution,4504.68
14411,22,2020-04-01 00:00:00,Contribution,3702.75
14412,1041,2023-02-15 00:00:00,Dividend,1082.84
14413,852,2026-05-24 00:00:00,Buy,438.82
14414,79,2020-07-24 00:00:00,Contribution,3452.81
14415,745,2022-10-14 00:00:00,Buy,6342.6
14416,846,2023-12-02 00:00:00,Sell,6361.61
14417,234,2020-09-07 00:00:00,Dividend,12970.4
14418,595,2020-11-23 00:00:00,Buy,13004.66
14419,1066,2024-06-03 00:00:00,Buy,1500.65
14420,1089,2025-07-06 00:00:00,Buy,2893.61
14421,58,2022-07-22 00:00:00,Buy,28312.44
14422,1055,2022-08-20 00:00:00,Buy,3644.62
14423,1188,2025-07-08 00:00:00,Sell,4092.9
14424,90,2021-01-27 00:00:00,Sell,11645.29
14425,736,2026-02-22 00:00:00,Buy,6837.05
14426,805,2025-03-15 00:00:00,Buy,19190.38
14427,748,2025-07-03 00:00:00,Buy,4497.46
14428,928,2022-05-04 00:00:00,Withdrawal,24303.74
14429,100,2025-01-12 00:00:00,Contribution,6158.36
14430,1415,2020-12-16 00:00:00,Sell,22128.26
14431,824,2022-11-24 00:00:00,Contribution,6686.01
14432,872,2022-09-05 00:00:00,Contribution,13142.96
14433,1302,2025-03-11 00:00:00,Rebalance,2716.09
14434,15,2023-10-23 00:00:00,Sell,7453.09
14435,348,2021-09-23 00:00:00,Buy,11626.41
14436,353,2025-05-28 00:00:00,Dividend,9334.58
14437,127,2021-01-26 00:00:00,Buy,362.63
14438,1075,2020-02-16 00:00:00,Buy,1511.84
14439,1254,2020-02-01 00:00:00,Buy,4919.12
14440,95,2026-03-25 00:00:00,Buy,19284.16
14441,1145,2023-06-19 00:00:00,Sell,19393.25
14442,1184,2024-05-20 00:00:00,Contribution,5501.88
14443,592,2024-10-13 00:00:00,Rebalance,12059.59
14444,1395,2020-12-08 00:00:00,Buy,676
14445,1044,2021-03-05 00:00:00,Contribution,11760.97
14446,888,2024-07-08 00:00:00,Buy,3908.3
14447,1258,2024-07-21 00:00:00,Sell,6282.6
14448,212,2024-07-09 00:00:00,Dividend,30441.81
14449,1000,2021-03-09 00:00:00,Withdrawal,2225.11
14450,439,2023-09-23 00:00:00,Rebalance,26982.22
14451,196,2021-12-29 00:00:00,Withdrawal,12602.88
14452,259,2020-12-31 00:00:00,Contribution,6379.59
14453,1238,2022-04-13 00:00:00,Sell,5109.19
14454,1205,2023-04-03 00:00:00,Sell,38971.42
14455,448,2020-07-27 00:00:00,Sell,3379.83
14456,375,2022-12-01 00:00:00,Buy,3669.73
14457,255,2021-08-13 00:00:00,Buy,13157.1
14458,566,2024-09-27 00:00:00,Rebalance,4749.12
14459,1428,2026-01-03 00:00:00,Withdrawal,6323.38
14460,1074,2024-11-18 00:00:00,Buy,6066.84
14461,598,2025-05-20 00:00:00,Contribution,6365.89
14462,341,2020-05-10 00:00:00,Dividend,7676.63
14463,362,2022-02-08 00:00:00,Contribution,3817.18
14464,205,2022-02-05 00:00:00,Dividend,4497.16
14465,190,2023-10-08 00:00:00,Contribution,2451.54
14466,327,2023-04-16 00:00:00,Dividend,3059.91
14467,19,2020-06-09 00:00:00,Buy,8142.17
14468,286,2022-01-11 00:00:00,Sell,2727.74
14469,1387,2024-04-25 00:00:00,Dividend,7290.74
14470,249,2023-10-05 00:00:00,Sell,4280.96
14471,1159,2021-02-25 00:00:00,Buy,44710.86
14472,1029,2026-05-16 00:00:00,Rebalance,1636.6
14473,591,2025-07-10 00:00:00,Sell,3972
14474,1157,2024-01-11 00:00:00,Dividend,3420.98
14475,1485,2025-03-27 00:00:00,Sell,3306.55
14476,989,2023-02-04 00:00:00,Dividend,4160.08
14477,1140,2020-06-04 00:00:00,Buy,4973.44
14478,1138,2025-11-15 00:00:00,Withdrawal,2435.7
14479,955,2024-03-04 00:00:00,Sell,5244.58
14480,891,2023-04-06 00:00:00,Contribution,6566.43
14481,167,2020-05-07 00:00:00,Sell,12880.17
14482,640,2020-10-01 00:00:00,Withdrawal,2767.65
14483,657,2024-01-26 00:00:00,Dividend,30052.66
14484,1252,2020-09-30 00:00:00,Buy,17835.85
14485,151,2025-09-02 00:00:00,Rebalance,13788.8
14486,9,2025-08-21 00:00:00,Contribution,12210.64
14487,1278,2023-09-12 00:00:00,Buy,7633.99
14488,590,2023-12-09 00:00:00,Rebalance,5237.07
14489,1482,2025-09-20 00:00:00,Buy,16120.64
14490,276,2024-07-13 00:00:00,Contribution,8577.05
14491,1402,2021-10-23 00:00:00,Contribution,1928.29
14492,653,2020-12-25 00:00:00,Buy,4871.19
14493,1309,2023-04-07 00:00:00,Sell,2079.15
14494,1260,2025-11-24 00:00:00,Sell,9158.92
14495,565,2021-08-11 00:00:00,Withdrawal,1697.03
14496,1208,2025-11-16 00:00:00,Rebalance,1106.41
14497,699,2020-04-16 00:00:00,Buy,3960.62
14498,1445,2020-11-15 00:00:00,Withdrawal,8342.58
14499,91,2023-05-24 00:00:00,Withdrawal,11420.52
14500,1498,2023-03-18 00:00:00,Dividend,14936.29
14501,1085,2021-06-08 00:00:00,Buy,3276.06
14502,889,2022-04-06 00:00:00,Sell,269.88
14503,92,2024-08-11 00:00:00,Sell,8150.68
14504,1157,2023-06-15 00:00:00,Sell,1310.59
14505,192,2022-01-23 00:00:00,Buy,4712.55
14506,1224,2022-12-17 00:00:00,Sell,1048.45
14507,235,2022-12-28 00:00:00,Buy,4810.19
14508,183,2022-06-26 00:00:00,Dividend,18187.26
14509,1488,2020-04-27 00:00:00,Sell,97710.11
14510,106,2022-09-23 00:00:00,Withdrawal,624.18
14511,1438,2023-08-20 00:00:00,Rebalance,6750.84
14512,1492,2026-02-22 00:00:00,Buy,10049.21
14513,1024,2020-08-16 00:00:00,Rebalance,17259.83
14514,139,2022-08-06 00:00:00,Rebalance,21397.87
14515,571,2025-10-05 00:00:00,Buy,6817.12
14516,1193,2020-08-10 00:00:00,Withdrawal,31295.56
14517,319,2021-10-22 00:00:00,Withdrawal,12333.42
14518,1267,2024-05-14 00:00:00,Withdrawal,2569.21
14519,156,2023-04-09 00:00:00,Buy,9901.3
14520,473,2025-04-23 00:00:00,Dividend,2390.93
14521,428,2025-02-19 00:00:00,Contribution,3042.09
14522,1358,2021-02-12 00:00:00,Sell,15336.13
14523,1467,2020-07-11 00:00:00,Sell,6810.2
14524,1084,2022-01-04 00:00:00,Dividend,6737.01
14525,694,2022-07-07 00:00:00,Contribution,4713.42
14526,1325,2025-06-26 00:00:00,Dividend,1705.41
14527,1293,2020-06-23 00:00:00,Sell,4567.57
14528,648,2026-03-30 00:00:00,Withdrawal,4418.68
14529,162,2022-07-29 00:00:00,Sell,14440.88
14530,1238,2020-07-03 00:00:00,Rebalance,33430.28
14531,696,2023-11-04 00:00:00,Rebalance,3800.99
14532,1199,2021-12-10 00:00:00,Sell,1000.3
14533,572,2023-05-25 00:00:00,Rebalance,5501.75
14534,50,2021-07-07 00:00:00,Rebalance,2078.64
14535,1416,2022-10-01 00:00:00,Withdrawal,6199.65
14536,1005,2021-08-20 00:00:00,Buy,9223.77
14537,813,2021-01-17 00:00:00,Sell,1974.72
14538,1430,2023-04-08 00:00:00,Buy,6623.46
14539,452,2020-12-28 00:00:00,Sell,13075.95
14540,971,2020-03-11 00:00:00,Withdrawal,6797.18
14541,347,2026-05-03 00:00:00,Sell,3869.71
14542,1000,2024-03-23 00:00:00,Sell,5674.97
14543,1312,2020-03-21 00:00:00,Withdrawal,4802
14544,1155,2024-02-06 00:00:00,Sell,24661.07
14545,1242,2024-06-13 00:00:00,Withdrawal,11309.2
14546,1389,2023-10-10 00:00:00,Withdrawal,17695.43
14547,538,2020-01-29 00:00:00,Contribution,4690.55
14548,1251,2020-06-21 00:00:00,Buy,4996.84
14549,1310,2024-04-20 00:00:00,Contribution,11391.19
14550,871,2020-11-10 00:00:00,Contribution,22471.03
14551,1203,2025-03-10 00:00:00,Buy,2807.44
14552,727,2020-06-26 00:00:00,Contribution,1733.57
14553,1309,2022-02-09 00:00:00,Buy,1207.37
14554,1085,2020-04-29 00:00:00,Sell,15284.1
14555,1454,2024-01-02 00:00:00,Rebalance,5596.61
14556,1437,2020-09-20 00:00:00,Buy,14721.9
14557,376,2023-01-18 00:00:00,Buy,11595.74
14558,613,2025-05-09 00:00:00,Buy,7271.13
14559,867,2024-03-18 00:00:00,Contribution,18748.02
14560,588,2026-02-27 00:00:00,Buy,5670.25
14561,611,2022-10-06 00:00:00,Dividend,7788.85
14562,986,2024-06-07 00:00:00,Rebalance,6716.71
14563,947,2026-05-20 00:00:00,Rebalance,4416.25
14564,1072,2023-06-26 00:00:00,Sell,5708.84
14565,351,2023-06-07 00:00:00,Buy,7538.72
14566,1005,2024-06-09 00:00:00,Contribution,25634.69
14567,479,2022-01-20 00:00:00,Withdrawal,10131.56
14568,1447,2025-03-12 00:00:00,Contribution,9243.56
14569,1473,2024-01-08 00:00:00,Withdrawal,36521.28
14570,409,2020-09-14 00:00:00,Buy,1506.27
14571,410,2022-05-13 00:00:00,Buy,6202.57
14572,312,2024-05-16 00:00:00,Sell,8335.07
14573,1422,2024-09-07 00:00:00,Withdrawal,20105.42
14574,132,2025-10-30 00:00:00,Dividend,534.12
14575,34,2022-01-17 00:00:00,Rebalance,6681.03
14576,731,2024-08-08 00:00:00,Buy,2871.9
14577,811,2024-03-03 00:00:00,Sell,5986.25
14578,396,2021-10-04 00:00:00,Dividend,43806.96
14579,405,2023-04-25 00:00:00,Withdrawal,20033.4
14580,290,2022-05-13 00:00:00,Contribution,15720.01
14581,1268,2025-08-23 00:00:00,Dividend,15438.75
14582,45,2023-04-07 00:00:00,Sell,3702.39
14583,227,2023-07-13 00:00:00,Sell,11143.65
14584,1083,2021-04-07 00:00:00,Contribution,7781.12
14585,389,2021-08-11 00:00:00,Contribution,22245.47
14586,47,2023-05-01 00:00:00,Sell,9311.19
14587,662,2026-02-20 00:00:00,Contribution,3205.21
14588,1174,2020-09-02 00:00:00,Buy,10803.85
14589,500,2021-07-10 00:00:00,Buy,8433.33
14590,535,2023-03-21 00:00:00,Withdrawal,3109.7
14591,1166,2025-01-14 00:00:00,Buy,5035.74
14592,849,2021-10-18 00:00:00,Contribution,7193.39
14593,1396,2025-09-29 00:00:00,Contribution,460.51
14594,1415,2024-06-17 00:00:00,Buy,33804.32
14595,324,2026-02-22 00:00:00,Withdrawal,2491.68
14596,1407,2024-12-11 00:00:00,Buy,1476.39
14597,1260,2024-10-26 00:00:00,Dividend,18515.43
14598,528,2022-12-10 00:00:00,Dividend,15517.97
14599,1214,2020-03-22 00:00:00,Rebalance,9329.75
14600,1222,2022-01-05 00:00:00,Buy,1793.27
14601,492,2021-08-17 00:00:00,Withdrawal,1776.87
14602,659,2021-11-03 00:00:00,Withdrawal,9441.52
14603,1158,2021-11-01 00:00:00,Buy,7274.92
14604,343,2024-11-08 00:00:00,Contribution,5993.52
14605,925,2023-07-02 00:00:00,Rebalance,5796.73
14606,654,2021-01-31 00:00:00,Contribution,4717.52
14607,430,2025-06-22 00:00:00,Buy,6473.45
14608,67,2025-12-22 00:00:00,Dividend,5428.19
14609,579,2021-04-14 00:00:00,Sell,3279.82
14610,1379,2021-05-22 00:00:00,Sell,3799.04
14611,1032,2020-09-09 00:00:00,Contribution,18546.72
14612,1281,2021-11-30 00:00:00,Sell,2584.47
14613,536,2024-08-17 00:00:00,Withdrawal,3278.44
14614,680,2022-12-04 00:00:00,Sell,13469.31
14615,1143,2024-10-01 00:00:00,Buy,22965.54
14616,150,2020-07-20 00:00:00,Withdrawal,2481.97
14617,576,2025-07-01 00:00:00,Contribution,4510.67
14618,1362,2025-05-06 00:00:00,Contribution,12667.74
14619,654,2024-05-15 00:00:00,Buy,2698.7
14620,1293,2024-04-07 00:00:00,Contribution,8288.87
14621,578,2021-09-29 00:00:00,Rebalance,8160.13
14622,569,2024-12-29 00:00:00,Sell,4937.26
14623,213,2024-04-19 00:00:00,Buy,7114.48
14624,358,2020-08-24 00:00:00,Buy,12080.87
14625,537,2022-09-27 00:00:00,Sell,13290.03
14626,307,2023-12-24 00:00:00,Contribution,6583.84
14627,1447,2020-12-08 00:00:00,Sell,4852.04
14628,646,2026-02-21 00:00:00,Buy,2588.46
14629,282,2025-07-27 00:00:00,Buy,7342.38
14630,1288,2020-03-18 00:00:00,Sell,2484.18
14631,807,2022-02-13 00:00:00,Sell,3035.29
14632,586,2022-09-17 00:00:00,Contribution,3033.68
14633,171,2021-10-09 00:00:00,Rebalance,1052.5
14634,259,2022-07-29 00:00:00,Buy,2320.62
14635,1178,2023-08-08 00:00:00,Withdrawal,6469.89
14636,113,2021-07-04 00:00:00,Dividend,35698.02
14637,555,2021-06-28 00:00:00,Dividend,4716.74
14638,238,2022-11-24 00:00:00,Buy,1827.75
14639,804,2020-07-05 00:00:00,Buy,3811.21
14640,1325,2020-06-21 00:00:00,Buy,591.24
14641,1148,2023-02-09 00:00:00,Sell,1363.56
14642,550,2022-07-04 00:00:00,Buy,21413.44
14643,338,2022-12-07 00:00:00,Dividend,10946.01
14644,856,2022-04-10 00:00:00,Buy,1950.29
14645,484,2021-07-02 00:00:00,Contribution,3996.91
14646,796,2024-12-16 00:00:00,Dividend,12213.56
14647,260,2021-12-23 00:00:00,Buy,7534.35
14648,1116,2022-12-10 00:00:00,Contribution,12920.85
14649,1229,2025-11-06 00:00:00,Rebalance,4975.2
14650,786,2023-08-19 00:00:00,Buy,9147.96
14651,115,2021-08-04 00:00:00,Sell,12866.82
14652,1192,2021-07-12 00:00:00,Dividend,1307.59
14653,430,2022-05-04 00:00:00,Dividend,7379.19
14654,879,2021-04-03 00:00:00,Sell,2117.18
14655,488,2023-10-25 00:00:00,Sell,2413.43
14656,841,2020-06-09 00:00:00,Withdrawal,4082.08
14657,942,2020-11-22 00:00:00,Withdrawal,6228.68
14658,886,2023-11-29 00:00:00,Contribution,2025.33
14659,1102,2021-10-11 00:00:00,Buy,46457.19
14660,720,2023-07-05 00:00:00,Rebalance,1167.24
14661,543,2020-02-24 00:00:00,Buy,12426.11
14662,298,2020-11-23 00:00:00,Withdrawal,443.28
14663,1463,2024-07-17 00:00:00,Sell,6808.04
14664,36,2022-11-04 00:00:00,Withdrawal,4157.21
14665,566,2024-06-02 00:00:00,Sell,10039.74
14666,1313,2023-02-04 00:00:00,Buy,2440.59
14667,1111,2023-11-04 00:00:00,Contribution,18934.02
14668,483,2023-07-05 00:00:00,Contribution,4006.69
14669,797,2021-07-13 00:00:00,Contribution,4997.92
14670,1283,2023-12-07 00:00:00,Sell,2082.96
14671,593,2025-02-19 00:00:00,Buy,7007.94
14672,123,2023-08-19 00:00:00,Contribution,10192.26
14673,724,2021-06-03 00:00:00,Dividend,2786.28
14674,661,2021-07-08 00:00:00,Sell,16946.27
14675,704,2022-02-19 00:00:00,Rebalance,13910.55
14676,533,2020-02-10 00:00:00,Sell,2042.5
14677,604,2023-05-03 00:00:00,Buy,4033.36
14678,1066,2023-10-13 00:00:00,Buy,2463.36
14679,343,2024-07-06 00:00:00,Buy,1464.37
14680,717,2026-05-29 00:00:00,Buy,3641.18
14681,166,2023-11-24 00:00:00,Sell,48261.53
14682,1309,2026-04-12 00:00:00,Buy,12793.15
14683,29,2021-01-20 00:00:00,Dividend,7146.61
14684,505,2020-10-31 00:00:00,Dividend,5510.69
14685,753,2024-12-19 00:00:00,Sell,1789.21
14686,212,2024-08-08 00:00:00,Sell,5212.86
14687,911,2026-05-14 00:00:00,Withdrawal,2889.02
14688,833,2020-05-30 00:00:00,Contribution,14466.91
14689,58,2025-06-29 00:00:00,Dividend,4790.62
14690,1227,2022-01-24 00:00:00,Dividend,5259.45
14691,1044,2023-11-30 00:00:00,Contribution,3099.43
14692,942,2022-09-12 00:00:00,Sell,12919.12
14693,1387,2023-01-31 00:00:00,Buy,1791.76
14694,10,2020-10-24 00:00:00,Contribution,30686.88
14695,176,2025-09-10 00:00:00,Withdrawal,11275.61
14696,1002,2022-11-29 00:00:00,Buy,3584.44
14697,3,2023-10-08 00:00:00,Sell,2784.52
14698,1463,2020-01-14 00:00:00,Contribution,7744.62
14699,698,2021-01-30 00:00:00,Sell,1297.43
14700,1312,2021-02-27 00:00:00,Sell,10605.82
14701,50,2023-11-04 00:00:00,Contribution,110826.13
14702,1275,2024-08-29 00:00:00,Withdrawal,7517.47
14703,1156,2021-02-14 00:00:00,Buy,9797.24
14704,131,2024-05-21 00:00:00,Buy,16844.65
14705,263,2024-07-03 00:00:00,Buy,3061.04
14706,509,2022-08-28 00:00:00,Buy,3676.28
14707,486,2024-09-13 00:00:00,Buy,11302.52
14708,730,2022-12-11 00:00:00,Rebalance,7044.21
14709,489,2024-01-31 00:00:00,Contribution,2649.61
14710,786,2021-07-10 00:00:00,Rebalance,5290.29
14711,609,2024-11-03 00:00:00,Withdrawal,21585.16
14712,1236,2025-05-11 00:00:00,Contribution,5571.41
14713,1492,2022-02-04 00:00:00,Buy,1835.87
14714,768,2022-05-02 00:00:00,Withdrawal,19779.73
14715,319,2020-02-24 00:00:00,Dividend,3639.17
14716,369,2022-02-09 00:00:00,Rebalance,6176.74
14717,360,2024-09-11 00:00:00,Withdrawal,1935.97
14718,1467,2025-06-13 00:00:00,Dividend,17305.78
14719,1480,2020-04-02 00:00:00,Withdrawal,10600.45
14720,335,2020-02-01 00:00:00,Sell,12278.22
14721,877,2025-09-24 00:00:00,Sell,1565.26
14722,1193,2023-10-11 00:00:00,Buy,4229.46
14723,1369,2020-07-28 00:00:00,Buy,6659.31
14724,234,2023-08-31 00:00:00,Withdrawal,4508.65
14725,1217,2020-06-29 00:00:00,Sell,310.67
14726,980,2021-10-26 00:00:00,Buy,8549.43
14727,526,2023-07-10 00:00:00,Buy,1582.26
14728,400,2020-10-20 00:00:00,Contribution,2262.66
14729,1160,2022-09-25 00:00:00,Contribution,1831.91
14730,963,2025-11-23 00:00:00,Contribution,4884.3
14731,535,2025-12-02 00:00:00,Withdrawal,71154.87
14732,4,2022-11-22 00:00:00,Contribution,1835.49
14733,1261,2025-02-12 00:00:00,Withdrawal,1822.87
14734,998,2026-04-14 00:00:00,Withdrawal,669.94
14735,612,2025-03-24 00:00:00,Sell,1466.5
14736,993,2020-12-14 00:00:00,Dividend,14666.99
14737,229,2022-01-23 00:00:00,Sell,4011.69
14738,586,2021-11-16 00:00:00,Buy,7175.6
14739,1350,2022-01-15 00:00:00,Dividend,1598.95
14740,1076,2022-08-04 00:00:00,Buy,1916.41
14741,320,2026-05-05 00:00:00,Buy,4283.83
14742,134,2020-11-07 00:00:00,Rebalance,27439.74
14743,549,2023-02-25 00:00:00,Dividend,3917.38
14744,1110,2026-04-29 00:00:00,Dividend,44425.7
14745,977,2020-04-19 00:00:00,Contribution,3472.89
14746,1405,2025-12-15 00:00:00,Contribution,1205.64
14747,747,2024-06-30 00:00:00,Dividend,5022.64
14748,1213,2021-12-11 00:00:00,Sell,3664.89
14749,199,2020-10-22 00:00:00,Buy,15055.36
14750,452,2025-03-05 00:00:00,Buy,11105.72
14751,557,2020-02-05 00:00:00,Buy,564.11
14752,756,2020-06-24 00:00:00,Dividend,8699.79
14753,1020,2020-12-11 00:00:00,Sell,2551.08
14754,639,2026-04-27 00:00:00,Rebalance,14538.73
14755,718,2021-10-11 00:00:00,Sell,5563.23
14756,799,2020-08-25 00:00:00,Sell,5291.06
14757,297,2026-03-20 00:00:00,Contribution,3218.78
14758,1299,2020-11-09 00:00:00,Rebalance,15750.07
14759,1009,2026-03-11 00:00:00,Dividend,7824.53
14760,525,2025-12-04 00:00:00,Dividend,6621.53
14761,421,2024-10-17 00:00:00,Dividend,1862.68
14762,1088,2021-01-13 00:00:00,Rebalance,10512.07
14763,1003,2022-09-06 00:00:00,Sell,6959.71
14764,1243,2026-01-27 00:00:00,Withdrawal,8629.84
14765,1300,2025-07-31 00:00:00,Buy,2015.97
14766,579,2020-10-06 00:00:00,Buy,14557.77
14767,956,2024-05-27 00:00:00,Sell,6920.67
14768,1027,2020-04-24 00:00:00,Sell,21179.42
14769,1440,2020-11-15 00:00:00,Rebalance,11375.67
14770,681,2023-10-04 00:00:00,Dividend,4617.93
14771,1063,2020-05-17 00:00:00,Contribution,5685.9
14772,1366,2021-11-27 00:00:00,Contribution,7729.25
14773,938,2021-05-25 00:00:00,Sell,3867.33
14774,912,2021-02-27 00:00:00,Buy,12908.83
14775,869,2021-01-09 00:00:00,Contribution,53660.06
14776,422,2022-08-22 00:00:00,Buy,11393.1
14777,92,2021-11-03 00:00:00,Buy,7419.86
14778,644,2023-05-15 00:00:00,Rebalance,38136.5
14779,1095,2021-10-31 00:00:00,Sell,3089.09
14780,369,2024-12-15 00:00:00,Buy,9871.85
14781,463,2023-08-20 00:00:00,Contribution,1697.51
14782,1141,2024-04-25 00:00:00,Rebalance,7160.95
14783,1038,2026-03-02 00:00:00,Sell,4225.44
14784,847,2022-09-28 00:00:00,Withdrawal,19945.08
14785,961,2025-09-12 00:00:00,Contribution,2062.35
14786,503,2024-04-03 00:00:00,Buy,1072.08
14787,307,2021-06-25 00:00:00,Buy,24684.49
14788,289,2022-01-16 00:00:00,Buy,4145.92
14789,509,2023-09-02 00:00:00,Sell,1769.11
14790,1279,2020-07-19 00:00:00,Contribution,5404.06
14791,595,2022-06-25 00:00:00,Contribution,2880.62
14792,857,2024-04-11 00:00:00,Dividend,25336.78
14793,1172,2020-04-16 00:00:00,Rebalance,34479.13
14794,795,2022-03-28 00:00:00,Rebalance,4524.41
14795,555,2020-06-13 00:00:00,Buy,3104.82
14796,817,2022-11-03 00:00:00,Dividend,9613.91
14797,883,2020-01-25 00:00:00,Buy,1906.68
14798,781,2026-02-15 00:00:00,Buy,2106.47
14799,1489,2022-10-14 00:00:00,Withdrawal,17418.86
14800,409,2020-04-05 00:00:00,Dividend,1043.48
14801,1402,2025-04-16 00:00:00,Rebalance,749.84
14802,95,2025-09-23 00:00:00,Contribution,2080.84
14803,509,2023-04-22 00:00:00,Rebalance,5256.25
14804,935,2025-02-13 00:00:00,Contribution,13054.97
14805,906,2023-06-04 00:00:00,Sell,5098.76
14806,1047,2021-07-16 00:00:00,Buy,60778.32
14807,115,2023-09-27 00:00:00,Rebalance,2452.49
14808,1462,2022-02-17 00:00:00,Buy,17001.75
14809,1035,2022-04-27 00:00:00,Buy,4963.01
14810,763,2020-11-22 00:00:00,Contribution,4266.08
14811,1213,2024-02-19 00:00:00,Sell,9677.49
14812,433,2020-08-23 00:00:00,Sell,711.85
14813,422,2025-10-10 00:00:00,Buy,8599.83
14814,718,2021-06-09 00:00:00,Withdrawal,6258.43
14815,57,2021-08-16 00:00:00,Buy,15931.29
14816,1437,2022-04-17 00:00:00,Buy,3179.26
14817,192,2020-07-11 00:00:00,Buy,9786.61
14818,293,2020-05-02 00:00:00,Rebalance,15569.86
14819,430,2025-12-15 00:00:00,Buy,4209.1
14820,49,2021-02-04 00:00:00,Rebalance,5261.4
14821,539,2020-11-25 00:00:00,Withdrawal,4628.62
14822,1250,2022-08-02 00:00:00,Buy,3565.31
14823,579,2024-01-06 00:00:00,Contribution,1241.18
14824,1086,2023-07-12 00:00:00,Dividend,13389.54
14825,100,2025-09-01 00:00:00,Contribution,5824.93
14826,128,2022-09-12 00:00:00,Rebalance,2675.66
14827,312,2023-02-02 00:00:00,Withdrawal,1514.17
14828,64,2022-03-22 00:00:00,Buy,3100.98
14829,1443,2026-05-18 00:00:00,Withdrawal,11859.05
14830,755,2025-04-13 00:00:00,Buy,2741.55
14831,674,2025-11-22 00:00:00,Contribution,1020.05
14832,55,2022-04-16 00:00:00,Buy,2134.84
14833,174,2021-09-29 00:00:00,Buy,840.1
14834,758,2022-07-14 00:00:00,Dividend,8033.82
14835,1333,2024-06-18 00:00:00,Sell,1674.8
14836,351,2025-05-04 00:00:00,Sell,6258.36
14837,317,2024-07-04 00:00:00,Dividend,21911.36
14838,1172,2023-06-18 00:00:00,Sell,3818.3
14839,331,2022-02-19 00:00:00,Dividend,6553.02
14840,395,2020-06-14 00:00:00,Dividend,13319.27
14841,374,2021-11-15 00:00:00,Contribution,7169.85
14842,1431,2022-09-26 00:00:00,Rebalance,12016.43
14843,1317,2021-01-13 00:00:00,Contribution,16585.35
14844,1470,2024-04-12 00:00:00,Sell,9924.45
14845,450,2025-11-06 00:00:00,Sell,7976.13
14846,538,2024-01-08 00:00:00,Dividend,570.25
14847,169,2020-02-26 00:00:00,Buy,2178.01
14848,1059,2024-05-03 00:00:00,Sell,6528.41
14849,1039,2025-01-18 00:00:00,Sell,5347.34
14850,645,2026-04-12 00:00:00,Buy,8734.78
14851,1380,2022-11-05 00:00:00,Contribution,13061.64
14852,241,2021-07-30 00:00:00,Buy,8418.28
14853,878,2021-10-12 00:00:00,Withdrawal,3451.19
14854,1440,2025-11-07 00:00:00,Buy,9278.15
14855,1454,2022-01-18 00:00:00,Buy,5000.28
14856,309,2024-03-12 00:00:00,Contribution,563.42
14857,287,2022-08-26 00:00:00,Rebalance,22036.16
14858,1494,2023-10-06 00:00:00,Withdrawal,1568.45
14859,508,2021-07-29 00:00:00,Buy,6590.2
14860,1128,2022-06-10 00:00:00,Sell,2074.75
14861,636,2020-10-16 00:00:00,Sell,9956.72
14862,673,2024-10-02 00:00:00,Buy,5508.22
14863,175,2023-06-23 00:00:00,Contribution,14590.22
14864,837,2025-12-30 00:00:00,Buy,16196.24
14865,315,2026-04-17 00:00:00,Buy,719.78
14866,5,2023-12-21 00:00:00,Buy,4395.76
14867,954,2024-04-16 00:00:00,Dividend,19219.66
14868,691,2021-08-21 00:00:00,Buy,2299.22
14869,1328,2020-01-23 00:00:00,Contribution,6516
14870,1392,2020-08-16 00:00:00,Rebalance,1228.89
14871,1403,2025-08-05 00:00:00,Rebalance,1283.1
14872,1280,2026-01-08 00:00:00,Withdrawal,2813.49
14873,1382,2020-08-20 00:00:00,Buy,9453.76
14874,932,2022-09-04 00:00:00,Rebalance,9484.81
14875,1374,2021-11-06 00:00:00,Sell,5392.82
14876,4,2022-07-06 00:00:00,Rebalance,1153.24
14877,69,2020-08-26 00:00:00,Contribution,1197.17
14878,1429,2020-12-01 00:00:00,Buy,16790.84
14879,1255,2026-05-16 00:00:00,Sell,12904.37
14880,118,2025-02-26 00:00:00,Withdrawal,7190.91
14881,711,2025-07-18 00:00:00,Buy,45640.7
14882,455,2024-11-23 00:00:00,Buy,8481.93
14883,448,2020-09-24 00:00:00,Contribution,6649.31
14884,797,2024-12-21 00:00:00,Buy,2006.77
14885,124,2025-11-22 00:00:00,Buy,2245.83
14886,1123,2022-12-29 00:00:00,Sell,18267.56
14887,338,2023-08-30 00:00:00,Withdrawal,14341.28
14888,688,2022-11-19 00:00:00,Buy,5124.13
14889,163,2021-01-10 00:00:00,Contribution,4308.54
14890,1231,2025-08-05 00:00:00,Dividend,7002.23
14891,224,2021-03-03 00:00:00,Dividend,9981.46
14892,853,2023-01-07 00:00:00,Buy,17511.14
14893,359,2025-01-07 00:00:00,Sell,3296.49
14894,1166,2025-11-21 00:00:00,Sell,16603.08
14895,732,2025-07-13 00:00:00,Contribution,2332.23
14896,473,2020-08-02 00:00:00,Contribution,50578.14
14897,489,2020-04-13 00:00:00,Dividend,19513.96
14898,320,2025-05-17 00:00:00,Contribution,4595.35
14899,792,2022-02-01 00:00:00,Sell,7317.46
14900,689,2023-04-14 00:00:00,Withdrawal,15013.77
14901,1036,2023-09-26 00:00:00,Buy,7764.12
14902,1440,2023-10-08 00:00:00,Buy,53803.93
14903,1258,2023-01-30 00:00:00,Buy,6895.25
14904,913,2021-10-02 00:00:00,Withdrawal,1763.48
14905,1158,2023-12-02 00:00:00,Rebalance,7191.33
14906,1473,2020-05-21 00:00:00,Contribution,10485.37
14907,132,2024-05-12 00:00:00,Sell,2807.62
14908,1017,2023-05-26 00:00:00,Contribution,22317.08
14909,446,2024-09-09 00:00:00,Withdrawal,27060.33
14910,522,2020-08-28 00:00:00,Buy,20424.42
14911,433,2022-10-14 00:00:00,Buy,5094.66
14912,365,2020-10-20 00:00:00,Sell,3303.51
14913,898,2025-12-24 00:00:00,Contribution,1756.38
14914,1451,2023-02-12 00:00:00,Contribution,7121
14915,198,2026-01-08 00:00:00,Sell,8709.48
14916,59,2020-04-13 00:00:00,Dividend,7865.53
14917,6,2023-08-19 00:00:00,Buy,6052.58
14918,1023,2021-06-19 00:00:00,Dividend,7470.3
14919,732,2022-09-20 00:00:00,Sell,616.29
14920,291,2022-04-09 00:00:00,Sell,22368.83
14921,108,2026-03-26 00:00:00,Sell,4857.23
14922,371,2025-03-21 00:00:00,Buy,20306.14
14923,1453,2020-06-03 00:00:00,Rebalance,6158.91
14924,741,2022-01-05 00:00:00,Sell,1297.27
14925,182,2026-02-18 00:00:00,Contribution,7721.05
14926,843,2023-08-26 00:00:00,Contribution,5926.84
14927,104,2023-07-23 00:00:00,Sell,3304.89
14928,310,2025-02-11 00:00:00,Withdrawal,5765.15
14929,123,2023-07-06 00:00:00,Sell,17796.3
14930,819,2024-06-05 00:00:00,Contribution,19385.59
14931,321,2024-01-24 00:00:00,Buy,38749.44
14932,1309,2022-12-21 00:00:00,Withdrawal,40912.13
14933,1474,2026-02-03 00:00:00,Dividend,3186.8
14934,1286,2025-02-24 00:00:00,Buy,6732.2
14935,885,2020-06-03 00:00:00,Dividend,5251.49
14936,1182,2022-12-04 00:00:00,Dividend,4945.81
14937,1466,2026-04-28 00:00:00,Buy,1224.67
14938,494,2025-12-10 00:00:00,Sell,2639.67
14939,249,2021-07-23 00:00:00,Buy,1655.82
14940,62,2024-05-30 00:00:00,Rebalance,12179.36
14941,737,2021-05-07 00:00:00,Withdrawal,9721.09
14942,1287,2022-04-18 00:00:00,Contribution,5144.98
14943,632,2025-12-05 00:00:00,Buy,4545.35
14944,711,2020-01-07 00:00:00,Buy,331.46
14945,168,2022-03-06 00:00:00,Sell,51038.6
14946,1314,2021-07-01 00:00:00,Sell,8214.67
14947,125,2024-01-14 00:00:00,Contribution,4939.92
14948,526,2024-12-27 00:00:00,Dividend,47753.73
14949,1037,2026-03-14 00:00:00,Withdrawal,12463.83
14950,1313,2024-03-19 00:00:00,Withdrawal,63438.04
14951,1018,2023-02-12 00:00:00,Contribution,7714.6
14952,1183,2022-09-11 00:00:00,Sell,1942.98
14953,233,2021-01-20 00:00:00,Withdrawal,2347.27
14954,1315,2024-02-07 00:00:00,Buy,5569.35
14955,1374,2021-08-09 00:00:00,Buy,8815.96
14956,662,2023-10-18 00:00:00,Rebalance,14323.58
14957,1257,2022-07-18 00:00:00,Buy,11689.95
14958,1217,2022-03-18 00:00:00,Rebalance,11002.45
14959,502,2020-07-27 00:00:00,Rebalance,2455.13
14960,784,2022-05-26 00:00:00,Sell,2605.84
14961,872,2021-12-03 00:00:00,Buy,19343.44
14962,1104,2021-07-08 00:00:00,Contribution,4451.2
14963,841,2020-09-01 00:00:00,Buy,17254.65
14964,664,2021-02-05 00:00:00,Contribution,12829.55
14965,523,2021-07-17 00:00:00,Buy,8832.24
14966,1171,2022-09-27 00:00:00,Contribution,4974.62
14967,46,2021-06-22 00:00:00,Buy,4928.47
14968,1373,2023-06-13 00:00:00,Sell,13250.18
14969,389,2025-06-18 00:00:00,Buy,9772.57
14970,1158,2023-08-03 00:00:00,Dividend,7598.94
14971,1176,2025-09-10 00:00:00,Buy,3513.73
14972,124,2022-09-19 00:00:00,Buy,2387.15
14973,318,2022-11-06 00:00:00,Buy,7851.88
14974,541,2024-04-19 00:00:00,Sell,5797.52
14975,1366,2023-02-18 00:00:00,Contribution,9011.13
14976,796,2023-04-13 00:00:00,Withdrawal,16040.09
14977,655,2025-10-27 00:00:00,Buy,9608.77
14978,1024,2026-03-06 00:00:00,Buy,8367.87
14979,710,2024-04-04 00:00:00,Sell,6421.25
14980,402,2023-12-21 00:00:00,Buy,5980.3
14981,419,2023-04-02 00:00:00,Buy,411.92
14982,442,2020-07-09 00:00:00,Contribution,1498.91
14983,1333,2024-05-15 00:00:00,Buy,5121.1
14984,1386,2024-09-27 00:00:00,Sell,9723.52
14985,1435,2023-09-02 00:00:00,Rebalance,48923.11
14986,991,2024-04-03 00:00:00,Contribution,12580.88
14987,741,2022-03-15 00:00:00,Buy,2040.6
14988,1013,2026-03-08 00:00:00,Rebalance,4828.94
14989,1400,2025-05-22 00:00:00,Rebalance,1877.72
14990,730,2022-01-28 00:00:00,Contribution,5825.66
14991,1077,2024-01-16 00:00:00,Contribution,3548.09
14992,1445,2022-07-20 00:00:00,Rebalance,2908.32
14993,603,2023-03-03 00:00:00,Buy,1539.31
14994,64,2023-09-27 00:00:00,Withdrawal,10537.47
14995,758,2021-05-22 00:00:00,Contribution,2703.4
14996,807,2023-10-28 00:00:00,Sell,3484.28
14997,192,2022-08-01 00:00:00,Contribution,2053.66
14998,1174,2023-04-16 00:00:00,Buy,46151.82
14999,15,2021-03-01 00:00:00,Contribution,12655.12
15000,1217,2025-04-25 00:00:00,Contribution,2456.71
